ticker,exchange,start,end,delisted
A,NYSE,1999-11-18,2026-06-24,0
AA,NYSE,2016-10-18,2026-06-24,0
AAAC,NYSE,2025-12-11,2026-06-24,0
AAAD,NYSE ARCA,2026-06-03,2026-06-24,0
AAAP,NASDAQ,2015-11-11,2026-06-24,0
AABA,NASDAQ,1996-04-12,2019-11-06,1
AAC,NYSE,2021-03-25,2023-11-06,1
AACB,NASDAQ,2025-04-07,2026-06-24,0
AACC,NASDAQ,2004-02-05,2013-10-17,1
AACG,NASDAQ,2008-01-29,2026-06-24,0
AACI,NASDAQ,2021-11-10,2026-06-24,0
AACO,NASDAQ,2026-04-13,2026-06-24,0
AACP,NASDAQ,2026-05-28,2026-06-24,0
AACT,NYSE,2023-06-12,2026-06-24,0
AADX,NYSE,2026-06-03,2026-06-24,0
AAGR,NASDAQ,2024-10-25,2026-05-28,1
AAI,NYSE,2001-09-17,2011-11-30,1
AAIC,NYSE,1997-12-23,2023-12-14,1
AAIN,NYSE,2021-07-19,2024-01-30,1
AAL,NASDAQ,2005-09-27,2026-06-24,0
AAM,NYSE,2024-09-16,2026-02-02,1
AAME,NASDAQ,1984-09-07,2026-06-24,0
AAMI,NYSE,2018-03-26,2026-06-24,0
AAMRQ,NYSE,2001-01-02,2013-12-17,1
AAN,NYSE,2020-11-25,2024-10-03,1
AAOG,BATS,2026-05-12,2026-06-24,0
AAOI,NASDAQ,2013-09-26,2026-06-24,0
AAON,NASDAQ,1992-12-16,2026-06-24,0
AAP,NYSE,2001-11-29,2026-06-24,0
AAPC,NASDAQ,2015-04-29,2017-10-04,1
AAPG,NASDAQ,2025-01-24,2026-06-24,0
AAPGV,NASDAQ,2025-01-24,2026-06-24,0
AAPL,NASDAQ,1980-12-12,2026-06-24,0
AAQC,NYSE,2021-05-10,2022-12-15,1
AARD,NASDAQ,2025-02-13,2026-06-24,0
AAT,NYSE,2011-01-13,2026-06-24,0
AATI,NASDAQ,2005-08-04,2012-01-27,1
AAUC,NYSE,2025-06-09,2026-06-24,0
AAV,NYSE,2004-03-31,2018-12-14,1
AAWW,NASDAQ,2005-11-09,2023-04-03,1
AB,NYSE,1988-04-15,2026-06-24,0
ABAT,NASDAQ,2023-09-21,2026-06-24,0
ABAX,NASDAQ,1992-01-23,2018-08-01,1
ABBC,NASDAQ,2004-12-17,2011-10-10,1
ABBV,NYSE,2013-01-02,2026-06-24,0
ABCB,NYSE,1994-05-19,2026-06-24,0
ABCD,NASDAQ,2009-12-09,2018-12-18,1
ABCL,NASDAQ,2020-12-11,2026-06-24,0
ABCM,NASDAQ,2010-12-03,2026-06-24,0
ABCO,NASDAQ,2001-11-13,2017-11-17,1
ABCW,NASDAQ,2016-01-04,2016-05-09,1
ABDC,NASDAQ,2014-05-09,2020-01-31,1
ABEO,NASDAQ,1980-09-19,2026-06-24,0
ABEV,NYSE,1997-03-05,2026-06-24,0
ABFS,NASDAQ,1992-05-13,2014-05-13,1
ABG,NYSE,2002-03-21,2026-06-24,0
ABGB,NASDAQ,2016-01-04,2016-05-05,1
ABGBY,NASDAQ,2016-05-02,2016-05-13,1
ABGI,NASDAQ,2021-02-17,2023-02-27,1
ABI,NASDAQ,2009-05-11,2026-06-24,0
ABII,NASDAQ,2007-11-15,2010-10-25,1
ABL,NYSE,2026-05-28,2026-06-24,0
ABLV,NASDAQ,2022-09-12,2026-06-24,0
ABLX,NASDAQ,2017-10-20,2018-06-22,1
ABM,NYSE,1984-07-19,2026-06-24,0
ABMD,NASDAQ,1987-07-30,2023-01-03,1
ABNB,NASDAQ,2020-12-10,2026-06-24,0
ABOS,NASDAQ,2021-07-01,2026-06-24,0
ABR,NYSE,2004-04-07,2026-06-24,0
ABRN,NYSE,2014-05-15,2018-04-26,1
ABSI,NASDAQ,2021-07-22,2026-06-24,0
ABST,NASDAQ,2020-10-28,2023-07-27,1
ABT,NYSE,1983-04-06,2026-06-24,0
ABTC,NASDAQ,2025-09-02,2026-06-24,0
ABTL,NASDAQ,1999-03-26,2017-10-06,1
ABTS,NASDAQ,2014-04-10,2026-06-24,0
ABTX,NASDAQ,2015-10-08,2022-09-30,1
ABUS,NASDAQ,2015-08-03,2026-06-24,0
ABVA,NASDAQ,2001-12-05,2013-01-07,1
ABVC,NASDAQ,2011-04-05,2026-06-24,0
ABVT,NYSE,2010-12-02,2013-07-10,1
ABVX,NASDAQ,2023-10-20,2026-06-24,0
ABX,NYSE,2020-09-14,2026-06-24,0
ABXL,NYSE,2023-11-24,2026-06-24,0
ABY,NASDAQ,2014-06-13,2017-11-13,1
ACA,NYSE,2018-10-30,2026-06-24,0
ACAA,NASDAQ,2026-04-10,2026-06-24,0
ACAB,NASDAQ,2022-03-09,2024-11-12,1
ACAC,NASDAQ,2022-08-08,2024-09-26,1
ACAD,NASDAQ,2004-05-27,2026-06-24,0
ACAH,NASDAQ,2021-04-28,2024-03-05,1
ACAP,NASDAQ,2001-01-02,2010-11-01,1
ACAQ,NYSE,2021-12-13,2023-10-19,1
ACAS,NASDAQ,1997-09-02,2017-01-11,1
ACAT,NASDAQ,2001-01-02,2017-03-07,1
ACAX,NASDAQ,2022-03-24,2024-01-08,1
ACB,NASDAQ,2014-07-11,2026-06-24,0
ACBA,NASDAQ,2021-05-26,2024-05-30,1
ACBI,NASDAQ,2015-11-02,2022-02-28,1
ACC,NYSE,2004-08-12,2022-08-09,1
ACCD,NASDAQ,2020-07-02,2025-04-08,1
ACCL,NASDAQ,2025-10-17,2026-06-24,0
ACCO,NYSE,2005-08-17,2026-06-24,0
ACCS,AMEX,2005-02-14,2026-06-24,0
ACDC,NASDAQ,2022-05-13,2026-06-24,0
ACDI,NYSE,2021-12-31,2023-02-15,1
ACEI,NYSE,2025-09-25,2026-06-24,0
ACEL,NYSE,2019-11-21,2026-06-24,0
ACER,NASDAQ,2017-09-22,2023-11-20,1
ACET,NASDAQ,2018-01-26,2026-06-24,0
ACETQ,NASDAQ,1990-03-26,2019-10-01,1
ACF,NYSE,2010-09-30,2011-10-10,1
ACFC,NASDAQ,2004-10-05,2018-05-29,1
ACFN,NASDAQ,2025-07-24,2026-06-24,0
ACGC,NASDAQ,2026-05-28,2026-06-24,0
ACGL,NASDAQ,1995-09-14,2026-06-24,0
ACGLN,NASDAQ,2021-06-03,2026-06-24,0
ACGLO,NASDAQ,2017-08-15,2026-06-24,0
ACGLP,NASDAQ,2016-09-23,2021-09-29,1
ACGN,NASDAQ,1996-01-25,2023-09-01,1
ACGO,BATS,2026-06-03,2026-06-24,0
ACH,NYSE,1988-12-16,2026-06-24,0
ACHC,NASDAQ,1994-03-04,2026-06-24,0
ACHL,NASDAQ,2021-03-31,2026-06-24,0
ACHN,NASDAQ,2006-11-09,2020-01-28,1
ACHR,NYSE,2020-12-18,2026-06-24,0
ACHV,NASDAQ,1995-10-13,2026-06-24,0
ACI,NYSE,2020-06-26,2026-06-24,0
ACIA,NASDAQ,2016-05-13,2021-03-01,1
ACIC,NASDAQ,2007-11-07,2026-06-24,0
ACII,NYSE,2021-03-29,2026-06-24,0
ACIU,NASDAQ,2016-09-23,2026-06-24,0
ACIW,NASDAQ,1995-02-27,2026-06-24,0
ACKIT,NASDAQ,2021-02-04,2022-08-31,1
ACLI,NASDAQ,2006-12-28,2010-12-31,1
ACLO,NYSE,2024-11-18,2026-06-24,0
ACLS,NASDAQ,2000-07-11,2026-06-24,0
ACLX,NASDAQ,2022-02-04,2026-04-28,1
ACLZ,BATS,2026-06-24,2026-06-24,0
ACM,NYSE,2007-05-10,2026-06-24,0
ACME,NASDAQ,2016-01-08,2017-01-11,1
ACMM,NASDAQ,2026-06-24,2026-06-24,0
ACMP,NASDAQ,2010-07-29,2015-02-02,1
ACMR,NASDAQ,2017-11-03,2026-06-24,0
ACN,NYSE,2001-07-19,2026-06-24,0
ACNB,NASDAQ,1996-01-02,2026-06-24,0
ACNT,NASDAQ,1991-12-03,2026-06-24,0
ACO,NYSE,1987-08-13,2014-05-12,1
ACOG,NASDAQ,2024-11-12,2026-06-24,0
ACOM,NASDAQ,2009-11-05,2013-01-14,1
ACON,NASDAQ,2022-04-22,2026-06-24,0
ACQR,NASDAQ,2021-05-19,2023-03-10,1
ACR,NYSE,2006-02-07,2026-06-24,0
ACRE,NYSE,2012-04-27,2026-06-24,0
ACRO,NYSE,2021-08-30,2023-12-18,1
ACRS,NASDAQ,2015-10-07,2026-06-24,0
ACRV,NASDAQ,2022-11-15,2026-06-24,0
ACS,NYSE,2010-02-05,2011-02-14,1
ACSF,NASDAQ,2014-01-16,2018-09-19,1
ACST,NASDAQ,2011-05-06,2024-10-07,1
ACT,NASDAQ,2021-09-16,2026-06-24,0
ACTA,NASDAQ,1999-08-05,2018-04-20,1
ACTC,NASDAQ,2020-11-25,2021-06-14,1
ACTD,NASDAQ,2021-05-24,2022-07-21,1
ACTG,NASDAQ,2002-12-16,2026-06-24,0
ACTI,NASDAQ,1995-10-26,2011-02-17,1
ACTS,NYSE,2005-11-30,2026-06-24,0
ACTT,NASDAQ,2019-05-14,2020-06-24,1
ACTU,NASDAQ,2024-08-13,2026-06-24,0
ACU,AMEX,1984-09-07,2026-06-24,0
ACVA,NYSE,2021-03-24,2026-06-24,0
ACW,NYSE,2010-03-03,2016-11-28,1
ACXM,NASDAQ,1984-09-07,2018-10-01,1
ACXP,NASDAQ,2021-06-25,2026-06-24,0
ACYN,NYSE,2026-02-25,2026-06-24,0
ACYS,NYSE,2026-04-23,2026-06-24,0
AD,NYSE,1992-03-17,2026-06-24,0
ADAC,NASDAQ,2017-09-22,2026-06-24,0
ADAG,NASDAQ,2021-02-09,2026-06-24,0
ADAL,NASDAQ,2021-12-29,2023-05-02,1
ADAM,NASDAQ,2004-07-26,2026-06-24,0
ADAMG,NASDAQ,2025-01-15,2026-06-24,0
ADAMH,NASDAQ,2025-09-03,2026-06-24,0
ADAMI,NASDAQ,2024-07-01,2026-06-24,0
ADAML,NASDAQ,2021-06-30,2026-06-24,0
ADAMM,NASDAQ,2019-10-11,2026-06-24,0
ADAMN,NASDAQ,2017-10-06,2026-06-24,0
ADAMO,NASDAQ,2026-01-14,2026-06-24,0
ADAMZ,NASDAQ,2021-11-18,2026-06-24,0
ADBE,NASDAQ,1986-08-14,2026-06-24,0
ADC,NYSE,1994-04-15,2026-06-24,0
ADCC,NASDAQ,2018-02-07,2018-12-12,1
ADCT,NYSE,2020-05-15,2026-06-24,0
ADEA,NASDAQ,2003-11-20,2026-06-24,0
ADEP,NASDAQ,1995-12-15,2015-10-26,1
ADER,NASDAQ,2021-03-08,2023-09-25,1
ADEX,NASDAQ,2024-01-04,2026-06-24,0
ADGE,NYSE,2007-12-27,2017-07-14,1
ADGF,NASDAQ,1998-07-10,2012-06-11,1
ADGM,NASDAQ,2024-08-01,2026-06-24,0
ADHD,NYSE,2013-05-22,2017-11-15,1
ADI,NASDAQ,1984-07-19,2026-06-24,0
ADIL,NASDAQ,2018-07-27,2026-06-24,0
ADK,NYSE,2006-12-21,2017-10-02,1
ADLR,NASDAQ,2000-11-14,2011-12-22,1
ADM,NYSE,1983-04-05,2026-06-24,0
ADMA,NASDAQ,2013-10-17,2026-06-24,0
ADMS,NASDAQ,2014-04-10,2021-11-24,1
ADNC,NASDAQ,2012-05-11,2015-07-09,1
ADNT,NYSE,2016-10-31,2026-06-24,0
ADOC,NASDAQ,2020-12-10,2024-03-21,1
ADP,NASDAQ,1983-04-06,2026-06-24,0
ADPI,NASDAQ,2012-02-09,2012-02-28,1
ADPT,NASDAQ,2019-06-27,2026-06-24,0
ADPTQ,NYSE,2014-06-25,2017-11-01,1
ADRT,NYSE MKT,2022-02-09,2024-10-10,1
ADSE,NASDAQ,2021-12-23,2026-06-24,0
ADSK,NASDAQ,1985-07-01,2026-06-24,0
ADSW,NYSE,2016-10-06,2021-11-05,1
ADT,NYSE,2018-01-19,2026-06-24,0
ADTH,NASDAQ,2021-12-23,2024-06-21,1
ADTN,NASDAQ,1994-08-10,2026-06-24,0
ADTX,NASDAQ,2020-06-30,2026-06-24,0
ADUR,NASDAQ,2021-07-23,2026-06-24,0
ADUS,NASDAQ,2009-10-28,2026-06-24,0
ADV,NASDAQ,2016-09-15,2026-06-24,0
ADVB,NASDAQ,2025-03-06,2026-06-24,0
ADVM,NASDAQ,2016-01-04,2026-06-24,0
ADVNQ,NASDAQ,1990-01-02,2012-03-14,1
ADVS,NASDAQ,1995-11-16,2015-07-16,1
ADXN,NASDAQ,2020-01-29,2026-06-24,0
ADY,NYSE,2006-05-26,2013-10-17,1
AE,NYSE MKT,1984-09-07,2025-02-04,1
AEA,NYSE,2005-08-26,2013-05-01,1
AEAC,NASDAQ,2021-03-08,2023-01-20,1
AEAE,NASDAQ,2021-12-13,2026-05-28,1
AEAQ,NASDAQ,2026-01-26,2026-06-24,0
AEB,NYSE,2005-11-23,2021-09-14,1
AEBI,NASDAQ,2025-07-01,2026-06-24,0
AEBIV,NASDAQ,2025-07-01,2025-07-01,1
AEC,NASDAQ,1993-11-11,2026-06-24,0
AED,NYSE,2005-11-23,2019-06-14,1
AEE,NYSE,1998-01-02,2026-06-24,0
AEFC,NYSE,2019-10-24,2026-06-24,0
AEG,NYSE,1985-07-01,2026-06-24,0
AEGN,NASDAQ,1989-04-24,2021-05-17,1
AEGR,NASDAQ,2010-10-21,2016-12-07,1
AEH,NYSE,2005-06-15,2019-12-13,1
AEHA,NASDAQ,2021-11-08,2026-05-28,1
AEHL,NASDAQ,2007-12-17,2026-06-24,0
AEHR,NASDAQ,1997-08-15,2026-06-24,0
AEI,NASDAQ,2020-11-24,2026-06-24,0
AEIS,NASDAQ,1995-11-17,2026-06-24,0
AEK,NYSE,2012-02-07,2018-05-14,1
AEL,NYSE,2003-12-04,2024-05-02,1
AEM,NYSE,1984-09-07,2026-06-24,0
AEMD,NASDAQ,2001-01-02,2026-06-24,0
AENT,NASDAQ,2021-03-24,2026-06-24,0
AENZ,NYSE,2013-07-24,2023-12-14,1
AEO,NYSE,1994-04-14,2026-06-24,0
AEON,AMEX,2021-04-12,2026-06-24,0
AEP,NASDAQ,1970-01-02,2026-06-24,0
AEPI,NASDAQ,2001-01-02,2017-01-30,1
AEPPL,NASDAQ,2019-03-15,2022-03-14,1
AEPPZ,NASDAQ,2020-10-01,2023-08-24,1
AER,NYSE,2006-11-21,2026-06-24,0
AERI,NASDAQ,2013-10-25,2023-01-03,1
AERO,NYSE,2025-11-06,2026-06-24,0
AERT,NASDAQ,2021-12-17,2026-06-24,0
AES,NYSE,1991-06-26,2026-06-24,0
AESC,NYSE,2021-03-05,2024-02-14,1
AESI,NYSE,2023-03-09,2026-06-24,0
AET,NYSE,1977-01-03,2018-11-28,1
AEUA,NYSE,2015-06-11,2018-06-07,1
AEVA,NASDAQ,2020-02-27,2026-06-24,0
AEXA,NYSE,2025-09-26,2026-06-24,0
AEYE,NASDAQ,2013-04-26,2026-06-24,0
AEZ,NYSE,2003-01-21,2010-12-30,1
AF,NYSE,1993-11-18,2017-10-02,1
AFA,NYSE,2012-08-28,2017-08-24,1
AFAC,NASDAQ,2022-01-04,2022-12-08,1
AFAM,NASDAQ,1993-02-19,2018-04-02,1
AFAQ,NASDAQ,2021-05-27,2022-12-29,1
AFAR,NASDAQ,2022-06-03,2026-06-24,0
AFBI,NASDAQ,2021-01-21,2026-06-24,0
AFC,NYSE,2007-04-17,2021-03-24,1
AFCB,NASDAQ,2010-01-07,2018-09-28,1
AFCG,NASDAQ,2021-03-19,2026-06-24,0
AFCO,NYSE,2015-10-20,2017-07-10,1
AFFMQ,NASDAQ,2012-05-31,2018-07-30,1
AFFX,NASDAQ,2016-01-04,2016-04-01,1
AFG,NYSE,1983-04-06,2026-06-24,0
AFGB,NYSE,2019-03-19,2026-06-24,0
AFGC,NYSE,2019-12-04,2026-06-24,0
AFGD,NYSE,2020-06-03,2026-06-24,0
AFGE,NYSE,2014-09-24,2026-06-24,0
AFGH,NYSE,2015-11-18,2020-11-13,1
AFJK,NASDAQ,2024-01-22,2026-06-24,0
AFL,NYSE,1984-07-19,2026-06-24,0
AFM,NYSE,2012-10-16,2015-10-29,1
AFOP,NASDAQ,2000-11-30,2016-06-07,1
AFQ,NYSE,2010-09-30,2015-10-07,1
AFRI,NASDAQ,2022-06-10,2026-06-24,0
AFRM,NASDAQ,2021-01-13,2026-06-24,0
AFSC,NASDAQ,2025-02-18,2026-06-24,0
AFSD,NYSE,2012-09-27,2018-01-10,1
AFSI,NASDAQ,2006-11-13,2018-11-29,1
AFTR,NYSE,2021-10-04,2023-08-15,1
AFW,NYSE,2012-06-14,2017-06-23,1
AFYA,NASDAQ,2019-07-19,2026-06-24,0
AG,NYSE,2006-11-28,2026-06-24,0
AGAC,NYSE,2021-03-25,2023-09-14,1
AGAM,NASDAQ,2009-10-21,2010-11-29,1
AGBK,NYSE,2026-02-11,2026-06-24,0
AGCB,NYSE,2021-01-07,2022-12-20,1
AGCC,NASDAQ,2025-10-22,2026-06-24,0
AGCO,NYSE,1992-04-20,2026-06-24,0
AGEN,NASDAQ,2000-02-08,2026-06-24,0
AGFS,NASDAQ,2015-08-03,2023-03-31,1
AGGR,NASDAQ,2021-05-19,2023-03-10,1
AGI,NYSE,2003-03-17,2026-06-24,0
AGIG,AMEX,2002-01-22,2026-06-24,0
AGII,NASDAQ,1986-11-14,2018-05-04,1
AGIIL,NASDAQ,2012-09-25,2018-05-04,1
AGIO,NASDAQ,2013-07-24,2026-06-24,0
AGIQ,NYSE,2025-09-03,2026-06-24,0
AGIXQ,NASDAQ,2000-08-09,2009-07-06,1
AGL,NYSE,2021-04-15,2026-06-24,0
AGM,NYSE,1995-08-18,2026-06-24,0
AGMB,NASDAQ,2026-02-06,2026-06-24,0
AGMH,NASDAQ,2018-04-18,2026-06-24,0
AGN,NYSE,1989-06-22,2020-05-08,1
AGNC,NASDAQ,2008-05-15,2026-06-24,0
AGNCB,NASDAQ,2014-05-09,2019-11-25,1
AGNCL,NASDAQ,2022-09-08,2026-06-24,0
AGNCM,NASDAQ,2019-02-28,2026-06-24,0
AGNCN,NASDAQ,2017-08-16,2026-06-24,0
AGNCO,NASDAQ,2019-09-27,2026-06-24,0
AGNCP,NASDAQ,2020-02-05,2026-06-24,0
AGNCZ,NASDAQ,2025-09-04,2026-06-24,0
AGNT,NASDAQ,2014-02-19,2026-06-24,0
AGO,NYSE,2004-04-23,2026-06-24,0
AGP,NYSE,2006-12-28,2012-12-21,1
AGPU,NASDAQ,2018-01-29,2026-06-24,0
AGR,NYSE,2015-12-17,2026-06-24,0
AGRO,NYSE,2011-01-28,2026-06-24,0
AGRZ,NASDAQ,2025-10-01,2026-06-24,0
AGS,NYSE,2018-01-26,2025-06-30,1
AGTC,NASDAQ,2014-03-27,2022-12-01,1
AGTI,NYSE,2024-05-07,2024-05-07,1
AGU,NYSE,1995-05-05,2017-12-29,1
AGX,NYSE,1995-08-18,2026-06-24,0
AGYS,NASDAQ,1990-03-26,2026-06-24,0
AHAC,NASDAQ,2020-12-01,2021-08-26,1
AHCO,NASDAQ,2018-05-24,2026-06-24,0
AHD,NASDAQ,2026-05-19,2026-06-24,0
AHG,NASDAQ,2006-12-28,2026-06-24,0
AHGP,NASDAQ,2006-05-10,2018-06-01,1
AHI,NASDAQ,2021-11-19,2026-06-24,0
AHL,NYSE,2025-05-08,2026-02-24,1
AHMA,NASDAQ,2025-10-21,2026-06-24,0
AHP,NYSE,2013-11-06,2018-04-23,1
AHPA,NASDAQ,2021-09-30,2022-11-01,1
AHR,NYSE,2024-02-07,2026-06-24,0
AHRN,NASDAQ,2022-02-08,2023-06-16,1
AHRT,NYSE,2023-09-11,2026-06-24,0
AHS,NYSE,2001-11-13,2016-10-26,1
AHT,NYSE,2003-08-26,2026-06-24,0
AI,NYSE,2020-12-09,2026-06-24,0
AIAI,NASDAQ,2026-05-14,2026-06-24,0
AIB,AMEX,2026-03-20,2026-06-24,0
AIBZ,NASDAQ,2026-06-09,2026-06-24,0
AIC,NYSE,2015-03-20,2024-01-30,1
AIDX,NASDAQ,2026-02-19,2026-06-24,0
AIFA,NASDAQ,2017-10-25,2026-06-24,0
AIFC,NASDAQ,2026-04-28,2026-06-24,0
AIFE,NASDAQ,2025-03-12,2025-08-07,1
AIFF,NASDAQ,2011-02-23,2026-06-24,0
AIFU,NASDAQ,2025-05-20,2026-06-24,0
AIG,NYSE,1984-09-07,2026-06-24,0
AIHS,NASDAQ,2018-03-16,2026-06-24,0
AII,NYSE,2025-05-08,2026-06-24,0
AIIA,NYSE,2025-11-24,2026-06-24,0
AIII,NYSE,1997-12-10,2017-08-17,1
AIIO,NASDAQ,2022-11-11,2026-06-24,0
AIIR,NASDAQ,2026-05-18,2026-06-24,0
AILE,NASDAQ,2021-04-26,2026-06-24,0
AIM,AMEX,2006-12-28,2026-06-24,0
AIMC,NASDAQ,2006-12-15,2023-03-27,1
AIMCV,NASDAQ,2006-12-15,2018-10-01,1
AIMD,NASDAQ,2013-11-04,2026-06-24,0
AIMT,NASDAQ,2015-08-06,2020-10-13,1
AIN,NYSE,1987-09-30,2026-06-24,0
AINC,NYSE MKT,2014-11-13,2024-07-26,1
AIO,NYSE,2019-10-29,2026-06-24,0
AIOS,NASDAQ,2016-12-27,2026-06-24,0
AIOT,NASDAQ,1999-06-30,2026-06-24,0
AIP,NASDAQ,2021-10-27,2026-06-24,0
AIQ,NASDAQ,2001-07-27,2017-08-31,1
AIQD,NYSE ARCA,2026-06-02,2026-06-24,0
AIQU,NYSE ARCA,2026-06-02,2026-06-24,0
AIR,NYSE,1984-07-19,2026-06-24,0
AIRC,NYSE,2020-12-15,2024-06-28,1
AIRE,NASDAQ,2023-10-23,2026-06-24,0
AIRG,NASDAQ,2016-08-12,2026-06-24,0
AIRI,AMEX,2000-10-05,2026-06-24,0
AIRJ,NASDAQ,2024-03-15,2026-06-24,0
AIRM,NASDAQ,1987-08-31,2017-04-24,1
AIRO,NASDAQ,2025-06-13,2026-06-24,0
AIRS,NASDAQ,2021-10-29,2026-06-24,0
AIRT,NASDAQ,1984-04-24,2026-06-24,0
AIRTP,NASDAQ,2019-06-11,2026-06-24,0
AISP,NASDAQ,2021-05-10,2026-06-24,0
AIT,NYSE,1984-09-07,2026-06-24,0
AITR,NASDAQ,2024-01-02,2026-06-24,0
AIV,NYSE,1994-07-22,2026-06-24,0
AIW,NYSE,2013-05-06,2021-08-05,1
AIXC,NASDAQ,2015-06-24,2026-06-24,0
AIXG,NASDAQ,2005-03-11,2017-07-18,1
AIXI,NASDAQ,2023-03-09,2026-06-24,0
AIY,NYSE,2013-06-26,2019-08-19,1
AIZ,NYSE,2004-02-05,2026-06-24,0
AIZN,NYSE,2020-11-25,2026-06-24,0
AIZP,NYSE,2018-03-08,2021-03-12,1
AJG,NYSE,1984-09-07,2026-06-24,0
AJRD,NYSE,1981-02-02,2023-07-27,1
AJXA,NYSE,2017-04-28,2024-04-29,1
AKA,NYSE,2021-09-22,2026-06-24,0
AKAM,NASDAQ,1999-10-29,2026-06-24,0
AKAN,NASDAQ,2022-03-15,2026-06-24,0
AKBA,NASDAQ,2014-03-20,2026-06-24,0
AKCA,NASDAQ,2017-07-14,2020-10-12,1
AKIC,NASDAQ,2021-02-26,2022-12-29,1
AKLI,NASDAQ,2022-08-19,2026-06-24,0
AKR,NYSE,1993-05-27,2026-06-24,0
AKRO,NASDAQ,2019-06-20,2025-12-09,1
AKS,NYSE,1994-03-30,2020-03-13,1
AKTS,NASDAQ,2026-01-09,2026-06-24,0
AKTX,NASDAQ,2015-09-21,2026-06-24,0
AKUS,NASDAQ,2020-06-26,2023-01-03,1
AKYA,NASDAQ,2021-04-16,2025-07-08,1
AL,NYSE,2011-04-19,2026-06-24,0
ALAB,NASDAQ,2024-03-20,2026-06-24,0
ALAC,NASDAQ,2018-11-21,2022-05-25,1
ALAR,NASDAQ,2018-08-07,2026-06-24,0
ALB,NYSE,1994-02-22,2026-06-24,0
ALBO,NASDAQ,2007-05-11,2023-03-02,1
ALBT,NASDAQ,2016-12-06,2026-06-24,0
ALC,NYSE,2019-04-09,2026-06-24,0
ALCO,NASDAQ,1973-05-03,2026-06-24,0
ALDB,BATS,2026-05-13,2026-06-24,0
ALDF,NASDAQ,2024-12-13,2026-06-24,0
ALDR,NASDAQ,2014-05-08,2019-10-22,1
ALDW,NYSE,2012-11-20,2018-02-08,1
ALDX,NASDAQ,2014-05-02,2026-06-24,0
ALE,NYSE,1973-05-03,2026-06-24,0
ALEC,NASDAQ,2019-02-07,2026-06-24,0
ALEX,NYSE,2012-06-14,2026-03-12,1
ALF,NASDAQ,2024-08-01,2026-06-24,0
ALG,NYSE,1993-03-19,2026-06-24,0
ALGI,NASDAQ,2016-01-06,2019-06-26,1
ALGM,NASDAQ,2020-10-29,2026-06-24,0
ALGN,NASDAQ,2001-01-30,2026-06-24,0
ALGR,NASDAQ,2018-08-13,2020-04-20,1
ALGS,NASDAQ,2020-10-16,2026-06-24,0
ALGT,NASDAQ,2006-12-08,2026-06-24,0
ALH,NYSE,2025-10-09,2026-06-24,0
ALHC,NASDAQ,2021-03-26,2026-06-24,0
ALIM,NASDAQ,2010-04-22,2026-06-24,0
ALIS,NASDAQ,2025-11-19,2026-06-24,0
ALIT,NYSE,2020-07-17,2026-06-24,0
ALJ,NYSE,2005-07-28,2017-07-10,1
ALK,NYSE,1983-01-03,2026-06-24,0
ALKS,NASDAQ,1991-07-16,2026-06-24,0
ALKSV,NASDAQ,2023-11-14,2023-11-15,1
ALKT,NASDAQ,2021-04-14,2026-06-24,0
ALL,NYSE,1993-06-03,2026-06-24,0
ALLE,NYSE,2013-11-18,2026-06-24,0
ALLK,NASDAQ,2018-07-19,2025-05-15,1
ALLO,NASDAQ,2018-10-11,2026-06-24,0
ALLR,NASDAQ,2021-12-21,2026-06-24,0
ALLT,NASDAQ,2006-11-16,2026-06-24,0
ALLY,NYSE,2014-04-10,2026-06-24,0
ALM,NASDAQ,2025-07-14,2026-06-24,0
ALMR,NASDAQ,2026-04-17,2026-06-24,0
ALMS,NASDAQ,2024-06-28,2026-06-24,0
ALMU,NASDAQ,2022-11-16,2026-06-24,0
ALN,NYSE,2009-09-14,2018-09-28,1
ALNC,NASDAQ,2006-12-28,2013-03-08,1
ALNT,NASDAQ,1992-02-25,2026-06-24,0
ALNY,NASDAQ,2004-06-01,2026-06-24,0
ALO,NYSE,2006-11-24,2020-07-01,1
ALOG,NASDAQ,1984-09-07,2018-06-22,1
ALOR,NASDAQ,2022-01-13,2023-11-14,1
ALOT,NASDAQ,1984-09-07,2026-06-24,0
ALOV,NASDAQ,2026-03-16,2026-06-24,0
ALOY,NASDAQ,2016-01-21,2026-06-24,0
ALP,NASDAQ,2020-06-05,2026-06-24,0
ALPN,NASDAQ,2015-06-17,2026-06-24,0
ALPS,NASDAQ,2022-09-28,2026-06-24,0
ALR,NYSE,1996-08-06,2017-10-19,1
ALRM,NASDAQ,2015-06-26,2026-06-24,0
ALRS,NASDAQ,2001-01-02,2026-06-24,0
ALSK,NASDAQ,1999-11-18,2021-07-22,1
ALSN,NYSE,2012-03-15,2026-06-24,0
ALT,NASDAQ,2005-10-06,2026-06-24,0
ALTA,NASDAQ,2015-06-11,2021-09-30,1
ALTG,NYSE,2019-04-25,2026-06-24,0
ALTI,NASDAQ,2023-01-03,2026-06-24,0
ALTM,NYSE,2024-01-03,2025-03-05,1
ALTO,NASDAQ,2005-03-24,2026-06-24,0
ALTR,NASDAQ,2017-11-01,2025-03-26,1
ALTU,NASDAQ,2021-01-29,2024-03-20,1
ALTUQ,NASDAQ,2010-01-04,2013-08-30,1
ALTV,NYSE,1998-04-28,2015-12-21,1
ALU,NYSE,2006-11-30,2016-03-03,1
ALUB,NYSE,2026-01-06,2026-06-24,0
ALUS,NYSE,2010-01-04,2021-07-07,1
ALV,NYSE,1997-04-28,2026-06-24,0
ALVO,NASDAQ,2022-06-16,2026-06-24,0
ALX,NYSE,1984-07-19,2026-06-24,0
ALXA,NASDAQ,2016-01-04,2016-06-21,1
ALXN,NASDAQ,1996-02-28,2021-07-28,1
ALXO,NASDAQ,2020-07-17,2026-06-24,0
ALY,NYSE,2007-03-22,2011-02-23,1
ALZN,NASDAQ,2021-06-15,2026-06-24,0
AM,NYSE,2014-11-05,2026-06-24,0
AMAG,NASDAQ,1986-06-12,2020-11-16,1
AMAL,NASDAQ,2018-08-07,2026-06-24,0
AMAM,NASDAQ,2021-06-18,2024-03-07,1
AMAN,NASDAQ,2026-05-19,2026-06-24,0
AMAO,NASDAQ,2021-05-05,2023-11-03,1
AMAT,NASDAQ,1984-09-07,2026-06-24,0
AMAU,BATS,2026-05-12,2026-06-24,0
AMBA,NASDAQ,2012-10-10,2026-06-24,0
AMBO,AMEX,2018-06-01,2026-06-24,0
AMBP,NYSE,2021-08-05,2026-06-24,0
AMBQ,NYSE,2025-07-30,2026-06-24,0
AMBR,NASDAQ,2014-03-21,2026-06-24,0
AMBTQ,NASDAQ,2016-01-12,2018-06-18,1
AMC,NYSE,2013-12-18,2026-06-24,0
AMCC,NASDAQ,2001-01-02,2017-02-03,1
AMCI,NASDAQ,2023-01-25,2026-06-24,0
AMCR,NYSE,2019-06-11,2026-06-24,0
AMCX,NASDAQ,2011-06-16,2026-06-24,0
AMD,NASDAQ,1983-03-21,2026-06-24,0
AME,NYSE,1984-07-19,2026-06-24,0
AMED,NASDAQ,1994-08-18,2025-08-14,1
AMEH,NASDAQ,2024-02-26,2024-02-26,1
AMFW,NYSE,2014-11-13,2017-10-09,1
AMG,NYSE,1997-11-21,2026-06-24,0
AMGN,NASDAQ,1984-09-07,2026-06-24,0
AMGP,NYSE,2017-05-04,2019-03-12,1
AMH,NYSE,2013-08-01,2026-06-24,0
AMHC,NASDAQ,2020-01-10,2021-09-24,1
AMIC,NASDAQ,2016-01-04,2016-09-01,1
AMID,NYSE,2011-07-27,2019-07-22,1
AMIEQ,NASDAQ,2011-04-13,2016-04-01,1
AMIX,NASDAQ,2024-01-29,2026-06-24,0
AMJB,NYSE,2024-01-26,2026-06-24,0
AMK,NYSE,2019-07-18,2024-09-05,1
AMKL,BATS,2026-05-05,2026-06-24,0
AMKR,NASDAQ,1998-05-01,2026-06-24,0
AMLX,NASDAQ,2022-01-07,2026-06-24,0
AMN,NYSE,2001-11-13,2026-06-24,0
AMNB,NASDAQ,1999-04-13,2024-04-01,1
AMND,NYSE ARCA,2020-07-16,2024-12-11,1
AMOD,NASDAQ,2021-10-26,2026-06-24,0
AMOV,NYSE,2001-02-07,2023-03-15,1
AMP,NYSE,2005-09-15,2026-06-24,0
AMPG,NASDAQ,1995-03-20,2026-06-24,0
AMPGZ,NASDAQ,2026-02-03,2026-06-24,0
AMPH,NASDAQ,2014-06-25,2026-06-24,0
AMPI,NYSE,2021-04-22,2022-12-14,1
AMPL,NASDAQ,2021-09-28,2026-06-24,0
AMPS,NYSE,2021-02-01,2025-04-15,1
AMPU,BATS,2026-05-06,2026-06-24,0
AMPX,NYSE,2022-09-15,2026-06-24,0
AMPY,NYSE,2012-04-20,2026-06-24,0
AMR,NYSE,2016-08-18,2026-06-24,0
AMRB,NASDAQ,1999-01-04,2021-09-15,1
AMRC,NYSE,2010-07-22,2026-06-24,0
AMRE,NYSE,2012-07-27,2015-02-18,1
AMRI,NASDAQ,1999-02-04,2017-09-01,1
AMRK,NASDAQ,2014-03-17,2025-12-01,1
AMRN,NASDAQ,1993-04-05,2026-06-24,0
AMRS,NASDAQ,2023-08-18,2023-08-18,1
AMRX,NASDAQ,2009-01-15,2026-06-24,0
AMRZ,NYSE,2025-06-23,2026-06-24,0
AMS,AMEX,1984-09-07,2026-06-24,0
AMSC,NASDAQ,1991-12-12,2026-06-24,0
AMSF,NASDAQ,2005-11-18,2026-06-24,0
AMSG,NASDAQ,2016-01-04,2016-12-09,1
AMSGP,NASDAQ,2016-01-04,2016-12-09,1
AMSS,NASDAQ,2026-05-20,2026-06-24,0
AMST,NASDAQ,2020-09-25,2026-06-24,0
AMSWA,NASDAQ,1984-09-07,2024-10-01,1
AMT,NYSE,1998-02-27,2026-06-24,0
AMTB,NYSE,2018-08-29,2026-06-24,0
AMTBB,NASDAQ,2018-08-29,2021-11-22,1
AMTD,NYSE,2019-08-05,2026-06-24,0
AMTG,NYSE,2011-07-21,2016-09-08,1
AMTI,NASDAQ,2020-06-05,2023-12-28,1
AMTM,NYSE,2024-09-24,2026-06-24,0
AMTR,NYSE ARCA,2020-10-21,2024-12-11,1
AMTX,NASDAQ,2014-05-15,2026-06-24,0
AMWD,NASDAQ,1986-07-21,2026-05-28,1
AMWL,NYSE,2020-09-17,2026-06-24,0
AMX,NYSE,2001-02-08,2026-06-24,0
AMYT,NASDAQ,2019-12-31,2023-04-12,1
AMZE,AMEX,2021-12-14,2026-06-24,0
AMZN,NASDAQ,1997-05-15,2026-06-24,0
AMZO,BATS,2026-03-24,2026-06-24,0
AN,NYSE,1992-03-03,2026-06-24,0
ANAB,NASDAQ,2017-01-26,2026-06-24,0
ANABV,NASDAQ,2026-04-06,2026-06-24,0
ANAC,NYSE,2021-04-16,2023-02-24,1
ANAD,NASDAQ,2016-01-04,2016-03-16,1
ANAT,NASDAQ,1984-09-07,2022-09-08,1
ANCB,NASDAQ,2011-01-26,2018-11-15,1
ANCI,NASDAQ,2005-12-21,2015-09-17,1
ANCX,NASDAQ,2004-07-19,2019-01-31,1
ANDE,NASDAQ,1996-02-20,2026-06-24,0
ANDG,NYSE,2025-12-17,2026-06-24,0
ANDV,NYSE,1983-04-06,2018-09-28,1
ANDX,NYSE,2011-04-20,2019-08-07,1
ANET,NYSE,2014-06-06,2026-06-24,0
ANF,NYSE,1996-09-26,2026-06-24,0
ANGH,NASDAQ,2022-02-03,2026-06-24,0
ANGI,NASDAQ,2011-11-17,2026-06-24,0
ANGIV,NASDAQ,2025-03-25,2026-06-24,0
ANGO,NASDAQ,2004-06-01,2026-06-24,0
ANGX,NYSE,2022-01-31,2026-06-24,0
ANH,NYSE,1998-03-12,2021-03-19,1
ANIK,NASDAQ,1993-05-04,2026-06-24,0
ANIP,NASDAQ,2000-05-05,2026-06-24,0
ANIX,NASDAQ,2001-01-02,2026-06-24,0
ANL,NASDAQ,2023-09-29,2026-06-24,0
ANN,NYSE,1991-05-17,2015-08-31,1
ANNA,NASDAQ,2022-02-22,2026-06-24,0
ANNB,NASDAQ,2006-12-22,2013-04-05,1
ANNX,NASDAQ,2020-07-24,2026-06-24,0
ANPA,NASDAQ,2025-07-08,2026-06-24,0
ANR,NYSE,2005-02-15,2015-07-16,1
ANRO,NYSE,2024-02-02,2026-06-24,0
ANRZQ,NYSE,2005-02-15,2016-07-27,1
ANSC,NASDAQ,2024-01-03,2026-06-24,0
ANSS,NASDAQ,1996-06-21,2026-06-24,0
ANTA,NASDAQ,2025-05-13,2026-06-24,0
ANTE,NASDAQ,2007-11-07,2025-09-18,1
ANTX,NASDAQ,2022-03-25,2026-06-24,0
ANV,NASDAQ,2007-05-10,2026-06-24,0
ANVGQ,NYSE,2015-03-10,2016-10-25,1
ANVS,NYSE,2020-01-29,2026-06-24,0
ANY,NASDAQ,2008-06-24,2026-06-24,0
AOGSQ,NYSE,2009-05-11,2009-12-30,1
AOL,NYSE,2009-11-24,2015-06-22,1
AOMD,NYSE,2025-05-27,2026-06-24,0
AOMN,NYSE,2024-08-01,2026-06-24,0
AOMR,NYSE,2021-06-17,2026-06-24,0
AON,NYSE,1984-09-07,2026-06-24,0
AORT,NYSE,1993-02-12,2026-06-24,0
AOS,NYSE,1984-09-07,2026-06-24,0
AOSL,NASDAQ,2010-04-29,2026-06-24,0
AOUT,NASDAQ,2020-08-21,2026-06-24,0
AOUTV,NASDAQ,2020-08-21,2020-08-24,1
AP,NYSE,1984-07-19,2026-06-24,0
APA,NASDAQ,1979-05-15,2026-06-24,0
APAC,NASDAQ,2025-11-21,2026-06-24,0
APAD,NYSE,2025-08-27,2026-06-24,0
APAGF,NASDAQ,1981-07-21,2015-01-28,1
APAM,NYSE,2013-03-07,2026-06-24,0
APC,NASDAQ,2026-02-12,2026-06-24,0
APCA,NYSE,2022-02-07,2024-06-21,1
APD,NYSE,1983-04-06,2026-06-24,0
APDB,BATS,2026-05-06,2026-06-24,0
APE,NYSE,2022-08-22,2023-08-24,1
APEI,NASDAQ,2007-11-09,2026-06-24,0
APFH,NYSE,2016-07-15,2017-06-08,1
APG,NYSE,2020-04-29,2026-06-24,0
APGB,NYSE,2021-04-05,2023-11-27,1
APGE,NASDAQ,2023-07-14,2026-06-24,0
APGN,NASDAQ,2021-02-22,2023-09-01,1
APH,NYSE,1991-11-08,2026-06-24,0
APHA,NYSE,2015-03-18,2021-05-07,1
APHU,BATS,2026-02-18,2026-06-24,0
API,NASDAQ,2020-06-26,2026-06-24,0
APIC,NASDAQ,2016-01-04,2016-11-11,1
APL,NYSE,2000-01-28,2015-02-27,1
APLD,NASDAQ,2008-10-22,2026-06-24,0
APLE,NYSE,2015-05-18,2026-06-24,0
APLM,NASDAQ,2021-11-26,2026-06-24,0
APLP,NASDAQ,2015-11-04,2018-05-07,1
APLS,NASDAQ,2017-11-09,2026-05-14,1
APLT,NASDAQ,2019-05-14,2026-06-24,0
APLX,BATS,2025-09-09,2026-06-24,0
APM,NASDAQ,2018-12-18,2026-06-24,0
APMI,NASDAQ,2021-10-06,2023-08-25,1
APO,NYSE,2011-03-30,2026-06-24,0
APOG,NASDAQ,1973-05-03,2026-06-24,0
APOL,NASDAQ,2016-01-04,2017-02-09,1
APOP,NASDAQ,2021-10-28,2021-10-28,1
APOS,NYSE,2023-08-29,2026-06-24,0
APP,NASDAQ,2021-04-15,2026-06-24,0
APPF,NASDAQ,2015-06-26,2026-06-24,0
APPN,NASDAQ,2017-05-25,2026-06-24,0
APPS,NASDAQ,2006-06-30,2026-06-24,0
APR,NASDAQ,2021-02-11,2022-03-29,1
APRE,NASDAQ,2019-10-03,2026-06-24,0
APRN,NASDAQ,2017-06-29,2023-11-13,1
APT,AMEX,1999-02-16,2026-06-24,0
APTI,NASDAQ,2016-09-23,2019-01-10,1
APTM,NASDAQ,2023-12-28,2024-02-09,1
APTS,NYSE MKT,2011-04-01,2022-06-23,1
APTV,NYSE,2011-11-17,2026-06-24,0
APU,NYSE,1995-04-12,2019-08-21,1
APUR,NASDAQ,2026-06-10,2026-06-24,0
APUS,AMEX,2025-05-09,2026-06-24,0
APVO,NASDAQ,2016-07-20,2026-06-24,0
APWC,NASDAQ,2003-07-15,2026-06-24,0
APXT,NASDAQ,2025-11-17,2026-06-24,0
APYX,NASDAQ,2019-01-02,2026-06-24,0
AQ,NYSE,2017-11-03,2019-10-14,1
AQB,NASDAQ,2017-01-11,2026-06-24,0
AQLG,NASDAQ,2026-06-08,2026-06-24,0
AQMS,NASDAQ,2015-07-31,2026-06-24,0
AQN,NYSE,2009-11-10,2026-06-24,0
AQNA,NYSE,2018-10-23,2023-11-03,1
AQNB,NYSE,2019-05-28,2026-06-24,0
AQNU,NYSE,2021-06-18,2024-06-14,1
AQST,NASDAQ,2018-07-25,2026-06-24,0
AQUA,NYSE,2017-11-02,2023-05-24,1
AR,NYSE,2013-10-10,2026-06-24,0
ARA,NYSE,2016-04-21,2021-01-25,1
ARAI,NASDAQ,2025-05-15,2026-06-24,0
ARAV,NASDAQ,2014-03-21,2026-06-24,0
ARAY,NASDAQ,2007-02-08,2026-06-24,0
ARBB,NASDAQ,2023-04-05,2026-06-24,0
ARBE,NASDAQ,2021-10-08,2026-06-24,0
ARBG,NASDAQ,2021-01-11,2023-08-11,1
ARBK,NASDAQ,2021-09-23,2026-06-24,0
ARBKL,NASDAQ,2021-11-18,2026-06-24,0
ARC,NYSE,2005-02-04,2024-11-22,1
ARCB,NASDAQ,1992-05-13,2026-06-24,0
ARCC,NASDAQ,2004-10-05,2026-06-24,0
ARCE,NASDAQ,2018-09-26,2023-12-07,1
ARCH,NYSE,2016-10-05,2025-01-14,1
ARCI,NASDAQ,2026-05-28,2026-06-24,0
ARCK,NASDAQ,2021-12-20,2023-02-02,1
ARCL,NASDAQ,2026-05-29,2026-06-24,0
ARCO,NYSE,2011-04-14,2026-06-24,0
ARCP,NASDAQ,2011-09-09,2015-07-30,1
ARCPP,NASDAQ,2014-01-06,2015-07-30,1
ARCT,NASDAQ,2013-05-22,2026-06-24,0
ARD,NYSE,2017-03-15,2026-06-24,0
ARDT,NYSE,2024-07-18,2026-06-24,0
ARDX,NASDAQ,2014-06-19,2026-06-24,0
ARE,NYSE,1997-05-28,2026-06-24,0
AREC,NASDAQ,2017-12-29,2026-06-24,0
AREN,AMEX,2007-07-13,2026-06-24,0
ARES,NYSE,2014-05-02,2026-06-24,0
ARG,NYSE,1986-12-22,2016-05-31,1
ARGD,NYSE,2002-12-10,2019-10-25,1
ARGO,NYSE,2007-08-07,2023-11-16,1
ARGSQ,NASDAQ,2014-02-07,2019-10-10,1
ARGU,NASDAQ,2021-11-15,2022-12-20,1
ARGX,NASDAQ,2017-05-18,2026-06-24,0
ARHS,NASDAQ,2021-11-04,2026-06-24,0
ARI,NYSE,2009-09-24,2026-06-24,0
ARIA,NASDAQ,2001-01-02,2017-02-17,1
ARII,NASDAQ,2006-01-23,2018-12-04,1
ARIS,NYSE,2007-08-10,2026-06-24,0
ARIZ,NASDAQ,2021-12-09,2024-02-29,1
ARKO,NASDAQ,2017-11-17,2026-06-24,0
ARKR,NASDAQ,1985-12-13,2026-06-24,0
ARL,NYSE,1984-09-07,2026-06-24,0
ARLI,BATS,2026-04-01,2026-06-24,0
ARLO,NYSE,2018-08-03,2026-06-24,0
ARLP,NASDAQ,1999-08-17,2026-06-24,0
ARLZ,NASDAQ,2016-02-08,2018-08-21,1
ARM,NASDAQ,2023-09-14,2026-06-24,0
ARMH,NYSE ARCA,1998-04-17,2026-05-28,1
ARMK,NYSE,2013-12-12,2026-06-24,0
ARMO,NASDAQ,2018-01-26,2018-06-22,1
ARMP,AMEX,2011-03-09,2026-06-24,0
ARNA,NASDAQ,2000-07-28,2022-03-15,1
ARNC,NYSE,2020-04-01,2023-08-17,1
ARO,NYSE,2002-05-16,2016-04-21,1
AROC,NYSE,2015-11-04,2026-06-24,0
AROW,NASDAQ,1984-09-07,2026-06-24,0
ARPI,NYSE,2013-05-08,2016-03-08,1
ARQ,NASDAQ,2004-01-23,2026-06-24,0
ARQL,NASDAQ,1996-10-16,2020-01-16,1
ARQQ,NASDAQ,2021-09-07,2026-06-24,0
ARQT,NASDAQ,2020-01-31,2026-06-24,0
ARR,NYSE,2007-12-03,2026-06-24,0
ARRS,NASDAQ,1993-09-17,2019-04-04,1
ARRY,NASDAQ,2020-10-15,2026-06-24,0
ARS,NASDAQ,2006-12-19,2006-12-29,1
ARSD,NYSE,2006-07-31,2014-06-17,1
ART,NYSE,2009-09-24,2013-10-17,1
ARTA,NASDAQ,2021-07-16,2022-05-24,1
ARTC,NASDAQ,1996-02-05,2026-06-24,0
ARTE,NASDAQ,2021-11-23,2023-11-03,1
ARTL,NASDAQ,2017-11-14,2026-06-24,0
ARTNA,NASDAQ,1996-05-24,2026-06-24,0
ARTV,NASDAQ,2024-07-19,2026-06-24,0
ARTW,NASDAQ,1984-09-07,2026-06-24,0
ARTX,NASDAQ,1994-02-24,2019-12-19,1
ARU,NYSE,2012-10-08,2017-06-21,1
ARUN,NASDAQ,2007-03-27,2015-05-18,1
ARVN,NASDAQ,2018-09-27,2026-06-24,0
ARW,NYSE,1984-07-19,2026-06-24,0
ARWA,NASDAQ,2015-05-27,2017-01-05,1
ARWR,NASDAQ,1997-01-06,2026-06-24,0
ARX,NYSE,2025-07-24,2026-06-24,0
ARXS,NASDAQ,2026-04-16,2026-06-24,0
ARY,NYSE,2010-11-15,2015-09-28,1
ARYA,NASDAQ,2018-12-12,2021-06-09,1
ARYB,NASDAQ,2020-07-30,2020-10-27,1
ARYD,NASDAQ,2021-02-26,2024-07-31,1
ARYE,NASDAQ,2021-07-12,2023-07-14,1
AS,NYSE,2024-02-01,2026-06-24,0
ASAN,NYSE,2020-09-30,2026-06-24,0
ASAQ,NYSE,2020-10-15,2022-10-05,1
ASAX,NASDAQ,2021-03-15,2022-12-29,1
ASB,NYSE,1984-09-07,2026-06-24,0
ASBA,NYSE,2023-03-03,2026-06-24,0
ASBB,NASDAQ,2011-10-12,2017-09-29,1
ASBC,NASDAQ,1984-09-07,2014-12-22,1
ASBI,NASDAQ,1987-02-26,2015-12-31,1
ASBP,NASDAQ,2022-04-11,2026-06-24,0
ASC,NYSE,2013-08-01,2026-06-24,0
ASCA,NASDAQ,2022-03-18,2024-04-03,1
ASCMA,NASDAQ,2008-09-18,2019-08-30,1
ASEC,NASDAQ,2026-05-28,2026-06-24,0
ASEI,NASDAQ,1984-09-06,2016-09-12,1
ASFI,NASDAQ,1995-11-14,2020-09-29,1
ASFN,NASDAQ,2011-01-31,2013-10-17,1
ASGI,NYSE,2020-07-29,2026-06-24,0
ASH,NYSE,1983-04-06,2026-06-24,0
ASI,NYSE,2006-12-28,2013-10-01,1
ASIC,NYSE,2025-06-11,2026-06-24,0
ASIX,NYSE,2016-10-03,2026-06-24,0
ASLE,NASDAQ,2019-02-28,2026-06-24,0
ASLN,NASDAQ,2018-05-04,2026-06-24,0
ASM,AMEX,2005-11-21,2026-06-24,0
ASMB,NASDAQ,2010-12-17,2026-06-24,0
ASMI,NASDAQ,1984-09-07,2015-08-20,1
ASML,NASDAQ,1995-03-16,2026-06-24,0
ASND,NASDAQ,2015-01-28,2026-06-24,0
ASNS,NASDAQ,2017-11-16,2019-03-13,1
ASO,NASDAQ,2020-10-02,2026-06-24,0
ASPC,NASDAQ,2025-01-03,2026-06-24,0
ASPI,NASDAQ,2022-11-10,2026-06-24,0
ASPN,NYSE,2014-06-13,2026-06-24,0
ASPS,NASDAQ,2009-08-06,2026-06-24,0
ASPSZ,NASDAQ,2025-05-07,2026-06-24,0
ASPX,NASDAQ,2014-02-05,2015-05-04,1
ASR,NYSE,2000-09-28,2026-06-24,0
ASRT,NASDAQ,2003-12-17,2026-06-17,1
ASRV,NASDAQ,1990-03-27,2026-06-24,0
ASRVP,NASDAQ,2021-06-01,2021-10-01,1
ASST,NASDAQ,2023-02-03,2026-06-24,0
AST,NYSE,2014-07-21,2019-04-02,1
ASTC,NASDAQ,1995-12-21,2026-06-24,0
ASTE,NASDAQ,1986-06-19,2026-06-24,0
ASTH,NASDAQ,2011-02-23,2026-06-24,0
ASTI,NASDAQ,2006-07-25,2026-06-24,0
ASTL,NASDAQ,2021-10-20,2026-06-24,0
ASTN,BATS,2026-02-06,2026-06-24,0
ASTR,NASDAQ,2020-10-06,2026-06-24,0
ASTS,NASDAQ,2019-11-01,2026-06-24,0
ASTY,BATS,2026-05-21,2026-06-24,0
ASUP,BATS,2026-05-21,2026-06-24,0
ASUR,NASDAQ,1992-04-07,2026-06-24,0
ASV,NASDAQ,2017-05-12,2019-09-11,1
ASX,NYSE,2000-10-02,2026-06-24,0
ASXC,NYSE MKT,1992-11-12,2024-08-22,1
ASYS,NASDAQ,1984-09-07,2026-06-24,0
ASZ,NYSE,2021-04-19,2022-11-22,1
AT,NYSE,2009-12-03,2021-05-14,1
ATA,NYSE,2021-01-28,2022-12-16,1
ATAC,NASDAQ,2017-09-07,2018-08-22,1
ATAI,NASDAQ,2021-06-18,2026-06-24,0
ATAQ,NYSE,2021-04-26,2023-09-08,1
ATAT,NASDAQ,2022-11-11,2026-06-24,0
ATB,NYSE,1995-09-12,2009-12-24,1
ATC,NASDAQ,2021-02-04,2026-06-24,0
ATCH,AMEX,2021-03-10,2026-06-24,0
ATCL,NYSE,2026-02-18,2026-06-24,0
ATCO,NYSE,2020-02-28,2023-03-28,1
ATCOL,NASDAQ,2021-05-18,2026-06-24,0
ATCX,NASDAQ,2019-01-23,2026-06-24,0
ATEC,NASDAQ,2006-06-02,2026-06-24,0
ATEN,NYSE,2014-03-21,2026-06-24,0
ATER,NASDAQ,2019-06-12,2026-06-24,0
ATEST,AMEX,2016-09-26,2026-06-24,0
ATEX,NASDAQ,2015-02-03,2026-06-24,0
ATGI,NASDAQ,2017-11-24,2018-05-02,1
ATGL,NASDAQ,2023-10-31,2026-06-24,0
ATH,NYSE,2016-12-09,2021-12-31,1
ATHE,NASDAQ,2002-09-05,2026-06-24,0
ATHL,NYSE,2013-08-02,2014-11-13,1
ATHM,NYSE,2013-12-11,2026-06-24,0
ATHN,NASDAQ,2007-09-20,2019-02-11,1
ATHR,NASDAQ,2025-04-10,2026-06-24,0
ATHS,NYSE,2024-03-15,2026-06-24,0
ATI,NYSE,1999-11-29,2026-06-24,0
ATII,NASDAQ,2025-04-03,2026-06-24,0
ATK,NYSE,1990-10-03,2015-02-09,1
ATKR,NYSE,2016-06-10,2026-06-24,0
ATLC,NASDAQ,1999-04-23,2026-06-24,0
ATLCL,NASDAQ,2021-11-23,2026-06-24,0
ATLCP,NASDAQ,2021-06-14,2026-06-24,0
ATLCZ,NASDAQ,2024-01-31,2026-06-24,0
ATLN,NASDAQ,2021-08-27,2026-06-24,0
ATLO,NASDAQ,2000-02-15,2026-06-24,0
ATLX,NASDAQ,2013-02-28,2026-06-24,0
ATMC,NASDAQ,2023-01-19,2026-06-24,0
ATML,NASDAQ,2016-01-04,2016-04-12,1
ATMU,NYSE,2023-05-26,2026-06-24,0
ATMV,NASDAQ,2026-05-28,2026-06-24,0
ATN,NYSE,1993-04-27,2010-10-07,1
ATNI,NASDAQ,1991-11-14,2026-06-24,0
ATNM,AMEX,2012-12-27,2026-06-24,0
ATNY,NASDAQ,2016-01-04,2016-04-25,1
ATO,NYSE,1983-12-28,2026-06-24,0
ATOM,NASDAQ,2016-08-05,2026-06-24,0
ATOS,NASDAQ,2012-11-08,2026-06-24,0
ATPC,NASDAQ,2018-10-05,2026-06-24,0
ATR,NYSE,1993-04-23,2026-06-24,0
ATRA,NASDAQ,2014-10-16,2026-06-24,0
ATRC,NASDAQ,2005-08-05,2026-06-24,0
ATRI,NASDAQ,1984-09-07,2024-08-21,1
ATRO,NASDAQ,1984-09-07,2026-06-24,0
ATRS,NASDAQ,2022-06-06,2022-09-07,1
ATS,NYSE,2016-01-04,2026-06-24,0
ATSG,NASDAQ,2003-07-23,2025-04-11,1
ATSPT,NASDAQ,2021-04-23,2022-04-27,1
ATTU,NASDAQ,1993-01-26,2019-05-06,1
ATTY,NASDAQ,2016-06-22,2017-07-03,1
ATV,NYSE,2007-05-03,2021-01-29,1
ATVI,NASDAQ,1993-10-25,2023-10-13,1
ATW,NYSE,1984-09-07,2017-10-19,1
ATX,NASDAQ,2006-12-28,2014-01-31,1
ATXG,NASDAQ,2016-12-12,2026-06-24,0
ATXS,NASDAQ,2015-06-25,2026-01-23,1
ATYR,NASDAQ,2015-05-07,2026-06-24,0
AU,NYSE,1998-08-05,2026-06-24,0
AUB,NYSE,1995-08-18,2026-06-24,0
AUBN,NASDAQ,1995-09-11,2026-06-24,0
AUC,NASDAQ,2019-05-03,2026-06-24,0
AUDC,NASDAQ,1999-05-28,2026-06-24,0
AUGO,NASDAQ,2025-07-16,2026-06-24,0
AUGX,NASDAQ,2021-03-31,2024-10-02,1
AUID,NASDAQ,2017-11-17,2026-06-24,0
AULT,NYSE MKT,1997-05-05,2024-09-09,1
AUNA,NYSE,2024-03-22,2026-06-24,0
AUPH,NASDAQ,2014-09-03,2026-06-24,0
AUQ,NYSE,2003-09-04,2015-07-02,1
AUR,NASDAQ,2021-05-10,2026-06-24,0
AURA,NASDAQ,2021-10-29,2026-06-24,0
AURC,NASDAQ,2021-04-30,2023-08-23,1
AURE,NASDAQ,2024-02-01,2026-06-24,0
AUS,NYSE,2021-04-19,2022-11-22,1
AUST,AMEX,2022-05-04,2026-06-24,0
AUTL,NASDAQ,2018-06-22,2026-06-24,0
AUTO,NASDAQ,2001-01-02,2022-08-31,1
AUUD,NASDAQ,2021-02-17,2026-06-24,0
AUXL,NASDAQ,2004-07-26,2015-01-29,1
AUXO,NYSE,2012-07-24,2017-09-07,1
AUY,NYSE,2004-01-12,2023-03-31,1
AV,BATS,2026-05-06,2026-06-24,0
AVA,NYSE,1987-11-16,2026-06-24,0
AVAC,NASDAQ,2021-12-03,2023-06-07,1
AVAH,NASDAQ,2021-04-28,2026-06-24,0
AVAL,NYSE,2014-09-23,2026-06-24,0
AVAN,NYSE,2020-11-23,2022-10-19,1
AVAT,NASDAQ,2026-06-10,2026-06-24,0
AVAV,NASDAQ,2007-01-23,2026-06-24,0
AVAZ,BATS,2026-05-15,2026-06-24,0
AVB,NYSE,1994-03-11,2026-06-24,0
AVBC,NYSE,2025-08-01,2026-06-24,0
AVBH,NASDAQ,2012-07-23,2026-06-24,0
AVBP,NASDAQ,2024-01-26,2026-06-24,0
AVCT,NASDAQ,2017-08-08,2023-05-31,1
AVD,NYSE,1988-06-22,2026-06-24,0
AVDL,NASDAQ,1996-06-07,2026-02-12,1
AVDR,NASDAQ,2019-02-14,2019-11-21,1
AVDX,NASDAQ,2021-10-13,2025-10-15,1
AVEO,NASDAQ,2010-03-12,2023-01-19,1
AVEX,NYSE,2026-04-17,2026-06-24,0
AVGO,NASDAQ,2009-08-06,2026-06-24,0
AVGR,NASDAQ,2015-01-30,2026-06-24,0
AVH,NYSE,2013-11-06,2020-06-10,1
AVHI,NASDAQ,2003-05-23,2026-05-28,1
AVID,NASDAQ,1993-03-12,2023-11-07,1
AVIR,NASDAQ,2020-10-30,2026-06-24,0
AVIV,NYSE,2013-03-21,2015-04-01,1
AVL,NASDAQ,2009-01-08,2015-12-17,1
AVLN,NASDAQ,2026-04-30,2026-06-24,0
AVLR,NYSE,2018-06-15,2022-10-28,1
AVNR,NASDAQ,1990-05-08,2015-01-12,1
AVNS,NYSE,2014-10-21,2026-06-24,0
AVNT,NYSE,1999-09-13,2026-06-24,0
AVNU,NASDAQ,2016-01-04,2016-07-08,1
AVNW,NASDAQ,1991-02-07,2026-06-24,0
AVO,NASDAQ,2020-10-01,2026-06-24,0
AVOL,NYSE,2014-12-12,2016-01-19,1
AVP,NYSE,1972-06-01,2020-01-03,1
AVPT,NASDAQ,2019-11-05,2026-06-24,0
AVR,NASDAQ,2024-12-13,2026-06-24,0
AVRO,NASDAQ,2024-06-21,2024-06-21,1
AVT,NASDAQ,1973-05-03,2026-06-24,0
AVTA,NASDAQ,1998-12-15,2023-11-27,1
AVTR,NYSE,2019-05-17,2026-06-24,0
AVTX,NASDAQ,2015-11-13,2026-06-24,0
AVV,NYSE,2011-11-25,2016-11-08,1
AVX,NASDAQ,2021-07-08,2026-06-24,0
AVXL,NASDAQ,2006-08-02,2026-06-24,0
AVXS,NASDAQ,2016-02-11,2018-05-15,1
AVY,NYSE,1983-12-29,2026-06-24,0
AVYA,NYSE,2017-12-19,2023-05-01,1
AVZAQ,NASDAQ,2005-12-02,2013-10-17,1
AWBCQ,NASDAQ,2010-03-15,2013-10-08,1
AWH,NYSE,2006-07-12,2017-08-28,1
AWI,NYSE,2006-10-18,2026-06-24,0
AWK,NYSE,2008-04-23,2026-06-24,0
AWR,NYSE,1990-03-26,2026-06-24,0
AWRE,NASDAQ,1996-11-19,2026-06-24,0
AWX,AMEX,1998-06-23,2026-06-24,0
AX,NYSE,2018-10-01,2026-06-24,0
AXAR,NASDAQ,2014-10-31,2017-10-06,1
AXE,NYSE,1984-07-19,2020-06-19,1
AXG,NASDAQ,2025-10-09,2026-06-24,0
AXGN,NASDAQ,1990-03-27,2026-06-24,0
AXIA,NYSE,2008-11-19,2026-06-24,0
AXIL,AMEX,2018-12-03,2026-06-24,0
AXIN,NASDAQ,2025-08-05,2026-06-24,0
AXLA,NASDAQ,2019-05-09,2026-06-24,0
AXLL,NYSE,2013-01-25,2016-09-08,1
AXN,NYSE,2006-08-23,2017-10-16,1
AXNX,NASDAQ,2018-10-31,2024-11-15,1
AXO,NYSE,2018-10-01,2021-03-30,1
AXON,NASDAQ,2001-06-07,2026-06-24,0
AXP,NYSE,1972-06-01,2026-06-24,0
AXR,NYSE,1973-05-03,2026-06-24,0
AXS,NYSE,2003-07-01,2026-06-24,0
AXSM,NASDAQ,2015-11-19,2026-06-24,0
AXTA,NYSE,2014-11-12,2026-06-24,0
AXTI,NASDAQ,1998-05-21,2026-06-24,0
AXTU,BATS,2026-05-05,2026-06-24,0
AXTX,BATS,2026-04-24,2026-06-24,0
AXU,NYSE MKT,2006-09-08,2022-09-06,1
AY,NASDAQ,2014-06-13,2024-12-12,1
AYA,NASDAQ,2010-10-15,2017-09-18,1
AYE,NYSE,2006-12-28,2011-11-30,1
AYI,NYSE,2001-12-03,2026-06-24,0
AYLA,NASDAQ,2020-05-08,2023-01-19,1
AYN,NYSE,2002-01-29,2015-08-05,1
AYR,NYSE,2006-08-08,2020-03-27,1
AYTU,NASDAQ,2017-02-01,2026-06-24,0
AYX,NYSE,2017-03-24,2024-03-18,1
AZ,NASDAQ,2020-05-12,2026-06-24,0
AZEK,NYSE,2020-06-12,2025-07-01,1
AZI,NASDAQ,2024-08-28,2026-06-24,0
AZN,NYSE,1993-05-17,2026-06-24,0
AZO,NYSE,1991-04-02,2026-06-24,0
AZPN,NASDAQ,1994-10-26,2025-03-12,1
AZTA,NASDAQ,1995-02-02,2026-06-24,0
AZTR,AMEX,2023-06-16,2026-06-24,0
AZUL,AMEX,2026-05-12,2026-06-24,0
AZZ,NYSE,1984-09-07,2026-06-24,0
B,NYSE,1985-02-04,2026-06-24,0
BA,NYSE,1962-01-02,2026-06-24,0
BAA,NYSE,2005-03-28,2018-02-02,1
BABA,NYSE,2014-09-19,2026-06-24,0
BAC,NYSE,1986-05-29,2026-06-24,0
BACA,AMEX,2021-11-18,2026-06-24,0
BACC,NASDAQ,2025-08-05,2026-06-24,0
BACQ,NASDAQ,2024-12-02,2026-03-16,1
BAER,NASDAQ,2021-03-17,2026-06-24,0
BAFN,NASDAQ,2019-11-20,2026-06-24,0
BAGL,NASDAQ,2007-06-08,2014-11-06,1
BAGR,NASDAQ,2008-11-19,2015-11-06,1
BAH,NYSE,2010-11-18,2026-06-24,0
BAK,NYSE,1999-01-13,2026-06-24,0
BALL,NYSE,1984-09-07,2026-06-24,0
BALT,NYSE,2010-03-10,2015-07-17,1
BALY,NYSE,2019-03-29,2026-06-24,0
BAM,NYSE,2022-12-01,2026-06-24,0
BAMM,NASDAQ,1992-11-04,2015-12-09,1
BANC,NYSE,2002-10-01,2026-06-24,0
BAND,NASDAQ,2017-11-10,2026-06-24,0
BANF,NASDAQ,1990-03-26,2026-06-24,0
BANFP,NASDAQ,2004-03-16,2026-06-24,0
BANL,NASDAQ,2023-03-23,2026-06-24,0
BANR,NASDAQ,1995-11-01,2026-06-24,0
BANX,NASDAQ,2013-11-07,2026-06-24,0
BAOS,NASDAQ,2021-02-08,2026-06-24,0
BAP,NYSE,1995-10-25,2026-06-24,0
BARK,NYSE,2020-12-18,2026-06-24,0
BASE,NASDAQ,2021-07-22,2025-09-24,1
BATL,AMEX,2019-12-24,2026-06-24,0
BATRA,NASDAQ,2016-04-18,2026-06-24,0
BATRK,NASDAQ,2016-04-18,2026-06-24,0
BATS,BATS,2016-04-15,2017-03-08,1
BAX,NYSE,1981-10-27,2026-06-24,0
BAY,BATS,2026-05-06,2026-06-24,0
BAYA,NASDAQ,2023-12-29,2026-06-24,0
BAYN,NASDAQ,2000-06-15,2021-07-21,1
BB,NYSE,1999-02-04,2026-06-24,0
BBAI,NYSE,2021-12-17,2026-06-24,0
BBAR,NYSE,1993-11-24,2026-06-24,0
BBBY,NYSE,2002-05-30,2026-06-24,0
BBCP,NASDAQ,2017-08-21,2026-06-24,0
BBCQ,NASDAQ,2026-01-28,2026-06-24,0
BBD,NYSE,2001-11-23,2026-06-24,0
BBDC,NYSE,2018-08-03,2026-06-24,0
BBDO,NYSE,2012-03-13,2026-06-24,0
BBEPP,NASDAQ,2014-05-15,2016-06-01,1
BBG,NYSE,2004-12-10,2018-03-19,1
BBGI,NASDAQ,2000-02-11,2026-06-24,0
BBHL,NYSE,2025-11-17,2026-06-24,0
BBHM,NYSE,2025-11-17,2026-06-24,0
BBIGV,NASDAQ,2022-05-17,2022-06-29,1
BBIO,NASDAQ,2019-06-27,2026-06-24,0
BBL,NYSE,2003-06-25,2022-01-28,1
BBLG,NASDAQ,2016-03-31,2026-06-24,0
BBLN,NYSE,2021-04-01,2023-06-29,1
BBLUQ,NASDAQ,2016-01-04,2016-08-02,1
BBNK,NASDAQ,2003-01-27,2015-06-30,1
BBNX,NASDAQ,2025-01-30,2026-06-24,0
BBOT,NASDAQ,2025-08-12,2026-06-24,0
BBOX,NASDAQ,1992-12-17,2019-01-07,1
BBQ,NASDAQ,1996-11-04,2022-09-27,1
BBRG,NASDAQ,2010-10-21,2018-05-25,1
BBSI,NASDAQ,1993-06-14,2026-06-24,0
BBT,NYSE,2000-06-28,2026-06-24,0
BBU,NYSE,2016-06-17,2026-03-31,1
BBUC,NYSE,2022-03-07,2026-06-24,0
BBVA,NYSE,1988-12-15,2026-06-24,0
BBW,NYSE,2004-10-28,2026-06-24,0
BBWI,NYSE,1985-07-01,2026-06-24,0
BBY,NYSE,1985-04-19,2026-06-24,0
BC,NYSE,1981-12-31,2026-06-24,0
BCAB,NASDAQ,2020-12-16,2026-06-24,0
BCAL,NASDAQ,2015-12-22,2026-06-24,0
BCAR,NASDAQ,2012-03-07,2026-06-24,0
BCAT,NYSE,2020-09-25,2026-06-24,0
BCAX,NASDAQ,2024-09-13,2026-06-24,0
BCBP,NASDAQ,2003-10-15,2026-06-24,0
BCC,NYSE,2013-02-06,2026-06-24,0
BCDA,NASDAQ,2008-03-14,2026-06-24,0
BCE,NYSE,1982-11-15,2026-06-24,0
BCEM,NYSE,2026-04-09,2026-06-24,0
BCF,NYSE,2006-09-27,2014-12-10,1
BCG,NASDAQ,2024-03-27,2026-06-24,0
BCGD,NYSE,2025-12-15,2026-06-24,0
BCH,NYSE,2002-01-08,2026-06-24,0
BCHT,AMEX,2012-07-25,2026-06-24,0
BCIC,NASDAQ,2006-12-12,2026-06-24,0
BCML,NASDAQ,2004-08-09,2026-06-24,0
BCO,NYSE,1996-01-03,2026-06-24,0
BCONQ,NASDAQ,2011-11-10,2016-07-19,1
BCOR,NYSE,2025-04-30,2026-06-24,0
BCOV,NASDAQ,2012-02-17,2025-02-04,1
BCPC,NASDAQ,1986-06-03,2026-06-24,0
BCPL,NYSE,2026-01-12,2026-06-24,0
BCR,NYSE,1983-04-06,2017-12-29,1
BCRH,NYSE,2013-11-06,2020-03-30,1
BCRX,NASDAQ,1994-03-04,2026-06-24,0
BCS,NYSE,1986-09-10,2026-06-24,0
BCSA,NASDAQ,2021-12-31,2026-06-24,0
BCSB,NASDAQ,2008-05-14,2014-02-11,1
BCSF,NYSE,2018-11-15,2026-06-24,0
BCSM,NYSE,2025-12-15,2026-06-24,0
BCSS,NYSE,2025-11-20,2026-06-24,0
BCTX,NASDAQ,2010-10-28,2026-06-24,0
BCTXL,NASDAQ,2026-01-14,2026-06-24,0
BCTXZ,NASDAQ,2025-04-25,2026-06-24,0
BCYC,NASDAQ,2019-05-23,2026-06-24,0
BDBD,NASDAQ,2007-05-01,2016-01-19,1
BDC,NYSE,1993-11-24,2026-06-24,0
BDCI,NASDAQ,2025-10-16,2026-06-24,0
BDCX,NYSE,2020-06-03,2026-06-24,0
BDCY,NYSE ARCA,2019-10-25,2020-12-09,1
BDE,NASDAQ,1998-05-27,2017-08-11,1
BDL,AMEX,1984-09-07,2026-06-24,0
BDMD,NASDAQ,2024-10-01,2026-06-24,0
BDN,NYSE,1986-07-24,2026-06-24,0
BDRX,NASDAQ,2015-12-07,2026-06-24,0
BDSI,NASDAQ,2002-07-25,2022-03-22,1
BDSX,NASDAQ,2020-10-28,2026-06-24,0
BDTX,NASDAQ,2020-01-30,2026-06-24,0
BDX,NYSE,1983-04-06,2026-06-24,0
BDXA,NYSE,2017-05-11,2020-04-30,1
BDXB,NYSE,2020-05-21,2023-05-31,1
BE,NYSE,2018-07-25,2026-06-24,0
BEAG,NASDAQ,2024-12-16,2026-06-24,0
BEAM,NASDAQ,2020-02-06,2026-06-24,0
BEAT,NASDAQ,2021-11-11,2026-06-24,0
BEAV,NASDAQ,1990-04-25,2017-04-21,1
BEBE,NYSE,2026-02-06,2026-06-24,0
BECN,NASDAQ,2004-09-23,2025-04-29,1
BEDU,NYSE,2017-05-18,2025-12-15,1
BEE,NYSE,2004-07-26,2015-12-11,1
BEEM,NASDAQ,2010-04-30,2026-06-24,0
BEEP,NASDAQ,2021-05-24,2026-06-24,0
BEKE,NYSE,2020-08-13,2026-06-24,0
BEL,NYSE,2000-08-03,2019-04-17,1
BELFA,NASDAQ,1984-09-07,2026-06-24,0
BELFB,NASDAQ,1998-07-10,2026-06-24,0
BEN,NYSE,1984-09-07,2026-06-24,0
BENE,NASDAQ,2021-01-28,2022-10-31,1
BENF,NASDAQ,2023-06-07,2026-06-24,0
BEP,NYSE,2005-11-15,2026-06-24,0
BEPC,NYSE,2024-12-24,2026-06-24,0
BEPH,NYSE,2021-04-16,2026-06-24,0
BEPI,NYSE,2021-12-14,2026-06-24,0
BEPJ,NYSE,2024-03-27,2026-06-24,0
BEPW,NYSE,2020-07-24,2020-07-29,1
BERY,NYSE,2012-10-04,2025-04-29,1
BERZ,NYSE,2021-08-18,2026-06-24,0
BESS,AMEX,2011-02-22,2026-06-24,0
BEST,NYSE,2008-10-22,2026-06-24,0
BETA,NYSE,2025-11-04,2026-06-24,0
BETR,NASDAQ,2023-08-24,2026-06-24,0
BEZ,BATS,2026-02-11,2026-06-24,0
BFA,NYSE,2017-09-08,2018-10-29,1
BFAC,NYSE,2022-02-04,2024-12-16,1
BFAM,NYSE,2013-01-25,2026-06-24,0
BFC,NASDAQ,2002-01-29,2026-06-24,0
BFEW,BATS,2026-04-08,2026-06-24,0
BFH,NYSE,2001-06-15,2026-06-24,0
BFIN,NASDAQ,2005-06-28,2026-01-02,1
BFLX,NASDAQ,2026-05-20,2026-06-24,0
BFLY,NYSE,2020-07-13,2026-06-24,0
BFRA,NASDAQ,2018-02-14,2022-03-15,1
BFRG,NASDAQ,2023-02-13,2026-06-24,0
BFRI,NASDAQ,2021-10-29,2026-06-24,0
BFS,NYSE,1993-08-19,2026-06-24,0
BFST,NASDAQ,2018-04-11,2026-06-24,0
BFX,NYSE,2023-11-01,2024-03-05,1
BFXU,BATS,2026-04-08,2026-06-24,0
BFYT,NASDAQ,2013-02-08,2020-08-21,1
BG,NYSE,2001-08-02,2026-06-24,0
BGC,NASDAQ,1999-12-10,2026-06-24,0
BGCA,NYSE,2012-07-03,2018-09-04,1
BGCP,NASDAQ,1999-12-10,2023-06-30,1
BGCPV,NASDAQ,2018-11-20,2018-11-30,1
BGD,NYSE MKT,2017-01-25,2017-02-01,1
BGDE,NASDAQ,2017-11-20,2026-06-24,0
BGFV,NASDAQ,2002-09-17,2026-06-24,0
BGG,NYSE,1984-09-07,2020-07-20,1
BGI,AMEX,2005-11-15,2026-06-24,0
BGIN,NASDAQ,2025-10-21,2026-06-24,0
BGL,NASDAQ,2026-05-26,2026-06-24,0
BGLC,NASDAQ,2020-09-16,2026-06-24,0
BGM,NASDAQ,2024-08-12,2026-06-24,0
BGMS,NASDAQ,2004-05-05,2026-06-24,0
BGRY,NASDAQ,2021-02-11,2023-08-14,1
BGS,NYSE,2007-05-23,2026-06-24,0
BGSF,NYSE,2014-04-29,2026-06-24,0
BGSI,NYSE,2025-10-31,2026-06-24,0
BGSX,NYSE,2021-05-07,2023-03-16,1
BH,NYSE,1992-02-25,2026-06-24,0
BHAC,NASDAQ,2015-03-17,2026-05-28,1
BHAV,NASDAQ,2026-04-16,2026-06-24,0
BHB,AMEX,1997-09-23,2026-06-24,0
BHBK,NASDAQ,2014-07-22,2019-03-29,1
BHC,NYSE,2001-01-02,2026-06-24,0
BHE,NYSE,1990-06-28,2026-06-24,0
BHF,NASDAQ,2017-07-17,2026-06-24,0
BHFAL,NASDAQ,2018-09-14,2026-06-24,0
BHFAM,NASDAQ,2021-11-11,2026-06-24,0
BHFAN,NASDAQ,2020-11-11,2026-06-24,0
BHFAO,NASDAQ,2020-05-18,2026-06-24,0
BHFAP,NASDAQ,2019-03-18,2026-06-24,0
BHI,NYSE,1987-04-06,2017-07-05,1
BHM,AMEX,2022-09-28,2026-06-24,0
BHP,NYSE,1987-05-29,2026-06-24,0
BHR,NYSE,2013-11-06,2026-06-24,0
BHRB,NASDAQ,2001-03-15,2026-06-24,0
BHS,NYSE,2003-01-07,2011-11-30,1
BHSE,NASDAQ,2022-10-28,2022-10-28,1
BHST,NASDAQ,2019-03-08,2026-06-24,0
BHVN,NYSE,2022-09-23,2026-06-24,0
BIAF,NASDAQ,2022-09-01,2026-06-24,0
BID,NYSE,1988-05-13,2019-10-14,1
BIDU,NASDAQ,2005-08-05,2026-06-24,0
BIDZ,NASDAQ,2012-11-13,2012-11-26,1
BIIB,NASDAQ,1991-09-17,2026-06-24,0
BIIBV,NASDAQ,2017-01-23,2017-02-09,1
BIII,NYSE,2026-01-29,2026-06-24,0
BILI,NASDAQ,2018-03-28,2026-06-24,0
BILL,NYSE,2019-12-12,2026-06-24,0
BINDQ,NASDAQ,2016-01-04,2016-10-11,1
BIO,NYSE,1980-02-27,2026-06-24,0
BIOA,NASDAQ,2024-09-26,2026-06-24,0
BIOP,NASDAQ,2003-01-24,2017-10-18,1
BIOR,NASDAQ,2026-02-06,2026-06-24,0
BIOS,NASDAQ,2022-01-28,2023-10-06,1
BIOT,NASDAQ,2021-03-22,2023-02-02,1
BIOX,NASDAQ,2018-03-22,2026-06-24,0
BIP,NYSE,2008-01-10,2026-06-24,0
BIPC,NYSE,2024-12-27,2026-06-24,0
BIPH,NYSE,2021-05-26,2026-06-24,0
BIPI,NYSE,2022-01-26,2026-06-24,0
BIPJ,NYSE,2024-05-30,2026-06-24,0
BIQI,NASDAQ,2010-07-20,2019-08-08,1
BIRD,NASDAQ,2021-11-03,2026-06-24,0
BIRK,NYSE,2023-10-11,2026-06-24,0
BIRT,NASDAQ,1998-07-17,2015-01-16,1
BITA,NYSE,2010-11-18,2020-11-06,1
BITE,NYSE MKT,2021-04-06,2024-06-28,1
BITI,NASDAQ,2016-01-04,2016-06-13,1
BITW,NYSE,2020-10-15,2026-06-24,0
BIVI,NASDAQ,2014-05-05,2026-06-24,0
BIVV,NASDAQ,2017-01-12,2018-03-19,1
BIXI,NASDAQ,2025-12-17,2026-06-24,0
BIYA,NASDAQ,2025-03-21,2026-06-24,0
BJ,NYSE,2018-06-28,2026-06-24,0
BJDX,NASDAQ,2021-11-10,2026-06-24,0
BJRI,NASDAQ,1996-10-10,2026-06-24,0
BJS,NYSE,2006-12-28,2011-05-09,1
BKCC,NASDAQ,2007-06-27,2024-03-18,1
BKD,NYSE,2005-11-22,2026-06-24,0
BKDT,NYSE,2022-11-17,2025-03-28,1
BKE,NYSE,1992-05-11,2026-06-24,0
BKEPP,NASDAQ,2012-03-05,2022-09-07,1
BKFI,NYSE,2026-01-12,2026-06-24,0
BKFS,NYSE,2015-05-20,2017-09-29,1
BKH,NYSE,1984-09-07,2026-06-24,0
BKHA,NASDAQ,2024-05-13,2026-06-24,0
BKHU,NYSE,2015-11-30,2018-10-31,1
BKI,NYSE,2015-05-20,2023-09-05,1
BKJ,NYSE,2008-06-03,2019-12-31,1
BKKT,NYSE,2020-11-19,2026-06-24,0
BKLG,NYSE ARCA,2026-06-23,2026-06-24,0
BKMU,NASDAQ,2001-01-02,2018-02-01,1
BKNG,NASDAQ,1999-03-31,2026-06-24,0
BKR,NASDAQ,2017-07-05,2026-06-24,0
BKS,NYSE,1993-09-28,2019-08-19,1
BKSY,NYSE,2019-12-20,2026-06-24,0
BKTI,AMEX,1990-06-25,2026-06-24,0
BKU,NYSE,2011-01-28,2026-06-24,0
BKV,NYSE,2024-09-26,2026-06-24,0
BKW,NYSE,2012-06-20,2014-12-12,1
BKYF,NASDAQ,1999-02-25,2015-06-19,1
BL,NASDAQ,2016-10-28,2026-06-24,0
BLAC,NASDAQ,2026-05-28,2026-06-24,0
BLBD,NASDAQ,2014-03-20,2026-06-24,0
BLC,NYSE,2006-12-28,2013-12-23,1
BLCO,NYSE,2022-05-06,2026-06-24,0
BLCT,NASDAQ,2020-07-08,2022-09-08,1
BLD,NYSE,2015-07-01,2026-06-24,0
BLDE,NASDAQ,2019-11-05,2025-08-28,1
BLDP,NASDAQ,1995-11-08,2026-06-24,0
BLDR,NYSE,2005-06-28,2026-06-24,0
BLDX,NYSE,2026-02-02,2026-06-24,0
BLEU,NASDAQ,2022-01-10,2026-06-24,0
BLFS,NASDAQ,1992-05-26,2026-06-24,0
BLFY,NASDAQ,2021-07-16,2026-06-24,0
BLIN,NASDAQ,2007-06-29,2026-06-24,0
BLIV,NASDAQ,2025-04-04,2026-06-24,0
BLK,NYSE,1999-10-01,2026-06-24,0
BLKB,NASDAQ,2004-07-26,2026-06-24,0
BLLN,NASDAQ,2025-11-06,2026-06-24,0
BLMN,NASDAQ,2012-08-08,2026-06-24,0
BLMT,NASDAQ,2011-10-05,2019-03-29,1
BLND,NYSE,2021-07-16,2026-06-24,0
BLNE,NASDAQ,2018-01-04,2026-06-24,0
BLNG,NASDAQ,2021-09-20,2023-07-26,1
BLNK,NASDAQ,2018-02-13,2026-06-24,0
BLOX,NYSE,2012-04-19,2025-09-24,1
BLRK,NASDAQ,2026-02-02,2026-06-24,0
BLRX,NASDAQ,2011-07-27,2026-06-24,0
BLSA,NASDAQ,2020-10-22,2022-10-26,1
BLSH,NYSE,2025-08-13,2026-06-24,0
BLT,NYSE,1999-08-19,2016-04-20,1
BLTE,NASDAQ,2022-04-29,2026-06-24,0
BLTS,NASDAQ,2021-03-01,2022-12-20,1
BLU,NASDAQ,2008-12-29,2023-06-28,1
BLUD,NASDAQ,2001-01-02,2011-08-18,1
BLUE,NASDAQ,2013-06-19,2025-06-02,1
BLUW,NASDAQ,2021-02-09,2026-06-24,0
BLVD,NASDAQ,2014-09-25,2017-12-21,1
BLX,NYSE,1992-09-24,2026-06-24,0
BLZE,NASDAQ,2021-11-11,2026-06-24,0
BLZR,NASDAQ,2025-10-31,2026-06-24,0
BMA,NYSE,2006-03-27,2026-06-24,0
BMAC,NYSE,2021-11-12,2026-06-24,0
BMAQ,NASDAQ,2021-11-04,2023-04-24,1
BMBL,NASDAQ,2021-02-11,2026-06-24,0
BMCH,NASDAQ,2016-01-04,2021-01-04,1
BMEA,NASDAQ,2021-04-16,2026-06-24,0
BMEZ,NYSE,2020-01-29,2026-06-24,0
BMGL,NASDAQ,2025-02-25,2026-06-24,0
BMHL,NASDAQ,2025-07-11,2026-06-24,0
BMI,NYSE,1984-09-07,2026-06-24,0
BMLP,NASDAQ,2016-12-21,2021-03-24,1
BMM,NASDAQ,2026-01-26,2026-06-24,0
BMN,NYSE,2022-10-27,2026-06-24,0
BMNR,NYSE,2025-06-05,2026-06-24,0
BMNZ,NYSE,2025-11-13,2026-06-24,0
BMO,NYSE,1994-10-27,2026-06-24,0
BMR,NASDAQ,2023-02-28,2026-06-24,0
BMRA,NASDAQ,2005-01-03,2026-06-24,0
BMRC,NASDAQ,1999-12-23,2026-06-24,0
BMRN,NASDAQ,1999-07-26,2026-06-24,0
BMS,NYSE,1984-09-07,2019-06-28,1
BMTC,NASDAQ,1985-08-08,2021-12-31,1
BMTX,AMEX,2018-09-21,2026-06-24,0
BMY,NYSE,1972-06-01,2026-06-24,0
BMYR,NYSE,2019-11-21,2020-06-30,1
BMYRT,NYSE,2019-11-21,2021-01-04,1
BN,NYSE,1983-12-30,2026-06-24,0
BNAI,NASDAQ,2024-03-14,2026-06-24,0
BNBX,NASDAQ,2003-07-15,2026-06-24,0
BNC,NASDAQ,2013-11-08,2026-06-24,0
BNCL,NASDAQ,2007-07-16,2019-02-28,1
BNCWZ,NASDAQ,2026-04-15,2026-06-24,0
BNED,NYSE,2015-08-03,2026-06-24,0
BNFT,NASDAQ,2013-09-18,2023-01-24,1
BNGO,NASDAQ,2018-09-21,2026-06-24,0
BNH,NYSE,2022-12-12,2026-06-24,0
BNJ,NYSE,2020-11-27,2026-06-24,0
BNK,NYSE,2014-08-13,2016-07-29,1
BNKK,NASDAQ,2020-10-30,2026-06-24,0
BNL,NYSE,2021-03-22,2026-06-24,0
BNNR,NASDAQ,2021-10-29,2023-05-12,1
BNNX,NYSE,2007-11-27,2013-07-15,1
BNNY,NYSE,2012-03-28,2014-10-20,1
BNOX,NASDAQ,2021-12-16,2026-06-24,0
BNR,NASDAQ,2020-06-12,2026-06-24,0
BNRG,NASDAQ,2022-05-25,2026-06-24,0
BNS,NYSE,1999-09-13,2026-06-24,0
BNT,NYSE,2021-06-28,2026-06-24,0
BNTC,NASDAQ,2015-08-18,2026-06-24,0
BNTX,NASDAQ,2019-10-10,2026-06-24,0
BNV,NYSE,2001-01-02,2009-11-19,1
BNY,NYSE,1973-05-03,2026-06-24,0
BNZI,NASDAQ,2021-02-12,2026-06-24,0
BOAC,NYSE,2020-12-18,2023-10-30,1
BOAS,NYSE,2021-04-06,2022-10-28,1
BOBE,NASDAQ,1984-09-05,2018-01-16,1
BOBS,NYSE,2026-02-05,2026-06-24,0
BOC,NYSE,2017-06-16,2026-06-24,0
BOCA,NYSE,2016-01-04,2016-03-21,1
BOCH,NASDAQ,1999-11-03,2021-09-30,1
BOCN,NASDAQ,2022-02-22,2026-06-24,0
BODI,NASDAQ,2024-03-04,2026-06-24,0
BODY,NASDAQ,2010-10-15,2016-09-22,1
BOF,NASDAQ,2023-06-16,2026-06-24,0
BOFI,NASDAQ,2005-03-15,2018-09-28,1
BOFIL,NASDAQ,2016-03-04,2018-09-28,1
BOH,NYSE,1984-09-07,2026-06-24,0
BOJA,NASDAQ,2015-05-08,2019-01-28,1
BOKF,NASDAQ,1991-09-05,2026-06-24,0
BOKFL,NASDAQ,2016-06-28,2021-08-20,1
BOLD,NASDAQ,2024-03-28,2026-06-24,0
BOLT,NASDAQ,2021-02-05,2026-06-24,0
BON,NASDAQ,2025-02-27,2026-06-24,0
BONA,NASDAQ,2010-12-08,2016-04-11,1
BOOM,NASDAQ,1989-01-05,2026-06-24,0
BOOT,NYSE,2014-10-30,2026-06-24,0
BORL,NASDAQ,1990-01-02,2009-08-12,1
BORR,NYSE,2018-05-22,2026-06-24,0
BOSC,NASDAQ,1996-04-02,2026-06-24,0
BOT,NASDAQ,2026-05-11,2026-06-24,0
BOTJ,NASDAQ,2000-08-10,2026-06-24,0
BOW,NYSE,2024-05-23,2026-06-24,0
BOWN,NASDAQ,2023-08-17,2026-06-24,0
BOX,NYSE,2015-01-23,2026-06-24,0
BOXC,NYSE,2012-01-09,2017-06-30,1
BP,NYSE,1977-01-03,2026-06-24,0
BPAC,NASDAQ,2022-01-25,2026-06-24,0
BPFH,NASDAQ,1994-02-14,2021-06-30,1
BPFHP,NASDAQ,2013-04-19,2018-06-14,1
BPL,NYSE,1986-12-17,2019-11-27,1
BPMC,NASDAQ,2015-04-30,2025-07-18,1
BPMP,NYSE,2017-10-26,2022-04-05,1
BPOP,NASDAQ,1990-03-26,2026-06-24,0
BPOPM,NASDAQ,2008-11-19,2026-06-24,0
BPOPN,NASDAQ,2004-05-05,2021-10-29,1
BPRE,NYSE,2025-12-16,2026-06-24,0
BPRN,NASDAQ,2016-07-12,2026-06-24,0
BPRO,NYSE,2026-01-22,2026-06-24,0
BPY,NASDAQ,2013-03-22,2021-11-22,1
BPYPM,NASDAQ,2021-07-27,2026-06-24,0
BPYPN,NASDAQ,2020-02-11,2026-06-24,0
BPYPO,NASDAQ,2019-08-14,2026-06-24,0
BPYPP,NASDAQ,2019-03-14,2026-06-24,0
BPYU,NASDAQ,2018-08-28,2021-07-26,1
BPYUP,NASDAQ,2018-08-29,2021-08-18,1
BPZ,NYSE,2003-10-07,2015-03-02,1
BPZRQ,NYSE,2016-01-04,2016-03-03,1
BQ,AMEX,2020-09-30,2026-06-24,0
BR,NYSE,2007-04-02,2026-06-24,0
BRAC,NASDAQ,2022-02-23,2026-06-24,0
BRAG,NASDAQ,2021-08-27,2026-06-24,0
BRAI,NASDAQ,2026-02-12,2026-06-24,0
BRBI,NASDAQ,2025-09-19,2026-06-24,0
BRBR,NYSE,2019-10-17,2026-06-24,0
BRBS,AMEX,2007-08-10,2026-06-24,0
BRC,NYSE,1984-09-07,2026-06-24,0
BRCB,NASDAQ,2025-09-12,2026-06-24,0
BRCC,NYSE,2021-05-03,2026-06-24,0
BRCD,NASDAQ,1999-05-25,2017-11-20,1
BRCE,NYSE,2025-10-22,2026-06-24,0
BRCM,NASDAQ,2016-01-04,2016-02-09,1
BRD,NYSE,2022-01-14,2023-12-11,1
BRDG,NYSE,2021-07-16,2025-08-29,1
BRDR,NASDAQ,2014-03-21,2015-06-09,1
BREW,NASDAQ,1995-08-18,2026-06-24,0
BREZ,NASDAQ,2026-06-11,2026-06-24,0
BRFH,NASDAQ,2012-03-30,2026-06-24,0
BRFS,NYSE,2001-01-02,2025-09-22,1
BRG,NYSE MKT,2014-03-28,2022-10-06,1
BRIA,AMEX,2024-11-27,2026-06-24,0
BRIB,NYSE,2026-03-19,2026-06-24,0
BRID,NASDAQ,1984-09-07,2026-06-24,0
BRIE,NYSE,2025-10-22,2026-06-24,0
BRIV,NASDAQ,2021-07-06,2023-05-04,1
BRKB,NYSE,2017-09-08,2017-09-27,1
BRKH,NASDAQ,2026-05-28,2026-06-24,0
BRKL,NASDAQ,1998-03-25,2025-09-02,1
BRKR,NASDAQ,2000-08-04,2026-06-24,0
BRKRP,NASDAQ,2025-09-09,2026-06-24,0
BRL,NYSE,2006-12-28,2008-12-22,1
BRLI,NASDAQ,2020-07-22,2023-12-22,1
BRLS,NASDAQ,2021-10-06,2026-06-24,0
BRLT,NASDAQ,2021-09-23,2026-06-24,0
BRMK,NYSE,2019-11-15,2023-05-31,1
BRN,AMEX,1984-09-07,2026-06-24,0
BRNC,NASDAQ,2005-08-16,2011-06-23,1
BRNS,NASDAQ,2021-04-30,2026-06-24,0
BRO,NYSE,1992-03-03,2026-06-24,0
BROS,NYSE,2021-09-15,2026-06-24,0
BRR,NASDAQ,2025-12-05,2026-06-24,0
BRSL,NYSE,1990-03-26,2026-06-24,0
BRSP,NYSE,2018-02-01,2026-06-24,0
BRSS,NYSE,2013-05-23,2019-08-07,1
BRSWQ,NYSE,1990-03-26,2019-10-31,1
BRT,NYSE,1973-05-03,2026-06-24,0
BRTX,NASDAQ,2013-05-14,2026-06-24,0
BRUN,NASDAQ,2026-05-08,2026-06-24,0
BRW,NYSE,2021-05-05,2026-06-24,0
BRX,NYSE,2013-10-30,2026-06-24,0
BRY,NASDAQ,2018-07-18,2025-12-18,1
BRZE,NASDAQ,2021-11-17,2026-06-24,0
BRZX,BATS,2026-06-03,2026-06-24,0
BSA,NYSE,2018-03-26,2022-01-14,1
BSAA,NASDAQ,2025-08-07,2026-06-24,0
BSAC,NYSE,1994-10-31,2026-06-24,0
BSAQ,NYSE,2021-09-07,2023-08-14,1
BSBK,NASDAQ,2020-01-16,2026-06-24,0
BSBR,NYSE,2009-10-07,2026-06-24,0
BSET,NASDAQ,1984-09-07,2026-06-24,0
BSF,NASDAQ,1996-05-06,2018-04-23,1
BSFT,NASDAQ,2010-06-16,2018-02-02,1
BSII,NASDAQ,2024-10-07,2026-06-24,0
BSIN,NASDAQ,1990-03-26,2026-06-24,0
BSKY,NASDAQ,2021-07-01,2022-12-12,1
BSM,NYSE,2015-05-01,2026-06-24,0
BSMX,NYSE,2012-09-26,2023-07-26,1
BSPE,NASDAQ,2021-02-08,2021-06-07,1
BSQR,NASDAQ,1999-10-21,2023-12-07,1
BSRR,NASDAQ,1996-05-30,2026-06-24,0
BSTZ,NYSE,2019-06-26,2026-06-24,0
BSVN,NASDAQ,2018-09-20,2026-06-24,0
BSX,NYSE,1992-05-19,2026-06-24,0
BSY,NASDAQ,2020-09-23,2026-06-24,0
BTAI,NASDAQ,2018-03-08,2026-06-24,0
BTAQ,NASDAQ,2020-10-08,2022-03-01,1
BTBD,NASDAQ,2021-11-12,2026-06-24,0
BTBT,NASDAQ,2018-03-20,2026-06-24,0
BTCK,NYSE ARCA,2026-06-04,2026-06-24,0
BTCS,NASDAQ,2014-03-05,2026-06-24,0
BTCT,NASDAQ,2020-03-31,2026-06-24,0
BTCW,BATS,2024-01-11,2026-06-24,0
BTDR,NASDAQ,2023-04-13,2026-06-24,0
BTE,NYSE,2006-04-03,2026-06-24,0
BTEK,NASDAQ,2024-08-14,2024-08-15,1
BTFG,NASDAQ,2002-05-15,2013-03-08,1
BTFL,NYSE,2025-12-30,2026-04-24,1
BTG,AMEX,2008-06-24,2026-06-24,0
BTGO,NYSE,2026-01-22,2026-06-24,0
BTH,NYSE,1994-05-18,2015-10-28,1
BTI,NYSE,1980-04-14,2026-06-24,0
BTMD,NASDAQ,2021-04-28,2026-06-24,0
BTNB,NASDAQ,2021-01-26,2022-03-17,1
BTOC,NASDAQ,2024-05-14,2026-06-24,0
BTOG,NASDAQ,2019-08-14,2026-06-24,0
BTOT,NYSE,2025-12-11,2026-06-24,0
BTQ,NASDAQ,2006-12-18,2026-06-24,0
BTRS,NASDAQ,2019-08-06,2023-01-03,1
BTSG,NASDAQ,2024-01-26,2026-06-24,0
BTTC,NASDAQ,2025-10-02,2026-06-24,0
BTTGY,NYSE,1984-12-03,2019-09-23,1
BTU,NYSE,2017-04-03,2026-06-24,0
BTUI,NASDAQ,1989-02-08,2015-02-09,1
BTWN,NASDAQ,2020-12-07,2023-10-12,1
BTX,NYSE,2021-03-26,2026-06-24,0
BTYS,BATS,2020-02-05,2020-12-11,1
BUCY,NASDAQ,2004-07-23,2011-07-18,1
BUD,NYSE,2009-07-01,2026-06-24,0
BUDA,AMEX,2026-01-08,2026-06-24,0
BUFE,BATS,2026-04-08,2026-06-24,0
BUFF,NASDAQ,2015-07-22,2018-05-04,1
BUJA,NASDAQ,2023-08-21,2025-05-08,1
BULL,NASDAQ,2025-04-10,2026-06-24,0
BULLZ,NASDAQ,2025-04-11,2026-06-24,0
BULZ,NYSE,2021-08-18,2026-06-24,0
BUR,NYSE,2015-04-01,2026-06-24,0
BURL,NYSE,2013-10-02,2026-06-24,0
BURU,AMEX,2024-06-26,2026-06-24,0
BURUD,NYSE MKT,2020-10-23,2024-08-01,1
BUSE,NASDAQ,1998-10-06,2026-06-24,0
BUSEP,NASDAQ,2025-06-04,2026-06-24,0
BUUU,NASDAQ,2025-08-14,2026-06-24,0
BV,NYSE,2018-06-28,2026-06-24,0
BVA,NASDAQ,2016-01-04,2016-09-01,1
BVC,NASDAQ,2025-12-23,2026-06-24,0
BVFL,NASDAQ,2016-01-13,2026-06-24,0
BVH,NYSE,2016-01-04,2024-01-16,1
BVN,NYSE,1996-05-15,2026-06-24,0
BVS,NASDAQ,2021-02-11,2026-06-24,0
BVSN,NASDAQ,1996-06-21,2020-05-18,1
BVX,NYSE,1999-02-22,2018-12-31,1
BW,NYSE,2015-07-01,2026-06-24,0
BWA,NYSE,1993-08-13,2026-06-24,0
BWAC,NASDAQ,2020-12-28,2023-07-31,1
BWAQ,NASDAQ,2022-03-16,2024-07-01,1
BWAY,NASDAQ,2019-04-17,2026-06-24,0
BWB,NASDAQ,2018-03-14,2026-06-24,0
BWBBP,NASDAQ,2021-08-18,2026-06-24,0
BWC,NASDAQ,2021-10-11,2023-08-11,1
BWEN,NASDAQ,2004-03-29,2026-06-24,0
BWFG,NASDAQ,2010-04-05,2026-06-24,0
BWIN,NASDAQ,2019-10-24,2026-06-24,0
BWINA,NASDAQ,1986-06-12,2018-07-31,1
BWINB,NASDAQ,1986-05-14,2018-07-31,1
BWIV,NYSE,2026-05-11,2026-06-24,0
BWLA,NYSE,2009-09-08,2018-10-29,1
BWLD,NASDAQ,2003-11-21,2018-02-05,1
BWLP,NYSE,2014-01-28,2026-06-24,0
BWMN,NASDAQ,2021-05-07,2026-06-24,0
BWMX,NYSE,2020-03-16,2026-06-24,0
BWNB,NYSE,2021-12-17,2026-06-24,0
BWOW,NYSE,2025-11-26,2026-06-24,0
BWP,NYSE,2005-11-10,2018-07-18,1
BWS,NYSE,1984-09-07,2015-05-28,1
BWSN,NYSE,2021-02-17,2025-12-05,1
BWXT,NYSE,2010-08-02,2026-06-24,0
BWY,NYSE,2007-06-13,2011-06-24,1
BX,NYSE,2007-06-22,2026-06-24,0
BXC,NYSE,2004-12-14,2026-06-24,0
BXDC,NYSE,2026-05-14,2026-06-24,0
BXE,NYSE,2005-11-07,2020-08-20,1
BXG,NYSE,2017-11-17,2021-05-05,1
BXLT,NYSE,2015-06-30,2016-06-16,1
BXMT,NYSE,1987-11-05,2026-06-24,0
BXP,NYSE,1997-06-18,2026-06-24,0
BXRX,NASDAQ,2024-02-26,2024-02-29,1
BXSL,NYSE,2021-10-28,2026-06-24,0
BY,NYSE,2017-06-30,2026-06-24,0
BYAH,NASDAQ,2024-12-27,2026-06-24,0
BYBK,NASDAQ,1994-05-31,2018-04-16,1
BYD,NYSE,1993-10-18,2026-06-24,0
BYFC,NASDAQ,1996-01-09,2026-06-24,0
BYI,NYSE,1982-01-12,2014-12-01,1
BYLK,NASDAQ,2016-01-04,2016-05-10,1
BYND,NASDAQ,2019-05-02,2026-06-24,0
BYRN,NASDAQ,2011-02-23,2026-06-24,0
BYSI,NASDAQ,2017-03-09,2026-06-24,0
BYU,NASDAQ,2018-07-11,2026-06-24,0
BZ,NASDAQ,2021-06-11,2026-06-24,0
BZAI,NASDAQ,2022-01-31,2026-06-24,0
BZC,NYSE,2005-01-21,2015-12-31,1
BZFD,NASDAQ,2021-03-05,2026-06-24,0
BZH,NYSE,1994-02-23,2026-06-24,0
BZT,NYSE,2012-07-11,2015-07-14,1
BZUN,NASDAQ,2015-05-21,2026-06-24,0
C,NYSE,1977-01-03,2026-06-24,0
CA,NASDAQ,1984-09-07,2018-11-06,1
CAA,NYSE,1987-12-30,2018-02-13,1
CAAP,NYSE,2018-02-01,2026-06-24,0
CAAS,NASDAQ,2003-10-07,2026-06-24,0
CAB,NYSE,2004-07-06,2017-09-28,1
CABA,NASDAQ,2019-10-25,2026-06-24,0
CABO,NYSE,2015-07-01,2026-06-24,0
CABR,NASDAQ,2025-11-13,2026-06-24,0
CAC,NASDAQ,1997-10-08,2026-06-24,0
CACB,NASDAQ,1994-01-21,2017-06-07,1
CACC,NASDAQ,1992-06-05,2026-06-24,0
CACI,NYSE,1984-09-07,2026-06-24,0
CACQ,NASDAQ,2013-11-19,2017-10-06,1
CADE,NYSE,1985-10-16,2026-01-30,1
CADL,NASDAQ,2021-07-27,2026-06-24,0
CAE,NYSE,1996-01-10,2026-06-24,0
CAEP,NASDAQ,2025-06-26,2026-05-15,1
CAES,NASDAQ,2026-06-17,2026-06-24,0
CAFD,NASDAQ,2015-06-19,2018-06-20,1
CAG,NYSE,1984-09-07,2026-06-24,0
CAGC,NASDAQ,2009-09-03,2013-10-17,1
CAGE,NYSE,2026-04-16,2026-06-24,0
CAH,NYSE,1987-12-31,2026-06-24,0
CAHC,NASDAQ,2021-03-19,2021-09-28,1
CAI,NASDAQ,2025-06-18,2026-06-24,0
CAII,NASDAQ,2026-06-22,2026-06-24,0
CAIIP,NYSE,2018-08-07,2021-11-22,1
CAKE,NASDAQ,1992-09-18,2026-06-24,0
CAL,NYSE,1984-09-07,2026-06-24,0
CALB,NASDAQ,2017-09-25,2024-08-01,1
CALC,NASDAQ,2020-09-25,2026-06-24,0
CALCQ,NASDAQ,1992-03-17,2012-03-09,1
CALD,NASDAQ,2003-11-20,2018-04-16,1
CALL,NASDAQ,1996-02-07,2018-11-14,1
CALM,NASDAQ,1996-12-12,2026-06-24,0
CALT,NASDAQ,2020-06-05,2026-06-24,0
CALX,NYSE,2010-03-24,2026-06-24,0
CALY,NYSE,1992-02-28,2026-06-24,0
CAM,NYSE,1995-07-05,2026-06-24,0
CAMC,BATS,2026-06-24,2026-06-24,0
CAMP,NASDAQ,2024-10-11,2026-06-24,0
CAMT,NASDAQ,2000-07-28,2026-06-24,0
CAN,NASDAQ,2019-11-20,2026-06-24,0
CANF,AMEX,2012-11-06,2026-06-24,0
CANG,NYSE,2018-07-26,2026-06-24,0
CANOQ,NYSE,2012-03-12,2026-05-28,1
CAP,NYSE,2021-01-22,2021-07-29,1
CAPEQ,NASDAQ,2006-10-02,2010-12-30,1
CAPL,NYSE,2012-10-25,2026-06-24,0
CAPN,NASDAQ,2024-10-24,2026-06-24,0
CAPR,NASDAQ,2007-02-13,2026-06-24,0
CAPS,NASDAQ,2011-07-21,2026-06-24,0
CAQ,NASDAQ,2026-05-26,2026-06-24,0
CAR,NASDAQ,1990-01-12,2026-06-24,0
CARB,NASDAQ,2011-08-11,2020-01-10,1
CARD,NYSE,2023-06-28,2026-06-24,0
CARE,NASDAQ,2012-08-27,2026-06-24,0
CARG,NASDAQ,2017-10-12,2026-06-24,0
CARL,NASDAQ,2025-07-23,2026-06-24,0
CARO,NASDAQ,2013-10-22,2020-05-01,1
CARR,NYSE,2020-03-19,2026-06-24,0
CARS,NYSE,2017-06-01,2026-06-24,0
CART,NASDAQ,2023-09-19,2026-06-24,0
CARU,NYSE,2023-06-28,2026-06-24,0
CARX,BATS,2026-06-24,2026-06-24,0
CAS,NYSE,2021-01-15,2026-06-24,0
CASC,NASDAQ,1991-11-19,2018-03-19,1
CASH,NASDAQ,1993-09-21,2026-06-24,0
CASL,NASDAQ,2017-07-25,2017-07-25,1
CASM,NASDAQ,1999-12-22,2019-04-18,1
CASS,NASDAQ,1996-01-02,2026-06-24,0
CAST,NASDAQ,2026-03-10,2026-06-24,0
CASY,NASDAQ,1983-10-20,2026-06-24,0
CAT,NYSE,1962-01-02,2026-06-24,0
CATC,NASDAQ,2017-02-01,2024-07-15,1
CATG,BATS,2016-01-04,2026-06-24,0
CATM,NASDAQ,2007-12-13,2021-06-21,1
CATO,NYSE,1987-04-23,2026-06-24,0
CATS,NASDAQ,2006-12-28,2020-07-02,1
CATX,AMEX,2005-11-10,2026-06-24,0
CATY,NASDAQ,1990-12-17,2026-06-24,0
CAVA,NYSE,2023-06-15,2026-06-24,0
CAVM,NASDAQ,2007-05-02,2018-07-09,1
CAW,NYSE,1984-09-07,2019-04-12,1
CB,NYSE,1984-09-07,2026-06-24,0
CBAN,NYSE,1998-04-02,2026-06-24,0
CBAT,NASDAQ,2002-09-25,2026-06-24,0
CBAY,NASDAQ,2014-02-03,2024-04-01,1
CBC,NASDAQ,2025-11-20,2026-06-24,0
CBCRQ,NYSE,2011-01-27,2014-02-05,1
CBCY,NASDAQ,2018-06-27,2026-06-24,0
CBDE,NASDAQ,2015-12-03,2022-08-18,1
CBEY,NASDAQ,2005-11-10,2014-07-18,1
CBF,NASDAQ,2012-09-20,2017-12-01,1
CBFV,NASDAQ,2001-06-06,2026-06-24,0
CBG,NYSE,2004-06-10,2018-03-19,1
CBI,NYSE,1997-03-27,2018-05-11,1
CBIL,BATS,2026-06-04,2026-06-24,0
CBIO,NASDAQ,2025-06-13,2026-06-24,0
CBK,NASDAQ,2025-10-02,2026-06-24,0
CBL,NYSE,2021-11-02,2026-06-24,0
CBLK,NASDAQ,2018-05-04,2019-10-08,1
CBLL,NASDAQ,2024-10-11,2026-06-24,0
CBM,NYSE,1987-09-23,2019-12-05,1
CBMX,NASDAQ,2002-12-16,2017-11-16,1
CBNA,NYSE,2024-10-04,2026-06-24,0
CBNJ,NASDAQ,2016-01-04,2016-05-10,1
CBNK,NASDAQ,2018-09-26,2026-06-24,0
CBNR,NYSE,2010-01-04,2015-12-14,1
CBO,NYSE,2013-02-04,2026-06-24,0
CBOE,BATS,2010-06-15,2026-06-24,0
CBOT,BATS,2026-05-06,2026-06-24,0
CBPO,NASDAQ,2008-01-29,2021-04-20,1
CBPX,NYSE,2014-02-05,2020-02-05,1
CBR,NYSE,1994-03-17,2017-04-10,1
CBRE,NYSE,2004-06-10,2026-06-24,0
CBRG,BATS,2022-01-04,2026-06-24,0
CBRL,NASDAQ,1984-09-07,2026-06-24,0
CBRS,NASDAQ,2026-05-14,2026-06-24,0
CBSH,NASDAQ,1984-09-07,2026-06-24,0
CBSHP,NASDAQ,2014-06-16,2020-08-31,1
CBST,NASDAQ,1996-10-25,2015-01-21,1
CBT,NYSE,1980-11-05,2026-06-24,0
CBU,NYSE,1985-11-27,2026-06-24,0
CBUS,NASDAQ,2023-06-01,2026-06-24,0
CBX,NYSE,2011-05-09,2026-06-24,0
CBZ,NYSE,1995-04-27,2026-06-24,0
CC,NYSE,2015-07-01,2026-06-24,0
CCAC,NYSE,2020-04-23,2022-02-09,1
CCAI,NASDAQ,2021-10-22,2023-08-31,1
CCAP,NASDAQ,2020-02-03,2026-06-24,0
CCAQ,NASDAQ,2025-06-12,2026-06-24,0
CCB,NASDAQ,2018-07-18,2026-06-24,0
CCBG,NASDAQ,1997-02-03,2026-06-24,0
CCC,NASDAQ,2021-08-02,2026-06-24,0
CCCC,NASDAQ,2020-10-02,2026-06-24,0
CCCM,NASDAQ,2025-06-09,2025-07-30,1
CCCR,NASDAQ,2013-08-13,2018-07-12,1
CCCX,NYSE,2025-07-07,2026-06-24,0
CCEC,NASDAQ,2024-08-26,2026-06-24,0
CCEL,AMEX,2011-02-23,2026-06-24,0
CCEP,NASDAQ,1986-11-24,2026-06-24,0
CCF,NYSE MKT,1995-10-25,2023-11-15,1
CCG,NASDAQ,2023-09-18,2026-06-24,0
CCHH,NASDAQ,2025-10-03,2026-06-24,0
CCI,NYSE,1998-08-18,2026-06-24,0
CCIA,NYSE,2023-10-27,2025-10-31,1
CCID,NYSE,2025-11-04,2026-06-24,0
CCII,NASDAQ,2025-08-22,2026-06-24,0
CCIR,NASDAQ,2024-12-03,2025-08-14,1
CCIX,NASDAQ,2024-06-21,2026-06-24,0
CCJ,NYSE,1996-03-14,2026-06-24,0
CCK,NYSE,1984-12-18,2026-06-24,0
CCL,NYSE,1989-01-05,2026-06-24,0
CCLD,NASDAQ,2014-07-23,2026-06-24,0
CCLDO,NASDAQ,2022-02-03,2026-06-24,0
CCLDP,NASDAQ,2015-11-04,2026-06-24,0
CCLP,NASDAQ,2011-06-15,2024-04-01,1
CCM,NYSE,2009-12-11,2026-06-24,0
CCMP,NASDAQ,2000-04-05,2022-09-08,1
CCN,NASDAQ,2015-04-27,2017-07-17,1
CCNE,NASDAQ,1996-05-30,2026-06-24,0
CCNEP,NASDAQ,2020-08-21,2026-06-24,0
CCO,NYSE,2005-11-14,2026-06-24,0
CCOI,NASDAQ,2002-02-05,2026-06-24,0
CCOM,NYSE,2011-02-28,2026-06-24,0
CCP,NYSE,2015-08-18,2017-08-28,1
CCPX,BATS,2026-06-03,2026-06-24,0
CCR,NYSE,2017-11-29,2020-12-31,1
CCRC,NASDAQ,2015-12-21,2021-07-06,1
CCRD,NYSE,1995-08-18,2025-10-30,1
CCRN,NASDAQ,2001-10-25,2026-06-24,0
CCRP,NYSE,2025-12-11,2026-06-24,0
CCS,NYSE,2014-06-18,2026-06-24,0
CCSC,NYSE,2016-01-04,2016-04-20,1
CCSI,NASDAQ,2021-10-08,2026-06-24,0
CCSIV,NASDAQ,2021-09-30,2021-10-07,1
CCT,NYSE,2011-06-28,2018-12-19,1
CCTG,NASDAQ,2024-09-17,2026-06-24,0
CCTS,NASDAQ,2022-01-03,2026-06-24,0
CCU,NYSE,2001-01-02,2026-06-24,0
CCV,NYSE,2021-02-05,2023-10-16,1
CCVI,NYSE,2021-04-05,2023-12-01,1
CCXI,NASDAQ,2012-02-08,2026-06-24,0
CCZ,NYSE,1999-11-24,2026-06-24,0
CD,NASDAQ,2015-04-08,2026-06-24,0
CDAQ,NASDAQ,2021-12-06,2026-06-24,0
CDE,NYSE,1990-04-12,2026-06-24,0
CDI,NYSE,1989-06-29,2017-09-28,1
CDII,NASDAQ,2004-11-02,2017-12-14,1
CDIO,NASDAQ,2022-01-14,2026-06-24,0
CDK,NASDAQ,2014-09-24,2022-09-08,1
CDLA,NASDAQ,2017-10-02,2021-11-02,1
CDLR,NYSE,2023-12-19,2026-06-24,0
CDLX,NASDAQ,2018-02-09,2026-06-24,0
CDMO,NASDAQ,2018-01-08,2025-02-05,1
CDMOP,NASDAQ,2018-01-08,2021-04-13,1
CDNA,NASDAQ,2014-07-17,2026-06-24,0
CDNG,BATS,2026-06-23,2026-06-24,0
CDNL,NASDAQ,2025-12-10,2026-06-24,0
CDNS,NASDAQ,1990-03-26,2026-06-24,0
CDOR,NYSE MKT,2001-01-02,2022-01-10,1
CDORO,NASDAQ,2016-01-04,2016-04-22,1
CDORP,NASDAQ,2016-01-06,2016-04-22,1
CDP,NYSE,1991-12-31,2026-06-24,0
CDR,NYSE,1993-02-19,2022-08-22,1
CDRE,NYSE,2021-11-04,2026-06-24,0
CDRO,NASDAQ,2021-12-01,2026-06-24,0
CDT,NASDAQ,2023-09-25,2026-06-24,0
CDTG,NASDAQ,2024-04-18,2026-06-24,0
CDTX,NASDAQ,2015-04-15,2026-01-07,1
CDW,NASDAQ,2013-06-27,2026-06-24,0
CDXS,NASDAQ,2010-04-22,2026-06-24,0
CDY,NYSE MKT,2016-01-04,2022-01-31,1
CDZI,NASDAQ,1990-03-26,2026-06-24,0
CDZIP,NASDAQ,2021-06-30,2026-06-24,0
CE,NYSE,2005-01-21,2026-06-24,0
CEAI,NYSE,2017-09-20,2018-05-30,1
CEB,NYSE,1999-02-23,2017-07-14,1
CECO,NASDAQ,1992-09-29,2026-06-24,0
CEFD,NYSE,2020-06-03,2026-06-24,0
CEG,NASDAQ,2022-02-02,2026-06-24,0
CEGVV,NASDAQ,2022-01-19,2022-02-01,1
CEGX,BATS,2010-01-15,2026-06-24,0
CELC,NASDAQ,2017-09-20,2026-06-24,0
CELG,NASDAQ,1990-03-26,2019-11-22,1
CELGZ,NASDAQ,2010-10-06,2019-11-29,1
CELH,NASDAQ,2016-01-04,2026-06-24,0
CELL,NASDAQ,2020-07-17,2023-10-02,1
CELT,BATS,2025-10-08,2026-03-24,1
CELU,NASDAQ,2019-08-08,2026-06-24,0
CELZ,NASDAQ,2015-11-06,2026-06-24,0
CEMI,NASDAQ,2004-05-05,2023-04-27,1
CEMP,NASDAQ,2012-02-06,2017-11-03,1
CENH,NASDAQ,2021-04-01,2021-09-03,1
CENN,NASDAQ,2024-02-27,2026-06-24,0
CENT,NASDAQ,1993-07-15,2026-06-24,0
CENTA,NASDAQ,2007-02-06,2026-06-24,0
CENX,NASDAQ,1996-03-29,2026-06-24,0
CEO,NYSE,2001-02-27,2026-06-24,0
CEP,NASDAQ,2024-08-13,2026-06-24,0
CEPF,NASDAQ,2025-08-21,2026-06-24,0
CEPO,NASDAQ,2025-01-07,2026-06-24,0
CEPS,NASDAQ,2026-02-05,2026-06-24,0
CEPT,NASDAQ,2025-05-02,2026-06-24,0
CEPU,NYSE,2018-02-02,2026-06-24,0
CEPV,NASDAQ,2025-11-04,2026-06-24,0
CEQP,NYSE,2001-07-26,2023-11-03,1
CERCZ,NASDAQ,2015-11-16,2017-04-20,1
CERE,NASDAQ,2020-10-28,2024-08-01,1
CERN,NASDAQ,1990-03-26,2022-09-08,1
CERS,NASDAQ,1997-01-31,2026-06-24,0
CERT,NASDAQ,2020-12-11,2026-06-24,0
CERU,NASDAQ,2014-04-10,2017-07-20,1
CETC,NASDAQ,2001-01-02,2017-10-16,1
CETH,BATS,2016-02-09,2026-06-24,0
CETU,NASDAQ,2023-03-24,2024-07-31,1
CETV,NASDAQ,1994-10-14,2020-10-13,1
CETX,NASDAQ,2015-06-25,2026-06-24,0
CETY,NASDAQ,2013-02-07,2026-06-24,0
CEVA,NASDAQ,2002-11-01,2026-06-24,0
CF,NYSE,2005-08-11,2026-06-24,0
CFB,NASDAQ,2019-08-15,2026-06-24,0
CFBI,NASDAQ,2017-04-28,2021-01-20,1
CFBK,NASDAQ,1998-12-30,2026-06-24,0
CFCB,NASDAQ,2015-10-30,2017-06-19,1
CFCO,NASDAQ,2013-09-17,2017-11-30,1
CFFA,NASDAQ,2019-02-05,2020-11-17,1
CFFE,NASDAQ,2021-05-05,2023-11-29,1
CFFI,NASDAQ,1998-05-07,2026-06-24,0
CFFN,NASDAQ,1999-04-01,2026-06-24,0
CFFS,NASDAQ,2022-02-11,2026-06-24,0
CFG,NYSE,2014-09-24,2026-06-24,0
CFI,NYSE,1990-03-26,2017-07-12,1
CFIV,NASDAQ,2021-02-16,2023-12-07,1
CFL,NYSE,2008-11-03,2010-05-12,1
CFLT,NASDAQ,2021-06-24,2026-03-17,1
CFMS,NASDAQ,2015-07-01,2023-09-05,1
CFN,NYSE,2009-08-21,2015-03-17,1
CFND,NYSE,2025-08-07,2026-06-24,0
CFNL,NASDAQ,1998-07-17,2017-05-01,1
CFR,NYSE,1990-03-26,2026-06-24,0
CFRXZ,NASDAQ,2014-09-24,2015-10-28,1
CFSB,NASDAQ,2022-01-13,2025-11-03,1
CFSG,NASDAQ,2006-09-15,2011-11-21,1
CG,NASDAQ,2012-05-03,2026-06-24,0
CGABL,NASDAQ,2021-05-19,2026-06-24,0
CGAU,NYSE,2016-01-04,2026-06-24,0
CGBD,NASDAQ,2017-06-14,2026-06-24,0
CGBDL,NASDAQ,2023-11-22,2026-06-24,0
CGC,NASDAQ,2014-04-07,2026-06-24,0
CGEM,NASDAQ,2021-01-08,2026-06-24,0
CGEN,NASDAQ,2000-08-11,2026-06-24,0
CGG,NYSE,1997-05-07,2018-10-01,1
CGI,NYSE,1994-01-21,2018-04-03,1
CGNT,NASDAQ,2021-02-02,2026-06-24,0
CGNX,NASDAQ,1989-10-09,2026-06-24,0
CGON,NASDAQ,2024-01-25,2026-06-24,0
CGOV,BATS,2026-06-04,2026-06-24,0
CGRB,NASDAQ,2007-02-08,2009-07-24,1
CGTL,NASDAQ,2024-11-26,2026-06-24,0
CGTX,NASDAQ,2021-10-08,2026-06-24,0
CGX,NYSE,2006-12-28,2014-01-31,1
CHA,NASDAQ,2025-04-17,2026-06-24,0
CHAA,AMEX,2021-04-05,2026-06-24,0
CHAC,NASDAQ,2025-05-19,2026-03-27,1
CHAI,NASDAQ,2017-09-22,2026-06-24,0
CHAP,NYSE,2017-05-19,2020-10-14,1
CHAR,NASDAQ,2024-11-26,2026-06-24,0
CHBT,NASDAQ,2011-07-05,2013-11-12,1
CHC,NYSE,2010-01-25,2014-07-09,1
CHCI,NASDAQ,2004-12-14,2026-06-24,0
CHCO,NASDAQ,1993-02-19,2026-06-24,0
CHCT,NYSE,2015-05-21,2026-06-24,0
CHD,NYSE,1986-03-06,2026-06-24,0
CHDN,NASDAQ,1993-03-29,2026-06-24,0
CHDX,NASDAQ,1994-08-19,2014-10-07,1
CHE,NYSE,1973-05-03,2026-06-24,0
CHEA,NASDAQ,2022-06-27,2024-02-15,1
CHEB,NYSE MKT,2024-07-30,2025-08-07,1
CHEC,NASDAQ,2025-11-11,2026-06-24,0
CHEF,NASDAQ,2011-07-28,2026-06-24,0
CHEK,NASDAQ,2015-03-04,2025-11-26,1
CHEKZ,NASDAQ,2018-05-04,2023-05-01,1
CHEV,NASDAQ,2016-01-04,2016-05-31,1
CHFN,NASDAQ,2002-08-02,2018-08-31,1
CHFW,NYSE MKT,2021-01-11,2021-08-11,1
CHG,NYSE,2011-07-07,2022-11-04,1
CHGG,NYSE,2013-11-13,2026-06-24,0
CHH,NYSE,1996-10-16,2026-06-24,0
CHIC,NASDAQ,1999-10-20,2024-02-23,1
CHK,NASDAQ,1993-02-16,2024-10-04,1
CHKAQ,NYSE,2021-03-17,2021-05-17,1
CHKP,NASDAQ,1996-06-28,2026-06-24,0
CHL,NYSE,1997-10-22,2026-06-24,0
CHLN,NASDAQ,2005-11-17,2016-02-26,1
CHMA,NASDAQ,2015-07-16,2021-09-15,1
CHMG,NASDAQ,1999-01-04,2026-06-24,0
CHMI,NYSE,2013-10-04,2026-06-24,0
CHMT,NYSE,2010-10-25,2017-07-17,1
CHNG,NASDAQ,2019-06-27,2022-10-03,1
CHNGV,NASDAQ,2020-03-06,2020-03-12,1
CHNL,BATS,2026-04-01,2026-06-24,0
CHNR,NASDAQ,1995-08-07,2026-06-24,0
CHNU,BATS,2026-04-01,2026-06-24,0
CHOP,NASDAQ,2007-04-17,2015-11-24,1
CHOW,AMEX,2025-09-16,2026-06-24,0
CHPG,NASDAQ,2025-06-20,2026-06-24,0
CHPM,NASDAQ,2020-01-10,2022-05-25,1
CHPT,NYSE,2019-09-16,2026-06-24,0
CHQGF,NYSE,2009-03-17,2009-10-06,1
CHR,NASDAQ,2024-09-10,2026-06-24,0
CHRD,NASDAQ,2020-11-20,2026-06-24,0
CHRM,NASDAQ,2010-05-05,2014-10-02,1
CHRN,NASDAQ,2014-01-16,2026-06-24,0
CHRS,NASDAQ,2014-11-06,2026-06-24,0
CHRW,NASDAQ,1997-10-16,2026-06-24,0
CHS,NYSE,1993-03-24,2024-01-05,1
CHSCL,NASDAQ,2015-01-15,2026-06-24,0
CHSCM,NASDAQ,2014-09-16,2026-06-24,0
CHSCN,NASDAQ,2014-03-06,2026-06-24,0
CHSCO,NASDAQ,2013-09-23,2026-06-24,0
CHSCP,NASDAQ,2003-03-24,2026-06-24,0
CHSI,NASDAQ,2008-10-03,2012-07-19,1
CHSN,NASDAQ,2023-03-30,2026-06-24,0
CHSP,NYSE,2010-01-26,2019-09-26,1
CHT,NYSE,2003-10-09,2026-06-24,0
CHTP,NASDAQ,2005-11-10,2014-07-01,1
CHTR,NASDAQ,2010-01-05,2026-06-24,0
CHTT,NASDAQ,1992-11-06,2010-03-29,1
CHU,NYSE,2000-06-21,2026-06-24,0
CHUBA,NASDAQ,2016-07-22,2018-05-21,1
CHUBK,NASDAQ,2016-07-22,2018-05-21,1
CHUX,NASDAQ,2008-09-10,2013-05-17,1
CHUY,NASDAQ,2012-07-24,2024-10-11,1
CHWA,NASDAQ,2021-09-27,2022-08-09,1
CHWY,NYSE,2019-06-14,2026-06-24,0
CHX,NASDAQ,2018-04-27,2025-07-16,1
CHYG,BATS,2026-06-04,2026-06-24,0
CHYM,NASDAQ,2025-06-12,2026-06-24,0
CHYR,NASDAQ,2001-05-25,2015-03-17,1
CI,NYSE,1982-03-31,2026-06-24,0
CIA,NYSE,1988-12-05,2026-06-24,0
CIB,NYSE,1995-07-26,2026-06-24,0
CICB,NYSE,2024-10-09,2026-06-24,0
CICC,NYSE,2026-02-12,2026-06-24,0
CIE,NYSE,2009-12-16,2017-12-14,1
CIEG,BATS,2026-05-12,2026-06-24,0
CIEN,NYSE,1997-02-07,2026-06-24,0
CIFC,NASDAQ,2016-01-04,2016-11-22,1
CIFR,NASDAQ,2020-12-07,2026-06-24,0
CIG,NYSE,1996-11-18,2026-06-24,0
CIGI,NASDAQ,1995-01-20,2026-06-24,0
CIH,NASDAQ,2019-06-12,2023-04-17,1
CIIC,NASDAQ,2020-02-03,2021-03-24,1
CIIG,NASDAQ,2021-11-05,2023-04-28,1
CIIT,NASDAQ,2001-01-02,2026-06-24,0
CIM,NYSE,2007-11-16,2026-06-24,0
CIMN,NYSE,2024-05-28,2026-06-24,0
CIMO,NYSE,2024-08-22,2026-06-24,0
CIMP,NYSE,2025-09-18,2026-06-24,0
CINC,NASDAQ,2022-01-07,2023-02-24,1
CINF,NASDAQ,1990-03-26,2026-06-24,0
CING,NASDAQ,2021-12-08,2026-06-24,0
CINT,NYSE,2021-11-10,2026-06-24,0
CIO,NYSE,2014-04-15,2026-01-08,1
CION,NYSE,2021-10-05,2026-06-24,0
CIR,NYSE,1999-10-18,2023-10-18,1
CIS,NYSE,2010-07-21,2014-03-28,1
CISN,NYSE,2017-05-22,2020-02-03,1
CISO,NASDAQ,2020-06-26,2026-06-24,0
CISS,NASDAQ,2023-06-22,2026-06-24,0
CISSV,NASDAQ,2023-06-14,2023-06-21,1
CIT,NYSE,2009-12-10,2022-01-03,1
CITE,NASDAQ,2022-02-25,2026-06-24,0
CITP,NASDAQ,2004-10-05,2010-04-22,1
CITR,AMEX,2025-12-04,2026-06-24,0
CIVB,NASDAQ,2001-01-02,2026-06-24,0
CIVBP,NASDAQ,2014-02-03,2019-12-19,1
CIVG,BATS,2026-06-04,2026-06-24,0
CIVI,NYSE,2011-12-15,2026-01-29,1
CIX,AMEX,1998-03-06,2026-06-24,0
CIXX,NYSE,2020-11-02,2022-12-30,1
CJ,NYSE,2017-01-12,2019-10-30,1
CJES,NYSE,2011-07-29,2016-07-20,1
CJMB,NASDAQ,2025-02-05,2026-06-24,0
CJUN,BATS,2026-06-02,2026-06-24,0
CKEC,NASDAQ,2016-01-04,2016-12-29,1
CKH,NYSE,2018-01-29,2021-04-15,1
CKNN,NYSE,1996-04-01,2009-09-28,1
CKP,NYSE,1986-11-12,2016-05-23,1
CKPT,NASDAQ,2016-12-19,2025-05-30,1
CKR,NYSE,2001-01-02,2011-07-20,1
CKSW,NASDAQ,2000-06-22,2015-07-21,1
CKX,AMEX,1999-07-13,2026-06-24,0
CKXE,NASDAQ,2011-06-21,2011-07-08,1
CL,NYSE,1977-01-03,2026-06-24,0
CLA,NYSE,2014-06-18,2017-06-23,1
CLAA,NYSE,2021-04-30,2023-03-10,1
CLAC,NASDAQ,2013-07-03,2017-07-11,1
CLAR,NASDAQ,1998-05-27,2026-06-24,0
CLAS,NYSE,2021-03-08,2022-12-29,1
CLAY,NASDAQ,2021-08-13,2023-12-21,1
CLB,NYSE,1995-09-21,2026-06-24,0
CLBH,NASDAQ,2001-01-02,2017-03-13,1
CLBK,NASDAQ,2018-04-20,2026-06-24,0
CLBR,NYSE,2024-01-11,2026-06-24,0
CLBT,NASDAQ,2021-08-31,2026-06-24,0
CLC,NYSE,1990-03-26,2017-07-10,1
CLCD,NASDAQ,2015-05-06,2017-03-02,1
CLCO,NYSE,2023-03-17,2026-01-12,1
CLCT,NASDAQ,1999-11-05,2021-02-08,1
CLDA,NASDAQ,2001-01-02,2011-05-02,1
CLDB,NASDAQ,2001-01-02,2021-11-01,1
CLDI,AMEX,2021-11-01,2026-06-24,0
CLDR,NYSE,2017-04-28,2021-10-11,1
CLDT,NYSE,2010-04-16,2026-06-24,0
CLDX,NASDAQ,1990-03-26,2026-06-24,0
CLF,NYSE,1987-11-05,2026-06-24,0
CLFC,NASDAQ,2001-01-02,2011-12-12,1
CLFD,NASDAQ,1986-08-07,2026-06-24,0
CLGN,NASDAQ,2018-01-30,2026-06-24,0
CLGX,NYSE,1990-03-23,2021-06-08,1
CLH,NYSE,1990-03-26,2026-06-24,0
CLIK,NASDAQ,2024-10-09,2026-06-24,0
CLIR,NASDAQ,2012-04-25,2026-06-24,0
CLLS,NASDAQ,2015-03-25,2026-06-24,0
CLMB,NASDAQ,1995-07-18,2026-06-24,0
CLMS,NASDAQ,2004-10-28,2017-02-22,1
CLMT,NASDAQ,2024-07-11,2026-06-24,0
CLNE,NASDAQ,2007-05-25,2026-06-24,0
CLNN,NASDAQ,2020-12-31,2026-06-24,0
CLNS,NYSE,2014-06-27,2018-06-22,1
CLNT,NASDAQ,2007-12-27,2018-01-05,1
CLOV,NASDAQ,2020-06-12,2026-06-24,0
CLP,NYSE,1994-02-02,2013-10-17,1
CLPR,NYSE,2017-02-10,2026-06-24,0
CLPS,NASDAQ,2018-05-24,2026-06-24,0
CLPT,NASDAQ,2016-08-08,2026-06-24,0
CLRB,NASDAQ,2005-11-10,2026-06-24,0
CLRBZ,NASDAQ,2016-04-20,2021-04-16,1
CLRM,NASDAQ,2021-03-23,2022-12-29,1
CLRO,NASDAQ,1995-08-18,2026-06-24,0
CLS,NYSE,1998-06-30,2026-06-24,0
CLSK,NASDAQ,2016-01-29,2026-06-24,0
CLSP,NYSE,2008-10-22,2013-10-17,1
CLST,NASDAQ,2021-10-13,2026-06-24,0
CLSZ,BATS,2026-02-19,2026-06-24,0
CLTX,NASDAQ,2014-01-07,2015-09-18,1
CLUB,NYSE,2006-06-02,2026-06-24,0
CLV,NYSE,2013-02-19,2016-02-08,1
CLVS,NASDAQ,2023-01-03,2023-01-03,1
CLVT,NYSE,2018-10-29,2026-06-24,0
CLW,NYSE,2008-12-05,2026-06-24,0
CLWR,NASDAQ,2007-03-08,2013-10-17,1
CLWT,NASDAQ,1997-03-14,2026-06-24,0
CLX,NYSE,1983-03-21,2026-06-24,0
CLXT,NASDAQ,2017-07-20,2023-05-31,1
CLYM,NASDAQ,2021-08-10,2026-06-24,0
CLZR,NASDAQ,2001-01-02,2010-01-22,1
CM,NYSE,1997-11-13,2026-06-24,0
CMA,NYSE,1990-03-26,2026-01-30,1
CMAG,BATS,2026-05-06,2026-06-24,0
CMAX,NASDAQ,2020-09-21,2024-11-27,1
CMAY,BATS,2026-05-01,2026-06-24,0
CMBT,NYSE,2015-01-23,2026-06-24,0
CMC,NYSE,1987-11-05,2026-06-24,0
CMCL,AMEX,2017-06-29,2026-06-24,0
CMCM,NYSE,2014-05-08,2026-06-24,0
CMCO,NASDAQ,1996-02-28,2026-06-24,0
CMCSA,NASDAQ,1988-07-07,2026-06-24,0
CMCSK,NASDAQ,1990-03-26,2015-12-21,1
CMCSV,NASDAQ,2025-12-15,2026-06-24,0
CMCT,NASDAQ,1995-08-18,2026-06-24,0
CMCTP,NASDAQ,2018-09-18,2023-01-27,1
CMD,NYSE,1993-02-19,2021-06-02,1
CMDB,NYSE,2025-05-07,2026-06-24,0
CME,NASDAQ,2002-12-06,2026-06-24,0
CMFNL,NASDAQ,2018-07-13,2021-04-23,1
CMG,NYSE,2006-01-26,2026-06-24,0
CMGE,NASDAQ,2012-09-26,2015-08-18,1
CMI,NYSE,1984-12-18,2026-06-24,0
CMII,NASDAQ,2026-05-28,2026-06-24,0
CML,NYSE,2011-02-10,2011-11-30,1
CMLP,NYSE,2011-12-16,2015-10-08,1
CMLSQ,NASDAQ,2017-12-01,2026-03-20,1
CMLT,NASDAQ,2021-06-03,2021-12-17,1
CMMB,NASDAQ,2019-02-12,2026-06-24,0
CMND,NASDAQ,2021-08-16,2026-06-24,0
CMO,NYSE,1987-11-05,2021-10-18,1
CMOS,NASDAQ,1993-10-28,2009-09-29,1
CMP,NYSE,2003-12-12,2026-06-24,0
CMPI,NASDAQ,2020-08-07,2022-05-31,1
CMPOV,NASDAQ,2025-02-20,2026-06-24,0
CMPR,NASDAQ,2005-09-30,2026-06-24,0
CMPS,NASDAQ,2020-09-18,2026-06-24,0
CMPX,NASDAQ,2021-04-05,2026-06-24,0
CMRC,NASDAQ,2025-08-01,2026-06-24,0
CMRE,NYSE,2010-11-04,2026-06-24,0
CMRO,NASDAQ,1976-10-15,2019-08-22,1
CMRX,NASDAQ,2013-04-11,2026-06-24,0
CMS,NYSE,1984-12-31,2026-06-24,0
CMSA,NYSE,2018-03-12,2026-06-24,0
CMSB,NASDAQ,2007-04-04,2015-05-06,1
CMSC,NYSE,2018-10-01,2026-06-24,0
CMSD,NYSE,2019-02-21,2026-06-24,0
CMT,AMEX,1988-09-16,2026-06-24,0
CMTA,NASDAQ,2017-08-02,2019-04-17,1
CMTG,NYSE,2021-11-03,2026-06-24,0
CMTL,NASDAQ,1992-02-18,2026-06-24,0
CMTV,NASDAQ,2001-01-02,2026-06-24,0
CMVT,NASDAQ,2013-02-04,2013-02-21,1
CNA,NYSE,1985-07-11,2026-06-24,0
CNBC,NASDAQ,1996-05-30,2014-07-08,1
CNBKA,NASDAQ,1990-03-27,2021-11-12,1
CNC,NYSE,2001-12-13,2026-06-24,0
CNCE,NASDAQ,2014-02-13,2023-03-06,1
CNCK,NASDAQ,2024-12-10,2026-06-24,0
CNCO,NYSE,2010-04-05,2017-06-16,1
CND,NYSE,2021-01-28,2022-12-19,1
CNDO,NASDAQ,2011-11-17,2015-04-27,1
CNDT,NASDAQ,2017-01-03,2026-06-24,0
CNDWS,NYSE,2021-01-28,2023-02-16,1
CNEP,NYSE,2012-06-21,2013-10-17,1
CNET,NASDAQ,2009-08-14,2026-06-24,0
CNEY,NASDAQ,2021-02-05,2026-06-24,0
CNF,NYSE,2018-11-13,2026-06-24,0
CNFRL,NASDAQ,2018-10-31,2023-09-29,1
CNGL,NYSE,2024-07-30,2026-05-28,1
CNH,NYSE,2013-09-30,2026-06-24,0
CNI,NYSE,1996-11-26,2026-06-24,0
CNIT,NASDAQ,2006-09-12,2018-06-04,1
CNK,NYSE,2007-04-24,2026-06-24,0
CNL,AMEX,2021-07-15,2026-06-24,0
CNM,NYSE,2021-07-22,2026-06-24,0
CNMD,NYSE,1990-03-26,2026-06-24,0
CNNB,NASDAQ,2017-06-13,2023-11-01,1
CNNE,NYSE,2017-11-20,2026-06-24,0
CNNX,NYSE,2014-09-25,2018-01-03,1
CNO,NYSE,2003-09-10,2026-06-24,0
CNOB,NASDAQ,1996-05-30,2026-06-24,0
CNOBP,NASDAQ,2021-08-13,2026-06-24,0
CNP,NYSE,1970-01-02,2026-06-24,0
CNQ,NYSE,2000-07-31,2026-06-24,0
CNQR,NASDAQ,1998-12-16,2014-12-04,1
CNR,NYSE,2017-11-14,2026-06-24,0
CNS,NYSE,2004-08-16,2026-06-24,0
CNSI,NASDAQ,2012-10-24,2015-09-08,1
CNSL,NASDAQ,2005-07-22,2024-12-27,1
CNSP,NASDAQ,2019-11-08,2026-06-24,0
CNST,NASDAQ,2018-07-19,2021-07-15,1
CNTA,NASDAQ,2021-05-28,2026-06-24,0
CNTB,NASDAQ,2025-09-03,2026-06-24,0
CNTF,NASDAQ,2005-05-06,2023-11-01,1
CNTN,NASDAQ,2022-01-12,2026-06-24,0
CNTQ,NASDAQ,2021-08-24,2022-10-10,1
CNTX,NASDAQ,2021-10-20,2026-06-24,0
CNTY,NASDAQ,1993-11-10,2026-06-24,0
CNU,NYSE,2010-11-01,2011-10-04,1
CNV,NASDAQ,2014-11-20,2017-07-10,1
CNVR,NASDAQ,2000-03-31,2014-12-10,1
CNVS,NASDAQ,2003-11-10,2026-06-24,0
CNVY,NYSE,2021-06-16,2022-10-28,1
CNW,NYSE,1980-01-02,2015-10-30,1
CNX,NYSE,1999-04-30,2026-06-24,0
CNXC,NASDAQ,2020-11-24,2026-06-24,0
CNXCV,NASDAQ,2020-11-24,2020-11-30,1
CNXM,NYSE,2018-01-04,2020-09-29,1
CNXN,NASDAQ,1998-03-03,2026-06-24,0
CNXR,NASDAQ,2014-12-12,2018-04-27,1
CNXU,NASDAQ,2026-05-21,2026-06-24,0
CNYD,NASDAQ,2016-01-04,2016-07-11,1
COAG,NASDAQ,2026-05-01,2026-06-24,0
COB,NASDAQ,2016-01-04,2016-11-02,1
COBK,NASDAQ,2005-06-30,2015-03-31,1
COBR,NASDAQ,1975-06-30,2014-10-08,1
COBZ,NASDAQ,1998-06-18,2018-09-28,1
COCH,NASDAQ,2021-04-29,2026-06-24,0
COCO,NASDAQ,2021-10-21,2026-06-24,0
COCP,NASDAQ,2011-05-19,2026-06-24,0
CODA,NASDAQ,2003-10-17,2026-06-24,0
CODE,NYSE,2010-05-18,2015-03-12,1
CODI,NYSE,2006-05-18,2026-06-24,0
CODX,NASDAQ,2017-07-12,2026-06-24,0
COE,AMEX,2016-06-10,2026-06-24,0
COF,NYSE,1994-11-16,2026-06-24,0
COFS,NASDAQ,2001-12-31,2026-06-24,0
COGT,NASDAQ,2018-03-29,2026-06-24,0
COH,NYSE,2000-10-06,2017-10-30,1
COHH,BATS,2026-05-12,2026-06-24,0
COHN,AMEX,2004-05-06,2026-06-24,0
COHR,NYSE,1990-03-26,2026-06-24,0
COHU,NASDAQ,1986-11-12,2026-06-24,0
COHX,BATS,2026-02-19,2026-06-24,0
COIA,NYSE,2025-09-10,2026-06-24,0
COIN,NASDAQ,2021-04-14,2026-06-24,0
COKE,NASDAQ,1990-03-26,2026-06-24,0
COL,NYSE,2001-06-15,2018-11-26,1
COLA,NASDAQ,2025-03-17,2026-06-24,0
COLB,NASDAQ,1992-06-16,2026-06-24,0
COLD,NYSE,2018-01-19,2026-06-24,0
COLE,NYSE,2013-06-20,2014-02-07,1
COLI,NASDAQ,2021-04-16,2022-12-20,1
COLL,NASDAQ,2015-05-07,2026-06-24,0
COLM,NASDAQ,1998-03-27,2026-06-24,0
COMP,NYSE,2021-04-01,2026-06-24,0
CON,NYSE,2024-07-25,2026-06-24,0
CONE,NASDAQ,2013-01-18,2022-03-25,1
CONN,NASDAQ,2026-02-06,2026-06-24,0
COO,NASDAQ,1983-12-30,2026-06-24,0
COOK,NYSE,2021-07-29,2026-06-24,0
COOL,NASDAQ,2021-02-19,2026-06-24,0
COOP,NASDAQ,2012-03-28,2025-10-01,1
COOT,NASDAQ,2024-03-21,2026-06-24,0
COP,NYSE,1981-12-31,2026-06-24,0
COR,NYSE,1995-04-04,2026-06-24,0
CORE,NASDAQ,2005-04-13,2021-09-01,1
CORI,NASDAQ,2014-04-03,2018-11-27,1
CORS,NYSE,2021-08-24,2023-07-06,1
CORSQ,NASDAQ,1991-05-07,2012-11-05,1
CORT,NASDAQ,2004-04-14,2026-06-24,0
CORV,NASDAQ,2003-07-17,2020-05-27,1
CORX,BATS,2014-03-12,2026-06-24,0
CORZ,NASDAQ,2024-01-24,2026-06-24,0
CORZZ,NASDAQ,2024-01-24,2026-06-24,0
COSI,NASDAQ,2002-11-22,2016-10-07,1
COSM,NASDAQ,2012-10-11,2026-06-24,0
COSO,NYSE,2017-09-07,2026-06-24,0
COST,NASDAQ,1986-07-09,2026-06-24,0
COTV,NYSE,2016-05-26,2018-08-27,1
COTY,NYSE,2013-06-13,2026-06-24,0
COUP,NASDAQ,2016-10-06,2023-02-28,1
COUR,NYSE,2021-03-31,2026-06-24,0
COV,NYSE,2007-06-14,2015-02-03,1
COVA,NASDAQ,2021-03-31,2022-12-20,1
COVS,NASDAQ,2013-09-26,2017-07-27,1
COWN,NASDAQ,2006-07-13,2023-03-01,1
COWNL,NASDAQ,2018-06-13,2023-03-01,1
COWNZ,NASDAQ,2017-12-15,2021-04-22,1
COYA,NASDAQ,2022-12-29,2026-06-24,0
CP,NYSE,1983-12-30,2026-06-24,0
CPA,NYSE,2005-12-15,2026-06-24,0
CPAA,NASDAQ,2021-09-30,2023-08-11,1
CPAC,NYSE,2012-02-22,2026-06-24,0
CPAH,NASDAQ,2004-04-07,2021-02-26,1
CPAQ,NASDAQ,2022-04-05,2023-02-24,1
CPAR,NASDAQ,2021-07-15,2023-01-31,1
CPAY,NYSE,2010-12-15,2026-06-24,0
CPB,NASDAQ,1985-07-01,2026-06-24,0
CPBI,NASDAQ,2023-10-20,2026-06-24,0
CPE,NYSE,1990-03-26,2024-04-11,1
CPF,NYSE,1990-03-26,2026-06-24,0
CPGI,NASDAQ,2010-12-10,2015-09-15,1
CPGX,NYSE,2015-07-01,2016-07-01,1
CPHC,NASDAQ,2008-09-08,2026-06-24,0
CPHD,NASDAQ,2000-06-22,2016-11-08,1
CPHI,AMEX,2002-04-17,2026-06-24,0
CPHR,NASDAQ,2006-02-02,2017-08-28,1
CPIX,NASDAQ,2009-08-11,2026-06-24,0
CPK,NYSE,1990-03-26,2026-06-24,0
CPL,NYSE,2004-09-29,2020-02-05,1
CPLA,NASDAQ,2006-11-10,2018-08-01,1
CPLG,NYSE,2018-05-31,2022-03-03,1
CPLP,NASDAQ,2007-03-30,2024-08-23,1
CPN,NYSE,2008-01-10,2026-06-24,0
CPNG,NYSE,2021-03-11,2026-06-24,0
CPNX,BATS,2026-04-24,2026-06-24,0
CPOP,NASDAQ,2021-06-30,2026-06-24,0
CPPL,NYSE,2015-02-06,2017-07-10,1
CPRI,NYSE,2011-12-15,2026-06-24,0
CPRT,NASDAQ,1994-03-17,2026-06-24,0
CPRX,NASDAQ,2006-11-08,2026-06-24,0
CPRY,NYSE,2025-01-02,2026-06-24,0
CPS,NYSE,2010-05-27,2026-06-24,0
CPSH,NASDAQ,1997-05-09,2026-06-24,0
CPSL,NASDAQ,2014-05-27,2018-05-15,1
CPSR,NYSE,2020-08-24,2026-06-24,0
CPSS,NASDAQ,1993-02-22,2026-06-24,0
CPT,NYSE,1993-07-22,2026-06-24,0
CPTAG,NASDAQ,2017-06-02,2022-06-21,1
CPTAL,NASDAQ,2017-05-23,2022-06-21,1
CPTK,NYSE,2021-04-01,2024-02-20,1
CPTN,NASDAQ,2022-02-11,2025-01-07,1
CPUH,NYSE,2021-03-29,2023-08-01,1
CPV,NYSE,2001-01-02,2013-03-04,1
CPXX,NASDAQ,2016-01-04,2016-07-13,1
CPZ,NASDAQ,2019-11-26,2026-06-24,0
CQB,NYSE,1986-08-01,2015-01-13,1
CQH,NYSE,2013-12-13,2018-12-18,1
CQP,NYSE,2007-03-21,2026-06-24,0
CQTM,BATS,2026-05-06,2026-06-24,0
CR,NYSE,2023-03-29,2026-06-24,0
CRA,NASDAQ,1993-07-01,2011-05-27,1
CRAC,NASDAQ,2025-12-09,2026-06-24,0
CRAI,NASDAQ,1998-04-24,2026-06-24,0
CRAN,NASDAQ,2026-01-12,2026-06-24,0
CRAQ,NASDAQ,2025-06-23,2026-06-24,0
CRAY,NASDAQ,1995-09-27,2019-09-25,1
CRBC,NASDAQ,2006-12-28,2013-04-12,1
CRBD,NYSE,2024-12-06,2026-06-24,0
CRBG,NYSE,2022-09-15,2026-06-24,0
CRBP,NASDAQ,2014-11-11,2026-06-24,0
CRBU,NASDAQ,2021-07-23,2026-06-24,0
CRC,NYSE,2020-10-28,2026-06-24,0
CRCA,NYSE,2025-08-07,2026-06-24,0
CRCL,NYSE,2025-06-04,2026-06-24,0
CRCM,NYSE,2014-01-24,2020-02-10,1
CRCO,NYSE,2017-10-02,2026-06-24,0
CRCT,NASDAQ,2021-03-25,2026-06-24,0
CRDA,NYSE,2001-08-16,2018-11-05,1
CRDD,BATS,2026-04-01,2026-06-24,0
CRDF,NASDAQ,2004-07-27,2026-06-24,0
CRDL,NASDAQ,2019-01-15,2026-06-24,0
CRDO,NASDAQ,2022-01-27,2026-06-24,0
CRDS,NASDAQ,1999-10-21,2017-08-28,1
CRDX,BATS,2026-04-01,2026-06-24,0
CRE,NASDAQ,2025-07-23,2026-06-24,0
CREG,NASDAQ,2004-11-24,2026-06-24,0
CRESY,NASDAQ,1997-03-19,2026-06-24,0
CREV,NASDAQ,2023-11-03,2026-06-24,0
CREX,NASDAQ,2013-05-31,2026-06-24,0
CRGEQ,NASDAQ,2017-10-05,2024-05-06,1
CRGO,NASDAQ,2021-11-17,2026-06-24,0
CRGX,NASDAQ,2023-11-10,2025-08-19,1
CRGY,NYSE,2021-12-08,2026-06-24,0
CRH,NYSE,1993-02-19,2026-06-24,0
CRHCF,NYSE,2007-07-17,2023-09-22,1
CRHM,NYSE MKT,2015-09-03,2021-04-22,1
CRI,NYSE,2003-10-24,2026-06-24,0
CRIS,NASDAQ,2000-08-01,2026-06-24,0
CRK,NYSE,1990-03-26,2026-06-24,0
CRL,NYSE,2000-06-23,2026-06-24,0
CRM,NYSE,2004-06-23,2026-06-24,0
CRMD,NASDAQ,2010-05-13,2026-06-24,0
CRME,NASDAQ,2003-07-15,2018-05-16,1
CRML,NASDAQ,2024-02-27,2026-06-24,0
CRMT,NASDAQ,1993-11-09,2026-06-24,0
CRN,NYSE,1990-01-02,2011-08-22,1
CRNC,NASDAQ,2019-09-16,2026-06-24,0
CRNT,NASDAQ,2000-08-04,2026-06-24,0
CRNX,NASDAQ,2018-07-18,2026-06-24,0
CRON,NASDAQ,2016-07-12,2026-06-24,0
CROX,NASDAQ,2006-02-08,2026-06-24,0
CRR,NYSE,1996-04-23,2019-12-20,1
CRRC,NASDAQ,1990-03-27,2015-06-05,1
CRRS,NASDAQ,2016-01-04,2021-02-24,1
CRS,NYSE,1987-11-05,2026-06-24,0
CRSP,NASDAQ,2016-10-19,2026-06-24,0
CRSR,NASDAQ,2020-09-23,2026-06-24,0
CRT,NYSE,1992-02-28,2026-06-24,0
CRTO,NASDAQ,2013-10-30,2026-06-24,0
CRU,NYSE,2021-02-25,2022-11-30,1
CRUC,BATS,2026-06-24,2026-06-24,0
CRUS,NASDAQ,1990-03-26,2026-06-24,0
CRUX,NYSE,2026-03-16,2026-06-24,0
CRV,NYSE,1992-03-17,2015-08-19,1
CRVL,NASDAQ,1991-06-28,2026-06-24,0
CRVO,NASDAQ,2016-01-04,2026-06-24,0
CRVP,NYSE,1994-01-14,2018-03-26,1
CRVS,NASDAQ,2016-03-23,2026-06-24,0
CRWD,NASDAQ,2019-06-12,2026-06-24,0
CRWN,NASDAQ,2000-05-05,2016-05-03,1
CRWS,NASDAQ,2003-10-07,2026-06-24,0
CRWV,NASDAQ,2025-03-28,2026-06-24,0
CRXP,NYSE,2025-12-11,2026-06-24,0
CRY,NASDAQ,2026-04-28,2026-06-24,0
CRZN,NASDAQ,2021-06-10,2023-03-24,1
CRZO,NASDAQ,1997-08-06,2019-12-20,1
CS,NYSE,1995-05-16,2023-06-13,1
CSAI,NASDAQ,2025-01-30,2026-06-24,0
CSAN,NYSE,2021-03-08,2026-06-24,0
CSBK,NASDAQ,2004-05-11,2018-04-02,1
CSBR,NASDAQ,2007-02-02,2026-06-24,0
CSC,NYSE,2001-01-02,2017-04-10,1
CSCD,NASDAQ,2016-01-04,2016-07-05,1
CSCI,NASDAQ,2000-05-10,2026-06-24,0
CSCO,NASDAQ,1990-03-26,2026-06-24,0
CSE,NYSE,2003-08-07,2014-04-07,1
CSFL,NASDAQ,2001-01-30,2020-06-05,1
CSGP,NASDAQ,1998-07-01,2026-06-24,0
CSGS,NASDAQ,1996-02-28,2026-05-14,1
CSH,NYSE,2016-01-04,2016-09-09,1
CSHR,NASDAQ,2026-04-01,2026-06-24,0
CSII,NASDAQ,2006-06-28,2023-05-11,1
CSIO,NYSE,2025-12-10,2026-06-24,0
CSIQ,NASDAQ,2006-11-09,2026-06-24,0
CSKI,NASDAQ,2012-03-08,2014-08-12,1
CSL,NYSE,1987-11-05,2026-06-24,0
CSLM,NASDAQ,2022-03-07,2026-06-24,0
CSLMF,NASDAQ,2025-01-21,2025-10-22,1
CSLT,NYSE,2014-03-14,2022-02-17,1
CSNR,NYSE,2025-02-05,2026-06-24,0
CSOD,NASDAQ,2011-03-17,2021-10-15,1
CSPI,NASDAQ,1990-03-27,2026-06-24,0
CSPR,NYSE,2020-02-06,2022-01-24,1
CSR,NYSE,1997-10-17,2026-06-24,0
CSRA,NYSE,2015-11-30,2018-04-04,1
CSRE,NYSE,2011-09-12,2026-06-24,0
CSS,NYSE,1992-03-17,2020-03-03,1
CSSD,NYSE,2025-12-10,2026-06-24,0
CST,NYSE,2013-04-17,2017-06-28,1
CSTA,NYSE,2024-01-12,2024-01-12,1
CSTE,NASDAQ,2012-03-22,2026-06-24,0
CSTL,NASDAQ,2019-07-25,2026-06-24,0
CSTM,NYSE,2013-05-23,2026-06-24,0
CSTR,NASDAQ,2016-09-22,2024-04-12,1
CSV,NYSE,1996-08-09,2026-06-24,0
CSW,NYSE,2015-10-01,2026-06-24,0
CSWC,NASDAQ,1990-03-27,2026-06-24,0
CSWCL,NASDAQ,2017-12-18,2021-01-20,1
CSWI,NYSE,2026-02-06,2026-06-24,0
CSX,NASDAQ,1980-11-03,2026-06-24,0
CTAA,NASDAQ,2016-02-01,2026-06-24,0
CTAC,NYSE,2020-12-11,2021-09-30,1
CTAQ,NASDAQ,2021-02-01,2023-02-14,1
CTAS,NASDAQ,1990-03-26,2026-06-24,0
CTBI,NASDAQ,1993-05-17,2026-06-24,0
CTCM,NASDAQ,2006-05-31,2016-05-26,1
CTCT,NASDAQ,2007-10-11,2016-02-10,1
CTEK,NYSE MKT,2017-09-08,2022-08-31,1
CTEST,NYSE,2019-07-25,2026-06-24,0
CTEV,NYSE,2020-04-03,2026-06-24,0
CTG,NASDAQ,1988-01-05,2023-12-13,1
CTGG,NYSE,2026-06-17,2026-06-24,0
CTGO,AMEX,2011-01-10,2026-06-24,0
CTHH,NYSE,2026-06-17,2026-06-24,0
CTIC,NASDAQ,1997-03-21,2023-06-26,1
CTJN,BATS,2026-06-02,2026-06-24,0
CTKB,NASDAQ,2021-07-23,2026-06-24,0
CTLP,NASDAQ,1999-06-07,2026-05-08,1
CTLT,NYSE,2014-07-31,2024-12-18,1
CTM,AMEX,2017-09-22,2026-06-24,0
CTMA,BATS,2026-05-06,2026-06-24,0
CTMX,NASDAQ,2015-10-08,2026-06-24,0
CTNM,NASDAQ,2024-04-05,2026-06-24,0
CTNT,NASDAQ,2023-08-01,2026-06-24,0
CTO,NYSE,1992-09-08,2026-06-24,0
CTOR,NASDAQ,2022-12-08,2026-06-24,0
CTOS,NYSE,2024-03-20,2026-06-24,0
CTP,NYSE,2010-12-08,2015-06-23,1
CTQ,NYSE,2011-06-07,2016-09-06,1
CTRA,NYSE,1990-02-08,2026-05-06,1
CTRE,NYSE,2014-05-29,2026-06-24,0
CTRI,NYSE,2024-04-18,2026-06-24,0
CTRL,NASDAQ,2013-08-02,2019-08-01,1
CTRM,NASDAQ,2019-02-11,2026-06-24,0
CTRMV,NASDAQ,2023-03-03,2023-03-07,1
CTRN,NASDAQ,2005-05-18,2026-06-24,0
CTRX,NASDAQ,2006-06-13,2015-07-23,1
CTS,NYSE,1987-11-05,2026-06-24,0
CTSH,NASDAQ,1998-06-19,2026-06-24,0
CTSO,NASDAQ,2013-01-02,2026-06-24,0
CTST,NASDAQ,2017-08-24,2020-04-14,1
CTT,NYSE,2013-12-12,2022-09-14,1
CTU,NYSE,2012-08-03,2018-08-31,1
CTV,NYSE,2021-12-01,2025-02-12,1
CTVA,NYSE,2019-05-24,2026-06-24,0
CTW,NASDAQ,2025-08-06,2026-06-24,0
CTWO,NYSE,2025-06-20,2026-06-24,0
CTWS,NASDAQ,1992-02-25,2019-10-09,1
CTX,NYSE,2012-04-03,2018-08-20,1
CTXR,NASDAQ,2017-07-06,2026-06-24,0
CTXS,NASDAQ,1995-12-08,2022-11-02,1
CTY,NYSE,2013-05-24,2020-12-11,1
CTZ,NYSE,2015-09-22,2020-10-23,1
CUB,NASDAQ,2024-08-09,2026-06-24,0
CUBB,NYSE,2019-12-23,2026-06-24,0
CUBE,NYSE,2004-10-22,2026-06-24,0
CUBI,NYSE,2012-02-21,2026-06-24,0
CUBN,NASDAQ,2006-11-16,2017-12-29,1
CUBS,NASDAQ,2013-08-02,2018-07-30,1
CUDA,NYSE,2013-11-06,2018-02-12,1
CUE,NASDAQ,2018-01-02,2026-06-24,0
CUK,NYSE,2000-10-23,2026-05-07,1
CUL,NYSE,2008-12-08,2011-06-06,1
CULP,NASDAQ,1990-03-26,2026-06-24,0
CUNB,NASDAQ,2005-11-10,2017-11-02,1
CUO,NYSE,1992-03-17,2020-05-19,1
CUPR,NASDAQ,2025-04-10,2026-06-24,0
CURB,NYSE,2024-09-26,2026-06-24,0
CURI,NASDAQ,2020-01-08,2026-06-24,0
CURR,NASDAQ,2024-09-03,2026-06-24,0
CURV,NYSE,2021-07-01,2026-06-24,0
CURX,NASDAQ,2025-08-26,2026-06-24,0
CUST,BATS,2026-06-04,2026-06-24,0
CUZ,NYSE,1990-03-26,2026-06-24,0
CV,NASDAQ,2025-07-02,2026-06-24,0
CVA,NYSE,1992-03-17,2021-11-30,1
CVAC,NASDAQ,2020-08-14,2026-06-24,0
CVB,NYSE,2016-01-13,2017-02-10,1
CVBF,NASDAQ,1992-03-17,2026-06-24,0
CVC,NYSE,2016-01-04,2016-06-21,1
CVCO,NASDAQ,2003-07-01,2026-06-24,0
CVD,NYSE,1996-12-17,2015-02-18,1
CVE,NYSE,2009-11-17,2026-06-24,0
CVEO,NYSE,2014-05-19,2026-06-24,0
CVET,NASDAQ,2019-02-05,2022-11-02,1
CVG,NYSE,1998-08-13,2018-12-14,1
CVGI,NASDAQ,2004-08-09,2026-06-24,0
CVGW,NASDAQ,2002-07-22,2026-05-28,1
CVH,NYSE,2006-12-28,2013-10-17,1
CVI,NYSE,2007-10-23,2026-06-24,0
CVIA,NYSE,2018-06-01,2020-06-30,1
CVII,NASDAQ,2021-04-05,2026-06-24,0
CVKD,NASDAQ,2023-01-20,2026-06-24,0
CVLG,NYSE,1994-10-28,2026-06-24,0
CVLT,NASDAQ,2006-09-22,2026-06-24,0
CVLY,NASDAQ,1997-04-25,2024-07-01,1
CVM,AMEX,1991-10-10,2026-06-24,0
CVNA,NYSE,2017-04-28,2026-06-24,0
CVNSQ,NASDAQ,2010-10-27,2015-10-01,1
CVO,NYSE,1995-09-22,2018-02-12,1
CVON,NASDAQ,2018-02-21,2019-01-04,1
CVP,AMEX,2003-12-05,2010-02-04,1
CVR,AMEX,1992-02-28,2026-06-24,0
CVRR,NYSE,2013-01-17,2019-01-30,1
CVRS,NYSE,2014-09-12,2019-11-27,1
CVRX,NASDAQ,2021-06-30,2026-06-24,0
CVS,NYSE,1984-12-17,2026-06-24,0
CVSA,NYSE,1991-06-28,2026-06-24,0
CVT,NASDAQ,2021-12-09,2023-06-15,1
CVU,AMEX,1993-02-19,2026-06-24,0
CVV,NASDAQ,1999-03-01,2026-06-24,0
CVX,NYSE,1970-01-02,2026-06-24,0
CW,NYSE,1987-11-05,2026-06-24,0
CWAN,NYSE,2021-09-24,2026-06-24,0
CWAY,NASDAQ,2014-01-15,2018-10-05,1
CWBC,NASDAQ,1999-03-08,2026-06-24,0
CWCO,NASDAQ,1995-06-01,2026-06-24,0
CWD,NASDAQ,2023-05-17,2026-06-24,0
CWEI,NYSE,1993-05-24,2017-04-25,1
CWEN,NYSE,2013-07-17,2026-06-24,0
CWENA,NYSE,2015-05-15,2020-08-31,1
CWH,NYSE,2016-10-07,2026-06-24,0
CWK,NYSE,2018-08-02,2026-06-24,0
CWST,NASDAQ,1997-10-29,2026-06-24,0
CWT,NYSE,1990-03-26,2026-06-24,0
CX,NYSE,1999-09-15,2026-06-24,0
CXAC,NYSE,2022-02-28,2023-10-23,1
CXAI,NASDAQ,2021-02-04,2026-06-24,0
CXDO,NASDAQ,2016-01-04,2026-06-24,0
CXG,NYSE,2006-01-19,2011-06-06,1
CXII,NASDAQ,2026-06-17,2026-06-24,0
CXM,NYSE,2021-06-23,2026-06-24,0
CXO,NYSE,2007-08-03,2021-01-15,1
CXP,NYSE,2013-10-10,2021-12-07,1
CXR,NYSE,2006-12-28,2009-05-29,1
CXRX,NASDAQ,2015-06-29,2018-06-07,1
CXS,NYSE,2009-09-17,2013-10-17,1
CXT,NYSE,1984-11-01,2026-06-24,0
CXW,NYSE,1997-07-15,2026-06-24,0
CY,NASDAQ,1989-04-05,2020-04-16,1
CYAB,NASDAQ,2026-03-27,2026-06-24,0
CYBE,NASDAQ,1991-11-19,2022-11-03,1
CYBR,NASDAQ,2014-09-24,2026-02-11,1
CYBX,NASDAQ,1993-02-11,2015-10-16,1
CYCC,NASDAQ,2026-02-06,2026-06-24,0
CYCCP,NASDAQ,2026-02-06,2026-06-24,0
CYCN,NASDAQ,2019-04-02,2026-06-24,0
CYCNV,NASDAQ,2019-03-18,2019-04-01,1
CYCU,NASDAQ,2025-02-18,2026-06-24,0
CYD,NYSE,1994-12-19,2026-06-24,0
CYDEQ,NASDAQ,2012-03-05,2013-03-05,1
CYH,NYSE,2000-06-09,2026-06-24,0
CYHHZ,NASDAQ,2014-09-24,2019-01-11,1
CYN,NASDAQ,2021-10-20,2026-06-24,0
CYNA,NASDAQ,2015-05-20,2016-10-21,1
CYNI,NYSE,2013-05-09,2015-08-03,1
CYNO,NASDAQ,2016-01-04,2017-03-23,1
CYOU,NASDAQ,2009-04-02,2020-04-17,1
CYPH,NASDAQ,2017-01-25,2026-06-24,0
CYPS,NASDAQ,2007-07-16,2022-09-01,1
CYRV,NYSE,2008-12-02,2011-08-08,1
CYRX,NASDAQ,2009-01-02,2026-06-24,0
CYS,NYSE,2009-06-16,2018-08-01,1
CYT,NYSE,1993-12-22,2015-12-16,1
CYTH,NASDAQ,2011-02-23,2025-03-26,1
CYTK,NASDAQ,2004-04-29,2026-06-24,0
CYTT,NASDAQ,2021-06-18,2024-03-18,1
CZFC,NASDAQ,1999-03-30,2019-07-01,1
CZFS,NASDAQ,2001-01-02,2026-06-24,0
CZNC,NASDAQ,1996-05-30,2026-06-24,0
CZOOF,NYSE,2020-12-18,2024-05-21,1
CZR,NASDAQ,2014-09-22,2026-06-24,0
CZWI,NASDAQ,2004-03-30,2026-06-24,0
CZZ,NYSE,2007-09-04,2021-03-05,1
D,NYSE,1984-10-03,2026-06-24,0
DAAQ,NASDAQ,2025-06-02,2026-06-24,0
DAC,NYSE,2006-10-16,2026-06-24,0
DADA,NASDAQ,2020-06-05,2025-06-16,1
DAEG,NASDAQ,1996-06-14,2015-11-20,1
DAIC,NASDAQ,2025-06-23,2026-06-24,0
DAIO,NASDAQ,1990-03-26,2026-06-24,0
DAKT,NASDAQ,1994-02-10,2026-06-24,0
DAL,NYSE,2007-05-03,2026-06-24,0
DALN,NASDAQ,2008-02-11,2025-09-24,1
DALS,NASDAQ,2021-07-28,2023-07-28,1
DAN,NYSE,2008-01-02,2026-06-24,0
DANG,NYSE,2010-12-07,2016-09-28,1
DAO,NYSE,2019-10-25,2026-06-24,0
DAOO,NASDAQ,2022-01-12,2022-12-21,1
DAR,NYSE,1994-09-09,2026-06-24,0
DARA,NASDAQ,1994-04-07,2015-12-04,1
DARE,NASDAQ,2014-04-10,2026-06-24,0
DASH,NASDAQ,2020-12-09,2026-06-24,0
DATA,NYSE,2013-05-17,2019-08-19,1
DATE,NASDAQ,2011-05-10,2016-05-16,1
DAVA,NYSE,2018-07-27,2026-06-24,0
DAVE,NASDAQ,2021-04-26,2026-06-24,0
DAWN,NASDAQ,2021-05-27,2026-04-23,1
DAY,NYSE,2018-04-26,2026-02-03,1
DB,NYSE,1996-11-18,2026-06-24,0
DBCA,NASDAQ,2026-02-25,2026-06-24,0
DBD,NYSE,2023-08-15,2026-06-24,0
DBGI,NASDAQ,2021-05-14,2026-06-24,0
DBI,NYSE,2005-06-29,2026-06-24,0
DBRG,NYSE,2014-06-27,2026-06-24,0
DBTX,NASDAQ,2021-02-12,2023-09-25,1
DBVT,NASDAQ,2014-10-22,2026-06-24,0
DBX,NASDAQ,2018-03-23,2026-06-24,0
DC,AMEX,2022-04-05,2026-06-24,0
DCBG,NYSE,2026-04-07,2026-06-24,0
DCBO,NASDAQ,2020-04-16,2026-06-24,0
DCGO,NASDAQ,2021-11-05,2026-06-24,0
DCH,NYSE,1999-01-29,2026-06-24,0
DCI,NYSE,1987-06-18,2026-06-24,0
DCM,NYSE,2002-03-01,2021-03-11,1
DCO,NYSE,1973-05-03,2026-06-24,0
DCOM,NYSE,1999-01-12,2026-06-24,0
DCOMG,NYSE,2024-07-02,2026-06-24,0
DCOMP,NYSE,2020-01-30,2026-06-24,0
DCOY,NASDAQ,2026-01-07,2026-06-24,0
DCP,NYSE,2005-12-06,2023-06-20,1
DCPH,NASDAQ,2017-09-28,2026-06-24,0
DCRN,NASDAQ,2022-02-15,2022-02-28,1
DCT,NASDAQ,2020-08-14,2023-03-30,1
DCTH,NASDAQ,2002-05-02,2026-06-24,0
DCUA,NYSE,2016-01-04,2016-04-01,1
DCUB,NYSE,2016-01-04,2016-07-01,1
DCUC,NYSE,2014-07-11,2017-07-03,1
DCUD,NYSE,2016-08-10,2019-08-14,1
DCX,NASDAQ,2023-06-01,2026-06-24,0
DD,NYSE,1962-01-02,2026-06-24,0
DDC,AMEX,1992-06-22,2026-06-24,0
DDD,NYSE,1990-11-05,2026-06-24,0
DDE,NYSE,2002-03-19,2019-03-28,1
DDFY,BATS,2026-05-01,2026-06-24,0
DDFZ,BATS,2026-06-01,2026-06-24,0
DDI,NASDAQ,2021-08-31,2026-06-24,0
DDL,NYSE,2021-06-29,2026-06-24,0
DDMGQ,NYSE,2012-09-11,2015-09-23,1
DDMX,NASDAQ,2021-01-27,2021-11-30,1
DDOG,NASDAQ,2019-09-19,2026-06-24,0
DDR,NYSE,1993-02-02,2018-10-11,1
DDRX,NASDAQ,2001-05-11,2010-05-28,1
DDS,NYSE,1989-06-30,2026-06-24,0
DDSSF,NASDAQ,2006-04-28,2012-10-19,1
DDT,NYSE,1998-10-14,2026-06-24,0
DDTY,BATS,2026-05-01,2026-06-24,0
DDTZ,BATS,2026-06-01,2026-06-24,0
DE,NYSE,1972-06-01,2026-06-24,0
DEA,NYSE,2015-02-06,2026-06-24,0
DEC,NYSE,2023-12-18,2026-06-24,0
DECK,NYSE,1993-10-15,2026-06-24,0
DEFT,NASDAQ,2025-05-12,2026-06-24,0
DEG,NYSE,2016-01-04,2016-08-02,1
DEI,NYSE,2006-10-25,2026-06-24,0
DEL,NYSE,1996-12-12,2018-02-21,1
DELL,NYSE,2018-12-21,2026-06-24,0
DEN,NYSE,2020-09-21,2023-11-02,1
DENN,NASDAQ,1998-01-08,2026-06-24,0
DEO,NYSE,1996-05-13,2026-06-24,0
DEP,NYSE,2007-01-31,2011-11-30,1
DEPO,NASDAQ,1997-12-03,2018-08-14,1
DERM,NASDAQ,2021-11-12,2026-06-24,0
DESP,NYSE,2017-09-20,2025-05-15,1
DEST,NASDAQ,1993-03-16,2023-02-07,1
DETX,NASDAQ,2026-03-13,2026-06-24,0
DEVS,NASDAQ,2024-11-07,2026-06-24,0
DFAL,BATS,2026-06-23,2026-06-24,0
DFDV,NASDAQ,2023-07-25,2026-06-24,0
DFFN,NASDAQ,2023-08-17,2023-08-17,1
DFH,NYSE,2021-01-21,2026-06-24,0
DFIN,NYSE,2016-10-03,2026-06-24,0
DFLI,NASDAQ,2022-10-07,2026-06-24,0
DFNS,NASDAQ,2023-12-26,2026-06-24,0
DFRG,NASDAQ,2012-07-27,2019-09-25,1
DFS,NYSE,2007-06-14,2025-05-16,1
DFSC,NASDAQ,2025-06-27,2026-06-24,0
DFT,NYSE,2007-10-19,2017-09-28,1
DFTX,NASDAQ,2022-07-11,2026-06-24,0
DFZ,NASDAQ,1992-03-16,2014-09-04,1
DG,NYSE,2009-11-13,2026-06-24,0
DGAS,NASDAQ,1990-03-26,2017-09-29,1
DGHI,NASDAQ,2021-11-15,2025-03-17,1
DGI,NYSE,2009-05-14,2017-10-19,1
DGICA,NASDAQ,2001-04-24,2026-06-24,0
DGICB,NASDAQ,1990-03-26,2026-06-24,0
DGII,NASDAQ,1990-03-26,2026-06-24,0
DGLD,NASDAQ,2020-06-30,2020-07-02,1
DGLT,NASDAQ,2016-01-04,2022-04-29,1
DGLY,NASDAQ,2007-05-16,2026-01-07,1
DGNR,NYSE,2020-10-05,2021-07-30,1
DGNS,NASDAQ,2020-11-16,2021-12-08,1
DGNU,NASDAQ,2021-03-23,2023-03-23,1
DGNX,NASDAQ,2025-01-22,2026-06-24,0
DGX,NYSE,1996-12-26,2026-06-24,0
DGXX,NASDAQ,2017-12-20,2026-06-24,0
DH,NASDAQ,2021-09-15,2026-06-24,0
DHBC,NASDAQ,2021-04-23,2022-12-09,1
DHC,NASDAQ,2000-02-23,2026-06-24,0
DHCA,NASDAQ,2021-04-28,2024-03-14,1
DHCNI,NASDAQ,2012-07-23,2026-06-24,0
DHCNL,NASDAQ,2016-02-22,2026-06-24,0
DHCPQ,NYSE,2018-02-06,2019-10-14,1
DHI,NYSE,1992-06-05,2026-06-24,0
DHIL,NASDAQ,1997-05-09,2026-04-22,1
DHR,NYSE,1987-11-05,2026-06-24,0
DHT,NYSE,2005-10-13,2026-06-24,0
DHX,NYSE,2007-07-26,2026-06-24,0
DHXM,NASDAQ,2014-10-23,2019-12-23,1
DIBS,NASDAQ,2021-06-10,2026-06-24,0
DICE,NASDAQ,2021-09-15,2023-08-14,1
DIGX,NASDAQ,2017-09-19,2018-08-28,1
DILA,NASDAQ,2021-08-05,2022-12-22,1
DIN,NYSE,1991-07-12,2026-06-24,0
DINE,NASDAQ,2001-01-02,2026-06-24,0
DINO,NYSE,1992-03-17,2026-06-24,0
DIOD,NASDAQ,1992-03-17,2026-06-24,0
DIPR,BATS,2026-05-06,2026-06-24,0
DIS,NYSE,1962-01-02,2026-06-24,0
DISA,NASDAQ,2021-05-21,2024-01-02,1
DISCA,NASDAQ,2022-04-06,2022-09-16,1
DISCB,NASDAQ,2005-11-10,2022-04-08,1
DISCK,NASDAQ,2008-09-18,2022-09-16,1
DISH,NASDAQ,1995-06-21,2024-01-09,1
DIST,NASDAQ,2023-03-30,2025-07-09,1
DIT,AMEX,1995-08-04,2026-06-24,0
DITC,NASDAQ,2006-12-28,2012-12-04,1
DIVE,NYSE,2025-09-16,2026-06-24,0
DJCO,NASDAQ,1992-02-25,2026-06-24,0
DJT,NASDAQ,2021-09-30,2026-06-24,0
DK,NYSE,2006-05-04,2026-06-24,0
DKI,NASDAQ,2025-08-08,2026-06-24,0
DKL,NYSE,2012-11-02,2026-06-24,0
DKNG,NASDAQ,2019-07-25,2026-06-24,0
DKNGZ,NASDAQ,2019-07-19,2020-07-08,1
DKS,NYSE,2002-10-16,2026-06-24,0
DKT,NYSE,2008-05-05,2019-12-27,1
DKTCL,NYSE,2008-05-05,2019-12-26,1
DL,NYSE ARCA,2008-07-30,2021-03-18,1
DLB,NYSE,2005-02-17,2026-06-24,0
DLCA,NASDAQ,2021-03-05,2023-01-13,1
DLGC,NASDAQ,2013-04-17,2014-12-02,1
DLHC,NASDAQ,1995-08-18,2026-06-24,0
DLLR,NASDAQ,2005-01-28,2014-06-13,1
DLMY,BATS,2026-05-18,2026-06-24,0
DLNG,NYSE,2013-11-13,2026-06-24,0
DLO,NASDAQ,2021-06-03,2026-06-24,0
DLPH,NYSE,2017-12-05,2020-10-02,1
DLPN,NASDAQ,2017-12-21,2026-06-24,0
DLR,NYSE,2004-10-29,2026-06-24,0
DLTH,NASDAQ,2015-11-20,2026-06-24,0
DLTR,NASDAQ,1995-03-09,2026-06-24,0
DLUX,NYSE,2026-04-01,2026-06-24,0
DLX,NYSE,1987-07-23,2026-06-24,0
DLXY,NASDAQ,2025-07-09,2026-06-24,0
DLY,NYSE,2020-02-26,2026-06-24,0
DM,NYSE,2019-05-03,2025-04-02,1
DMA,NYSE,2022-01-13,2026-06-24,0
DMAA,NASDAQ,2025-02-25,2026-06-24,0
DMAC,NASDAQ,2008-01-04,2026-06-24,0
DMII,NASDAQ,2025-12-03,2026-06-24,0
DMLP,NASDAQ,2003-02-03,2026-06-24,0
DMN,NASDAQ,2026-05-28,2026-06-24,0
DMND,NASDAQ,2005-07-20,2016-03-08,1
DMRA,NASDAQ,2020-10-29,2026-06-24,0
DMRC,NASDAQ,1999-12-02,2026-06-24,0
DMTX,NASDAQ,2015-10-22,2017-11-07,1
DMYD,NYSE,2020-10-05,2021-04-20,1
DMYS,NYSE,2021-11-22,2023-04-05,1
DNA,NYSE,2021-04-19,2026-06-24,0
DNAA,NASDAQ,2021-06-30,2022-08-19,1
DNAB,NASDAQ,2021-06-30,2023-06-30,1
DNAC,NASDAQ,2021-06-30,2022-07-11,1
DNAD,NASDAQ,2021-06-30,2023-06-30,1
DNB,NYSE,2020-07-01,2025-08-25,1
DNBF,NASDAQ,1999-01-12,2019-11-29,1
DNDN,NASDAQ,2000-06-19,2014-11-18,1
DNK,NYSE,2020-01-17,2021-09-13,1
DNKN,NASDAQ,2011-07-27,2020-12-15,1
DNLI,NASDAQ,2017-12-08,2026-06-24,0
DNMX,NASDAQ,2025-11-19,2026-06-24,0
DNN,AMEX,2005-02-09,2026-06-24,0
DNOW,NYSE,2014-05-20,2026-06-24,0
DNR,NYSE,1995-09-06,2020-07-30,1
DNTH,NASDAQ,2023-09-12,2026-06-24,0
DNUT,NASDAQ,2021-07-01,2026-06-24,0
DNZ,NYSE,2021-03-23,2023-01-27,1
DO,NYSE,2022-03-30,2024-09-04,1
DOC,NYSE,1987-11-05,2026-06-24,0
DOCK,BATS,2026-05-06,2026-06-24,0
DOCN,NYSE,2021-03-24,2026-06-24,0
DOCS,NYSE,2021-06-24,2026-06-24,0
DOCU,NASDAQ,2018-04-27,2026-06-24,0
DOGZ,NASDAQ,2017-12-19,2026-06-24,0
DOLE,NYSE,2021-07-30,2026-06-24,0
DOLNQ,NYSE,2014-03-25,2014-06-13,1
DOMA,NYSE,2021-07-29,2024-09-27,1
DOMH,NASDAQ,1984-09-07,2026-06-24,0
DOMO,NASDAQ,2018-06-29,2026-06-24,0
DOO,NASDAQ,2013-07-16,2026-06-24,0
DOOR,NYSE,2009-07-24,2024-05-15,1
DORM,NASDAQ,1991-03-12,2026-06-24,0
DOTA,NASDAQ,2017-10-12,2018-12-19,1
DOUG,NYSE,2021-12-30,2026-06-24,0
DOV,NYSE,1985-07-01,2026-06-24,0
DOVA,NASDAQ,2017-06-29,2019-11-12,1
DOVR,NASDAQ,2005-11-18,2015-07-01,1
DOW,NYSE,2019-03-20,2026-06-24,0
DOX,NASDAQ,1998-06-19,2026-06-24,0
DOYU,NASDAQ,2019-07-17,2026-06-24,0
DPCS,NASDAQ,2022-01-03,2026-06-24,0
DPL,NYSE,2001-01-02,2012-12-03,1
DPLO,NYSE,2014-10-10,2020-02-07,1
DPRE,NYSE,2026-04-15,2026-06-24,0
DPRO,NASDAQ,2019-12-04,2026-06-24,0
DPRX,NASDAQ,2014-03-13,2017-04-27,1
DPS,NYSE,2008-05-07,2018-07-09,1
DPSI,NYSE MKT,2011-04-06,2024-07-10,1
DPZ,NASDAQ,2004-07-13,2026-06-24,0
DQ,NYSE,2010-10-07,2026-06-24,0
DRAM,NASDAQ,1992-03-17,2017-07-03,1
DRC,NYSE,2005-08-05,2015-06-30,1
DRCT,NASDAQ,2022-02-11,2026-06-24,0
DRD,NYSE,1996-09-30,2026-06-24,0
DRDB,NASDAQ,2025-02-03,2026-06-24,0
DRE,NYSE,1987-11-05,2022-10-03,1
DRH,NASDAQ,2005-05-26,2026-06-24,0
DRI,NYSE,1995-05-09,2026-06-24,0
DRII,NYSE,2016-01-04,2016-09-02,1
DRIO,NASDAQ,2014-10-06,2026-06-24,0
DRJ,NYSE,1997-02-26,2012-06-18,1
DRL,NYSE,1992-02-25,2015-03-02,1
DRMA,NASDAQ,2021-08-13,2026-06-24,0
DRNA,NASDAQ,2014-01-30,2021-12-28,1
DRNL,BATS,2026-03-03,2026-06-24,0
DRRX,NASDAQ,2000-09-28,2025-09-11,1
DRS,NASDAQ,2022-11-29,2026-06-24,0
DRTS,NASDAQ,2021-03-08,2026-06-24,0
DRTX,NASDAQ,2012-07-19,2014-11-17,1
DRUA,NYSE,2016-07-25,2021-08-30,1
DRUG,NASDAQ,2021-03-22,2026-06-24,0
DRVN,NASDAQ,2021-01-15,2026-06-24,0
DRWI,NASDAQ,2008-06-24,2017-08-03,1
DRYS,NASDAQ,2005-02-03,2019-10-11,1
DSAC,NASDAQ,2026-01-29,2026-06-24,0
DSCI,NASDAQ,2001-01-02,2017-02-27,1
DSCM,NASDAQ,1999-07-28,2011-06-13,1
DSEY,NASDAQ,2021-03-24,2023-07-05,1
DSGN,NASDAQ,2021-03-26,2026-06-24,0
DSGR,NASDAQ,1990-03-26,2026-06-24,0
DSGX,NASDAQ,1999-01-27,2026-06-24,0
DSKE,NASDAQ,2015-10-12,2024-04-01,1
DSKX,NASDAQ,2010-05-20,2019-06-12,1
DSKY,NASDAQ,2016-01-04,2016-09-08,1
DSLV,NASDAQ,2020-06-30,2020-07-02,1
DSP,NASDAQ,2021-02-10,2026-06-24,0
DSPG,NASDAQ,1994-02-14,2021-12-02,1
DSS,AMEX,1997-01-03,2026-06-24,0
DSSI,NYSE,2019-03-28,2021-07-19,1
DST,NYSE,1995-11-01,2018-04-17,1
DSWL,NASDAQ,1995-07-19,2026-06-24,0
DSX,NYSE,2005-03-23,2026-06-24,0
DSXN,NYSE,2015-05-29,2018-10-26,1
DSY,NASDAQ,2026-02-20,2026-06-24,0
DT,NYSE,2019-08-01,2026-06-24,0
DTB,NYSE,2020-10-07,2026-06-24,0
DTCK,NASDAQ,2023-09-19,2026-03-25,1
DTCX,NASDAQ,2022-03-21,2026-06-24,0
DTE,NYSE,1970-01-02,2026-06-24,0
DTG,NYSE,2021-11-29,2026-06-24,0
DTI,NASDAQ,2023-06-21,2026-06-24,0
DTIL,NASDAQ,2019-03-28,2026-06-24,0
DTJ,NYSE,2016-06-01,2021-06-29,1
DTK,NYSE,2025-09-22,2026-06-24,0
DTLK,NASDAQ,2001-01-02,2017-01-09,1
DTM,NYSE,2021-07-01,2026-06-24,0
DTPI,NASDAQ,2001-01-02,2010-11-12,1
DTQ,NYSE,2012-10-03,2020-10-21,1
DTRM,NASDAQ,2015-10-19,2019-06-14,1
DTRT,NASDAQ,2021-10-26,2023-02-01,1
DTSI,NASDAQ,2003-07-10,2016-12-02,1
DTSQ,NASDAQ,2024-09-16,2026-06-24,0
DTSS,NASDAQ,2016-04-06,2026-06-24,0
DTST,NASDAQ,2010-09-20,2026-06-24,0
DTV,NYSE,2016-09-30,2019-09-30,1
DTW,NYSE,2017-11-22,2026-06-24,0
DTY,NYSE,2016-12-08,2021-12-15,1
DTZ,NYSE,2011-12-07,2016-12-06,1
DUA,NYSE,2006-11-01,2015-03-25,1
DUET,NASDAQ,2022-03-17,2026-06-24,0
DUF,NYSE,2007-09-28,2013-10-17,1
DUK,NYSE,1983-04-06,2026-06-24,0
DUKB,NYSE,2018-09-20,2026-06-24,0
DUKH,NYSE,2013-01-16,2021-10-06,1
DUKR,NASDAQ,2017-06-26,2026-06-24,0
DUO,NASDAQ,2024-09-27,2026-06-24,0
DUOL,NASDAQ,2021-07-28,2026-06-24,0
DUOT,NASDAQ,2015-04-10,2026-06-24,0
DUSG,NASDAQ,2026-05-06,2026-06-24,0
DV,NYSE,2021-04-21,2026-06-24,0
DVA,NYSE,1995-10-31,2026-06-24,0
DVAX,NASDAQ,2004-02-19,2026-02-11,1
DVCR,NASDAQ,1999-11-16,2021-11-22,1
DVD,NYSE,1996-10-04,2021-12-22,1
DVINQ,NASDAQ,2003-02-28,2010-10-01,1
DVLT,NASDAQ,2018-07-27,2026-06-24,0
DVMT,NYSE,2016-08-17,2018-12-27,1
DVN,NYSE,1992-03-17,2026-06-24,0
DVR,NYSE,2006-12-14,2014-10-29,1
DVS,AMEX,2025-04-21,2026-03-26,1
DVVY,BATS,2026-03-18,2026-06-24,0
DVXE,NASDAQ,2025-07-23,2026-06-24,0
DWA,NASDAQ,2004-10-27,2016-08-23,1
DWAC,NASDAQ,2021-09-30,2024-03-25,1
DWCH,NASDAQ,1992-05-29,2018-12-13,1
DWRE,NYSE,2016-01-04,2016-07-11,1
DWSN,NASDAQ,1990-03-26,2026-06-24,0
DWTX,NASDAQ,2020-12-17,2026-06-24,0
DX,NYSE,1989-06-30,2026-06-24,0
DXB,NYSE,2007-05-21,2020-05-22,1
DXBCL,NYSE,2007-06-21,2020-05-21,1
DXC,NYSE,2017-02-01,2026-06-24,0
DXCM,NASDAQ,2005-04-14,2026-06-24,0
DXF,AMEX,2025-01-24,2026-06-24,0
DXLG,NASDAQ,1992-02-25,2026-06-24,0
DXPE,NASDAQ,1998-05-07,2026-06-24,0
DXR,NASDAQ,1992-03-17,2026-06-24,0
DXST,NASDAQ,2025-01-22,2026-06-24,0
DXTR,NASDAQ,2006-02-03,2018-05-07,1
DXYZ,NYSE,2024-03-26,2026-06-24,0
DY,NYSE,1990-09-24,2026-06-24,0
DYAI,NASDAQ,2016-01-04,2026-06-24,0
DYAX,NASDAQ,2000-08-15,2016-01-25,1
DYCQ,NASDAQ,2024-04-12,2026-06-24,0
DYFN,NYSE,2020-06-26,2022-07-29,1
DYN,NASDAQ,2020-09-17,2026-06-24,0
DYNC,NASDAQ,2016-06-17,2026-06-24,0
DYNIQ,NYSE,2012-07-06,2012-10-01,1
DYNX,NASDAQ,2024-12-09,2025-08-26,1
DYOR,NASDAQ,2025-11-18,2026-06-24,0
E,NYSE,1995-11-28,2026-06-24,0
EA,NASDAQ,1990-03-26,2026-06-24,0
EAA,NYSE,2016-01-04,2016-08-24,1
EAB,NYSE,2012-12-18,2020-10-13,1
EAC,NASDAQ,2021-03-01,2024-03-11,1
EACQ,NASDAQ,2015-10-02,2018-11-05,1
EAE,NYSE,2013-06-06,2020-10-13,1
EAF,NYSE,2018-04-19,2026-06-24,0
EAI,NYSE,2016-08-17,2026-06-24,0
EAR,NASDAQ,2020-10-16,2024-02-26,1
EARN,NYSE,2013-05-01,2026-06-24,0
EASY,NASDAQ,2025-09-30,2026-06-24,0
EAT,NYSE,1989-07-28,2026-06-24,0
EB,NYSE,2018-09-20,2026-03-10,1
EBAC,NASDAQ,2021-05-18,2023-03-02,1
EBAY,NASDAQ,1998-09-24,2026-06-24,0
EBAYL,NASDAQ,2016-03-10,2021-02-26,1
EBAYV,NASDAQ,2015-07-06,2015-07-17,1
EBC,NASDAQ,2020-10-15,2026-06-24,0
EBF,NYSE,1987-09-24,2026-06-24,0
EBMT,NASDAQ,2000-04-06,2026-06-24,0
EBON,NASDAQ,2020-06-26,2026-06-24,0
EBRB,NYSE,2018-10-29,2018-10-29,1
EBS,NYSE,2006-11-15,2026-06-24,0
EBSB,NASDAQ,2008-01-23,2022-02-28,1
EBTC,NASDAQ,2005-02-14,2026-06-24,0
EC,NYSE,2008-09-18,2026-06-24,0
ECAC,NASDAQ,2015-11-25,2017-08-17,1
ECAT,NYSE,2021-09-28,2026-06-24,0
ECBK,NASDAQ,2022-07-28,2026-06-24,0
ECCA,NYSE,2015-05-15,2020-01-29,1
ECCC,NYSE,2021-06-11,2026-06-24,0
ECCF,NYSE,2024-01-29,2026-01-29,1
ECCU,NYSE,2024-12-19,2026-06-24,0
ECCV,NYSE,2022-01-26,2026-06-24,0
ECCW,NYSE,2021-03-29,2026-05-19,1
ECCX,NYSE,2018-04-30,2026-05-19,1
ECCY,NYSE,2017-08-09,2022-02-11,1
ECCZ,NYSE,2015-12-09,2018-06-05,1
ECG,NYSE,2024-10-28,2026-06-24,0
ECHO,NASDAQ,2009-10-02,2026-06-24,0
ECL,NYSE,1988-01-05,2026-06-24,0
ECO,NYSE,2023-08-14,2026-06-24,0
ECOL,NASDAQ,1990-03-26,2022-09-16,1
ECOM,NYSE,2013-05-23,2022-11-15,1
ECOR,NASDAQ,2018-06-22,2026-06-24,0
ECPG,NASDAQ,1999-07-09,2026-06-24,0
ECT,NYSE,2010-07-01,2020-07-30,1
ECTYQ,NASDAQ,2013-09-27,2015-04-15,1
ECVT,NYSE,2021-08-03,2026-06-24,0
ECX,NASDAQ,2022-12-20,2026-06-24,0
ECYT,NASDAQ,2011-02-04,2018-12-21,1
ED,NYSE,1970-01-02,2026-06-24,0
EDAC,NASDAQ,2007-05-31,2013-05-07,1
EDBL,NASDAQ,2022-05-05,2026-06-24,0
EDE,NYSE,2016-01-04,2017-01-09,1
EDGW,NASDAQ,1996-11-15,2018-11-01,1
EDHL,NASDAQ,2025-04-17,2026-06-24,0
EDIT,NASDAQ,2016-02-03,2026-06-24,0
EDN,NYSE,2007-04-26,2026-06-24,0
EDNC,NASDAQ,2021-11-08,2022-10-27,1
EDR,NYSE,2021-04-28,2026-06-24,0
EDRY,NASDAQ,2018-05-31,2026-06-24,0
EDS,NASDAQ,2007-12-03,2015-04-29,1
EDSA,NASDAQ,2015-11-05,2026-06-24,0
EDTK,NASDAQ,2020-07-23,2026-06-24,0
EDTX,NASDAQ,2021-01-04,2023-08-31,1
EDU,NYSE,2006-09-07,2026-06-24,0
EDUC,NASDAQ,1993-03-04,2026-06-24,0
EE,NYSE,2022-04-13,2026-06-24,0
EEFT,NASDAQ,1997-03-07,2026-06-24,0
EEI,NASDAQ,1992-03-17,2019-12-31,1
EEIQ,NASDAQ,2021-03-24,2026-06-24,0
EEP,NYSE,1991-12-20,2018-12-20,1
EEQ,NYSE,2002-10-11,2018-12-20,1
EEX,NYSE,2017-04-28,2026-06-24,0
EFC,NYSE,2010-10-08,2026-06-24,0
EFD,NYSE,2006-12-28,2007-11-13,1
EFII,NASDAQ,1992-10-02,2019-07-23,1
EFM,NYSE,2016-01-04,2016-09-23,1
EFOI,NASDAQ,2014-07-21,2026-06-24,0
EFOR,NYSE,1992-09-23,2026-06-24,0
EFS,NYSE,2017-01-25,2017-02-01,1
EFSC,NASDAQ,2003-07-15,2026-06-24,0
EFSCP,NASDAQ,2021-11-11,2026-06-24,0
EFSI,NASDAQ,2016-01-04,2026-06-24,0
EFTY,NASDAQ,2025-08-08,2026-06-24,0
EFX,NYSE,1986-03-27,2026-06-24,0
EFXT,NYSE,2011-06-13,2026-06-24,0
EG,NYSE,1995-10-03,2026-06-24,0
EGAN,NASDAQ,1999-09-23,2026-06-24,0
EGAS,NYSE,1990-03-26,2017-08-17,1
EGBN,NASDAQ,1999-07-14,2026-06-24,0
EGC,NASDAQ,2017-01-09,2018-10-19,1
EGG,AMEX,2025-06-18,2026-06-24,0
EGHA,NASDAQ,2025-06-30,2026-06-24,0
EGHT,NASDAQ,1997-07-02,2026-06-24,0
EGL,NYSE,2012-07-18,2019-01-11,1
EGLTQ,NASDAQ,2014-02-06,2019-03-01,1
EGLX,NASDAQ,2021-04-21,2022-12-30,1
EGN,NYSE,1984-07-19,2018-11-29,1
EGO,NYSE,2003-01-23,2026-06-24,0
EGOV,NASDAQ,1999-07-15,2021-04-21,1
EGP,NYSE,1992-03-17,2026-06-24,0
EGT,NASDAQ,2003-10-15,2017-06-22,1
EGY,NYSE,1993-01-29,2026-06-24,0
EH,NASDAQ,2019-12-12,2026-06-24,0
EHAB,NYSE,2022-07-01,2026-05-14,1
EHC,NYSE,2017-12-29,2026-06-24,0
EHGO,NASDAQ,2024-07-02,2026-06-24,0
EHIC,NYSE,2014-11-18,2019-04-09,1
EHLD,NASDAQ,2025-03-18,2026-06-24,0
EHLDV,NASDAQ,2025-03-07,2025-03-17,1
EHTH,NASDAQ,2006-10-20,2026-06-24,0
EIC,NYSE,2019-07-24,2026-06-24,0
EICA,NYSE,2021-10-19,2026-06-24,0
EICB,NYSE,2023-07-31,2025-12-26,1
EICC,NYSE,2024-04-11,2026-04-02,1
EIDX,NASDAQ,2018-06-20,2021-01-26,1
EIG,NYSE,2007-01-31,2026-06-24,0
EIGI,NASDAQ,2013-10-25,2021-02-10,1
EIHI,NASDAQ,2006-12-28,2013-12-31,1
EIIA,NYSE,2024-10-16,2026-06-24,0
EIKN,NASDAQ,2026-02-05,2026-06-24,0
EIX,NYSE,1980-01-02,2026-06-24,0
EJ,NYSE,2016-01-04,2016-08-22,1
EJFA,NASDAQ,2021-04-21,2022-08-26,1
EJH,NASDAQ,2021-05-14,2026-06-24,0
EL,NYSE,1995-11-17,2026-06-24,0
ELA,AMEX,1992-03-19,2026-06-24,0
ELAB,NASDAQ,2023-11-21,2026-06-24,0
ELAN,NYSE,2018-09-20,2026-06-24,0
ELAT,NYSE,2020-01-23,2023-01-31,1
ELB,NYSE,2016-01-04,2016-08-25,1
ELBM,NASDAQ,2017-03-14,2026-06-24,0
ELC,NYSE,2016-08-18,2026-06-24,0
ELDN,NASDAQ,2014-09-17,2026-06-24,0
ELE,NASDAQ,2026-05-26,2026-06-24,0
ELEC,NASDAQ,2015-09-24,2018-06-06,1
ELEV,NASDAQ,2021-06-25,2025-07-23,1
ELF,NYSE,2016-09-22,2026-06-24,0
ELGX,NASDAQ,1996-06-21,2020-08-20,1
ELJ,NYSE,2012-07-06,2020-12-18,1
ELLA,NYSE,2026-04-07,2026-06-24,0
ELLI,NYSE,2011-04-15,2019-04-17,1
ELLO,AMEX,1995-10-09,2026-06-24,0
ELMD,AMEX,2010-08-13,2026-06-24,0
ELME,NYSE,1992-03-17,2026-06-24,0
ELMT,NASDAQ,2026-04-23,2026-06-24,0
ELNK,NASDAQ,2001-01-02,2017-03-08,1
ELOG,NASDAQ,2025-08-28,2026-06-24,0
ELOS,NASDAQ,2004-08-09,2017-07-18,1
ELOX,NASDAQ,2026-06-09,2026-06-24,0
ELP,NYSE,1998-06-03,2025-12-24,1
ELPC,NYSE,2023-12-29,2026-06-24,0
ELPW,NASDAQ,2024-11-22,2026-06-24,0
ELRC,NASDAQ,2016-01-04,2016-08-11,1
ELS,NYSE,1993-02-25,2026-06-24,0
ELSE,NASDAQ,1990-04-02,2026-06-24,0
ELTK,NASDAQ,1997-01-23,2026-06-24,0
ELTX,NASDAQ,2021-02-05,2026-06-24,0
ELU,NYSE,2013-05-23,2020-12-18,1
ELUT,NASDAQ,2020-10-08,2026-06-24,0
ELV,NYSE,2001-10-30,2026-06-24,0
ELVA,NASDAQ,2016-01-08,2026-06-24,0
ELVN,NASDAQ,2020-03-12,2026-06-24,0
ELVR,NASDAQ,2025-09-02,2026-06-24,0
ELVT,NYSE,2017-04-06,2023-02-27,1
ELWT,NASDAQ,2025-11-05,2026-06-24,0
ELX,NYSE,1990-03-26,2015-05-05,1
ELXS,NASDAQ,1983-11-10,2018-06-08,1
EM,NASDAQ,2021-04-01,2026-04-30,1
EMA,NYSE,2025-05-28,2026-06-24,0
EMAN,NYSE MKT,2000-01-21,2023-10-18,1
EMAT,NASDAQ,2022-01-25,2026-06-24,0
EMBC,NASDAQ,2022-04-01,2026-06-24,0
EMBCV,NASDAQ,2022-03-22,2022-03-31,1
EMBJ,NYSE,2000-07-21,2026-06-24,0
EMBK,NASDAQ,2021-03-05,2023-08-29,1
EMCF,NASDAQ,1999-03-08,2022-12-30,1
EMCI,NASDAQ,1990-03-26,2019-09-19,1
EME,NYSE,1995-12-28,2026-06-24,0
EMFI,NYSE,2026-04-23,2026-06-24,0
EMIS,NASDAQ,2025-10-22,2026-06-24,0
EMJN,BATS,2026-06-02,2026-06-24,0
EMKR,NASDAQ,1997-03-07,2025-02-28,1
EML,NASDAQ,1992-03-17,2026-06-24,0
EMMSP,NASDAQ,2016-01-04,2016-04-11,1
EMMY,BATS,2026-05-06,2026-06-24,0
EMN,NYSE,1993-12-14,2026-06-24,0
EMON,NASDAQ,2015-04-27,2018-10-25,1
EMP,NYSE,2016-09-16,2026-06-24,0
EMPD,NASDAQ,2025-07-31,2026-06-24,0
EMPG,NASDAQ,2025-07-02,2026-06-24,0
EMQ,NYSE,2016-01-04,2016-05-23,1
EMR,NYSE,1972-06-01,2026-06-24,0
EMS,NYSE,2017-01-25,2017-02-01,1
EMUS,NASDAQ,2026-03-24,2026-03-27,1
EMX,NYSE MKT,2007-08-28,2025-11-12,1
EMXX,NYSE,2026-06-03,2026-06-24,0
EMZ,NYSE,2016-01-04,2016-09-23,1
ENA,NYSE MKT,2017-09-22,2023-02-09,1
ENB,NYSE,1990-03-27,2026-06-24,0
ENBA,NYSE,2018-04-25,2023-04-14,1
ENBL,NYSE,2014-04-11,2021-12-02,1
ENDRQ,NYSE,2016-01-04,2016-10-25,1
ENER,NASDAQ,2021-12-01,2023-12-26,1
ENERQ,NASDAQ,2012-02-24,2016-10-25,1
ENFC,NASDAQ,2014-10-01,2019-12-31,1
ENFN,NYSE,2021-10-21,2026-06-24,0
ENGN,NASDAQ,2023-11-01,2026-06-24,0
ENGS,NASDAQ,2025-04-01,2026-06-24,0
ENH,NYSE,2003-02-28,2017-04-05,1
ENHA,NYSE,2026-05-08,2026-06-24,0
ENIA,NYSE,2022-06-17,2022-06-17,1
ENIC,NYSE,2016-04-27,2026-06-24,0
ENJ,NYSE,2012-12-05,2026-06-24,0
ENL,NYSE,1994-10-07,2015-07-01,1
ENLC,NYSE,2004-01-13,2025-01-31,1
ENLK,NYSE,2003-02-25,2019-01-25,1
ENLT,NASDAQ,2023-02-10,2026-06-24,0
ENLV,NASDAQ,2014-07-31,2026-06-24,0
ENO,NYSE,2016-03-24,2026-06-24,0
ENOC,NASDAQ,2007-05-18,2017-08-08,1
ENOV,NYSE,2008-05-08,2026-06-24,0
ENP,NYSE,2007-09-12,2012-12-10,1
ENPH,NASDAQ,2012-03-30,2026-06-24,0
ENR,NYSE,2000-03-27,2026-06-24,0
ENRD,NASDAQ,2026-06-10,2026-06-24,0
ENRJ,NYSE,2007-03-23,2018-03-26,1
ENS,NYSE,2004-08-02,2026-06-24,0
ENSC,NASDAQ,2018-02-26,2026-06-24,0
ENSG,NASDAQ,2007-11-09,2026-06-24,0
ENTA,NASDAQ,2013-03-21,2026-06-24,0
ENTF,NASDAQ,2021-12-14,2023-07-21,1
ENTG,NASDAQ,2000-07-11,2026-06-24,0
ENTL,NASDAQ,2015-01-29,2026-06-24,0
ENTU,NASDAQ,1998-08-18,2009-08-13,1
ENTX,NASDAQ,2018-06-28,2026-06-24,0
ENV,NYSE,2010-07-29,2024-11-25,1
ENVA,NYSE,2014-11-13,2026-06-24,0
ENVB,NASDAQ,2015-06-24,2026-06-24,0
ENVE,NASDAQ,1995-03-29,2017-09-18,1
ENVX,NASDAQ,2021-01-05,2026-06-24,0
ENZY,NASDAQ,2013-09-27,2018-01-11,1
EOCA,NYSE,2016-04-26,2016-12-08,1
EOCW,NYSE,2021-08-19,2023-06-30,1
EOG,NYSE,1989-10-04,2026-06-24,0
EOLS,NASDAQ,2018-02-08,2026-06-24,0
EONR,AMEX,2022-04-06,2026-06-24,0
EOPN,NASDAQ,2012-07-26,2015-03-25,1
EOSE,NASDAQ,2020-06-03,2026-06-24,0
EP,AMEX,2011-02-23,2026-06-24,0
EPAC,NYSE,2000-07-24,2026-06-24,0
EPAM,NYSE,2012-02-08,2026-06-24,0
EPAY,NASDAQ,1999-02-12,2022-09-16,1
EPB,NYSE,2007-11-29,2014-12-04,1
EPC,NYSE,2000-03-27,2026-06-24,0
EPD,NYSE,1998-07-28,2026-06-24,0
EPHC,NASDAQ,2006-12-28,2013-03-27,1
EPHY,NASDAQ,2021-03-01,2023-01-12,1
EPIQ,NASDAQ,2016-01-04,2016-10-10,1
EPIX,NASDAQ,2015-07-09,2025-10-13,1
EPL,NYSE,2009-09-23,2014-06-03,1
EPM,AMEX,1997-01-13,2026-06-24,0
EPOW,NASDAQ,2024-02-22,2026-06-24,0
EPR,NYSE,1997-11-18,2026-06-24,0
EPRE,NASDAQ,2022-10-28,2022-10-28,1
EPRS,NASDAQ,2016-01-04,2016-08-11,1
EPRT,NYSE,2018-06-21,2026-06-24,0
EPRX,NASDAQ,2021-08-03,2026-06-24,0
EPSM,NASDAQ,2025-03-26,2026-06-24,0
EPSN,NASDAQ,2016-01-04,2026-06-24,0
EPWK,NASDAQ,2025-02-06,2026-06-24,0
EPWR,NYSE,2021-03-01,2022-12-13,1
EPZM,NASDAQ,2013-05-31,2022-09-08,1
EQ,NASDAQ,2018-10-12,2026-06-24,0
EQBK,NYSE,2015-11-11,2026-06-24,0
EQC,NYSE,1988-01-05,2026-06-24,0
EQCO,NYSE,2012-07-30,2018-06-05,1
EQD,NYSE,2020-11-06,2022-09-16,1
EQGP,NYSE,2015-05-12,2019-01-18,1
EQH,NYSE,2018-05-10,2026-06-24,0
EQHA,NYSE,2021-03-22,2022-12-21,1
EQIX,NASDAQ,2000-08-11,2026-06-24,0
EQM,NYSE,2012-06-27,2020-06-16,1
EQNR,NYSE,2018-05-16,2026-06-24,0
EQPT,NASDAQ,2026-01-23,2026-06-24,0
EQR,NYSE,1993-08-12,2026-06-24,0
EQRX,NASDAQ,2021-12-20,2023-11-09,1
EQS,NYSE,1992-09-11,2026-06-24,0
EQT,NYSE,1987-11-05,2026-06-24,0
EQU,NYSE,2000-04-25,2014-07-30,1
EQX,AMEX,2018-08-03,2026-06-24,0
EQY,NYSE,2016-01-04,2017-03-09,1
ERAS,NASDAQ,2021-07-16,2026-06-24,0
ERB,NYSE,2016-01-04,2016-10-10,1
ERF,NYSE,2000-11-17,2024-05-31,1
ERIC,NASDAQ,1989-09-28,2026-06-24,0
ERIE,NASDAQ,1995-10-02,2026-06-24,0
ERII,NASDAQ,2008-07-02,2026-06-24,0
ERN,NYSE,2007-06-28,2018-04-26,1
ERNA,NASDAQ,1992-10-19,2026-06-24,0
ERO,NYSE,2017-10-23,2026-06-24,0
EROC,NYSE,2026-06-10,2026-06-24,0
EROK,NYSE,2026-05-14,2026-06-24,0
ERS,NASDAQ,2003-01-02,2017-05-09,1
ES,NYSE,1984-08-29,2026-06-24,0
ESAB,NYSE,2022-03-29,2026-06-24,0
ESBA,NYSE,2013-10-02,2026-06-24,0
ESBF,NASDAQ,1995-08-18,2015-02-10,1
ESBK,NASDAQ,1993-03-04,2022-05-13,1
ESC,NYSE,1995-11-20,2014-07-30,1
ESCA,NASDAQ,1992-02-25,2026-06-24,0
ESCRP,NASDAQ,2007-07-23,2015-11-10,1
ESCRQ,NASDAQ,1995-03-27,2019-04-04,1
ESDI,NASDAQ,2016-10-18,2018-01-03,1
ESE,NYSE,1990-10-01,2026-06-24,0
ESEA,NASDAQ,2006-05-05,2026-06-24,0
ESEAV,NASDAQ,2025-03-10,2026-06-24,0
ESGR,NASDAQ,1997-05-09,2025-07-02,1
ESHA,NASDAQ,2023-07-21,2026-06-24,0
ESI,NYSE,2013-10-22,2026-06-24,0
ESIO,NASDAQ,1990-03-26,2019-02-01,1
ESL,NYSE,1973-05-03,2019-03-14,1
ESLA,NASDAQ,2021-09-14,2026-06-24,0
ESLRQ,NASDAQ,2000-11-02,2013-07-29,1
ESLT,NASDAQ,1996-11-27,2026-06-24,0
ESM,NYSE,2021-04-30,2023-03-09,1
ESMT,NYSE,2021-09-23,2024-01-25,1
ESND,NASDAQ,1990-03-26,2019-01-31,1
ESNT,NYSE,2013-10-31,2026-06-24,0
ESOA,NASDAQ,2012-11-16,2026-06-24,0
ESP,AMEX,1992-03-17,2026-06-24,0
ESPR,NASDAQ,2013-06-26,2026-06-24,0
ESQ,NASDAQ,2017-06-27,2026-06-24,0
ESRT,NYSE,2013-10-02,2026-06-24,0
ESRX,NASDAQ,1992-06-09,2018-12-20,1
ESS,NYSE,1994-06-07,2026-06-24,0
ESSA,NASDAQ,2007-04-04,2025-07-24,1
ESSX,NASDAQ,2007-03-27,2017-09-11,1
ESTA,NASDAQ,2018-07-19,2026-06-24,0
ESTC,NYSE,2018-10-05,2026-06-24,0
ESTE,NYSE,1997-01-06,2023-11-01,1
ESUS,NYSE ARCA,2021-09-15,2024-12-11,1
ESXB,NASDAQ,2006-09-06,2021-12-10,1
ESYS,NASDAQ,1993-12-01,2015-01-22,1
ET,NYSE,2006-02-03,2026-06-24,0
ETAC,NASDAQ,2020-09-18,2022-09-02,1
ETCO,NYSE,2025-09-04,2026-06-24,0
ETD,NYSE,1993-03-16,2026-06-24,0
ETE,NYSE,2006-02-03,2018-10-18,1
ETFC,NASDAQ,1996-08-16,2020-10-02,1
ETH,NYSE,2024-07-23,2026-06-24,0
ETHE,NYSE,2019-06-14,2026-06-24,0
ETHM,NASDAQ,2025-08-26,2026-04-30,1
ETN,NYSE,1972-06-01,2026-06-24,0
ETNB,NASDAQ,2019-11-11,2025-10-30,1
ETNG,BATS,2026-05-12,2026-06-24,0
ETON,NASDAQ,2018-11-13,2026-06-24,0
ETOR,NASDAQ,2025-05-13,2026-06-24,0
ETP,NYSE,2002-02-05,2018-10-19,1
ETPA,NYSE ARCA,2019-02-01,2022-11-28,1
ETR,NYSE,1972-06-01,2026-06-24,0
ETRM,NASDAQ,2007-11-15,2017-10-20,1
ETRN,NYSE,2018-10-31,2024-07-22,1
ETS,NASDAQ,2025-08-21,2026-06-24,0
ETSS,NYSE,2026-06-04,2026-06-24,0
ETSY,NYSE,2015-04-16,2026-06-24,0
ETTX,NASDAQ,2018-09-26,2022-08-05,1
ETWO,NYSE,2020-06-15,2026-06-24,0
EU,NASDAQ,2014-08-18,2026-06-24,0
EUCR,NASDAQ,2020-12-29,2023-04-26,1
EUDA,NASDAQ,2021-12-14,2026-06-24,0
EURK,NASDAQ,2024-09-12,2026-06-24,0
EUV,BATS,2026-05-06,2026-06-24,0
EUVX,BATS,2026-06-03,2026-06-24,0
EV,NYSE,1990-03-27,2021-03-01,1
EVA,NYSE,2015-04-29,2021-12-31,1
EVAC,NYSE,2025-08-22,2026-06-24,0
EVAR,NASDAQ,2014-04-25,2017-11-08,1
EVAX,NASDAQ,2021-02-05,2026-06-24,0
EVBG,NASDAQ,2016-09-16,2026-06-24,0
EVBN,NYSE MKT,2001-07-09,2025-05-02,1
EVBS,NASDAQ,1998-01-02,2017-07-03,1
EVC,NYSE,2000-08-02,2026-06-24,0
EVCM,NASDAQ,2021-07-01,2026-06-24,0
EVDY,NYSE,2016-01-04,2016-12-05,1
EVE,NYSE MKT,2022-02-04,2026-06-24,0
EVEP,NASDAQ,2006-09-27,2018-05-10,1
EVER,NASDAQ,2018-06-28,2026-06-24,0
EVEX,NYSE,2021-01-07,2026-06-24,0
EVFTC,NASDAQ,2017-11-30,2019-07-25,1
EVGN,NASDAQ,2008-03-05,2026-06-24,0
EVGO,NASDAQ,2020-11-20,2026-06-24,0
EVGR,NASDAQ,2022-04-05,2026-06-24,0
EVH,NYSE,2015-06-05,2026-06-24,0
EVHC,NYSE,2013-08-14,2018-12-14,1
EVI,AMEX,1990-03-27,2026-06-24,0
EVLV,NASDAQ,2020-09-22,2026-06-24,0
EVMN,NYSE,2025-11-06,2026-06-24,0
EVO,NASDAQ,2009-12-04,2026-06-24,0
EVOJ,NASDAQ,2021-04-07,2023-05-08,1
EVOK,NASDAQ,2013-09-25,2025-12-17,1
EVOP,NASDAQ,2018-05-23,2023-03-24,1
EVOQ,NASDAQ,2009-04-07,2014-10-16,1
EVOX,NASDAQ,2025-12-03,2026-06-24,0
EVR,NYSE,2006-08-14,2026-06-24,0
EVRG,NASDAQ,2018-06-04,2026-06-24,0
EVRI,NYSE,2015-08-24,2025-07-01,1
EVRYQ,NASDAQ,2015-04-20,2015-06-02,1
EVSNF,NASDAQ,2013-12-06,2018-04-26,1
EVTC,NYSE,2013-04-12,2026-06-24,0
EVTL,NYSE,2021-12-15,2026-06-24,0
EVTV,NASDAQ,2017-06-15,2026-06-24,0
EVVV,NASDAQ,2005-06-16,2010-07-29,1
EW,NYSE,2000-03-27,2026-06-24,0
EWBC,NASDAQ,1999-02-03,2026-06-24,0
EWCZ,NASDAQ,2021-08-05,2026-05-08,1
EWTX,NASDAQ,2021-03-26,2026-06-24,0
EXA,NASDAQ,2012-06-28,2017-11-17,1
EXAC,NASDAQ,1996-05-30,2018-02-14,1
EXAI,NASDAQ,2021-10-01,2024-11-20,1
EXAM,NYSE,2010-10-28,2016-07-27,1
EXAR,NYSE,1990-03-26,2017-07-14,1
EXAS,NASDAQ,2001-02-01,2026-03-24,1
EXC,NASDAQ,1980-01-02,2026-06-24,0
EXCU,NYSE,2014-07-03,2017-06-01,1
EXCVV,NASDAQ,2022-01-19,2022-02-01,1
EXE,NASDAQ,2021-02-10,2026-06-24,0
EXEEL,NASDAQ,2021-02-10,2026-02-06,1
EXEEZ,NASDAQ,2021-02-10,2026-02-06,1
EXEL,NASDAQ,2000-04-17,2026-06-24,0
EXEQ,NYSE,2026-02-13,2026-06-24,0
EXFO,NASDAQ,2000-06-30,2021-08-27,1
EXFY,NASDAQ,2021-11-10,2026-06-24,0
EXH,NYSE,2007-08-21,2015-11-03,1
EXK,NYSE,2006-04-26,2026-06-24,0
EXL,NYSE,2010-04-23,2015-07-31,1
EXLP,NASDAQ,2006-10-17,2015-11-03,1
EXLS,NASDAQ,2006-10-20,2026-06-24,0
EXOD,AMEX,2021-09-16,2026-06-24,0
EXOZ,NASDAQ,2024-11-13,2026-06-24,0
EXP,NYSE,1994-04-12,2026-06-24,0
EXPD,NYSE,1990-03-26,2026-06-24,0
EXPE,NASDAQ,2005-07-21,2026-06-24,0
EXPO,NASDAQ,1990-08-17,2026-06-24,0
EXR,NYSE,2004-08-16,2026-06-24,0
EXTN,NYSE,2015-11-04,2022-10-28,1
EXTR,NASDAQ,1999-04-09,2026-06-24,0
EXXI,NASDAQ,2007-06-01,2018-03-20,1
EXYN,NASDAQ,2026-05-15,2026-06-24,0
EYE,NASDAQ,2017-10-26,2026-06-24,0
EYES,BATS,2026-05-05,2026-06-24,0
EYPT,NASDAQ,2005-01-27,2026-06-24,0
EZBC,BATS,2024-01-11,2026-06-24,0
EZCH,NASDAQ,1999-12-31,2016-02-23,1
EZFL,NASDAQ,2026-05-28,2026-06-24,0
EZGO,NASDAQ,2021-01-26,2026-06-24,0
EZPW,NASDAQ,1991-08-27,2026-06-24,0
EZRA,NASDAQ,2026-01-23,2026-06-24,0
EZT,NYSE,2014-09-22,2020-10-30,1
F,NYSE,1972-06-01,2026-06-24,0
FA,NASDAQ,2021-06-23,2026-06-24,0
FABC,NASDAQ,2018-01-30,2026-06-24,0
FAC,NASDAQ,2025-06-24,2026-06-24,0
FACA,NYSE,2021-04-13,2022-12-29,1
FACT,NASDAQ,2024-12-20,2026-06-24,0
FAF,NYSE,2010-05-28,2026-06-24,0
FAMI,NASDAQ,2018-02-16,2026-06-24,0
FANG,NASDAQ,2012-10-12,2026-06-24,0
FARM,NASDAQ,1990-03-26,2026-05-05,1
FARO,NASDAQ,1997-09-18,2025-07-21,1
FAST,NASDAQ,1990-03-26,2026-06-24,0
FATAV,NASDAQ,2025-01-28,2026-06-24,0
FATBV,NASDAQ,2025-01-28,2026-06-24,0
FATE,NASDAQ,2013-10-01,2026-06-24,0
FATH,NYSE,2021-03-29,2024-05-28,1
FATN,NASDAQ,2025-04-08,2026-06-24,0
FATP,NASDAQ,2021-12-03,2023-12-12,1
FAZE,NASDAQ,2021-04-13,2024-03-08,1
FBC,NYSE,1997-04-30,2022-11-30,1
FBCI,NASDAQ,2017-10-11,2019-04-03,1
FBCP,NASDAQ,2005-05-16,2017-07-14,1
FBDC,NYSE,2025-06-30,2026-06-24,0
FBGL,NASDAQ,2025-02-06,2026-06-24,0
FBIN,NYSE,2011-09-16,2026-06-24,0
FBIO,NASDAQ,2011-11-17,2026-06-24,0
FBIOP,NASDAQ,2017-11-14,2026-06-24,0
FBIZ,NASDAQ,2005-10-07,2026-06-24,0
FBK,NYSE,2016-09-16,2026-06-24,0
FBLA,NASDAQ,2024-10-23,2026-06-24,0
FBLG,NASDAQ,2024-01-31,2026-06-24,0
FBM,NYSE,2017-02-10,2021-01-28,1
FBMS,NYSE,2003-01-02,2025-03-31,1
FBN,NASDAQ,2006-12-28,2013-08-27,1
FBNC,NASDAQ,1992-12-09,2026-06-24,0
FBNK,NASDAQ,2011-06-30,2018-10-01,1
FBP,NYSE,1992-02-25,2026-06-24,0
FBR,NYSE,2000-04-14,2019-01-03,1
FBRC,NASDAQ,2007-06-08,2017-06-12,1
FBRT,NYSE,2021-10-19,2026-06-24,0
FBRX,NASDAQ,2017-04-13,2026-06-24,0
FBTXQ,NYSE,2010-01-04,2015-01-06,1
FBYD,NASDAQ,2023-10-06,2026-06-24,0
FBYDP,NASDAQ,2023-10-09,2023-11-06,1
FC,NYSE,1992-06-03,2026-06-24,0
FCAM,NYSE,2014-12-11,2016-12-22,1
FCAP,NASDAQ,1999-01-04,2026-06-24,0
FCAX,NYSE,2021-03-05,2023-01-13,1
FCB,NYSE,2014-08-01,2018-12-31,1
FCBC,NASDAQ,1997-05-09,2026-06-24,0
FCBM,NYSE,2026-06-18,2026-06-24,0
FCBP,NASDAQ,2018-01-05,2021-07-21,1
FCCO,NASDAQ,1999-03-09,2026-06-24,0
FCCY,NASDAQ,1999-03-15,2022-01-06,1
FCEA,NYSE,2017-07-13,2018-10-30,1
FCEL,NASDAQ,1997-02-27,2026-06-24,0
FCF,NYSE,1992-06-10,2026-06-24,0
FCFC,NASDAQ,1995-08-02,2013-06-04,1
FCFP,NASDAQ,2015-07-16,2017-07-11,1
FCFS,NASDAQ,1992-08-17,2026-06-24,0
FCH,NYSE,1994-07-22,2017-09-01,1
FCHL,NASDAQ,2025-09-04,2026-06-24,0
FCKEE,NASDAQ,1997-04-01,1997-04-01,1
FCLF,NASDAQ,2016-01-04,2016-09-16,1
FCMCQ,NYSE,2010-01-04,2013-08-19,1
FCN,NYSE,1996-05-09,2026-06-24,0
FCNCA,NASDAQ,1992-02-25,2026-06-24,0
FCNCN,NASDAQ,2026-02-09,2026-06-24,0
FCNCO,NASDAQ,2022-01-05,2026-06-24,0
FCNCP,NASDAQ,2020-03-06,2026-06-24,0
FCPT,NYSE,2015-11-10,2026-06-24,0
FCRD,NASDAQ,2010-04-22,2023-03-09,1
FCRS,NYSE,2025-11-17,2026-06-24,0
FCRW,NYSE,2018-10-09,2021-12-21,1
FCRX,NYSE,2021-05-27,2026-06-12,1
FCRZ,NYSE,2015-12-16,2021-06-18,1
FCS,NASDAQ,2016-01-04,2016-09-20,1
FCSC,NASDAQ,2009-10-21,2019-12-13,1
FCTY,NASDAQ,2016-01-04,2016-07-05,1
FCUV,NASDAQ,2017-09-27,2026-06-24,0
FCVA,NASDAQ,1999-03-15,2015-12-31,1
FCX,NYSE,1995-07-10,2026-06-24,0
FDBC,NASDAQ,2001-01-02,2026-06-24,0
FDC,NYSE,2015-10-15,2019-08-05,1
FDML,NASDAQ,2008-01-02,2017-07-10,1
FDMT,NASDAQ,2020-12-11,2026-06-24,0
FDNHQ,NASDAQ,2017-09-22,2017-11-01,1
FDO,NYSE,1985-02-25,2015-07-13,1
FDP,NYSE,1997-10-24,2026-06-24,0
FDS,NYSE,1996-06-28,2026-06-24,0
FDSB,NASDAQ,2024-08-01,2026-06-24,0
FDUS,NASDAQ,2011-06-21,2026-06-24,0
FDUSG,NASDAQ,2019-10-17,2021-11-01,1
FDUSL,NASDAQ,2018-02-05,2021-01-20,1
FDUSZ,NASDAQ,2019-02-11,2021-11-01,1
FDX,NYSE,1978-04-12,2026-06-24,0
FDXF,NYSE,2026-05-27,2026-06-24,0
FE,NYSE,1997-11-10,2026-06-24,0
FEAM,NASDAQ,2022-03-15,2026-06-24,0
FEBO,NASDAQ,2023-11-30,2026-06-24,0
FEDL,NYSE ARCA,2021-09-15,2024-12-11,1
FEDU,NYSE,2017-11-07,2026-06-24,0
FEED,NASDAQ,2017-06-13,2026-06-24,0
FEIC,NASDAQ,1995-05-31,2016-09-21,1
FEIM,NASDAQ,1983-09-01,2026-06-24,0
FELE,NASDAQ,1990-03-26,2026-06-24,0
FELP,NYSE,2014-06-18,2019-11-15,1
FEMD,NYSE,2026-01-27,2026-06-24,0
FEMY,NASDAQ,2021-06-18,2026-06-24,0
FENC,NASDAQ,2014-09-09,2026-06-24,0
FENG,NYSE,2011-05-16,2026-06-24,0
FER,NASDAQ,2023-06-29,2026-06-24,0
FERA,NASDAQ,2025-04-21,2026-06-24,0
FERG,NYSE,2010-01-05,2026-06-24,0
FET,NYSE,2012-04-12,2026-06-24,0
FEXD,NASDAQ,2022-01-13,2026-06-24,0
FF,NYSE,2011-03-23,2026-06-24,0
FFAI,NASDAQ,2020-09-02,2026-06-24,0
FFBC,NASDAQ,1990-03-26,2026-06-24,0
FFBH,NASDAQ,1996-05-06,2014-06-02,1
FFCO,NASDAQ,2005-04-07,2014-10-31,1
FFEDQ,NYSE,2010-01-11,2012-12-28,1
FFEX,NASDAQ,2001-01-02,2013-10-17,1
FFG,NYSE,1996-07-19,2021-05-25,1
FFHL,NASDAQ,2006-12-19,2022-12-29,1
FFIC,NASDAQ,1995-11-21,2026-06-01,1
FFIN,NASDAQ,1993-11-01,2026-06-24,0
FFIV,NASDAQ,1999-06-04,2026-06-24,0
FFKT,NASDAQ,1993-03-04,2018-08-20,1
FFKY,NASDAQ,1990-07-17,2014-12-31,1
FFNM,NASDAQ,2005-04-04,2018-05-23,1
FFNW,NASDAQ,2007-10-10,2026-06-24,0
FFWM,NYSE,2014-11-03,2026-04-01,1
FG,NYSE,2022-11-22,2026-06-24,0
FGBI,NASDAQ,2001-01-02,2026-06-24,0
FGBIP,NASDAQ,2021-04-23,2026-06-24,0
FGH,NYSE MKT,2000-12-19,2024-02-29,1
FGI,NASDAQ,2022-01-25,2026-06-24,0
FGII,NASDAQ,2026-03-10,2026-06-24,0
FGL,NASDAQ,2024-10-23,2026-06-24,0
FGMC,NASDAQ,2025-02-11,2026-06-24,0
FGN,NYSE,2023-12-12,2026-06-24,0
FGNX,NASDAQ,2014-04-01,2026-06-24,0
FGNXP,NASDAQ,2018-02-28,2026-06-24,0
FGP,NYSE,1994-06-28,2021-03-30,1
FGRU,BATS,2026-02-18,2026-06-24,0
FGSN,NYSE,2025-01-21,2026-06-24,0
FGXI,NASDAQ,2007-10-25,2010-03-29,1
FH,NASDAQ,2016-01-04,2018-01-05,1
FHB,NASDAQ,2016-08-04,2026-06-24,0
FHCO,NASDAQ,1999-02-11,2017-08-04,1
FHI,NYSE,1998-05-14,2026-06-24,0
FHLT,NASDAQ,2021-12-08,2024-05-28,1
FHN,NYSE,1990-03-26,2026-06-24,0
FHTX,NASDAQ,2020-10-23,2026-06-24,0
FIBK,NASDAQ,2010-03-24,2026-06-24,0
FICO,NYSE,1992-02-25,2026-06-24,0
FICV,NASDAQ,2021-08-30,2024-02-22,1
FIG,NYSE,2025-07-31,2026-06-24,0
FIGR,NASDAQ,2025-09-11,2026-06-24,0
FIGS,NYSE,2021-05-27,2026-06-24,0
FIGX,NASDAQ,2025-08-18,2026-06-24,0
FILM,NASDAQ,2014-02-14,2017-10-02,1
FINL,NASDAQ,1992-06-09,2018-06-18,1
FINM,NASDAQ,2021-03-09,2023-01-13,1
FINS,NYSE,2019-05-29,2026-06-24,0
FINV,NYSE,2017-11-10,2026-06-24,0
FINW,NASDAQ,2021-11-19,2026-06-24,0
FIO,NYSE,2011-06-09,2014-07-23,1
FIP,NASDAQ,2022-07-21,2026-06-24,0
FIPWV,NASDAQ,2022-07-20,2022-08-01,1
FIRE,NASDAQ,2013-10-07,2013-10-17,1
FIRY,NYSE,2026-06-22,2026-06-24,0
FIS,NYSE,2001-06-20,2026-06-24,0
FISI,NASDAQ,1999-06-25,2026-06-24,0
FISK,NYSE,2013-10-08,2026-06-24,0
FISN,NASDAQ,2026-06-18,2026-06-24,0
FISV,NASDAQ,1990-03-26,2026-06-24,0
FIT,NYSE,2015-06-18,2021-01-14,1
FITB,NASDAQ,1990-03-26,2026-06-24,0
FITBI,NYSE,2026-06-12,2026-06-24,0
FITBM,NASDAQ,2026-02-02,2026-06-24,0
FITBO,NASDAQ,2026-06-12,2026-06-24,0
FITBP,NYSE,2026-06-12,2026-06-24,0
FIVE,NASDAQ,2012-07-19,2026-06-24,0
FIVN,NASDAQ,2014-04-04,2026-06-24,0
FIX,NYSE,1997-06-27,2026-06-24,0
FIZZ,NASDAQ,1991-09-16,2026-06-24,0
FJET,AMEX,2025-12-18,2026-06-24,0
FKWL,NASDAQ,2002-08-27,2026-06-24,0
FL,NYSE,1970-01-02,2026-06-24,0
FLAC,NASDAQ,2021-02-08,2022-11-22,1
FLD,NASDAQ,2025-02-19,2026-06-24,0
FLEX,NASDAQ,1994-03-18,2026-06-24,0
FLFV,NASDAQ,2022-08-08,2024-06-21,1
FLG,NYSE,1993-11-23,2026-06-24,0
FLGT,NASDAQ,2016-09-29,2026-06-24,0
FLIC,NASDAQ,1995-08-18,2026-06-24,0
FLIR,NASDAQ,1993-06-22,2021-05-14,1
FLJ,NASDAQ,2022-09-26,2024-05-29,1
FLL,NASDAQ,1993-08-17,2026-06-24,0
FLLC,NASDAQ,2019-10-31,2020-03-06,1
FLME,NYSE,2021-04-19,2024-02-14,1
FLML,NASDAQ,2001-01-02,2017-01-09,1
FLNA,NASDAQ,2017-10-13,2026-06-24,0
FLNC,NASDAQ,2021-10-28,2026-06-24,0
FLNG,NYSE,2019-06-17,2026-06-24,0
FLNT,NASDAQ,2007-12-27,2026-06-24,0
FLO,NYSE,1987-11-05,2026-06-24,0
FLOC,NYSE,2025-01-16,2026-06-24,0
FLR,NYSE,2000-12-01,2026-06-24,0
FLS,NYSE,1990-03-26,2026-06-24,0
FLTX,NYSE,2012-10-08,2016-11-15,1
FLUT,NYSE,2017-10-05,2026-06-24,0
FLUX,NASDAQ,2002-12-09,2026-06-24,0
FLWS,NASDAQ,1999-08-03,2026-06-24,0
FLX,NASDAQ,2024-10-04,2026-06-24,0
FLXI,BATS,1997-12-12,2026-06-24,0
FLXS,NASDAQ,1992-02-25,2026-06-24,0
FLY,NASDAQ,2025-08-07,2026-06-24,0
FLYA,NYSE,2021-11-08,2022-12-20,1
FLYD,NYSE,2022-06-22,2026-06-24,0
FLYE,NASDAQ,2024-06-06,2026-06-24,0
FLYU,NYSE,2022-06-22,2026-06-24,0
FLYW,NASDAQ,2021-05-26,2026-06-24,0
FLYX,AMEX,2021-07-19,2026-06-24,0
FLZH,NASDAQ,2019-11-14,2026-06-24,0
FMAC,NASDAQ,2026-05-18,2026-06-24,0
FMAO,NASDAQ,2004-11-23,2026-06-24,0
FMBH,NASDAQ,1999-03-16,2026-06-24,0
FMBI,NASDAQ,1990-03-26,2022-03-11,1
FMC,NYSE,1985-07-01,2026-06-24,0
FMCI,NASDAQ,2017-05-02,2020-06-03,1
FMD,NYSE,2003-10-31,2016-08-30,1
FMER,NASDAQ,2016-01-04,2016-08-24,1
FMFC,NASDAQ,2025-06-25,2026-06-24,0
FMI,NASDAQ,2013-09-25,2018-08-10,1
FMIV,NASDAQ,2021-06-07,2023-07-14,1
FMKT,NYSE,2025-06-10,2026-06-24,0
FMNB,NASDAQ,1999-01-04,2026-06-24,0
FMR,NYSE,2006-10-18,2011-11-30,1
FMS,NYSE,1996-09-17,2026-06-24,0
FMSA,NYSE,2014-10-03,2018-06-01,1
FMST,NASDAQ,2025-01-31,2026-06-24,0
FMTX,NASDAQ,2020-06-19,2022-11-02,1
FMX,NYSE,1998-05-11,2026-06-24,0
FN,NYSE,2010-06-25,2026-06-24,0
FNA,NYSE,2021-10-15,2026-06-24,0
FNB,NYSE,1993-03-04,2026-06-24,0
FNBC,NASDAQ,2013-05-10,2017-05-09,1
FNBG,NASDAQ,2002-02-21,2018-07-06,1
FNCB,NASDAQ,2001-01-02,2024-07-01,1
FNCX,NASDAQ,1990-03-26,2018-11-21,1
FND,NYSE,2017-04-27,2026-06-24,0
FNF,NYSE,2005-10-14,2026-06-24,0
FNFG,NASDAQ,2001-01-02,2016-08-08,1
FNFV,NYSE,2014-06-23,2017-11-20,1
FNGN,NASDAQ,2010-03-16,2018-07-20,1
FNGR,NASDAQ,2015-01-28,2026-06-24,0
FNGS,NYSE,2019-11-13,2026-06-24,0
FNGU,NYSE,2025-02-20,2026-06-24,0
FNJN,NASDAQ,2007-03-16,2020-07-24,1
FNKO,NASDAQ,2017-11-02,2026-06-24,0
FNLC,NASDAQ,1999-07-14,2026-06-24,0
FNRN,NASDAQ,2001-01-02,2026-06-24,0
FNSR,NASDAQ,1999-11-12,2019-09-24,1
FNTC,NASDAQ,2023-02-22,2023-02-24,1
FNTE,NASDAQ,2017-03-27,2018-07-26,1
FNUC,NASDAQ,2021-11-19,2026-06-24,0
FNV,NYSE,2007-12-07,2026-06-24,0
FNVT,NASDAQ,2021-12-09,2026-06-24,0
FNWB,NASDAQ,2015-01-30,2026-06-24,0
FNWD,NASDAQ,1998-03-17,2026-06-24,0
FOA,NYSE,2019-04-18,2026-06-24,0
FOCL,NASDAQ,1997-08-01,2026-06-24,0
FOCS,NASDAQ,2018-07-26,2023-08-31,1
FOE,NYSE,1987-11-05,2022-04-21,1
FOFO,NASDAQ,2025-09-12,2026-06-24,0
FOGO,NASDAQ,2015-06-19,2018-04-16,1
FOLD,NASDAQ,2007-05-31,2026-04-27,1
FOMG,BATS,2026-06-23,2026-06-24,0
FOMX,NASDAQ,2014-09-18,2020-03-09,1
FONR,NASDAQ,1993-10-27,2026-06-05,1
FOR,NYSE,2007-12-13,2026-06-24,0
FORA,NASDAQ,2021-03-03,2026-05-15,1
FORG,NYSE,2021-09-16,2023-08-24,1
FORK,NASDAQ,2015-11-04,2020-11-23,1
FORM,NASDAQ,2003-06-12,2026-06-24,0
FORR,NASDAQ,1996-11-27,2026-06-24,0
FORTY,NASDAQ,1997-10-20,2026-06-24,0
FOSL,NASDAQ,1993-04-08,2026-06-24,0
FOSLL,NASDAQ,2021-11-09,2026-06-24,0
FOTO,NASDAQ,2026-05-29,2026-06-24,0
FOUR,NYSE,2020-06-05,2026-06-24,0
FOX,NASDAQ,2019-03-13,2026-06-24,0
FOXA,NASDAQ,2019-03-12,2026-06-24,0
FOXF,NASDAQ,2013-08-08,2026-06-24,0
FOXW,NASDAQ,2021-02-25,2023-01-27,1
FOXX,NASDAQ,2024-09-27,2026-06-24,0
FOXY,NYSE,2025-02-04,2026-06-24,0
FPAA,BATS,2026-06-08,2026-06-24,0
FPAC,NYSE,2021-01-19,2023-03-10,1
FPAMQ,NASDAQ,2001-01-02,2011-11-07,1
FPB,NYSE,2026-06-10,2026-06-24,0
FPC,NYSE,2026-06-10,2026-06-24,0
FPD,NYSE,2026-06-10,2026-06-24,0
FPFCQ,NASDAQ,2014-09-22,2014-10-08,1
FPH,NYSE,2017-05-10,2026-06-24,0
FPI,NYSE,2014-04-11,2026-06-24,0
FPIC,NASDAQ,2001-01-02,2011-11-07,1
FPO,NYSE,2003-10-23,2017-10-19,1
FPP,NYSE,2005-09-20,2017-11-27,1
FPRX,NASDAQ,2013-09-18,2021-04-16,1
FPS,NYSE,2026-02-05,2026-06-24,0
FPSX,BATS,2026-06-23,2026-06-24,0
FPU,NASDAQ,1990-09-18,2009-11-16,1
FPWBQ,NYSE,1992-03-18,2011-03-10,1
FPWR,NYSE,2026-05-28,2026-05-28,1
FR,NYSE,1994-06-24,2026-06-24,0
FRAF,NASDAQ,2001-01-02,2026-06-24,0
FRANQ,NASDAQ,2011-07-22,2021-05-05,1
FRBA,NASDAQ,2007-03-28,2026-06-24,0
FRBN,NASDAQ,2022-02-01,2026-06-24,0
FRBT,NASDAQ,2026-06-11,2026-06-24,0
FRD,NASDAQ,1992-03-17,2026-06-24,0
FREE,NASDAQ,2020-06-24,2026-06-24,0
FREQ,NASDAQ,2019-10-03,2023-11-03,1
FRES,NASDAQ,2023-05-22,2026-06-24,0
FRF,NYSE,2010-12-17,2014-12-10,1
FRG,NASDAQ,2012-07-02,2023-08-25,1
FRGAP,NASDAQ,2020-09-21,2023-08-30,1
FRGBQ,NASDAQ,1995-08-22,2014-11-06,1
FRGE,NYSE,2021-02-01,2026-06-24,0
FRGI,NASDAQ,2012-04-26,2023-10-30,1
FRGT,NASDAQ,2017-08-08,2026-06-24,0
FRHC,NASDAQ,2017-10-03,2026-06-24,0
FRIZ,NYSE,2025-08-29,2026-06-24,0
FRLN,NASDAQ,2020-08-07,2026-06-24,0
FRM,NYSE,2001-07-02,2016-03-08,1
FRME,NASDAQ,1992-02-25,2026-06-24,0
FRMEP,NASDAQ,2022-04-01,2026-06-24,0
FRMI,NASDAQ,2025-10-01,2026-06-24,0
FRMM,NASDAQ,2017-06-27,2026-06-24,0
FRNK,NASDAQ,2011-04-28,2015-01-12,1
FRO,NYSE,2001-08-06,2026-06-24,0
FROG,NASDAQ,2020-09-16,2026-06-24,0
FRON,NASDAQ,2021-05-03,2023-03-15,1
FRP,NASDAQ,2011-01-25,2017-07-11,1
FRPH,NASDAQ,1990-03-26,2026-06-24,0
FRPT,NASDAQ,2014-11-07,2026-06-24,0
FRRSF,NASDAQ,2016-12-09,2023-08-21,1
FRS,AMEX,1992-03-17,2015-09-01,1
FRSG,NASDAQ,2021-04-29,2023-03-07,1
FRSH,NASDAQ,2021-09-22,2026-06-24,0
FRST,NASDAQ,2006-11-01,2026-06-24,0
FRSX,NASDAQ,2017-06-15,2026-06-24,0
FRT,NYSE,1973-05-03,2026-06-24,0
FRTA,NASDAQ,2016-10-20,2022-03-18,1
FRTT,NASDAQ,2026-06-08,2026-06-24,0
FRVO,NASDAQ,2026-05-13,2026-06-24,0
FRW,NASDAQ,2021-05-06,2022-11-28,1
FRX,NYSE,1988-04-19,2014-07-01,1
FRXB,NYSE,2021-05-03,2023-12-12,1
FSAC,NASDAQ,2017-09-08,2019-01-04,1
FSB,NYSE,2015-03-26,2020-08-14,1
FSBC,NASDAQ,2021-05-04,2026-06-24,0
FSBK,NASDAQ,1997-04-08,2017-11-10,1
FSBS,NASDAQ,2000-02-11,2019-04-30,1
FSBW,NASDAQ,2012-07-10,2026-06-24,0
FSC,NASDAQ,2008-06-12,2017-10-17,1
FSCE,NYSE,2012-11-01,2017-11-03,1
FSCFL,NASDAQ,2013-04-05,2017-10-17,1
FSCI,NASDAQ,2012-10-22,2013-10-17,1
FSCO,NYSE,2022-11-14,2026-06-24,0
FSCT,NASDAQ,2017-10-27,2020-08-17,1
FSEA,NASDAQ,2019-07-17,2026-06-24,0
FSFF,NASDAQ,2016-03-16,2018-12-04,1
FSFG,NASDAQ,2008-10-08,2026-02-02,1
FSFR,NASDAQ,2013-07-12,2017-10-17,1
FSGI,NASDAQ,2005-08-10,2015-11-02,1
FSHP,NASDAQ,2024-08-15,2026-06-24,0
FSI,AMEX,1999-10-12,2026-06-24,0
FSII,NASDAQ,2021-02-17,2021-12-23,1
FSIN,NASDAQ,2005-09-29,2013-01-14,1
FSK,NYSE,2014-04-16,2026-06-24,0
FSKR,NYSE,2020-06-17,2021-06-16,1
FSL,NYSE,2011-05-26,2015-12-15,1
FSLR,NASDAQ,2006-11-17,2026-06-24,0
FSLY,NASDAQ,2019-05-17,2026-06-24,0
FSM,NYSE,2007-01-08,2026-06-24,0
FSML,NYSE,2025-12-11,2026-06-24,0
FSNB,NYSE,2021-04-19,2026-06-24,0
FSNMQ,NASDAQ,2010-07-28,2014-03-27,1
FSOL,NYSE,2025-11-18,2026-06-24,0
FSP,AMEX,2005-06-02,2026-06-24,0
FSR,NYSE,2012-08-29,2018-04-11,1
FSRV,NASDAQ,1995-01-20,2020-09-15,1
FSRX,NASDAQ,2021-04-21,2023-12-07,1
FSS,NYSE,1982-03-01,2026-06-24,0
FSSI,NASDAQ,2021-03-22,2022-12-07,1
FSSL,NYSE,2025-11-13,2026-06-24,0
FST,NYSE,2020-10-12,2022-08-25,1
FSTR,NASDAQ,1990-03-26,2026-06-24,0
FSTX,NASDAQ,2016-05-06,2023-03-09,1
FSUN,NASDAQ,2022-08-03,2026-06-24,0
FSV,NASDAQ,2015-06-02,2026-06-24,0
FSYS,NASDAQ,2001-01-02,2016-06-09,1
FTAA,NASDAQ,2021-04-28,2023-02-23,1
FTAC,NASDAQ,2019-01-18,2020-10-16,1
FTAI,NASDAQ,2015-05-15,2026-06-24,0
FTAIM,NASDAQ,2023-03-16,2026-06-24,0
FTAIN,NASDAQ,2021-03-18,2026-06-24,0
FTAIO,NASDAQ,2019-11-25,2026-06-24,0
FTAIP,NASDAQ,2019-09-06,2026-06-24,0
FTAIV,NASDAQ,2022-07-25,2022-08-01,1
FTCI,NASDAQ,2021-04-28,2026-06-24,0
FTCV,NASDAQ,2021-01-25,2022-12-29,1
FTDR,NASDAQ,2018-10-01,2026-06-24,0
FTDRV,NASDAQ,2018-09-13,2018-09-28,1
FTEK,NASDAQ,1993-09-07,2026-06-24,0
FTEL,NASDAQ,2023-08-08,2026-03-11,1
FTEO,NASDAQ,2013-05-16,2020-02-12,1
FTEV,NYSE,2021-04-22,2023-03-03,1
FTFT,NASDAQ,2005-03-15,2026-06-24,0
FTGX,NASDAQ,2001-01-02,2009-09-28,1
FTH,NASDAQ,2021-02-04,2026-06-24,0
FTHB,NYSE,2026-03-19,2026-06-24,0
FTHM,NASDAQ,2020-07-31,2026-06-24,0
FTHY,NYSE,2020-06-26,2026-06-24,0
FTI,NYSE,2001-06-14,2026-06-24,0
FTK,NYSE,2005-07-27,2026-06-24,0
FTLF,NASDAQ,2007-11-02,2026-06-24,0
FTLK,NASDAQ,2009-12-15,2011-09-13,1
FTNT,NASDAQ,2009-11-18,2026-06-24,0
FTNW,NYSE,2016-05-26,2022-01-07,1
FTO,NYSE,2001-01-02,2011-11-30,1
FTOC,NASDAQ,2020-10-16,2021-06-25,1
FTPA,NYSE,2021-05-07,2026-06-24,0
FTR,NYSE,2020-04-23,2021-06-01,1
FTRE,NASDAQ,2023-07-07,2026-06-24,0
FTRK,NASDAQ,2025-05-23,2026-06-24,0
FTS,NYSE,2016-01-04,2026-06-24,0
FTSI,NYSE MKT,2018-02-02,2022-03-04,1
FTSV,NASDAQ,2018-06-28,2020-04-07,1
FTV,NYSE,2016-07-01,2026-06-24,0
FTVI,NASDAQ,2021-08-19,2022-12-28,1
FTW,NYSE,2026-03-23,2026-06-24,0
FTWU,NYSE,2024-08-07,2025-10-31,1
FTWWS,NYSE,2024-09-27,2025-10-31,1
FUBC,NASDAQ,2008-04-10,2014-10-31,1
FUBO,NYSE,2017-11-30,2026-06-24,0
FUEL,NASDAQ,2013-09-20,2017-09-11,1
FUFU,NASDAQ,2024-02-29,2026-06-24,0
FUL,NYSE,1990-03-26,2026-06-24,0
FULC,NASDAQ,2019-07-18,2026-06-24,0
FULL,NASDAQ,2010-09-01,2016-11-11,1
FULLL,NASDAQ,2013-06-28,2017-10-20,1
FULT,NASDAQ,1990-03-26,2026-06-24,0
FULTP,NASDAQ,2020-10-23,2026-06-24,0
FUN,NYSE,1987-04-23,2026-06-24,0
FUNC,NASDAQ,1992-09-08,2026-06-24,0
FUND,NASDAQ,1992-02-25,2026-06-24,0
FUR,NYSE,2001-01-02,2016-08-09,1
FURY,AMEX,2011-03-11,2026-06-24,0
FUSB,NASDAQ,1999-01-11,2026-06-24,0
FUSE,NASDAQ,2025-10-23,2026-06-24,0
FUSN,NASDAQ,2020-06-26,2024-06-04,1
FUTU,NASDAQ,2019-03-08,2026-06-24,0
FVAM,NASDAQ,2020-10-14,2022-10-17,1
FVAV,NASDAQ,2026-02-26,2026-06-24,0
FVCB,NASDAQ,2013-11-07,2026-06-24,0
FVE,NYSE,2001-12-17,2023-03-20,1
FVIV,NYSE,2021-05-07,2022-11-22,1
FVN,NASDAQ,2024-11-04,2026-06-24,0
FVR,NYSE,2024-10-02,2026-06-24,0
FVRR,NYSE,2019-06-13,2026-06-24,0
FVT,NYSE,2021-02-25,2022-11-22,1
FWDI,NASDAQ,1995-06-15,2026-06-24,0
FWLT,NASDAQ,1972-06-01,2014-12-03,1
FWONA,NASDAQ,2013-01-10,2026-06-24,0
FWONK,NASDAQ,2014-07-08,2026-06-24,0
FWP,NASDAQ,2022-12-27,2022-12-28,1
FWRD,NASDAQ,1993-11-16,2026-06-24,0
FWRG,NASDAQ,2021-10-01,2026-06-24,0
FWV,NYSE,1995-06-26,2015-11-13,1
FXCB,NASDAQ,2010-06-28,2016-07-08,1
FXCO,NASDAQ,2022-01-10,2024-06-28,1
FXEN,NASDAQ,1996-06-11,2015-12-31,1
FXENP,NASDAQ,2016-01-04,2016-01-14,1
FXNC,NASDAQ,2001-01-02,2026-06-24,0
FYBR,NASDAQ,2021-05-04,2026-01-20,1
FZT,NYSE,2021-05-06,2023-10-05,1
G,NYSE,2007-08-02,2026-06-24,0
GA,NYSE,2011-08-29,2014-07-28,1
GABC,NASDAQ,1993-05-21,2026-06-24,0
GAC,AMEX,2007-03-21,2010-02-19,1
GACQ,NASDAQ,2021-08-02,2022-12-28,1
GAI,NASDAQ,2016-01-04,2016-03-22,1
GAIA,NASDAQ,1999-10-29,2026-06-24,0
GAIN,NASDAQ,2005-06-23,2026-06-24,0
GAING,NASDAQ,2026-02-19,2026-06-24,0
GAINI,NASDAQ,2024-12-18,2026-06-24,0
GAINL,NASDAQ,2023-06-02,2026-06-24,0
GAINM,NASDAQ,2016-09-21,2021-03-02,1
GAINN,NASDAQ,2021-03-04,2026-05-04,1
GAINO,NASDAQ,2014-11-13,2018-08-30,1
GAINP,NASDAQ,2016-01-04,2016-10-07,1
GAINZ,NASDAQ,2021-08-19,2026-06-24,0
GALE,NASDAQ,2008-03-12,2017-12-29,1
GALT,NASDAQ,2002-09-09,2026-06-24,0
GAMB,NASDAQ,2021-07-23,2026-06-24,0
GAME,NASDAQ,2018-01-26,2026-06-24,0
GAN,NASDAQ,2026-02-06,2026-06-24,0
GANX,NASDAQ,2021-03-18,2026-06-24,0
GAP,NYSE,1987-07-23,2026-06-24,0
GAQ,NASDAQ,2022-03-14,2026-06-24,0
GARS,NASDAQ,2013-03-27,2020-10-29,1
GAS,NYSE,1973-05-03,2016-07-01,1
GASS,NASDAQ,2005-10-06,2026-06-24,0
GATO,NYSE,2020-10-28,2025-01-16,1
GATX,NYSE,1987-11-05,2026-06-24,0
GAU,AMEX,2008-01-02,2026-06-24,0
GAUZ,NASDAQ,2024-06-06,2026-06-24,0
GB,NYSE,2020-08-31,2025-08-15,1
GBBK,NASDAQ,2022-06-17,2026-06-24,0
GBCI,NYSE,1992-01-27,2026-06-24,0
GBDC,NASDAQ,2010-04-15,2026-06-24,0
GBFH,NASDAQ,2021-02-18,2026-06-24,0
GBIO,NASDAQ,2020-06-12,2026-02-09,1
GBLI,NASDAQ,2003-12-16,2026-06-24,0
GBLIZ,NASDAQ,2015-08-28,2020-08-14,1
GBLL,NYSE,2012-04-24,2022-04-14,1
GBND,NYSE,2025-06-26,2026-06-24,0
GBNK,NASDAQ,2005-10-03,2018-12-31,1
GBR,AMEX,1993-03-26,2026-06-24,0
GBRG,NASDAQ,2021-04-16,2023-05-17,1
GBSN,NASDAQ,2014-10-09,2018-03-06,1
GBT,NASDAQ,2015-08-12,2022-11-02,1
GBTG,NYSE,2020-11-23,2026-06-24,0
GBUG,NYSE ARCA,2019-10-08,2025-03-17,1
GBX,NYSE,1994-07-14,2026-06-24,0
GCA,NYSE,2005-09-23,2015-08-21,1
GCAC,NASDAQ,2021-03-25,2022-02-10,1
GCAP,NYSE,2010-12-15,2020-07-31,1
GCBC,NASDAQ,1999-06-30,2026-06-24,0
GCDT,AMEX,2026-01-13,2026-06-24,0
GCGR,NASDAQ,2026-06-22,2026-06-24,0
GCI,NYSE,1985-07-01,2019-11-19,1
GCL,NASDAQ,2025-02-13,2026-06-24,0
GCMG,NASDAQ,2020-11-18,2026-06-24,0
GCO,NYSE,1985-07-01,2026-06-24,0
GCP,NYSE,2016-01-26,2022-10-06,1
GCT,NASDAQ,2022-08-18,2026-06-24,0
GCTK,NASDAQ,2013-04-25,2026-06-24,0
GCTS,NYSE,2024-03-27,2026-06-24,0
GCVRZ,NASDAQ,2011-03-31,2020-03-04,1
GD,NYSE,1977-01-03,2026-06-24,0
GDC,NASDAQ,2015-12-29,2026-06-24,0
GDDY,NYSE,2015-04-01,2026-06-24,0
GDEN,NASDAQ,2015-08-04,2026-05-01,1
GDEV,NASDAQ,2020-10-05,2026-06-24,0
GDHG,NASDAQ,2023-04-12,2026-06-24,0
GDNR,NASDAQ,2022-01-13,2023-12-27,1
GDOT,NYSE,2010-07-22,2026-06-24,0
GDP,NYSE MKT,2016-12-08,2021-12-31,1
GDRX,NASDAQ,2020-09-23,2026-06-24,0
GDS,NASDAQ,2016-11-02,2026-06-24,0
GDT,BATS,2026-01-22,2026-06-24,0
GDTC,NASDAQ,2023-04-14,2026-06-24,0
GDXD,NYSE,2020-12-03,2026-06-24,0
GDXU,NYSE,2020-12-03,2026-06-24,0
GDYN,NASDAQ,2018-10-30,2026-06-24,0
GE,NYSE,1962-01-02,2026-06-24,0
GEAR,NYSE,2024-11-27,2025-01-03,1
GEB,NYSE,2012-10-12,2018-02-28,1
GEC,NASDAQ,1999-06-11,2020-12-28,1
GECC,NASDAQ,2016-11-04,2026-06-24,0
GECCG,NASDAQ,2025-09-12,2026-06-24,0
GECCH,NASDAQ,2024-09-26,2026-06-24,0
GECCI,NASDAQ,2024-04-18,2026-06-24,0
GECCL,NASDAQ,2017-09-25,2021-07-22,1
GECCM,NASDAQ,2018-01-26,2026-06-24,0
GECCN,NASDAQ,2019-06-21,2023-09-06,1
GECCO,NASDAQ,2021-06-24,2026-06-24,0
GEENQ,NASDAQ,2011-06-17,2020-08-20,1
GEEX,NASDAQ,2022-01-25,2023-04-12,1
GEF,NYSE,1996-02-28,2026-06-24,0
GEG,NASDAQ,2020-12-29,2026-06-24,0
GEGGL,NASDAQ,2022-06-21,2026-06-24,0
GEH,NYSE,2013-02-01,2018-02-28,1
GEHC,NASDAQ,2023-01-04,2026-06-24,0
GEHCV,NASDAQ,2022-12-15,2023-01-03,1
GEK,NYSE,2013-05-21,2018-05-29,1
GEL,NYSE,1996-11-27,2026-06-24,0
GELS,NASDAQ,2024-10-29,2026-06-24,0
GEMI,NASDAQ,2025-09-12,2026-06-24,0
GEN,NASDAQ,1990-03-26,2026-06-24,0
GENB,NASDAQ,2026-02-27,2026-06-24,0
GENC,AMEX,2003-07-15,2026-06-24,0
GENE,NASDAQ,2005-09-02,2026-06-24,0
GENI,NYSE,2021-04-21,2026-06-24,0
GENK,NASDAQ,2023-06-28,2026-06-24,0
GENQ,NASDAQ,2022-04-07,2023-08-03,1
GEO,NYSE,1994-07-28,2026-06-24,0
GEOKQ,NYSE,2012-12-27,2013-05-10,1
GEOS,NASDAQ,1997-11-21,2026-06-24,0
GEOW,NASDAQ,2010-08-12,2011-08-29,1
GEOY,NASDAQ,2006-12-28,2013-02-12,1
GERN,NASDAQ,1996-07-31,2026-06-24,0
GES,NYSE,1996-08-08,2026-01-22,1
GET,NASDAQ,2021-10-22,2023-03-06,1
GETVV,NASDAQ,2021-10-18,2021-10-21,1
GETY,NYSE,2020-09-21,2026-06-24,0
GEV,NYSE,2024-03-27,2026-06-24,0
GEVA,NASDAQ,2006-12-28,2015-06-22,1
GEVO,NASDAQ,2011-02-09,2026-06-24,0
GFAI,NASDAQ,2021-01-08,2026-06-24,0
GFED,NASDAQ,1995-04-10,2022-03-31,1
GFF,NYSE,1973-05-03,2026-06-24,0
GFGD,NASDAQ,2022-02-04,2023-09-25,1
GFI,NYSE,1991-05-01,2026-06-24,0
GFIG,NYSE,2016-01-04,2016-03-03,1
GFL,NYSE,2020-03-03,2026-06-24,0
GFLU,NYSE,2020-03-03,2023-03-14,1
GFN,NASDAQ,2006-07-06,2021-05-25,1
GFNCP,NASDAQ,2013-05-20,2021-06-23,1
GFNSL,NASDAQ,2014-09-24,2021-01-14,1
GFNSZ,NASDAQ,2020-11-02,2021-06-23,1
GFR,NYSE,2023-09-21,2026-06-24,0
GFS,NASDAQ,2021-10-28,2026-06-24,0
GFX,NYSE,2021-02-08,2023-08-24,1
GG,NYSE,1995-08-18,2019-04-17,1
GGA,AMEX,2007-07-09,2009-07-10,1
GGAC,NASDAQ,2016-01-04,2016-08-01,1
GGAL,NASDAQ,2000-07-25,2026-06-24,0
GGB,NYSE,1999-03-10,2026-06-24,0
GGG,NYSE,1986-07-09,2026-06-24,0
GGGV,NASDAQ,2021-08-17,2022-07-06,1
GGLR,NYSE,1998-12-31,2019-04-10,1
GGMC,NASDAQ,2021-05-27,2022-12-29,1
GGO,NYSE MKT,2016-11-02,2021-10-25,1
GGP,NYSE,1993-04-08,2018-08-28,1
GGPI,NASDAQ,2021-05-18,2022-08-09,1
GGR,NASDAQ,2021-03-01,2026-06-24,0
GGRP,NASDAQ,2021-07-01,2026-06-24,0
GH,NASDAQ,2018-10-04,2026-06-24,0
GHAC,NASDAQ,2021-03-29,2022-12-15,1
GHC,NYSE,1990-01-24,2026-06-24,0
GHDX,NASDAQ,2005-09-29,2019-11-08,1
GHG,NYSE,2018-03-27,2026-06-24,0
GHI,NYSE,1986-04-02,2026-06-24,0
GHIX,NASDAQ,2022-03-22,2026-06-24,0
GHL,NYSE,2004-05-06,2023-11-30,1
GHLD,NYSE,2020-10-22,2026-06-24,0
GHM,NYSE,1992-03-17,2026-06-24,0
GHRS,NASDAQ,2021-06-25,2026-06-24,0
GHSI,NASDAQ,2019-04-05,2026-06-24,0
GI,NYSE,2015-06-04,2016-11-22,1
GIB,NYSE,1998-10-07,2026-06-24,0
GIBO,NASDAQ,2025-05-08,2026-06-24,0
GIC,NYSE,1995-06-27,2026-06-24,0
GIEQ,NASDAQ,2026-05-21,2026-06-24,0
GIFI,NASDAQ,1997-04-04,2026-06-24,0
GIFT,NASDAQ,2011-06-08,2026-06-24,0
GIG,NASDAQ,2024-09-11,2026-05-22,1
GIGL,NYSE,2012-11-27,2026-06-24,0
GIGM,NASDAQ,2000-02-18,2026-06-24,0
GIII,NASDAQ,1990-03-26,2026-06-24,0
GIIX,NASDAQ,2021-04-26,2022-12-29,1
GIL,NYSE,1998-06-19,2026-06-24,0
GILD,NASDAQ,1992-01-22,2026-06-24,0
GILT,NASDAQ,1993-03-26,2026-06-24,0
GIMO,NYSE,2013-06-12,2017-12-27,1
GIPR,NASDAQ,2021-10-05,2026-06-24,0
GIS,NYSE,1983-06-10,2026-06-24,0
GITS,NASDAQ,2024-12-17,2026-06-24,0
GIVN,NASDAQ,2009-02-20,2014-03-07,1
GIW,NASDAQ,2021-07-12,2026-06-24,0
GIX,NASDAQ,2026-03-19,2026-06-24,0
GIXR,NYSE,2019-07-01,2020-06-30,1
GIXRT,NYSE,2019-07-01,2021-06-09,1
GJH,NYSE,2004-05-05,2026-06-24,0
GJO,NYSE,2005-11-21,2026-06-24,0
GJP,NYSE,2007-12-27,2026-06-24,0
GJR,NYSE,2007-12-27,2026-06-24,0
GJS,NYSE,2006-04-28,2026-06-24,0
GJT,NYSE,2007-08-01,2026-06-24,0
GJV,NYSE,2007-08-01,2019-12-04,1
GK,NASDAQ,1990-03-26,2017-07-10,1
GKNT,NASDAQ,2001-01-02,2015-07-27,1
GKOS,NYSE,2015-06-25,2026-06-24,0
GL,NYSE,1987-12-30,2026-06-24,0
GLA,NYSE,1996-06-26,2017-08-01,1
GLAD,NASDAQ,2002-08-02,2026-06-24,0
GLADD,NASDAQ,2018-11-13,2021-01-06,1
GLADL,NASDAQ,2019-10-15,2021-10-29,1
GLADN,NASDAQ,2017-09-28,2019-10-01,1
GLADO,NASDAQ,2014-05-16,2017-11-01,1
GLADZ,NASDAQ,2023-08-18,2026-06-24,0
GLAM,BATS,2026-05-06,2026-06-24,0
GLAQ,NASDAQ,2021-02-05,2022-06-09,1
GLBAV,NASDAQ,2025-07-11,2026-06-24,0
GLBC,NASDAQ,2004-01-22,2011-10-14,1
GLBE,NASDAQ,2021-05-12,2026-06-24,0
GLBKV,NASDAQ,2025-07-11,2025-07-14,1
GLBL,NASDAQ,2015-07-31,2017-12-29,1
GLBS,NASDAQ,2008-03-11,2026-06-24,0
GLDD,NASDAQ,2006-12-27,2026-06-24,0
GLDG,AMEX,2011-07-05,2026-06-24,0
GLDI,NASDAQ,2024-06-03,2024-07-09,1
GLE,NASDAQ,2024-09-20,2026-06-24,0
GLED,NYSE,2026-04-14,2026-06-24,0
GLF,NYSE,1997-05-01,2018-11-15,1
GLFMQ,NYSE,2016-01-04,2017-11-15,1
GLHA,NASDAQ,2021-05-18,2022-12-29,1
GLIBA,NASDAQ,2018-03-12,2026-06-24,0
GLIBK,NASDAQ,2025-07-15,2026-06-24,0
GLIBP,NASDAQ,2018-03-12,2020-12-30,1
GLMD,NASDAQ,2014-03-13,2026-06-24,0
GLND,NASDAQ,2026-01-02,2026-06-24,0
GLNG,NASDAQ,2003-07-15,2026-06-24,0
GLNK,NYSE,2022-05-19,2026-06-24,0
GLOB,NYSE,2014-07-18,2026-06-24,0
GLOG,NYSE,2012-03-30,2021-06-14,1
GLOO,NASDAQ,2025-11-18,2026-06-24,0
GLOP,NYSE,2014-05-07,2023-07-12,1
GLP,NYSE,2005-09-29,2026-06-24,0
GLPI,NASDAQ,2013-10-14,2026-06-24,0
GLRE,NASDAQ,2007-05-24,2026-06-24,0
GLSI,NASDAQ,2020-09-25,2026-06-24,0
GLSPT,NASDAQ,2021-05-10,2022-07-13,1
GLT,NYSE,2026-02-06,2026-06-24,0
GLTA,NYSE MKT,2021-08-30,2023-07-10,1
GLUE,NASDAQ,2021-06-24,2026-06-24,0
GLUU,NASDAQ,2007-03-22,2021-04-29,1
GLW,NYSE,1981-12-31,2026-06-24,0
GLXG,NASDAQ,2024-09-12,2026-06-24,0
GLXY,NASDAQ,2025-05-16,2026-06-24,0
GLYC,NASDAQ,2026-02-06,2026-06-24,0
GM,NYSE,2010-11-18,2026-06-24,0
GMAB,NASDAQ,2009-06-01,2026-06-24,0
GMBT,NASDAQ,2021-03-15,2022-03-31,1
GMCR,NASDAQ,2001-01-12,2016-03-04,1
GME,NYSE,2002-02-13,2026-06-24,0
GMED,NYSE,2012-08-03,2026-06-24,0
GMET,NASDAQ,2016-01-05,2018-12-21,1
GMEX,NASDAQ,2026-03-11,2026-06-24,0
GMFI,NASDAQ,2022-03-03,2024-07-01,1
GMHS,NASDAQ,2025-01-24,2026-06-24,0
GMK,NYSE,1998-11-06,2015-09-04,1
GMLP,NASDAQ,2011-04-08,2021-04-15,1
GMLPF,NASDAQ,2017-10-25,2021-05-21,1
GMM,NASDAQ,2024-09-09,2026-06-24,0
GMRS,NYSE,2026-05-13,2026-06-24,0
GMS,NYSE,2016-05-26,2025-09-04,1
GMTA,NYSE,2016-05-18,2021-05-28,1
GMTL,AMEX,2026-03-23,2026-06-24,0
GMXRQ,NYSE,2013-04-01,2014-02-03,1
GNA,NYSE,2001-01-02,2011-09-07,1
GNAC,NASDAQ,2021-03-09,2022-12-29,1
GNBC,NASDAQ,2014-08-08,2018-12-31,1
GNC,NYSE,2011-04-01,2020-06-30,1
GNCMA,NASDAQ,1992-10-14,2018-03-19,1
GNE,NYSE,2011-10-26,2026-06-24,0
GNI,NYSE,1987-11-05,2015-04-14,1
GNK,NYSE,2014-08-18,2026-06-24,0
GNL,NYSE,2015-06-02,2026-06-24,0
GNLN,NASDAQ,2019-04-18,2026-06-24,0
GNLX,NASDAQ,2023-01-26,2026-06-24,0
GNMK,NASDAQ,2010-05-28,2021-04-22,1
GNMX,NASDAQ,2011-04-08,2026-06-24,0
GNOG,NASDAQ,2019-06-06,2022-05-25,1
GNPK,NYSE,2021-01-14,2021-09-02,1
GNPX,NASDAQ,2018-03-29,2026-06-24,0
GNRC,NYSE,2010-02-11,2026-06-24,0
GNRT,NASDAQ,2015-06-25,2018-06-12,1
GNS,AMEX,2022-04-12,2026-06-24,0
GNSM,NASDAQ,2007-07-13,2007-10-25,1
GNSS,NASDAQ,1997-05-09,2026-06-24,0
GNTA,NASDAQ,2021-12-15,2026-06-24,0
GNTX,NASDAQ,1990-03-26,2026-06-24,0
GNTY,NYSE,2017-05-09,2025-09-30,1
GNVC,NASDAQ,2000-12-12,2017-06-26,1
GNW,NYSE,2004-05-25,2026-06-24,0
GO,NASDAQ,2019-06-20,2026-06-24,0
GOAC,NYSE,2020-09-25,2022-09-07,1
GOAI,NASDAQ,2009-01-22,2026-06-24,0
GOBI,NASDAQ,2021-06-29,2022-07-29,1
GOCOQ,NASDAQ,2020-07-15,2026-06-24,0
GODN,NASDAQ,2023-06-28,2025-01-24,1
GOEV,NASDAQ,2017-08-01,2026-06-24,0
GOGL,NASDAQ,1997-02-07,2026-06-24,0
GOGN,NYSE,2021-12-13,2023-07-05,1
GOGO,NASDAQ,2013-06-21,2026-06-24,0
GOLD,NYSE,2025-12-02,2026-06-24,0
GOLF,NYSE,2016-10-28,2026-06-24,0
GOMO,NASDAQ,2013-11-22,2015-11-17,1
GOOD,NASDAQ,2003-08-14,2026-06-24,0
GOODM,NASDAQ,2016-06-06,2021-06-29,1
GOODN,NASDAQ,2019-09-26,2026-06-24,0
GOODO,NASDAQ,2021-06-22,2026-06-24,0
GOODP,NASDAQ,2006-09-07,2019-10-25,1
GOOG,NASDAQ,2014-03-27,2026-06-24,0
GOOGL,NASDAQ,2004-08-19,2026-06-24,0
GOOS,NYSE,2017-03-16,2026-06-24,0
GORO,AMEX,2006-09-14,2026-06-24,0
GORV,NASDAQ,2018-03-16,2026-06-24,0
GOSS,NASDAQ,2019-02-08,2026-06-24,0
GOTU,NYSE,2019-06-06,2026-06-24,0
GOVM,BATS,2026-05-13,2026-06-24,0
GOVN,NYSE,2016-05-31,2021-06-11,1
GOVX,NASDAQ,2012-07-23,2026-06-24,0
GP,NASDAQ,2015-02-10,2026-06-24,0
GPAC,NASDAQ,2021-03-05,2026-06-24,0
GPAQ,NASDAQ,2018-03-12,2020-07-01,1
GPAT,NASDAQ,2024-07-01,2026-06-24,0
GPC,NYSE,1983-04-06,2026-06-24,0
GPCR,NASDAQ,2023-02-03,2026-06-24,0
GPGI,NYSE,2020-11-19,2026-06-24,0
GPI,NYSE,1997-10-30,2026-06-24,0
GPIA,NASDAQ,2015-08-28,2017-10-10,1
GPIC,NASDAQ,1994-03-29,2019-05-01,1
GPJA,NYSE,2017-09-25,2026-06-24,0
GPK,NYSE,1992-12-10,2026-06-24,0
GPMT,NYSE,2017-06-23,2026-06-24,0
GPN,NYSE,2001-01-16,2026-06-24,0
GPOR,NYSE,2021-05-19,2026-06-24,0
GPP,NASDAQ,2015-06-26,2024-01-09,1
GPR,NYSE MKT,2013-08-21,2021-10-05,1
GPRE,NASDAQ,2006-03-15,2026-06-24,0
GPRK,NYSE,2010-10-15,2026-06-24,0
GPRO,NASDAQ,2014-06-26,2026-06-24,0
GPT,NYSE,2004-08-02,2018-10-15,1
GPUS,AMEX,2024-09-09,2026-06-24,0
GPX,NYSE,1992-03-17,2021-10-14,1
GQGU,NYSE,2025-07-14,2026-06-24,0
GRA,NYSE,1982-01-04,2021-09-22,1
GRAB,NASDAQ,2020-12-01,2026-06-24,0
GRAF,AMEX,2024-08-16,2026-06-24,0
GRAL,NASDAQ,2024-06-25,2026-06-24,0
GRALV,NASDAQ,2024-06-12,2024-06-24,1
GRAN,NASDAQ,2025-07-01,2026-06-24,0
GRB,NYSE,1990-01-02,2011-11-30,1
GRBEQ,NYSE,2012-01-06,2013-04-15,1
GRBIC,NASDAQ,2018-02-21,2019-03-07,1
GRBK,NYSE,2007-06-14,2026-06-24,0
GRC,NYSE,1992-03-17,2026-06-24,0
GRCE,NASDAQ,2024-10-08,2026-06-24,0
GRCL,NASDAQ,2021-01-08,2026-06-24,0
GRDI,NASDAQ,2021-03-03,2024-10-31,1
GRDN,NYSE,2024-09-26,2026-06-24,0
GRDX,NASDAQ,2016-10-11,2026-06-24,0
GREE,NASDAQ,2021-09-14,2026-06-24,0
GREEL,NASDAQ,2021-10-14,2026-06-24,0
GRFS,NASDAQ,2011-06-02,2026-06-24,0
GRHHQ,NYSE,2016-01-04,2017-10-09,1
GRI,NASDAQ,2021-02-10,2026-06-24,0
GRIN,NASDAQ,2018-06-18,2024-09-09,1
GRM,NYSE,2010-02-11,2011-11-30,1
GRML,NASDAQ,2022-04-29,2026-06-24,0
GRMN,NYSE,2000-12-08,2026-06-24,0
GRNA,NASDAQ,2022-02-03,2023-08-14,1
GRND,NYSE,2021-01-14,2026-06-24,0
GRNQ,NASDAQ,2015-07-09,2026-06-24,0
GRNT,NYSE,2020-11-06,2026-06-24,0
GRO,AMEX,2024-11-27,2026-06-24,0
GROM,NASDAQ,2017-07-20,2026-06-24,0
GROV,NYSE,2021-05-13,2026-06-24,0
GROW,NASDAQ,1996-06-03,2026-06-24,0
GROY,AMEX,2021-03-09,2026-06-24,0
GRPN,NASDAQ,2011-11-04,2026-06-24,0
GRRR,NASDAQ,2022-07-14,2026-06-24,0
GRSV,NASDAQ,2020-09-29,2021-09-15,1
GRT,NYSE,1994-01-20,2015-01-15,1
GRTS,NASDAQ,2026-02-06,2026-06-24,0
GRUB,NYSE,2014-04-04,2021-06-11,1
GRVY,NASDAQ,2005-02-08,2026-06-24,0
GRWG,NASDAQ,2016-11-11,2026-06-24,0
GRYP,NASDAQ,2018-02-26,2025-09-02,1
GS,NYSE,1999-05-04,2026-06-24,0
GSAH,NYSE,2021-10-19,2021-10-20,1
GSAQ,NASDAQ,2021-03-01,2022-07-26,1
GSAT,NASDAQ,2006-11-02,2026-06-24,0
GSB,NYSE MKT,2003-09-09,2020-08-28,1
GSBC,NASDAQ,1990-03-26,2026-06-24,0
GSBD,NYSE,2015-03-18,2026-06-24,0
GSEV,NASDAQ,2021-04-15,2022-12-15,1
GSF,NYSE,2011-03-29,2015-10-22,1
GSHD,NASDAQ,2018-04-27,2026-06-24,0
GSHR,NASDAQ,2025-05-12,2026-06-24,0
GSHT,NASDAQ,2017-03-24,2018-10-17,1
GSIT,NASDAQ,2007-03-29,2026-06-24,0
GSIW,NASDAQ,2023-12-01,2026-06-24,0
GSJ,NYSE,2012-05-09,2016-10-31,1
GSK,NYSE,1986-07-09,2026-06-24,0
GSKNF,NYSE,2014-04-22,2014-07-29,1
GSKY,NASDAQ,2018-05-24,2022-03-29,1
GSL,NYSE,2008-08-15,2026-06-24,0
GSLD,NYSE,2019-11-22,2022-07-15,1
GSM,NASDAQ,2009-07-30,2026-06-24,0
GSOL,NYSE ARCA,2000-04-17,2026-05-28,1
GSQB,NYSE,2021-08-05,2023-06-15,1
GSQD,NYSE,2021-03-26,2023-02-08,1
GSRF,NASDAQ,2025-10-20,2026-06-24,0
GSRT,NASDAQ,2024-12-19,2025-10-09,1
GSS,NYSE MKT,2001-09-26,2022-02-03,1
GST,NYSE,2006-01-05,2018-09-06,1
GSUI,NYSE,2025-11-24,2026-06-24,0
GSUM,NASDAQ,2016-09-23,2021-03-25,1
GSUN,NASDAQ,2022-06-22,2026-06-24,0
GSV,NYSE MKT,2012-06-08,2022-08-17,1
GT,NASDAQ,1970-01-02,2026-06-24,0
GTAC,NASDAQ,2021-12-27,2026-06-24,0
GTAT,NASDAQ,2008-07-25,2021-11-02,1
GTBP,NASDAQ,2017-09-22,2026-06-24,0
GTE,AMEX,2005-12-21,2026-06-24,0
GTEC,NASDAQ,2018-08-08,2026-06-24,0
GTEN,NASDAQ,2025-06-23,2026-06-24,0
GTERA,NASDAQ,2025-07-25,2026-06-24,0
GTES,NYSE,2018-01-25,2026-06-24,0
GTH,NASDAQ,2020-06-15,2024-03-28,1
GTHX,NASDAQ,2017-05-17,2024-09-18,1
GTIM,NASDAQ,1995-08-18,2026-06-24,0
GTIV,NASDAQ,2000-02-10,2015-02-02,1
GTLB,NASDAQ,2021-10-14,2026-06-24,0
GTLS,NYSE,2006-07-26,2026-06-24,0
GTM,NASDAQ,2020-06-04,2026-06-24,0
GTN,NYSE,2002-08-30,2026-06-24,0
GTPA,NASDAQ,2021-05-06,2022-12-15,1
GTPB,NASDAQ,2021-05-05,2022-12-15,1
GTS,NYSE,2007-12-07,2022-01-31,1
GTWN,NASDAQ,2005-01-06,2017-05-24,1
GTX,NASDAQ,2018-09-17,2026-06-24,0
GTXAP,NASDAQ,2021-05-28,2023-06-12,1
GTY,NYSE,1973-05-03,2026-06-24,0
GTYH,NASDAQ,2016-11-18,2022-09-07,1
GUA,NYSE,2016-01-04,2016-04-26,1
GUG,NYSE,2021-11-24,2026-06-24,0
GUID,NASDAQ,2006-12-13,2017-09-14,1
GURE,NASDAQ,2006-08-14,2026-06-24,0
GUTS,NASDAQ,2024-02-02,2026-06-24,0
GV,NASDAQ,2022-05-17,2026-06-24,0
GVA,NYSE,1992-02-25,2026-06-24,0
GVCI,NASDAQ,2022-01-03,2023-05-09,1
GVH,NASDAQ,2023-11-08,2026-06-24,0
GVP,NASDAQ,1995-07-27,2024-11-01,1
GWAV,NASDAQ,2016-01-04,2026-06-24,0
GWB,NYSE,2014-10-15,2022-02-02,1
GWGHQ,NASDAQ,2014-09-25,2022-04-28,1
GWH,NYSE,2021-01-04,2026-06-24,0
GWII,NASDAQ,2021-08-24,2023-03-15,1
GWPH,NASDAQ,2013-05-01,2021-05-05,1
GWR,NYSE,1996-06-25,2020-01-02,1
GWRE,NYSE,2012-01-25,2026-06-24,0
GWRS,NASDAQ,2016-04-28,2026-06-24,0
GWRU,NYSE,2012-09-17,2015-09-30,1
GWW,NYSE,1984-12-17,2026-06-24,0
GXAI,NASDAQ,2023-02-15,2026-06-24,0
GXII,NASDAQ,2021-05-10,2023-03-20,1
GXO,NYSE,2021-07-22,2026-06-24,0
GXP,NYSE,1987-11-05,2018-06-05,1
GXRP,NYSE,2025-11-24,2026-06-24,0
GY,NASDAQ,1981-02-02,2015-04-24,1
GYB,NYSE,2004-06-04,2019-12-06,1
GYC,NYSE,2005-11-21,2021-02-16,1
GYRE,NASDAQ,2006-04-12,2026-06-24,0
GYRO,NASDAQ,1995-08-18,2026-06-24,0
H,NYSE,2009-11-05,2026-06-24,0
HA,NASDAQ,1995-06-21,2024-09-18,1
HAAC,NASDAQ,2021-01-14,2022-11-03,1
HABT,NASDAQ,2014-11-20,2020-04-02,1
HACQ,NASDAQ,2026-04-06,2026-06-24,0
HAE,NYSE,1991-05-10,2026-06-24,0
HAFC,NASDAQ,1997-05-09,2026-06-24,0
HAFN,NYSE,2020-06-18,2026-06-24,0
HAIA,NASDAQ,2022-02-01,2026-06-24,0
HAIN,NASDAQ,1994-01-20,2026-06-24,0
HAL,NYSE,1972-06-01,2026-06-24,0
HALO,NASDAQ,2004-03-16,2026-06-24,0
HALX,NYSE,2026-05-19,2026-06-24,0
HAMPQ,NASDAQ,2001-01-02,2017-10-09,1
HAO,NASDAQ,2024-01-26,2026-06-24,0
HAPN,NASDAQ,2014-12-11,2026-06-24,0
HAR,NYSE,2016-01-04,2017-03-10,1
HARP,NASDAQ,2019-02-08,2024-03-11,1
HART,NASDAQ,2013-10-21,2016-03-31,1
HAS,NASDAQ,1984-12-18,2026-06-24,0
HASI,NYSE,2013-04-18,2026-06-24,0
HAST,NASDAQ,2006-12-28,2014-07-15,1
HAVA,NASDAQ,2025-12-15,2026-06-24,0
HAWK,NYSE,2026-05-07,2026-06-24,0
HAWKQ,NASDAQ,2009-08-14,2012-10-15,1
HAYN,NASDAQ,2007-03-21,2024-11-21,1
HAYW,NYSE,2021-03-12,2026-06-24,0
HBAN,NASDAQ,1990-03-26,2026-06-24,0
HBANL,NASDAQ,2023-03-06,2026-06-24,0
HBANM,NASDAQ,2021-06-10,2026-06-24,0
HBANN,NASDAQ,2016-08-19,2021-10-15,1
HBANO,NASDAQ,2016-03-28,2021-07-15,1
HBANP,NASDAQ,2021-02-02,2026-06-24,0
HBANZ,NASDAQ,2026-02-02,2026-06-24,0
HBB,NYSE,2017-09-26,2026-06-24,0
HBCP,NASDAQ,2008-10-08,2026-06-24,0
HBE,NASDAQ,2001-11-16,2011-01-03,1
HBHC,NASDAQ,1991-06-04,2018-05-24,1
HBHCL,NASDAQ,2015-04-01,2018-05-24,1
HBI,NYSE,2006-09-06,2026-06-24,0
HBIO,NASDAQ,2001-03-19,2026-06-24,0
HBK,NASDAQ,2012-10-10,2019-04-30,1
HBM,NYSE,2009-02-13,2026-06-24,0
HBMD,NASDAQ,2007-10-09,2022-02-24,1
HBMX,BATS,2026-06-02,2026-06-24,0
HBNB,NASDAQ,2025-06-03,2026-06-24,0
HBNC,NASDAQ,2001-12-17,2026-06-24,0
HBNK,NASDAQ,2007-01-17,2015-04-17,1
HBOS,NASDAQ,2005-06-30,2015-06-30,1
HBP,NASDAQ,2009-01-05,2022-05-25,1
HBR,NASDAQ,2025-10-28,2026-06-24,0
HBRD,NYSE,2026-02-25,2026-06-24,0
HBT,NASDAQ,2019-10-11,2026-06-24,0
HCA,NYSE,2011-03-10,2026-06-24,0
HCAC,NASDAQ,2026-01-27,2026-06-24,0
HCAI,NASDAQ,2025-02-05,2026-06-24,0
HCAP,NASDAQ,2013-05-03,2021-06-09,1
HCAPL,NASDAQ,2015-01-23,2017-09-22,1
HCAPZ,NASDAQ,2017-08-31,2021-07-23,1
HCAR,NASDAQ,2021-01-05,2022-12-22,1
HCAT,NASDAQ,2019-07-25,2026-06-24,0
HCBK,NASDAQ,1999-07-13,2015-10-30,1
HCC,NYSE,2017-04-10,2026-06-24,0
HCCH,NASDAQ,2018-07-18,2020-12-10,1
HCCI,NASDAQ,2008-03-12,2023-10-17,1
HCHL,NASDAQ,2025-06-24,2026-06-24,0
HCI,NYSE,2008-09-15,2026-06-24,0
HCIC,NASDAQ,2021-03-08,2026-06-24,0
HCII,NASDAQ,2021-03-30,2022-12-21,1
HCJ,NYSE,2016-01-04,2017-03-22,1
HCKT,NASDAQ,1998-05-28,2026-06-24,0
HCLP,NYSE,2012-08-16,2019-05-31,1
HCM,NASDAQ,2016-03-17,2026-06-24,0
HCMA,NASDAQ,2026-05-28,2026-06-24,0
HCN,NYSE,1992-03-17,2018-02-27,1
HCNE,NASDAQ,2021-08-05,2023-06-16,1
HCP,NASDAQ,2021-12-09,2025-02-27,1
HCR,NYSE,2019-06-03,2020-07-13,1
HCSG,NASDAQ,1990-03-26,2026-06-24,0
HCT,NASDAQ,2014-04-07,2015-01-16,1
HCTI,NASDAQ,2021-10-13,2026-06-24,0
HCWB,NASDAQ,2021-07-20,2026-06-24,0
HCWC,AMEX,2024-09-16,2026-06-24,0
HCXY,NYSE,2018-09-27,2026-06-24,0
HCXZ,NYSE,2018-05-03,2021-06-30,1
HD,NYSE,1981-09-22,2026-06-24,0
HDB,NYSE,2001-07-20,2026-06-24,0
HDL,NASDAQ,2024-05-17,2026-06-24,0
HDNG,NASDAQ,1995-05-25,2018-05-29,1
HDP,NASDAQ,2014-12-12,2019-01-03,1
HDRA,NASDAQ,2016-01-08,2017-01-04,1
HDRN,NASDAQ,2026-05-26,2026-06-24,0
HDS,NASDAQ,2013-06-27,2020-12-24,1
HDSN,NASDAQ,1994-11-02,2026-06-24,0
HE,NYSE,1987-11-05,2026-06-24,0
HEAT,BATS,2026-02-06,2026-06-24,0
HEES,NASDAQ,2006-01-31,2025-06-02,1
HEFT,NYSE,2025-11-21,2026-06-24,0
HEI,NYSE,1992-03-17,2026-06-24,0
HELE,NASDAQ,1990-03-26,2026-06-24,0
HELP,NASDAQ,2019-09-13,2026-06-24,0
HELS,NYSE,2025-12-11,2026-06-24,0
HEMI,BATS,2025-12-17,2026-06-24,0
HEOP,NASDAQ,2001-01-02,2017-04-10,1
HEP,NYSE,2004-07-08,2023-12-01,1
HEPS,NASDAQ,2021-07-01,2026-06-24,0
HERA,NASDAQ,2021-04-26,2023-03-07,1
HERE,NASDAQ,2023-01-25,2026-06-24,0
HEROQ,NASDAQ,2016-01-04,2016-12-12,1
HERZ,NASDAQ,2025-07-07,2026-06-24,0
HES,NYSE,1983-04-06,2025-07-18,1
HESM,NYSE,2017-04-05,2026-06-24,0
HEXO,NASDAQ,2017-03-23,2023-06-22,1
HF,NYSE,2007-01-31,2019-07-01,1
HFBC,NASDAQ,1998-02-09,2019-07-26,1
HFBL,NASDAQ,2007-06-20,2026-06-24,0
HFFC,NASDAQ,2016-01-04,2016-05-24,1
HFFG,NASDAQ,2017-09-07,2026-06-24,0
HFGIC,NASDAQ,2017-12-07,2019-04-22,1
HFWA,NASDAQ,1998-05-07,2026-06-24,0
HG,NYSE,2023-11-10,2026-06-24,0
HGBL,NASDAQ,2016-01-05,2026-06-24,0
HGG,NYSE,2017-01-03,2017-02-27,1
HGGG,NYSE,2017-02-28,2017-02-28,1
HGH,NYSE,2012-04-25,2022-05-13,1
HGLB,NYSE,2019-02-19,2026-06-24,0
HGR,NYSE,1992-03-17,2016-02-26,1
HGT,NYSE,1999-04-09,2018-08-24,1
HGTY,NYSE,2021-06-01,2026-06-24,0
HGV,NYSE,2017-01-04,2026-06-24,0
HH,NYSE,1987-06-22,2017-05-01,1
HHGC,NASDAQ,2021-11-11,2026-06-24,0
HHH,NYSE,2010-11-05,2026-06-24,0
HHLA,NYSE,2021-03-29,2024-02-09,1
HHR,NASDAQ,2019-05-09,2023-06-20,1
HHRS,NASDAQ,2021-10-05,2023-12-21,1
HHS,NASDAQ,1993-11-04,2026-06-24,0
HI,NYSE,2008-03-28,2026-02-10,1
HIBB,NASDAQ,1996-10-11,2024-07-25,1
HIFR,NYSE,2015-01-30,2019-05-16,1
HIFS,NASDAQ,1992-02-25,2026-06-24,0
HIG,NYSE,1995-12-15,2026-06-24,0
HIGA,NYSE,2020-12-11,2022-10-21,1
HIHO,NASDAQ,1996-12-11,2026-06-24,0
HII,NYSE,2011-03-22,2026-06-24,0
HIII,NASDAQ,2021-04-20,2022-12-21,1
HIL,NYSE,2004-08-12,2023-01-17,1
HILL,NASDAQ,1997-09-17,2015-10-05,1
HIMS,NYSE,2019-09-13,2026-06-24,0
HIMX,NASDAQ,2006-03-31,2026-06-24,0
HIND,NASDAQ,2016-10-06,2026-06-24,0
HIPO,NYSE,2021-08-03,2026-06-24,0
HIRE,NASDAQ,2001-06-18,2009-08-28,1
HIT,NASDAQ,2024-12-23,2026-06-24,0
HITI,NASDAQ,2019-01-28,2026-06-24,0
HITK,NASDAQ,1992-08-04,2014-04-17,1
HITT,NASDAQ,2005-07-22,2014-07-22,1
HIVE,NASDAQ,2018-01-12,2026-06-24,0
HIW,NYSE,1994-06-08,2026-06-24,0
HJUN,BATS,2026-06-02,2026-06-24,0
HJV,NYSE,2007-03-27,2020-06-01,1
HKD,NYSE,2022-07-15,2026-06-24,0
HKFI,NYSE,2010-01-04,2016-02-02,1
HKIT,NASDAQ,2024-02-29,2026-06-24,0
HKPD,NASDAQ,2025-01-15,2026-06-24,0
HKRSQ,NYSE,2004-05-25,2019-10-08,1
HL,NYSE,1985-02-14,2026-06-24,0
HLAH,NASDAQ,2021-03-18,2022-12-14,1
HLF,NYSE,2004-12-16,2026-06-24,0
HLG,NASDAQ,2015-07-07,2022-09-15,1
HLI,NYSE,2015-08-13,2026-06-24,0
HLIO,NYSE,1997-01-09,2026-06-24,0
HLIT,NASDAQ,1995-05-24,2026-06-24,0
HLLY,NYSE,2022-09-08,2026-06-24,0
HLMN,NASDAQ,2020-12-03,2026-06-24,0
HLN,NYSE,2022-07-22,2026-06-24,0
HLNE,NASDAQ,2017-03-01,2026-06-24,0
HLP,NASDAQ,2023-03-29,2026-06-24,0
HLS,NYSE,1989-09-13,2017-12-29,1
HLSS,NASDAQ,2012-02-29,2015-04-28,1
HLT,NYSE,2013-12-12,2026-06-24,0
HLTH,NYSE,2009-02-13,2019-09-10,1
HLVX,NASDAQ,2022-04-29,2025-09-17,1
HLX,NYSE,1997-07-01,2026-06-24,0
HLXB,NASDAQ,2024-02-09,2025-08-11,1
HLXC,NASDAQ,2026-01-23,2026-06-24,0
HLXX,BATS,2026-03-24,2026-06-24,0
HMA,NYSE,2022-03-14,2023-07-25,1
HMAC,NASDAQ,2022-09-12,2023-08-18,1
HMAY,BATS,2026-05-06,2026-06-24,0
HMC,NYSE,1980-03-17,2026-06-24,0
HMCO,NASDAQ,2021-01-29,2022-12-01,1
HME,NYSE,1994-08-01,2015-10-07,1
HMG,NYSE MKT,1995-08-18,2022-01-24,1
HMH,NASDAQ,2026-04-01,2026-06-24,0
HMHC,NASDAQ,2013-11-14,2022-09-08,1
HMIN,NASDAQ,2006-10-26,2016-04-04,1
HMLP,NYSE,2014-08-07,2023-01-30,1
HMN,NYSE,1991-11-15,2026-06-24,0
HMNF,NASDAQ,1994-06-30,2026-06-24,0
HMPR,NASDAQ,2016-01-04,2016-08-08,1
HMPT,NASDAQ,2021-01-29,2023-08-01,1
HMR,NASDAQ,2008-02-05,2026-06-24,0
HMST,NASDAQ,2012-02-10,2025-08-29,1
HMSY,NASDAQ,1992-12-18,2021-04-01,1
HMTA,NASDAQ,2007-09-26,2019-03-29,1
HMTV,NASDAQ,2013-04-05,2022-09-13,1
HMY,NYSE,1996-09-30,2026-06-24,0
HNBC,NASDAQ,2017-07-13,2017-09-18,1
HNGE,NYSE,2025-05-22,2026-06-24,0
HNH,NASDAQ,2005-08-22,2017-10-23,1
HNI,NYSE,1990-03-26,2026-06-24,0
HNIN,NASDAQ,2016-01-04,2017-10-03,1
HNNA,NASDAQ,2002-10-15,2026-06-24,0
HNNAZ,NASDAQ,2021-10-25,2026-06-24,0
HNR,NYSE,1989-11-07,2017-05-19,1
HNRG,NASDAQ,1997-01-20,2026-06-24,0
HNSN,NASDAQ,2006-11-15,2016-07-28,1
HNST,NASDAQ,2021-05-04,2026-06-24,0
HNT,NYSE,1991-11-06,2016-04-01,1
HNVR,NASDAQ,2022-05-11,2026-06-24,0
HNZ,NYSE,2001-01-02,2013-10-17,1
HODL,BATS,2024-01-11,2026-06-24,0
HOFT,NASDAQ,2001-01-02,2026-06-24,0
HOG,NYSE,1987-11-05,2026-06-24,0
HOGS,NASDAQ,2007-12-27,2013-06-26,1
HOLA,NYSE,2025-07-14,2026-06-24,0
HOLI,NASDAQ,2008-10-22,2026-06-24,0
HOLL,NASDAQ,2014-02-18,2018-09-25,1
HOLO,NASDAQ,2022-09-19,2026-06-24,0
HOLX,NASDAQ,1990-03-26,2026-04-07,1
HOMB,NYSE,2006-06-23,2026-06-24,0
HOME,NYSE,2016-08-04,2021-07-27,1
HON,NASDAQ,1970-01-02,2026-06-24,0
HONAV,NASDAQ,2026-06-15,2026-06-24,0
HONE,NASDAQ,2016-06-30,2026-06-24,0
HONG,BATS,2026-05-12,2026-06-24,0
HONIV,NASDAQ,2025-10-21,2026-06-24,0
HOOD,NASDAQ,2021-07-29,2026-06-24,0
HOOZ,NYSE,2025-11-13,2026-06-24,0
HOPE,NASDAQ,1998-01-29,2026-06-24,0
HORI,NASDAQ,2022-02-07,2023-03-10,1
HOS,NYSE,2004-03-26,2019-12-20,1
HOTR,NASDAQ,2006-10-31,2017-11-13,1
HOTT,NASDAQ,2006-12-28,2013-06-12,1
HOUR,NASDAQ,2022-01-07,2026-06-24,0
HOUS,NYSE,2012-10-11,2026-01-08,1
HOV,NYSE,1992-03-17,2026-06-24,0
HOVNP,NASDAQ,2005-11-30,2026-06-24,0
HOVR,NASDAQ,2024-01-16,2026-06-24,0
HOWL,NASDAQ,2021-04-30,2026-06-24,0
HP,NYSE,1980-10-15,2026-06-24,0
HPAI,NASDAQ,2024-08-05,2026-06-24,0
HPC,NYSE,2006-12-28,2008-11-24,1
HPE,NYSE,2015-10-19,2026-06-24,0
HPHW,NYSE,2016-01-04,2018-08-28,1
HPJ,NASDAQ,2008-06-19,2019-10-31,1
HPK,NASDAQ,2020-08-24,2026-06-24,0
HPLT,NASDAQ,2021-11-29,2023-10-18,1
HPP,NYSE,2010-06-24,2026-06-24,0
HPQ,NYSE,1962-01-02,2026-06-24,0
HPR,NYSE,2018-03-19,2021-04-01,1
HPTRP,NASDAQ,2016-01-04,2017-02-17,1
HPTX,NASDAQ,2012-07-26,2015-05-07,1
HPWR,NASDAQ,2001-01-02,2010-06-03,1
HPX,NYSE,2020-09-09,2023-03-03,1
HPY,NYSE,2005-08-15,2016-05-02,1
HQ,NASDAQ,2026-03-20,2026-06-24,0
HQCL,NASDAQ,2006-12-20,2019-01-16,1
HQI,NASDAQ,2002-06-06,2026-06-24,0
HQY,NASDAQ,2014-07-31,2026-06-24,0
HR,NYSE,1993-05-27,2026-06-24,0
HRB,NYSE,1986-11-12,2026-06-24,0
HRC,NYSE,1987-03-02,2021-12-13,1
HRG,NYSE,1983-04-06,2018-07-13,1
HRI,NYSE,2006-11-16,2026-06-24,0
HRL,NYSE,1990-01-02,2026-06-24,0
HRMN,NASDAQ,2015-06-04,2017-07-24,1
HRMY,NASDAQ,2020-08-19,2026-06-24,0
HROW,NASDAQ,2007-09-28,2026-06-24,0
HRT,NYSE,2021-10-29,2024-06-28,1
HRTG,NYSE,2014-05-23,2026-06-24,0
HRTX,NASDAQ,1987-08-27,2026-06-24,0
HRYU,NASDAQ,2023-08-01,2026-06-24,0
HRZB,NASDAQ,2010-01-21,2014-01-28,1
HRZN,NASDAQ,2010-10-29,2026-06-24,0
HS,NYSE,2006-02-03,2013-02-06,1
HSAC,NASDAQ,2019-06-21,2019-12-18,1
HSAI,NASDAQ,2023-02-09,2026-06-24,0
HSBC,NYSE,1999-07-16,2026-06-24,0
HSCS,NASDAQ,2022-06-15,2026-06-24,0
HSDT,NASDAQ,2014-06-27,2026-06-24,0
HSEA,NYSE,2008-04-03,2018-06-01,1
HSEB,NYSE,2010-06-21,2018-06-01,1
HSH,NYSE,1986-05-05,2014-08-29,1
HSHP,NYSE,2022-10-25,2026-06-24,0
HSIC,NASDAQ,1995-11-03,2026-06-24,0
HSICV,NASDAQ,2019-02-06,2019-02-07,1
HSII,NASDAQ,1999-04-27,2026-06-24,0
HSKA,NASDAQ,1997-07-01,2023-06-13,1
HSLV,AMEX,2026-03-11,2026-06-24,0
HSNI,NASDAQ,2008-08-12,2018-01-02,1
HSON,NASDAQ,2025-09-05,2025-09-09,1
HSP,NYSE,2004-05-03,2015-09-02,1
HSPT,NASDAQ,2025-02-05,2026-06-15,1
HST,NASDAQ,1983-04-06,2026-06-24,0
HSTM,NASDAQ,2000-04-11,2026-06-24,0
HSY,NYSE,1985-07-01,2026-06-24,0
HT,NYSE,1999-01-21,2023-11-28,1
HTAQ,NYSE,2021-12-30,2022-10-31,1
HTB,NYSE,2012-07-11,2026-06-24,0
HTBK,NASDAQ,1998-07-20,2026-06-24,0
HTCH,NASDAQ,2016-01-04,2016-10-06,1
HTCO,NASDAQ,2022-12-16,2026-06-24,0
HTCR,NASDAQ,2022-02-10,2026-06-24,0
HTF,NYSE,2012-03-27,2017-10-27,1
HTFA,NYSE,2017-10-04,2021-04-23,1
HTFC,NYSE,2022-06-27,2026-06-24,0
HTFL,NASDAQ,2025-08-08,2026-06-24,0
HTGC,NYSE,2005-06-09,2026-06-24,0
HTGX,NYSE,2014-07-17,2019-02-01,1
HTGY,NYSE,2016-01-04,2017-02-02,1
HTGZ,NYSE,2016-01-04,2017-02-02,1
HTH,NYSE,2004-02-19,2026-06-24,0
HTHT,NASDAQ,2010-03-26,2026-06-24,0
HTLD,NASDAQ,1990-03-26,2026-06-24,0
HTLF,NASDAQ,1999-01-04,2026-06-24,0
HTLFP,NASDAQ,2020-06-22,2026-06-24,0
HTLM,NASDAQ,2024-10-01,2026-06-24,0
HTM,NYSE,2005-05-20,2018-07-09,1
HTO,NASDAQ,1972-06-01,2026-06-24,0
HTOO,NASDAQ,2020-12-10,2026-06-24,0
HTPA,NYSE,2021-01-25,2022-12-07,1
HTS,NYSE,2008-04-29,2016-07-20,1
HTT,NYSE,2017-10-18,2026-06-24,0
HTV,NYSE,2006-12-28,2009-06-04,1
HTWR,NASDAQ,2016-01-04,2016-08-24,1
HTZ,NASDAQ,2021-07-01,2026-06-24,0
HUBB,NYSE,2015-12-24,2026-06-24,0
HUBC,NASDAQ,2023-02-28,2026-06-24,0
HUBCZ,NASDAQ,2023-03-03,2026-06-24,0
HUBG,NASDAQ,1996-03-13,2026-06-24,0
HUBS,NYSE,2014-10-09,2026-06-24,0
HUD,NYSE,2018-02-01,2020-12-02,1
HUDA,NASDAQ,2022-12-27,2026-06-24,0
HUDI,NASDAQ,2021-01-22,2026-06-24,0
HUGS,NYSE,2021-04-19,2022-12-28,1
HUHU,NASDAQ,2024-10-22,2026-06-24,0
HUIZ,NASDAQ,2020-02-12,2026-06-24,0
HULL,BATS,2026-05-06,2026-06-24,0
HUM,NYSE,1981-12-31,2026-06-24,0
HUMA,NASDAQ,2021-08-26,2026-06-24,0
HUN,NYSE,2005-02-14,2026-06-24,0
HURA,NASDAQ,2013-02-22,2026-06-24,0
HURC,NASDAQ,1989-09-05,2026-06-24,0
HURN,NASDAQ,2004-10-13,2026-06-24,0
HUT,NASDAQ,2018-03-08,2026-06-24,0
HUYA,NYSE,2018-05-11,2026-06-24,0
HVB,NYSE,1999-12-13,2015-06-30,1
HVBC,NASDAQ,2017-01-12,2023-06-16,1
HVII,NASDAQ,2025-02-10,2026-06-24,0
HVMC,NASDAQ,2025-10-02,2026-06-24,0
HVT,NYSE,1992-02-25,2026-06-24,0
HW,NYSE,1995-06-15,2017-07-14,1
HWBK,NASDAQ,1999-07-20,2026-06-24,0
HWC,NASDAQ,2001-01-02,2026-06-24,0
HWCC,NASDAQ,2006-06-15,2021-06-15,1
HWCPL,NASDAQ,2018-05-25,2021-06-14,1
HWCPZ,NASDAQ,2020-06-17,2026-06-24,0
HWEL,NASDAQ,2021-09-30,2023-12-04,1
HWG,NYSE,2006-12-28,2014-05-15,1
HWH,NASDAQ,2024-01-08,2026-06-24,0
HWKN,NASDAQ,1993-10-27,2026-06-24,0
HWKZ,NYSE,2021-11-29,2023-07-11,1
HWM,NYSE,1962-01-02,2026-06-24,0
HXHX,NASDAQ,2025-04-15,2026-06-24,0
HXL,NYSE,1987-11-05,2026-06-24,0
HY,NYSE,2012-10-01,2026-06-24,0
HYAC,NYSE,2023-09-15,2026-04-08,1
HYC,NYSE,2006-12-28,2011-11-30,1
HYFM,NASDAQ,2020-12-10,2026-06-24,0
HYFT,NASDAQ,2017-01-03,2026-06-24,0
HYGM,BATS,2026-04-21,2026-06-24,0
HYGS,NASDAQ,2000-11-01,2019-09-09,1
HYH,NYSE,2014-10-21,2018-06-29,1
HYLN,AMEX,2019-04-22,2026-06-24,0
HYMC,NASDAQ,2018-03-12,2026-06-24,0
HYMCL,NASDAQ,2021-01-26,2025-10-03,1
HYMCZ,NASDAQ,2017-02-17,2022-10-21,1
HYNE,NASDAQ,2025-12-04,2026-06-24,0
HYPD,NASDAQ,2018-01-25,2026-06-24,0
HYPR,NASDAQ,2021-01-27,2026-06-24,0
HYZN,NASDAQ,2020-12-14,2026-06-24,0
HZN,NYSE,2015-07-01,2023-02-07,1
HZNP,NASDAQ,2011-07-28,2023-10-06,1
HZO,NYSE,1998-06-03,2026-06-24,0
HZON,NYSE,2020-12-10,2023-04-25,1
I,NYSE,2020-05-19,2022-02-23,1
IAA,NYSE,2019-06-17,2023-03-20,1
IACA,NYSE,2020-10-27,2021-06-29,1
IACB,NYSE,2021-04-05,2021-12-01,1
IACC,NYSE,2021-04-30,2022-11-17,1
IACI,NASDAQ,1993-01-19,2016-01-20,1
IACO,NASDAQ,2026-04-06,2026-06-24,0
IACQ,NASDAQ,2026-06-18,2026-06-24,0
IACVV,NASDAQ,2025-03-26,2026-06-24,0
IAG,NYSE,2003-07-15,2026-06-24,0
IART,NASDAQ,1995-08-16,2026-06-24,0
IARTV,NASDAQ,2015-06-17,2015-07-01,1
IAS,NASDAQ,2021-06-30,2025-12-23,1
IAUX,AMEX,2021-04-22,2026-06-24,0
IBAC,NASDAQ,2024-05-01,2026-06-24,0
IBCP,NASDAQ,2001-01-02,2026-06-24,0
IBER,NYSE,2021-04-20,2023-03-01,1
IBEX,NASDAQ,2020-08-07,2026-06-24,0
IBFR,NYSE,2026-02-24,2026-06-24,0
IBG,NASDAQ,2024-09-26,2026-06-24,0
IBHM,BATS,2026-03-26,2026-06-24,0
IBIM,NYSE,2026-03-26,2026-06-24,0
IBIO,NASDAQ,2008-08-19,2026-06-24,0
IBKC,NASDAQ,1995-04-10,2020-07-01,1
IBKCN,NASDAQ,2019-03-29,2020-07-01,1
IBKCO,NASDAQ,2016-05-23,2020-07-01,1
IBKCP,NASDAQ,2015-08-31,2020-07-01,1
IBKR,NASDAQ,2007-05-04,2026-06-24,0
IBM,NYSE,1962-01-02,2026-06-24,0
IBMU,BATS,2026-03-26,2026-06-24,0
IBMV,BATS,2026-03-26,2026-06-24,0
IBMW,BATS,2026-04-08,2026-06-24,0
IBMX,BATS,2026-04-15,2026-06-24,0
IBN,NYSE,2000-03-28,2026-06-24,0
IBO,AMEX,2024-09-16,2026-06-24,0
IBOC,NASDAQ,1996-05-30,2026-06-24,0
IBP,NYSE,2014-02-13,2026-06-24,0
IBRX,NASDAQ,2015-07-28,2026-06-24,0
IBTA,NYSE,2024-04-18,2026-06-24,0
IBTX,NASDAQ,2013-04-04,2026-06-24,0
ICA,NYSE,1992-04-09,2016-07-11,1
ICAD,NASDAQ,1992-03-17,2025-07-17,1
ICBK,NASDAQ,2015-01-16,2021-12-10,1
ICCC,NASDAQ,1995-07-10,2026-06-24,0
ICCH,NASDAQ,2017-03-28,2026-06-24,0
ICCM,NASDAQ,2013-11-07,2026-06-24,0
ICE,NYSE,2005-11-16,2026-06-24,0
ICEL,NASDAQ,2013-07-25,2015-05-01,1
ICFI,NASDAQ,2006-09-28,2026-06-24,0
ICG,NASDAQ,2023-03-16,2026-06-24,0
ICGE,NASDAQ,1999-08-05,2014-09-02,1
ICHR,NASDAQ,2016-12-09,2026-06-24,0
ICL,NYSE,2014-09-24,2026-06-24,0
ICLK,NASDAQ,2017-12-21,2025-03-12,1
ICLR,NASDAQ,1998-05-15,2026-06-24,0
ICMB,NASDAQ,2014-02-06,2026-06-24,0
ICNC,NYSE,2021-12-13,2023-09-26,1
ICON,NASDAQ,2024-07-12,2026-06-24,0
ICPT,NASDAQ,2012-10-11,2026-06-24,0
ICU,NASDAQ,2022-10-28,2026-06-24,0
ICUI,NASDAQ,1992-03-31,2026-06-24,0
ICVX,NASDAQ,2021-07-29,2024-02-20,1
ID,NYSE MKT,2001-01-02,2023-12-26,1
IDA,NYSE,1986-10-17,2026-06-24,0
IDAI,NASDAQ,2021-02-24,2026-06-24,0
IDC,NYSE,2006-12-28,2011-08-08,1
IDCC,NASDAQ,1990-03-26,2026-06-24,0
IDICQ,NYSE MKT,2017-12-01,2024-02-26,1
IDIX,NASDAQ,2004-07-22,2014-08-05,1
IDJN,BATS,2026-06-02,2026-06-24,0
IDMY,BATS,2026-05-06,2026-06-24,0
IDN,NASDAQ,1999-11-19,2026-06-24,0
IDR,AMEX,2011-02-23,2026-06-24,0
IDSA,NASDAQ,1996-05-30,2019-12-30,1
IDT,NYSE,2001-05-16,2026-06-24,0
IDTI,NASDAQ,1990-03-26,2019-03-29,1
IDXX,NASDAQ,1991-06-24,2026-06-24,0
IDYA,NASDAQ,2019-05-23,2026-06-24,0
IDYN,NYSE,2025-08-07,2026-06-24,0
IE,AMEX,2022-06-28,2026-06-24,0
IEA,NASDAQ,2018-03-26,2022-10-07,1
IEAG,NASDAQ,2026-03-10,2026-06-24,0
IEC,NYSE MKT,1993-02-12,2021-10-05,1
IEH,NYSE,2013-08-19,2015-10-08,1
IEP,NASDAQ,1987-07-24,2026-06-24,0
IESC,NASDAQ,1998-01-28,2026-06-24,0
IEX,NYSE,1989-06-30,2026-06-24,0
IFBD,NASDAQ,2021-04-20,2026-06-24,0
IFED,NYSE,2021-09-15,2026-06-24,0
IFF,NYSE,1981-12-31,2026-06-24,0
IFIN,NYSE,2022-01-10,2024-08-21,1
IFLO,NASDAQ,2025-06-26,2026-06-24,0
IFON,NASDAQ,2004-06-17,2018-07-10,1
IFRX,NASDAQ,2017-11-07,2026-06-24,0
IFS,NYSE,2019-08-08,2026-06-24,0
IFT,NYSE,2011-02-08,2015-08-31,1
IG,BATS,1990-04-17,2026-06-24,0
IGAC,NASDAQ,2025-12-22,2026-06-24,0
IGATY,NYSE,2005-12-08,2013-10-17,1
IGC,AMEX,2006-04-13,2026-06-24,0
IGCWS,NYSE MKT,2011-02-08,2021-03-08,1
IGEM,NYSE ARCA,2016-07-14,2018-07-31,1
IGIC,NASDAQ,2020-03-18,2026-06-24,0
IGLD,NASDAQ,1999-08-06,2019-11-29,1
IGMS,NASDAQ,2019-09-18,2025-08-14,1
IGOI,NASDAQ,2000-06-30,2022-01-18,1
IGTE,NASDAQ,1996-12-17,2015-07-01,1
IGZ,NYSE ARCA,2013-02-19,2026-06-24,0
IH,NYSE,2020-10-09,2026-06-24,0
IHC,NYSE,1990-03-26,2022-02-15,1
IHG,NYSE,2003-04-10,2026-06-24,0
IHR,NYSE,2006-12-28,2010-03-17,1
IHRT,NASDAQ,2019-05-07,2026-06-24,0
IHS,NYSE,2021-10-14,2026-06-24,0
IHT,AMEX,1987-12-30,2026-06-24,0
IIAC,NYSE,2021-01-11,2021-12-17,1
III,NASDAQ,2007-02-12,2026-06-24,0
IIII,NASDAQ,2021-02-08,2022-12-21,1
IIIN,NYSE,1992-03-17,2026-06-24,0
IIIV,NASDAQ,2018-06-21,2026-06-24,0
IILGV,NASDAQ,2016-04-11,2016-05-20,1
IIN,NASDAQ,1980-03-17,2022-05-24,1
IIPR,NYSE,2016-12-01,2026-06-24,0
IIVI,NASDAQ,2020-07-02,2023-06-30,1
IKAN,NASDAQ,2005-09-22,2015-09-28,1
IKGH,NASDAQ,2008-10-17,2017-04-26,1
IKN,NYSE,2006-12-28,2008-11-21,1
IKT,NASDAQ,2020-12-23,2026-06-24,0
IL,NYSE,2016-01-04,2017-01-19,1
ILAG,NASDAQ,2022-07-13,2026-06-24,0
ILG,NASDAQ,2008-08-12,2018-08-31,1
ILLR,NASDAQ,2026-04-16,2026-06-24,0
ILLU,NASDAQ,2026-04-20,2026-06-24,0
ILMN,NASDAQ,2000-07-28,2026-06-24,0
ILMNV,NASDAQ,2024-06-18,2026-06-24,0
ILPT,NASDAQ,2018-01-12,2026-06-24,0
ILUM,NASDAQ,2017-09-29,2017-10-19,1
IM,NYSE,2016-01-04,2016-12-13,1
IMA,NASDAQ,2021-03-26,2026-06-24,0
IMAX,NYSE,1994-06-10,2026-06-24,0
IMBIL,NASDAQ,2021-09-29,2023-07-17,1
IMCC,NASDAQ,2020-05-20,2026-06-24,0
IMCL,NASDAQ,2016-01-19,2018-10-05,1
IMCR,NASDAQ,2021-02-05,2026-06-24,0
IMDX,NASDAQ,2016-01-04,2026-06-24,0
IMDZ,NASDAQ,2014-07-24,2019-04-02,1
IMGN,NASDAQ,1990-03-26,2026-06-24,0
IMGO,NASDAQ,2021-07-16,2023-01-11,1
IMI,NASDAQ,2011-11-18,2019-09-20,1
IMKTA,NASDAQ,1990-03-26,2026-06-24,0
IMMP,NASDAQ,2012-04-17,2026-06-24,0
IMMR,NASDAQ,1999-11-12,2026-06-24,0
IMMU,NASDAQ,1990-03-26,2020-10-23,1
IMMX,NASDAQ,2021-12-16,2026-06-24,0
IMNM,NASDAQ,2020-10-02,2026-06-24,0
IMNN,NASDAQ,1999-03-01,2026-06-24,0
IMO,AMEX,1986-07-16,2026-06-24,0
IMOS,NASDAQ,2001-06-19,2026-06-24,0
IMPCQ,NYSE,2010-01-04,2012-05-22,1
IMPP,NASDAQ,2021-12-07,2026-06-24,0
IMPPP,NASDAQ,2021-12-06,2026-06-24,0
IMPPV,NASDAQ,2023-06-14,2023-06-21,1
IMPR,NYSE,2014-06-24,2016-09-26,1
IMPV,NASDAQ,2011-11-09,2019-01-10,1
IMPX,NYSE,2020-11-23,2022-09-26,1
IMRA,NYSE,2025-04-03,2026-06-24,0
IMRN,NASDAQ,2017-06-09,2026-06-24,0
IMRX,NASDAQ,2021-07-30,2026-06-24,0
IMS,NYSE,2014-04-03,2016-10-11,1
IMSCQ,NYSE,2016-01-04,2017-08-28,1
IMSR,NASDAQ,2025-10-28,2026-06-24,0
IMTE,NASDAQ,2017-08-11,2026-06-24,0
IMTG,BATS,2026-02-25,2026-06-24,0
IMTX,NASDAQ,2020-07-02,2026-06-24,0
IMUX,NASDAQ,2014-04-17,2026-06-24,0
IMVT,NASDAQ,2019-12-19,2026-06-24,0
IMXI,NASDAQ,2017-03-27,2026-06-24,0
INAB,NASDAQ,2021-07-30,2026-06-24,0
INAC,NASDAQ,2025-07-30,2026-06-24,0
INAPQ,NASDAQ,1999-09-29,2020-04-30,1
INBK,NASDAQ,2004-12-28,2026-06-24,0
INBKL,NASDAQ,2016-10-12,2021-10-01,1
INBKZ,NASDAQ,2019-06-17,2026-06-24,0
INBS,NASDAQ,2020-12-23,2026-06-24,0
INBX,NASDAQ,2024-05-29,2026-06-24,0
INBXV,NASDAQ,2024-05-28,2024-05-29,1
INCR,NASDAQ,2014-11-07,2026-06-24,0
INCY,NASDAQ,1993-11-04,2026-06-24,0
IND,NASDAQ,2003-10-08,2026-06-24,0
INDB,NASDAQ,1990-03-27,2026-06-24,0
INDI,NASDAQ,2021-06-10,2026-06-24,0
INDO,AMEX,2019-12-20,2026-06-24,0
INDP,NASDAQ,2015-08-04,2026-06-24,0
INDT,NASDAQ,1997-06-18,2023-06-29,1
INDV,NASDAQ,2014-12-29,2026-06-24,0
INEO,NASDAQ,2025-12-04,2026-06-24,0
INFA,NYSE,2021-10-27,2026-06-24,0
INFH,BATS,2026-06-05,2026-06-24,0
INFN,NASDAQ,2007-06-07,2025-02-28,1
INFQ,NYSE,2026-02-17,2026-06-24,0
INFU,AMEX,2007-12-27,2026-06-24,0
INFY,NYSE,1999-03-11,2026-06-24,0
ING,NYSE,1996-11-18,2026-06-24,0
INGM,NYSE,2024-10-24,2026-06-24,0
INGN,NASDAQ,2014-02-14,2026-06-24,0
INGR,NYSE,1997-12-11,2026-06-24,0
INHD,NASDAQ,2023-12-14,2026-06-24,0
ININ,NASDAQ,2016-01-04,2016-12-02,1
INIO,NASDAQ,2026-06-04,2026-06-24,0
INKA,NASDAQ,2021-03-01,2023-03-23,1
INKT,NASDAQ,2021-10-15,2026-06-24,0
INLF,NASDAQ,2025-01-02,2026-06-24,0
INLX,AMEX,2015-03-10,2026-06-24,0
INM,NASDAQ,2014-05-05,2026-06-24,0
INMB,NASDAQ,2019-02-04,2026-06-24,0
INMD,NASDAQ,2019-08-08,2026-06-24,0
INN,NYSE,2011-02-09,2026-06-24,0
INNL,NASDAQ,2014-07-25,2017-08-03,1
INNV,NASDAQ,2021-03-04,2026-06-24,0
INO,NASDAQ,1998-12-08,2026-06-24,0
INOD,NASDAQ,1993-08-11,2026-06-24,0
INOV,NASDAQ,2015-02-12,2021-11-24,1
INPHQ,NASDAQ,2016-01-04,2018-07-06,1
INPX,NASDAQ,2011-07-14,2024-03-12,1
INPXV,NASDAQ,2023-03-06,2023-03-14,1
INR,NYSE,2025-01-31,2026-06-24,0
INSE,NASDAQ,2016-12-29,2026-06-24,0
INSG,NASDAQ,2000-11-21,2026-06-24,0
INSM,NASDAQ,2000-06-01,2026-06-24,0
INSP,NYSE,2018-05-03,2026-06-24,0
INST,NYSE,2021-07-22,2024-11-13,1
INSV,NYSE,2012-11-27,2015-11-02,1
INSW,NYSE,2016-12-01,2026-06-24,0
INTA,NASDAQ,2021-06-30,2026-06-24,0
INTC,NASDAQ,1980-03-17,2026-06-24,0
INTG,NASDAQ,1995-08-18,2026-06-24,0
INTJ,NASDAQ,2024-03-20,2026-06-24,0
INTLL,NASDAQ,2016-01-04,2016-10-19,1
INTM,BATS,2025-07-23,2026-06-24,0
INTR,NASDAQ,2022-06-23,2026-06-24,0
INTS,NASDAQ,2023-06-30,2026-06-24,0
INTT,AMEX,1997-06-17,2026-06-24,0
INTU,NASDAQ,1993-03-22,2026-06-24,0
INTX,NASDAQ,2004-04-30,2019-01-11,1
INTZ,NASDAQ,2012-07-26,2026-06-24,0
INUV,AMEX,1998-08-04,2026-06-24,0
INV,NASDAQ,2024-10-03,2026-06-24,0
INVA,NASDAQ,2004-10-05,2026-06-24,0
INVC,NASDAQ,2017-10-16,2019-01-22,1
INVE,NASDAQ,1997-10-07,2026-06-24,0
INVH,NYSE,2017-02-01,2026-06-24,0
INVN,NYSE,2011-11-16,2026-06-24,0
INVX,NYSE,1997-10-23,2026-06-24,0
INVZ,NASDAQ,2021-04-05,2026-06-24,0
INWK,NASDAQ,2006-08-16,2020-10-02,1
INXBV,NASDAQ,2024-05-29,2024-05-29,1
INXN,NYSE,2011-01-28,2020-03-13,1
INZ,NYSE,2002-12-17,2017-02-21,1
INZY,NASDAQ,2020-07-24,2025-07-01,1
IOAC,NASDAQ,2022-01-04,2023-12-28,1
IOC,NYSE,2004-09-08,2017-03-02,1
IONQ,NYSE,2021-01-04,2026-06-24,0
IONR,NASDAQ,2022-06-30,2026-06-24,0
IONS,NASDAQ,1991-05-17,2026-06-24,0
IOR,AMEX,1992-03-17,2026-06-24,0
IOSP,NASDAQ,1998-05-13,2026-06-24,0
IOT,NYSE,2021-12-15,2026-06-24,0
IOTR,NASDAQ,2025-04-10,2026-06-24,0
IOTS,NASDAQ,2015-10-27,2020-06-29,1
IOVA,NASDAQ,2010-10-15,2026-06-24,0
IP,NYSE,1970-01-02,2026-06-24,0
IPA,NASDAQ,2020-12-30,2022-12-30,1
IPAR,NASDAQ,1991-08-20,2026-06-24,0
IPAS,NASDAQ,2003-09-29,2019-02-13,1
IPB,NYSE,2004-01-20,2026-06-24,0
IPCC,NASDAQ,2003-02-12,2018-07-05,1
IPCM,NASDAQ,2008-01-25,2015-11-20,1
IPCX,NASDAQ,2025-06-16,2026-06-24,0
IPDN,NASDAQ,2013-03-05,2026-06-24,0
IPEX,NASDAQ,2025-03-07,2026-06-24,0
IPFX,NASDAQ,2026-05-18,2026-06-24,0
IPG,NYSE,1987-11-05,2025-11-26,1
IPGP,NASDAQ,2006-12-13,2026-06-24,0
IPHA,NASDAQ,2019-10-17,2026-06-24,0
IPHI,NYSE,2010-11-12,2021-04-20,1
IPHS,NASDAQ,2006-11-02,2020-02-07,1
IPI,NYSE,2008-04-22,2026-06-24,0
IPII,NASDAQ,2010-01-27,2012-10-23,1
IPLDP,NASDAQ,2018-12-31,2021-12-14,1
IPM,NASDAQ,2018-03-12,2026-06-24,0
IPOA,NYSE,2017-09-29,2019-10-25,1
IPOD,NYSE,2020-11-30,2022-10-14,1
IPOF,NYSE,2020-11-30,2022-10-14,1
IPSC,NASDAQ,2021-06-18,2026-06-24,0
IPST,NASDAQ,2024-11-22,2026-06-24,0
IPT,NASDAQ,2006-12-28,2013-05-09,1
IPVF,NYSE MKT,2021-04-26,2023-12-08,1
IPVI,NASDAQ,2021-04-30,2023-04-24,1
IPW,NASDAQ,2021-05-12,2026-06-24,0
IPWR,NASDAQ,2013-11-22,2026-06-24,0
IPX,NASDAQ,2022-06-21,2026-06-24,0
IPXL,NASDAQ,1995-12-19,2018-05-04,1
IQ,NASDAQ,2018-03-29,2026-06-24,0
IQMD,NASDAQ,2021-12-27,2023-05-04,1
IQMM,NYSE,2026-02-19,2026-06-24,0
IQNT,NASDAQ,2007-11-02,2017-07-10,1
IQST,NASDAQ,2025-05-14,2026-06-24,0
IQV,NYSE,2013-05-09,2026-06-24,0
IR,NYSE,2017-05-12,2026-06-24,0
IRAB,NYSE,2026-02-24,2026-06-24,0
IRC,NYSE,2004-06-08,2016-04-08,1
IRCP,NASDAQ,2003-11-05,2022-06-21,1
IRD,NASDAQ,2005-05-23,2026-06-24,0
IRDM,NASDAQ,2008-03-20,2026-06-24,0
IRDMB,NASDAQ,2014-05-16,2019-05-14,1
IRE,NYSE,1996-09-27,2015-02-13,1
IREN,NASDAQ,2021-11-17,2026-06-24,0
IRF,NYSE,1987-11-05,2015-01-13,1
IRHO,NASDAQ,2026-02-06,2026-06-24,0
IRIS,NASDAQ,1994-12-28,2017-08-09,1
IRIX,NASDAQ,1996-02-16,2026-06-24,0
IRM,NYSE,1996-02-01,2026-06-24,0
IRMD,NASDAQ,2014-07-16,2026-06-24,0
IRON,NASDAQ,2020-08-12,2026-06-24,0
IROQ,NASDAQ,2011-07-08,2026-03-16,1
IRS,NYSE,1994-12-20,2026-06-24,0
IRT,NYSE,2013-08-13,2026-06-24,0
IRTC,NASDAQ,2016-10-20,2026-06-24,0
IRWD,NASDAQ,2010-02-03,2026-06-24,0
IS,NYSE,2021-01-15,2022-11-04,1
ISAA,NASDAQ,2021-06-09,2022-12-28,1
ISBA,NASDAQ,2007-07-13,2026-06-24,0
ISBC,NASDAQ,2005-10-12,2022-09-16,1
ISCA,NASDAQ,1997-03-10,2019-10-18,1
ISEE,NASDAQ,2013-09-25,2023-07-11,1
ISF,NYSE,2007-06-13,2019-06-14,1
ISG,NYSE,2005-09-23,2023-05-12,1
ISH,NYSE,1991-10-24,2015-12-18,1
ISIL,NASDAQ,2001-01-02,2017-02-27,1
ISIS,NASDAQ,1991-05-17,2015-12-21,1
ISLE,NASDAQ,2021-03-29,2022-08-26,1
ISM,NASDAQ,2006-02-16,2018-01-16,1
ISNS,NASDAQ,1995-05-05,2021-07-20,1
ISO,NASDAQ,2021-10-08,2023-03-21,1
ISOU,AMEX,2025-05-05,2026-06-24,0
ISP,NYSE,2003-11-07,2017-10-13,1
ISPC,NASDAQ,2021-06-17,2026-06-24,0
ISPO,NASDAQ,2021-02-09,2026-06-24,0
ISPR,NASDAQ,2023-04-04,2026-06-24,0
ISRG,NASDAQ,2000-06-16,2026-06-24,0
ISRL,NASDAQ,1995-08-18,2019-10-25,1
ISS,NYSE,2010-12-14,2014-09-02,1
ISSC,NASDAQ,2000-08-04,2026-06-24,0
ISSI,NASDAQ,1995-02-03,2015-12-04,1
ISTR,NASDAQ,2014-07-01,2026-06-24,0
IT,NYSE,1993-10-05,2026-06-24,0
ITAC,NASDAQ,2020-10-30,2021-10-07,1
ITAQ,NASDAQ,2022-03-04,2023-11-02,1
ITC,NYSE,2005-07-26,2016-10-24,1
ITCI,NASDAQ,2014-01-07,2025-04-02,1
ITEK,NASDAQ,2015-02-18,2018-01-04,1
ITG,NYSE,1994-05-04,2019-02-28,1
ITGR,NYSE,2000-09-29,2026-06-24,0
ITHA,NASDAQ,2026-01-20,2026-06-24,0
ITHX,NASDAQ,2021-03-24,2022-07-19,1
ITI,NASDAQ,1994-01-04,2024-11-01,1
ITIC,NASDAQ,1990-03-27,2026-06-24,0
ITMN,NASDAQ,2000-03-24,2014-09-29,1
ITMR,NASDAQ,2019-03-07,2021-12-16,1
ITOC,NASDAQ,2024-09-05,2026-06-24,0
ITOS,NASDAQ,2020-07-24,2025-08-29,1
ITP,AMEX,2007-10-01,2026-06-24,0
ITQ,NASDAQ,2021-04-01,2023-02-14,1
ITRG,AMEX,2020-07-09,2026-06-24,0
ITRI,NASDAQ,1993-11-05,2026-06-24,0
ITRN,NASDAQ,2005-09-28,2026-06-24,0
ITT,NYSE,1995-12-18,2026-06-24,0
ITUB,NYSE,2002-02-25,2026-06-24,0
ITUS,NASDAQ,2015-07-10,2018-09-28,1
ITW,NYSE,1987-11-05,2026-06-24,0
IVA,NASDAQ,2020-07-10,2026-06-24,0
IVAC,NASDAQ,1995-11-21,2025-03-31,1
IVANF,NASDAQ,2017-09-18,2019-04-09,1
IVCB,NASDAQ,2022-02-04,2026-06-24,0
IVDA,NASDAQ,2015-10-15,2026-06-24,0
IVEP,NYSE,2026-04-08,2026-06-24,0
IVF,NASDAQ,2012-05-21,2026-06-24,0
IVP,NASDAQ,2023-08-30,2026-06-24,0
IVR,NYSE,2009-07-01,2026-06-24,0
IVT,NYSE,2014-02-24,2026-06-24,0
IVTY,NASDAQ,2015-06-15,2018-10-23,1
IVVD,NASDAQ,2021-08-06,2026-06-24,0
IVZ,NYSE,1995-08-25,2026-06-24,0
IWA,NYSE,2000-02-11,2011-06-06,1
IWFL,NYSE,2021-02-05,2026-06-24,0
IWML,NYSE,2021-02-05,2026-06-24,0
IX,NYSE,1998-09-16,2026-06-24,0
IXHL,NASDAQ,2023-11-30,2026-06-24,0
IXSE,NYSE ARCA,2019-04-04,2023-10-20,1
IXYS,NASDAQ,1998-09-24,2018-01-17,1
IZEA,NASDAQ,2011-08-29,2026-06-24,0
IZM,NASDAQ,2023-03-15,2026-06-24,0
J,NYSE,1990-01-12,2026-06-24,0
JA,NYSE,2026-02-19,2026-06-24,0
JACK,NASDAQ,1992-03-05,2026-06-24,0
JACS,NYSE,2025-01-30,2026-06-24,0
JADB,BATS,2026-05-06,2026-06-24,0
JAG,NYSE,2017-01-27,2020-01-14,1
JAGU,AMEX,2026-02-09,2026-06-24,0
JAGX,NASDAQ,2015-05-13,2026-06-24,0
JAH,NYSE,2016-01-04,2016-04-25,1
JAKK,NASDAQ,1996-05-02,2026-06-24,0
JAMF,NASDAQ,2020-07-22,2026-01-30,1
JAN,NYSE,2026-03-30,2026-06-24,0
JANI,BATS,2026-02-02,2026-06-24,0
JANX,NASDAQ,2021-06-11,2026-06-24,0
JAQC,NASDAQ,2021-10-01,2023-12-26,1
JAS,NYSE,2006-12-28,2011-11-30,1
JASO,NASDAQ,2007-02-07,2018-07-17,1
JATT,NASDAQ,2026-04-17,2026-06-24,0
JAX,NYSE,2015-09-29,2021-09-30,1
JAXB,NASDAQ,2016-01-04,2016-03-21,1
JAZZ,NASDAQ,2007-06-01,2026-06-24,0
JBDI,NASDAQ,2024-08-27,2026-06-24,0
JBGS,NYSE,2017-07-18,2026-06-24,0
JBHT,NASDAQ,1990-03-26,2026-06-24,0
JBI,NYSE,2019-12-20,2026-06-24,0
JBIO,NASDAQ,2021-06-30,2026-06-24,0
JBK,NYSE,2004-04-05,2026-06-24,0
JBL,NYSE,1993-05-03,2026-06-24,0
JBLU,NASDAQ,2002-04-12,2026-06-24,0
JBN,NYSE,2007-02-16,2020-06-01,1
JBR,NYSE,2007-04-23,2020-06-01,1
JBS,NYSE,2025-06-13,2026-06-24,0
JBSS,NASDAQ,1991-12-04,2026-06-24,0
JBTM,NYSE,2008-07-22,2026-06-24,0
JCAP,NASDAQ,2025-06-26,2026-06-24,0
JCI,NYSE,1985-03-27,2026-06-24,0
JCLY,NYSE,1972-06-01,2017-07-10,1
JCO,NYSE,2017-03-29,2022-05-25,1
JCSE,NASDAQ,2022-04-22,2026-06-24,0
JCTC,NASDAQ,1996-04-12,2026-06-24,0
JD,NASDAQ,2014-05-22,2026-06-24,0
JDAS,NASDAQ,2006-12-28,2012-12-21,1
JDOGQ,NASDAQ,2017-09-26,2018-12-04,1
JDSU,NASDAQ,1993-11-17,2015-08-03,1
JDZG,NASDAQ,2024-05-15,2026-06-24,0
JEF,NYSE,1987-11-05,2026-06-24,0
JELD,NYSE,2017-01-27,2026-06-24,0
JEM,NASDAQ,2025-06-09,2026-06-24,0
JENA,NYSE,2025-07-21,2026-06-24,0
JETD,NYSE,2023-06-21,2026-06-24,0
JETU,NYSE,2023-06-21,2026-06-24,0
JF,NASDAQ,2018-10-25,2026-06-24,0
JFB,NASDAQ,2025-03-06,2026-06-24,0
JFIN,NASDAQ,2019-05-10,2026-06-24,0
JFU,NASDAQ,2019-08-15,2026-06-24,0
JG,NASDAQ,2018-07-26,2026-06-24,0
JGBO,NASDAQ,2011-08-04,2013-07-01,1
JGGC,NASDAQ,2022-04-04,2023-11-15,1
JGW,NYSE,2013-11-08,2016-06-17,1
JHA,NYSE,2015-11-13,2018-11-26,1
JHAA,NYSE,2018-12-19,2023-11-27,1
JHG,NYSE,2000-06-26,2026-06-24,0
JHX,NYSE,2000-01-03,2026-06-24,0
JIDE,NYSE,2026-01-28,2026-06-24,0
JILL,NYSE,2017-03-09,2026-06-24,0
JJSF,NASDAQ,1990-03-26,2026-06-24,0
JKHY,NASDAQ,1990-03-26,2026-06-24,0
JKS,NYSE,2010-05-14,2026-06-24,0
JL,NASDAQ,2024-01-24,2026-06-24,0
JLHL,NASDAQ,2025-06-26,2026-06-24,0
JLIC,NYSE,2010-07-13,2013-10-28,1
JLL,NYSE,1997-07-17,2026-06-24,0
JMBA,NASDAQ,2005-07-28,2018-09-13,1
JMEI,NYSE,2014-05-16,2020-04-14,1
JMG,NYSE MKT,2025-12-10,2026-06-24,0
JMIA,NYSE,2019-04-12,2026-06-24,0
JMMF,NYSE,2025-12-11,2026-06-24,0
JMP,NYSE,2007-05-11,2021-11-15,1
JMPB,NYSE,2013-02-07,2019-10-25,1
JMPC,NYSE,2014-02-13,2017-12-27,1
JMPNL,NASDAQ,2017-11-30,2021-09-10,1
JMPNZ,NASDAQ,2019-09-27,2021-12-14,1
JMSB,NASDAQ,2013-11-21,2026-06-24,0
JMTG,NYSE,2025-06-30,2026-06-24,0
JNCE,NASDAQ,2017-01-27,2023-05-04,1
JNJ,NYSE,1970-01-02,2026-06-24,0
JNP,NASDAQ,1991-08-07,2018-08-13,1
JNPR,NYSE,1999-06-25,2025-07-02,1
JNS,NYSE,2000-06-26,2017-05-30,1
JNY,NYSE,1991-05-16,2014-04-09,1
JOANQ,NASDAQ,2021-03-12,2024-04-30,1
JOB,AMEX,1992-03-17,2026-06-24,0
JOBS,NASDAQ,2004-09-29,2022-09-08,1
JOBY,NYSE,2020-11-09,2026-06-24,0
JOE,NYSE,1992-03-10,2026-06-24,0
JOFF,NASDAQ,2021-03-30,2022-12-14,1
JOR,NYSE,2005-04-15,2010-05-17,1
JOSB,NASDAQ,2001-01-02,2014-06-26,1
JOUL,BATS,2026-05-06,2026-06-24,0
JOUT,NASDAQ,1990-03-26,2026-06-24,0
JOY,NYSE,2001-05-25,2017-04-13,1
JOYY,NASDAQ,2012-11-21,2026-06-24,0
JPEP,NYSE,2014-10-01,2017-07-10,1
JPM,NYSE,1983-12-30,2026-06-24,0
JRCCQ,NASDAQ,2016-01-04,2016-03-23,1
JRJR,NYSE,2016-01-04,2018-07-03,1
JRN,NYSE,2003-09-24,2015-04-08,1
JRSH,NASDAQ,2018-05-04,2026-06-24,0
JRVR,NASDAQ,2014-12-12,2026-06-24,0
JSM,NASDAQ,2003-12-30,2026-06-24,0
JSPR,NASDAQ,2021-09-24,2026-06-24,0
JST,NASDAQ,2016-01-04,2016-04-19,1
JTAI,NASDAQ,2023-08-10,2026-06-24,0
JTAIZ,NASDAQ,2023-08-21,2026-06-24,0
JTPY,NASDAQ,2012-05-11,2018-12-06,1
JUDB,BATS,2026-05-06,2026-06-24,0
JUGG,NASDAQ,2021-08-11,2023-06-22,1
JUN,NYSE,2021-12-23,2023-10-09,1
JUNC,BATS,2026-06-02,2026-06-24,0
JUNO,NASDAQ,2014-12-19,2018-03-06,1
JUNS,NASDAQ,2024-12-03,2026-06-24,0
JUPGF,NASDAQ,2018-11-05,2026-06-24,0
JVA,NASDAQ,2005-05-03,2026-06-24,0
JVSA,NASDAQ,2024-03-11,2025-06-30,1
JW,NASDAQ,2024-09-26,2024-09-27,1
JWA,NYSE,2001-08-16,2018-09-07,1
JWAC,NASDAQ,2022-01-07,2023-06-01,1
JWEL,NASDAQ,2021-03-17,2026-06-24,0
JWN,NYSE,1986-07-09,2025-05-20,1
JXG,NASDAQ,2013-03-07,2026-06-24,0
JXN,NYSE,2021-09-01,2026-06-24,0
JXSB,NASDAQ,1995-04-24,2018-06-14,1
JYAC,NASDAQ,2020-11-19,2022-11-23,1
JYD,NASDAQ,2023-04-21,2026-06-24,0
JYNT,NASDAQ,2014-11-11,2026-06-24,0
JZ,NASDAQ,2022-08-26,2026-06-24,0
JZXN,NASDAQ,2021-05-18,2026-06-24,0
K,NYSE,1984-12-17,2025-12-11,1
KACL,NASDAQ,2022-01-21,2026-06-24,0
KADR,NYSE,2002-09-30,2014-12-18,1
KAHC,NYSE,2021-05-07,2023-01-13,1
KAI,NYSE,1992-11-03,2026-06-24,0
KAIR,NASDAQ,2021-02-26,2022-12-30,1
KALA,NASDAQ,2017-07-20,2026-06-24,0
KALU,NASDAQ,2006-07-07,2026-06-24,0
KALV,NASDAQ,2015-04-09,2026-06-12,1
KAMN,NYSE,1990-03-26,2024-04-19,1
KANG,NASDAQ,2014-04-09,2019-01-18,1
KAP,NYSE,2012-10-17,2018-11-21,1
KAPA,AMEX,2024-09-16,2026-06-24,0
KARD,NASDAQ,2026-06-18,2026-06-24,0
KARO,NASDAQ,2021-04-01,2026-06-24,0
KATE,NYSE,1981-06-09,2017-07-12,1
KAZR,NASDAQ,2025-01-23,2026-06-24,0
KB,NYSE,2001-11-12,2026-06-24,0
KBAL,NASDAQ,1990-03-26,2023-06-01,1
KBALB,NASDAQ,1990-03-26,2014-10-31,1
KBDC,NYSE,2024-05-22,2026-06-24,0
KBFR,NYSE,2026-02-24,2026-06-24,0
KBH,NYSE,1987-11-05,2026-06-24,0
KBON,NASDAQ,2026-01-27,2026-06-24,0
KBR,NYSE,2006-11-16,2026-06-24,0
KBSX,NASDAQ,2025-01-16,2026-06-24,0
KBW,NYSE,2010-12-15,2013-10-17,1
KC,NASDAQ,2020-05-08,2026-06-24,0
KCAC,NYSE,2021-04-19,2021-10-04,1
KCAPL,NASDAQ,2017-08-28,2021-05-28,1
KCC,NYSE,2016-01-04,2017-02-09,1
KCG,NYSE,2013-06-28,2017-08-17,1
KCGI,NYSE,2021-10-04,2024-08-16,1
KCHV,NASDAQ,2025-07-21,2026-06-24,0
KCI,NYSE,2004-02-25,2012-11-12,1
KCOP,BATS,2026-02-13,2026-06-24,0
KCP,NYSE,2003-08-26,2013-10-03,1
KD,NYSE,2021-10-22,2026-06-24,0
KDK,NASDAQ,2025-09-25,2026-06-24,0
KDMN,NASDAQ,2016-07-27,2021-11-09,1
KDN,NYSE,2001-01-02,2013-10-16,1
KDNY,NASDAQ,2015-04-15,2023-08-11,1
KDP,NASDAQ,2008-04-28,2026-06-24,0
KE,NASDAQ,2014-11-03,2026-06-24,0
KEEL,NASDAQ,2018-08-28,2026-06-24,0
KEEX,BATS,2026-04-27,2026-06-24,0
KEGX,NYSE,1992-03-17,2019-11-27,1
KEI,NYSE,2001-01-02,2011-11-30,1
KELYA,NASDAQ,1990-03-26,2026-06-24,0
KELYB,NASDAQ,1995-08-18,2026-06-24,0
KEM,NYSE,1992-10-26,2020-06-12,1
KEN,NYSE,2015-01-14,2026-06-24,0
KEP,NYSE,1994-10-27,2026-06-24,0
KEQU,NASDAQ,1992-02-25,2026-06-24,0
KERX,NASDAQ,2000-07-28,2018-12-12,1
KEX,NYSE,1991-08-21,2026-06-24,0
KEY,NYSE,1987-11-05,2026-06-24,0
KEYN,NASDAQ,2010-08-30,2013-10-17,1
KEYS,NYSE,2014-10-20,2026-06-24,0
KEYW,NASDAQ,2010-10-01,2019-06-12,1
KEYX,BATS,2026-06-24,2026-06-24,0
KEYY,NASDAQ,2026-06-22,2026-06-24,0
KFFB,NASDAQ,2005-03-03,2026-06-24,0
KFFG,NASDAQ,2012-11-12,2012-11-20,1
KFH,NYSE,2011-11-17,2016-11-02,1
KFI,NYSE,2012-03-26,2017-04-17,1
KFII,NASDAQ,2025-03-13,2026-06-24,0
KFN,NYSE,2010-02-16,2014-05-01,1
KFRC,NYSE,1995-08-15,2026-06-24,0
KFX,NASDAQ,2013-12-05,2015-05-29,1
KFY,NYSE,1999-02-11,2026-06-24,0
KG,NASDAQ,2011-02-28,2026-06-24,0
KGC,NYSE,1994-10-19,2026-06-24,0
KGEI,NASDAQ,2008-10-27,2026-06-24,0
KGS,NYSE,2023-06-29,2026-06-24,0
KH,NYSE,2010-08-11,2013-10-17,1
KHA,AMEX,2007-08-01,2009-08-12,1
KHC,NASDAQ,2015-07-06,2026-06-24,0
KIDS,NASDAQ,2017-10-12,2026-06-24,0
KIDZ,NASDAQ,2025-04-07,2026-06-24,0
KIM,NYSE,1991-11-22,2026-06-24,0
KIN,NASDAQ,2013-12-12,2021-08-27,1
KING,NYSE,2014-03-25,2016-03-02,1
KINS,NASDAQ,1999-10-26,2026-06-24,0
KIRK,NASDAQ,2002-07-30,2025-07-28,1
KITDQ,NASDAQ,2013-08-16,2013-08-19,1
KITE,NASDAQ,2014-06-20,2017-10-19,1
KITT,NASDAQ,2021-08-04,2026-06-24,0
KKD,NYSE,2000-04-05,2016-08-04,1
KKR,NYSE,2010-07-15,2026-06-24,0
KKRS,NYSE,2021-04-21,2026-06-24,0
KKRT,NYSE,2025-05-30,2026-06-24,0
KL,NYSE,2016-12-06,2022-02-08,1
KLAC,NASDAQ,1990-03-26,2026-06-24,0
KLAQ,NASDAQ,2021-03-01,2022-12-16,1
KLAR,NYSE,2025-09-10,2026-06-24,0
KLC,NYSE,2024-10-09,2026-06-24,0
KLDX,NYSE,2015-10-07,2018-07-20,1
KLG,NYSE,2023-09-27,2025-09-25,1
KLIC,NASDAQ,1990-03-26,2026-06-24,0
KLMN,NYSE,2024-12-11,2026-06-24,0
KLR,NYSE,2018-01-17,2023-10-05,1
KLRA,NASDAQ,2026-04-17,2026-06-24,0
KLRE,NASDAQ,2016-03-31,2017-04-27,1
KLRS,NASDAQ,2020-07-30,2026-06-24,0
KLTO,NASDAQ,2024-09-17,2026-06-24,0
KLTR,NASDAQ,2021-07-21,2026-06-24,0
KLXE,NASDAQ,2018-09-17,2026-06-24,0
KLXEV,NASDAQ,2018-08-29,2018-09-14,1
KLXI,NASDAQ,2014-12-03,2018-10-09,1
KLXIV,NASDAQ,2018-08-29,2018-09-14,1
KMB,NASDAQ,1984-12-17,2026-06-24,0
KMCA,NYSE,2026-05-07,2026-06-24,0
KMDA,NASDAQ,2013-05-31,2026-06-24,0
KMG,NYSE,1997-01-28,2018-12-14,1
KMI,NYSE,2011-02-11,2026-06-24,0
KMP,NYSE,1992-07-30,2014-12-04,1
KMPA,NYSE,2014-09-22,2019-08-19,1
KMPB,NYSE,2022-03-14,2026-06-24,0
KMPH,NASDAQ,2021-01-08,2022-12-30,1
KMPR,NYSE,1991-09-18,2026-06-24,0
KMR,NYSE,2001-05-16,2014-12-04,1
KMRK,NASDAQ,2025-07-16,2026-06-24,0
KMT,NYSE,1987-11-05,2026-06-24,0
KMTS,NASDAQ,2025-03-06,2026-06-24,0
KMX,NYSE,1997-02-04,2026-06-24,0
KN,NYSE,2014-02-14,2026-06-24,0
KNBE,NASDAQ,2021-04-22,2023-02-01,1
KND,NYSE,2001-05-01,2018-07-02,1
KNDI,NASDAQ,2007-09-04,2026-06-24,0
KNDL,NASDAQ,1997-08-22,2011-07-22,1
KNF,NYSE,2023-06-01,2026-06-24,0
KNL,NYSE,2004-12-14,2026-06-24,0
KNM,NYSE,2002-10-01,2015-04-23,1
KNOL,NASDAQ,2003-12-18,2012-08-03,1
KNOP,NYSE,2013-04-10,2026-06-24,0
KNRX,AMEX,2025-09-29,2026-06-24,0
KNSA,NASDAQ,2018-05-24,2026-06-24,0
KNSL,NYSE,2016-07-28,2026-06-24,0
KNSW,NYSE,2022-03-14,2023-12-05,1
KNSY,NASDAQ,2012-04-26,2012-07-09,1
KNTE,NASDAQ,2020-12-03,2024-04-03,1
KNTK,NYSE,2017-05-02,2026-06-24,0
KNW,NYSE MKT,2025-03-05,2025-08-14,1
KNWND,AMEX,2026-05-28,2026-06-24,0
KNX,NYSE,1994-10-25,2026-06-24,0
KNXA,NYSE,2005-06-24,2013-10-17,1
KO,NYSE,1962-01-02,2026-06-24,0
KOD,NASDAQ,2018-10-04,2026-06-24,0
KODK,NYSE,2013-09-23,2026-06-24,0
KOF,NYSE,1993-09-14,2026-06-24,0
KOG,NYSE,2004-09-01,2014-12-09,1
KONE,NASDAQ,2010-05-14,2018-09-12,1
KOP,NYSE,2006-02-01,2026-06-24,0
KOPN,NASDAQ,1992-04-15,2026-06-24,0
KOR,NASDAQ,2016-01-04,2022-01-18,1
KORE,NYSE,2021-10-01,2026-06-24,0
KOS,NYSE,2011-05-11,2026-06-24,0
KOSN,NASDAQ,2000-10-05,2009-07-06,1
KOSS,NASDAQ,1992-02-25,2026-06-24,0
KOYN,NASDAQ,2025-09-19,2026-06-24,0
KPET,NYSE,2026-05-21,2026-06-24,0
KPFS,NASDAQ,2018-10-04,2019-07-08,1
KPHO,NYSE,2025-12-04,2026-06-24,0
KPLT,NASDAQ,2019-12-30,2026-06-24,0
KPRX,NASDAQ,2015-07-31,2026-06-24,0
KPTI,NASDAQ,2013-11-06,2026-06-24,0
KR,NYSE,1977-01-03,2026-06-24,0
KRA,NYSE,2009-12-17,2022-03-18,1
KRAQ,NASDAQ,2026-03-20,2026-06-24,0
KRC,NYSE,1997-01-30,2026-06-24,0
KREF,NYSE,2017-05-05,2026-06-24,0
KRFT,NASDAQ,2012-09-17,2015-07-10,1
KRG,NYSE,2004-08-11,2026-06-24,0
KRKR,NASDAQ,2019-11-08,2026-06-24,0
KRMD,NASDAQ,1996-03-20,2026-06-24,0
KRMN,NYSE,2025-02-13,2026-06-24,0
KRNL,NASDAQ,2021-04-01,2026-06-24,0
KRNT,NASDAQ,2015-04-02,2026-06-24,0
KRNY,NASDAQ,2005-02-24,2026-06-24,0
KRO,NYSE,2003-12-09,2026-06-24,0
KRON,NASDAQ,2020-10-09,2025-06-20,1
KROS,NASDAQ,2020-04-08,2026-06-24,0
KRP,NYSE,2017-02-03,2026-06-24,0
KRRO,NASDAQ,2023-11-06,2026-06-24,0
KRSL,NASDAQ,1982-09-02,2017-07-14,1
KRSP,NYSE,2025-11-21,2026-06-24,0
KRT,NASDAQ,2021-04-15,2026-06-24,0
KRTX,NASDAQ,2019-06-28,2026-06-24,0
KRUS,NASDAQ,2019-08-01,2026-06-24,0
KRWX,BATS,2026-06-03,2026-06-24,0
KRYP,NYSE,2026-02-04,2026-06-24,0
KRYS,NASDAQ,2017-09-20,2026-06-24,0
KS,NYSE,2005-09-14,2018-12-14,1
KSCP,NASDAQ,2022-01-27,2026-06-24,0
KSI,NASDAQ,2021-05-18,2023-03-16,1
KSP,NYSE,2004-01-09,2011-11-30,1
KSPI,NASDAQ,2024-01-19,2026-06-24,0
KSS,NYSE,1992-05-19,2026-06-24,0
KSU,NYSE,1987-11-05,2021-12-13,1
KSW,NASDAQ,1997-02-18,2012-11-21,1
KSWS,NASDAQ,2001-01-02,2013-05-17,1
KT,NYSE,1999-05-26,2026-06-24,0
KTB,NYSE,2019-05-09,2026-06-24,0
KTCC,NASDAQ,1990-03-26,2026-06-24,0
KTEC,NASDAQ,1993-12-17,2018-03-21,1
KTH,NYSE,2001-02-12,2026-06-24,0
KTII,NASDAQ,2010-04-01,2010-04-19,1
KTN,NYSE,2003-12-04,2026-06-24,0
KTOS,NASDAQ,1999-11-05,2026-06-24,0
KTP,NYSE,1999-07-06,2020-06-01,1
KTTA,NASDAQ,2021-09-15,2026-06-24,0
KTWO,NASDAQ,2026-02-25,2026-06-24,0
KULR,AMEX,2018-07-18,2026-06-24,0
KURA,NASDAQ,2015-11-05,2026-06-24,0
KURI,NASDAQ,2021-04-01,2021-10-21,1
KUST,NASDAQ,2026-01-07,2026-06-24,0
KUTV,NASDAQ,2005-02-03,2016-07-13,1
KVAC,NASDAQ,2023-09-15,2026-06-24,0
KVHI,NASDAQ,1996-04-02,2026-06-24,0
KVSA,NASDAQ,2021-03-04,2023-12-11,1
KVSC,NASDAQ,2021-03-24,2023-04-10,1
KVUE,NYSE,2023-05-04,2026-06-24,0
KVYO,NYSE,2023-09-20,2026-06-24,0
KW,NYSE,2007-12-03,2026-06-16,1
KWE,NASDAQ,2020-12-15,2025-06-27,1
KWKAQ,NYSE,2016-01-04,2016-09-01,1
KWM,NASDAQ,2025-05-14,2026-06-24,0
KWN,NYSE,2012-12-10,2017-11-28,1
KWR,NYSE,1990-03-26,2026-06-24,0
KWY,NYSE,1998-05-06,2026-06-24,0
KXIN,NASDAQ,2017-11-06,2026-06-24,0
KYAK,NASDAQ,2012-07-20,2013-06-07,1
KYC,BATS,2026-05-06,2026-06-24,0
KYCH,NASDAQ,2022-03-04,2024-04-04,1
KYIV,NASDAQ,2025-08-14,2026-06-24,0
KYMR,NASDAQ,2020-08-21,2026-06-24,0
KYNB,NASDAQ,2014-11-14,2026-06-24,0
KYO,NYSE,1987-11-05,2018-06-25,1
KYTH,NASDAQ,2012-10-16,2015-10-02,1
KYTX,NASDAQ,2024-02-08,2026-06-24,0
KZ,NASDAQ,2004-07-09,2017-04-17,1
KZIA,NASDAQ,2017-11-24,2026-06-24,0
KZR,NASDAQ,2018-06-21,2026-05-11,1
L,NYSE,1987-07-10,2026-06-24,0
LAB,NASDAQ,2003-07-29,2026-06-24,0
LABC,NASDAQ,2007-07-10,2015-09-23,1
LABL,NASDAQ,1990-03-26,2019-07-01,1
LABP,NASDAQ,2021-02-04,2024-05-23,1
LABT,NASDAQ,2026-04-23,2026-06-24,0
LAC,NYSE,2023-10-02,2026-06-24,0
LACO,NASDAQ,1999-01-04,2015-08-03,1
LAD,NYSE,1996-12-18,2026-06-24,0
LADR,NYSE,2014-02-06,2026-06-24,0
LAES,NASDAQ,2023-05-24,2026-06-24,0
LAESV,NASDAQ,2023-05-22,2023-05-23,1
LAFA,NASDAQ,2025-11-26,2026-06-24,0
LAKE,NASDAQ,1990-03-26,2026-06-24,0
LAMR,NASDAQ,1996-08-02,2026-06-24,0
LAND,NASDAQ,2013-01-29,2026-06-24,0
LANDM,NASDAQ,2021-01-13,2026-06-24,0
LANDO,NASDAQ,2020-10-19,2026-06-24,0
LANDP,NASDAQ,2023-06-08,2026-06-24,0
LANV,NYSE,2021-03-15,2026-06-24,0
LAR,NYSE,2023-10-04,2026-06-24,0
LARK,NASDAQ,1994-03-28,2026-06-24,0
LASC,BATS,2026-06-24,2026-06-24,0
LASE,NASDAQ,2022-09-30,2026-06-24,0
LASR,NASDAQ,2018-04-26,2026-06-24,0
LATA,NASDAQ,2025-11-10,2026-06-24,0
LATG,NASDAQ,2022-03-18,2026-06-24,0
LATN,NASDAQ,2019-12-09,2021-09-29,1
LATR,BATS,2026-05-06,2026-06-24,0
LAUR,NASDAQ,2017-02-01,2026-06-24,0
LAVA,NASDAQ,2001-11-20,2012-03-05,1
LAW,NYSE,2021-07-21,2026-06-24,0
LAWEQ,NYSE,2010-01-04,2013-10-17,1
LAWR,NASDAQ,2025-07-17,2026-06-24,0
LAYN,NASDAQ,1992-08-20,2018-06-15,1
LAZ,NYSE,2005-05-05,2026-06-24,0
LB,NYSE,2024-06-28,2026-06-24,0
LBAI,NASDAQ,1999-01-04,2024-05-15,1
LBBB,NASDAQ,2022-04-14,2024-03-11,1
LBC,NASDAQ,2001-01-02,2024-02-29,1
LBCC,NASDAQ,2009-10-30,2021-02-22,1
LBDAV,NASDAQ,2025-07-14,2026-06-24,0
LBDKV,NASDAQ,2025-07-11,2026-06-24,0
LBGJ,NASDAQ,2024-10-23,2026-06-24,0
LBIO,NASDAQ,2010-10-15,2017-06-27,1
LBIX,NASDAQ,1993-08-02,2018-08-10,1
LBMH,NYSE,2016-01-04,2016-01-29,1
LBPH,NASDAQ,2021-03-12,2024-12-02,1
LBPS,NASDAQ,2021-03-22,2022-07-07,1
LBRDA,NASDAQ,2014-11-04,2026-06-24,0
LBRDK,NASDAQ,2014-11-04,2026-06-24,0
LBRDP,NASDAQ,2020-12-22,2026-06-24,0
LBRT,NYSE,2018-01-11,2026-06-24,0
LBRX,NASDAQ,2025-09-11,2026-06-24,0
LBTYA,NASDAQ,2004-06-03,2026-06-24,0
LBTYB,NASDAQ,2004-06-09,2026-06-24,0
LBTYK,NASDAQ,2005-09-08,2026-06-24,0
LBY,NYSE MKT,2020-06-02,2020-11-13,1
LBYAV,NASDAQ,2024-11-04,2026-06-24,0
LBYKV,NASDAQ,2024-11-04,2026-06-24,0
LC,NASDAQ,2026-06-23,2026-06-24,0
LCA,NASDAQ,2021-05-18,2024-02-27,1
LCAA,NASDAQ,2021-05-06,2024-02-22,1
LCC,NYSE,2006-12-28,2013-12-06,1
LCCC,NASDAQ,2025-06-23,2026-06-24,0
LCFY,NASDAQ,2022-03-25,2026-06-24,0
LCID,NASDAQ,2020-09-18,2026-06-24,0
LCII,NYSE,1989-05-03,2026-06-24,0
LCLN,NYSE,2026-05-20,2026-06-24,0
LCNB,NASDAQ,1999-10-26,2026-06-24,0
LCTX,AMEX,1992-03-06,2026-06-24,0
LCUT,NASDAQ,1991-06-05,2026-06-24,0
LCW,NASDAQ,2021-11-29,2026-06-24,0
LDHA,NASDAQ,2021-05-13,2023-03-23,1
LDI,NYSE,2021-02-11,2026-06-24,0
LDIS,NASDAQ,2004-06-16,2017-12-29,1
LDL,NYSE,1990-01-12,2021-10-04,1
LDOS,NYSE,2006-10-13,2026-06-24,0
LDR,NYSE,1992-03-17,2017-11-01,1
LE,NASDAQ,2014-03-20,2026-06-24,0
LEA,NYSE,2009-11-09,2026-06-24,0
LEAF,NYSE,2011-01-27,2021-06-14,1
LEAP,NYSE,2020-11-02,2022-08-16,1
LECO,NASDAQ,1995-06-13,2026-06-24,0
LEDS,NASDAQ,2010-12-09,2026-06-24,0
LEE,NASDAQ,1987-11-05,2026-06-24,0
LEG,NYSE,1987-11-05,2026-06-24,0
LEGA,NASDAQ,2021-05-26,2023-03-14,1
LEGH,NASDAQ,2018-12-14,2026-06-24,0
LEGN,NASDAQ,2020-06-05,2026-06-24,0
LEGO,AMEX,2021-03-04,2026-06-24,0
LEGT,NYSE MKT,2024-03-28,2026-06-09,1
LEN,NYSE,1987-11-05,2026-06-24,0
LENZ,NASDAQ,2021-06-25,2026-06-24,0
LESL,NASDAQ,2020-10-29,2026-06-24,0
LEU,NYSE,1998-07-23,2026-06-24,0
LEUX,BATS,2026-02-19,2026-06-24,0
LEVB,NYSE,2017-11-17,2019-04-30,1
LEVI,NYSE,2019-03-21,2026-06-24,0
LEVL,NASDAQ,2018-04-20,2022-03-31,1
LEVLP,NASDAQ,2020-08-18,2022-03-31,1
LEXEA,NASDAQ,2016-11-04,2019-07-26,1
LEXEB,NASDAQ,2016-12-07,2019-07-26,1
LEXX,NASDAQ,2016-05-12,2026-06-24,0
LF,NYSE,2014-09-19,2016-04-13,1
LFAC,NASDAQ,2026-01-26,2026-06-24,0
LFC,NYSE,2003-12-17,2023-03-02,1
LFCR,NASDAQ,1996-02-15,2026-06-24,0
LFG,NYSE,2020-12-14,2022-12-28,1
LFGR,NYSE,2011-01-26,2018-08-10,1
LFL,NYSE,1997-11-07,2017-05-12,1
LFMD,NASDAQ,2001-01-02,2026-06-24,0
LFMDP,NASDAQ,2021-10-05,2026-06-24,0
LFS,NASDAQ,2025-10-09,2026-06-24,0
LFST,NASDAQ,2021-06-10,2026-06-24,0
LFT,NYSE,2013-03-22,2026-06-24,0
LFTO,NASDAQ,2026-06-04,2026-06-24,0
LFTR,NASDAQ,2020-12-18,2022-10-24,1
LFUS,NASDAQ,1992-09-23,2026-06-24,0
LFVN,NASDAQ,2004-10-05,2026-06-24,0
LFWD,NASDAQ,2014-09-12,2026-06-24,0
LGAC,NASDAQ,2021-04-06,2023-02-21,1
LGCB,NASDAQ,2023-12-19,2026-05-15,1
LGCL,NASDAQ,2024-03-05,2026-06-24,0
LGCY,AMEX,2024-09-26,2026-06-24,0
LGCYO,NASDAQ,2014-06-12,2018-09-20,1
LGCYP,NASDAQ,2014-04-14,2018-09-20,1
LGCYQ,NASDAQ,2019-06-28,2019-12-12,1
LGF,NYSE,2016-01-04,2016-12-16,1
LGFB,NYSE,2016-12-09,2018-08-09,1
LGHL,NASDAQ,2020-06-16,2026-06-24,0
LGIH,NASDAQ,2013-11-07,2026-06-24,0
LGL,AMEX,1992-03-17,2026-06-24,0
LGN,NASDAQ,2025-09-12,2026-06-24,0
LGND,NASDAQ,1992-11-18,2026-06-24,0
LGO,NASDAQ,2007-07-13,2026-06-24,0
LGPS,AMEX,2025-03-25,2026-06-24,0
LGST,NASDAQ,2022-01-05,2024-02-14,1
LGTY,NASDAQ,1984-09-07,2025-04-04,1
LGV,NYSE,2021-05-10,2026-06-24,0
LGVC,NASDAQ,2022-01-03,2024-05-01,1
LGVN,NASDAQ,2021-02-12,2026-06-24,0
LGVNV,NASDAQ,2023-08-17,2023-08-21,1
LH,NYSE,1990-03-29,2026-06-24,0
LHAA,NASDAQ,2021-03-05,2022-12-13,1
LHAI,NASDAQ,2025-07-24,2026-06-24,0
LHC,NYSE,2018-04-16,2023-11-17,1
LHCG,NASDAQ,2005-06-09,2023-02-22,1
LHO,NYSE,1998-04-24,2018-11-30,1
LHSW,NASDAQ,2025-04-03,2026-06-24,0
LHX,NYSE,1981-12-31,2026-06-24,0
LI,NASDAQ,2020-07-30,2026-06-24,0
LIBY,NASDAQ,2021-12-27,2024-04-03,1
LICN,NASDAQ,2023-02-06,2026-06-24,0
LIDR,NASDAQ,2021-01-11,2026-06-24,0
LIEN,NASDAQ,2022-02-04,2026-06-24,0
LIF,NASDAQ,2024-06-06,2026-06-24,0
LIFE,NASDAQ,2026-01-29,2026-06-24,0
LII,NYSE,1999-07-29,2026-06-24,0
LILA,NASDAQ,2015-07-02,2026-06-24,0
LILAK,NASDAQ,2015-07-02,2026-06-24,0
LILAP,NASDAQ,2026-06-17,2026-06-24,0
LILAV,NASDAQ,2015-06-22,2026-06-24,0
LILKV,NASDAQ,2015-06-23,2026-06-24,0
LILM,NASDAQ,2021-09-14,2026-06-24,0
LILPV,NASDAQ,2026-06-01,2026-06-16,1
LILRV,NASDAQ,2020-09-10,2020-09-10,1
LIME,NASDAQ,2000-01-31,2018-11-12,1
LIMN,NASDAQ,2025-05-01,2026-06-24,0
LIN,NASDAQ,2018-10-01,2026-06-24,0
LINC,NASDAQ,2005-06-23,2026-06-24,0
LIND,NASDAQ,2015-07-09,2026-06-24,0
LINE,NASDAQ,2024-07-25,2026-06-24,0
LINK,NASDAQ,2012-02-24,2026-06-24,0
LINU,NASDAQ,2008-09-09,2018-05-11,1
LINX,NYSE,2019-06-26,2021-06-25,1
LION,NYSE,2025-05-05,2026-06-24,0
LIOX,NASDAQ,2016-01-04,2017-03-01,1
LIPO,NASDAQ,2025-10-17,2026-05-28,1
LIQT,NASDAQ,2011-08-31,2026-06-24,0
LITB,NYSE,2013-06-06,2026-06-24,0
LITE,NASDAQ,2015-08-04,2026-06-24,0
LITEV,NASDAQ,2015-07-23,2015-08-03,1
LITS,NASDAQ,2003-12-18,2026-06-24,0
LITT,NASDAQ,2021-08-12,2023-06-15,1
LITX,BATS,2026-01-27,2026-06-24,0
LITZ,BATS,2026-04-23,2026-06-24,0
LIVB,NASDAQ,2022-03-15,2023-12-07,1
LIVE,NASDAQ,2001-01-02,2026-06-24,0
LIVN,NASDAQ,2015-10-19,2026-06-24,0
LIWA,NASDAQ,2017-09-21,2019-02-28,1
LIXT,NASDAQ,2010-04-08,2026-06-24,0
LJAQ,NASDAQ,2021-03-02,2022-12-30,1
LKFN,NASDAQ,1997-08-14,2026-06-24,0
LKFT,NASDAQ,2015-05-14,2026-06-24,0
LKM,NYSE,2011-05-05,2019-02-06,1
LKQ,NASDAQ,2003-10-03,2026-06-24,0
LKSP,NASDAQ,2025-11-06,2026-06-24,0
LLAP,NYSE,2021-04-26,2024-10-30,1
LLEN,NASDAQ,2009-01-05,2019-03-01,1
LLEX,NYSE MKT,2009-10-26,2020-12-04,1
LLEXQ,AMEX,2020-12-07,2020-12-17,1
LLTC,NASDAQ,2016-01-04,2017-03-20,1
LLY,NYSE,1972-06-01,2026-06-24,0
LLYVA,NASDAQ,2025-12-16,2026-06-24,0
LLYVK,NASDAQ,2025-12-16,2026-06-24,0
LM,NYSE,1987-11-05,2020-07-31,1
LMACA,NASDAQ,2021-03-16,2022-11-30,1
LMAO,NASDAQ,2021-03-18,2022-10-28,1
LMAT,NASDAQ,2006-10-19,2026-06-24,0
LMB,NASDAQ,2016-01-21,2026-06-24,0
LMCA,NASDAQ,2013-01-10,2017-01-24,1
LMFA,NASDAQ,2015-12-08,2026-06-24,0
LMIA,NASDAQ,1998-06-30,2017-06-28,1
LMIBL,NYSE,2016-08-16,2020-08-21,1
LMICL,NYSE,2016-03-24,2020-08-21,1
LMLB,NYSE ARCA,2019-10-25,2020-12-09,1
LMMKP,NASDAQ,2018-04-20,2021-12-22,1
LMND,NYSE,2020-07-02,2026-06-24,0
LMNL,NASDAQ,2019-11-18,2023-09-26,1
LMNR,NASDAQ,2001-11-08,2026-06-24,0
LMNS,NASDAQ,2014-02-27,2015-10-09,1
LMNX,NASDAQ,2000-04-06,2026-06-24,0
LMOS,NASDAQ,2011-10-31,2017-11-17,1
LMRI,NASDAQ,2025-12-11,2026-06-24,0
LMRK,NASDAQ,2014-11-14,2021-12-22,1
LMRKO,NASDAQ,2016-08-04,2021-12-22,1
LMRKP,NASDAQ,2016-04-01,2021-12-22,1
LMST,NASDAQ,2006-09-22,2023-05-01,1
LMT,NYSE,1977-01-03,2026-06-24,0
LN,NYSE,2016-07-14,2026-06-24,0
LNAI,NASDAQ,2015-02-02,2026-06-24,0
LNBB,NASDAQ,1997-05-09,2015-08-24,1
LNC,NYSE,1984-10-05,2026-06-24,0
LNCE,NASDAQ,1990-03-26,2018-03-27,1
LND,NYSE,2012-05-15,2026-06-24,0
LNFA,NYSE MKT,2021-01-07,2022-08-03,1
LNG,NYSE,1994-04-04,2026-06-24,0
LNKB,NASDAQ,2020-06-01,2026-05-01,1
LNKD,NYSE,2011-05-19,2016-12-16,1
LNKS,NASDAQ,2024-12-05,2026-06-24,0
LNN,NYSE,1990-03-26,2026-06-24,0
LNSR,NASDAQ,2020-10-02,2026-06-24,0
LNT,NASDAQ,1988-01-05,2026-06-24,0
LNTH,NASDAQ,2015-06-25,2026-06-24,0
LNZA,NASDAQ,2021-09-24,2026-06-24,0
LO,NYSE,2002-02-01,2015-06-22,1
LOAC,NASDAQ,2018-10-16,2021-03-19,1
LOAN,NASDAQ,1999-05-13,2026-06-24,0
LOAR,NYSE,2024-04-25,2026-06-24,0
LOB,NYSE,2015-07-23,2026-06-24,0
LOBO,NASDAQ,2024-03-21,2026-06-24,0
LOCC,NYSE,2021-11-15,2023-11-29,1
LOCK,NYSE,2016-01-04,2017-02-16,1
LOCL,NYSE,2021-04-19,2026-06-24,0
LOCO,NASDAQ,2014-07-25,2026-06-24,0
LODE,AMEX,2003-03-18,2026-06-24,0
LODG,NASDAQ,1992-02-12,2017-09-18,1
LOGC,NASDAQ,2018-10-19,2022-11-16,1
LOGI,NASDAQ,1997-03-31,2026-06-24,0
LOGM,NASDAQ,2009-07-01,2020-08-31,1
LOGMV,NASDAQ,2017-01-26,2017-02-08,1
LOHA,BATS,2026-05-14,2026-06-24,0
LOJN,NASDAQ,1993-03-24,2016-03-21,1
LOKM,NYSE,2021-04-22,2023-03-06,1
LOKV,NASDAQ,2025-04-21,2026-06-22,0
LOLI,NASDAQ,2017-07-13,2017-08-11,1
LOMA,NYSE,2017-11-01,2026-06-24,0
LONA,NASDAQ,2020-09-18,2026-06-24,0
LONE,NASDAQ,2016-01-04,2020-11-05,1
LONG,NASDAQ,2004-10-27,2016-06-01,1
LOOK,NASDAQ,1999-08-20,2015-10-27,1
LOOP,NASDAQ,2017-11-20,2026-06-24,0
LOPE,NASDAQ,2008-11-20,2026-06-24,0
LORL,NASDAQ,2005-07-27,2022-02-28,1
LOT,NASDAQ,2024-02-22,2026-06-24,0
LOTZ,NASDAQ,2019-05-09,2023-01-03,1
LOVE,NASDAQ,2018-06-27,2026-06-24,0
LOW,NYSE,1985-07-01,2026-06-24,0
LOXO,NASDAQ,2014-08-01,2019-02-15,1
LPA,AMEX,2024-03-28,2026-06-24,0
LPAA,NASDAQ,2024-09-03,2026-06-24,0
LPBB,NASDAQ,2024-11-29,2026-06-24,0
LPCN,NASDAQ,2013-10-22,2026-06-24,0
LPCV,NASDAQ,2026-02-09,2026-06-24,0
LPDX,NASDAQ,2013-01-25,2014-11-20,1
LPG,NYSE,2014-05-08,2026-06-24,0
LPHI,NASDAQ,2000-02-09,2015-03-26,1
LPHIQ,NASDAQ,2016-01-04,2016-12-19,1
LPL,NYSE,2004-07-22,2026-06-24,0
LPLA,NASDAQ,2010-11-18,2026-06-24,0
LPNT,NASDAQ,1999-05-12,2018-11-16,1
LPRIQ,NYSE,2013-09-16,2014-01-31,1
LPRO,NASDAQ,2018-03-06,2026-06-24,0
LPSB,NASDAQ,2016-01-04,2016-07-25,1
LPSN,NASDAQ,2000-04-07,2026-06-24,0
LPT,NYSE,1994-06-17,2020-02-03,1
LPTH,NASDAQ,1996-02-28,2026-06-24,0
LPX,NYSE,1982-01-04,2026-06-24,0
LQ,NASDAQ,2014-04-09,2026-06-24,0
LQDA,NASDAQ,2018-07-26,2026-06-24,0
LQDM,BATS,2026-04-21,2026-06-24,0
LQDT,NASDAQ,2006-02-27,2026-06-24,0
LRCX,NASDAQ,1990-03-26,2026-06-24,0
LRE,NASDAQ,2023-09-27,2026-06-24,0
LRFC,NASDAQ,2013-09-25,2025-07-15,1
LRHC,NASDAQ,2023-10-09,2026-06-24,0
LRMR,NASDAQ,2014-06-19,2026-06-24,0
LRN,NYSE,2007-12-13,2026-06-24,0
LRNX,BATS,2026-06-24,2026-06-24,0
LSAK,NASDAQ,1999-04-19,2026-06-24,0
LSBG,NASDAQ,2016-01-04,2017-01-23,1
LSBI,NASDAQ,1995-02-07,2014-10-31,1
LSBK,NASDAQ,2025-07-21,2026-06-24,0
LSCC,NASDAQ,1990-03-26,2026-06-24,0
LSCP,NASDAQ,2026-06-24,2026-06-24,0
LSE,NASDAQ,2024-12-19,2026-06-24,0
LSEA,NASDAQ,2018-06-29,2025-06-25,1
LSF,AMEX,2020-09-23,2026-06-24,0
LSG,NYSE,2016-01-04,2016-04-11,1
LSH,NASDAQ,2024-06-28,2026-06-24,0
LSI,NYSE,1995-06-21,2023-07-19,1
LSPD,NYSE,2019-08-13,2026-06-24,0
LSPR,NASDAQ,2022-02-10,2022-12-12,1
LSTA,NASDAQ,1999-03-01,2026-06-24,0
LSTB,NYSE ARCA,2026-06-24,2026-06-24,0
LSTR,NASDAQ,1993-03-05,2026-06-24,0
LSXMA,NASDAQ,2016-04-18,2026-06-24,0
LSXMB,NASDAQ,2016-04-21,2026-06-24,0
LSXMK,NASDAQ,2016-04-18,2026-06-24,0
LTBR,NASDAQ,2000-11-13,2026-06-24,0
LTC,NYSE,1992-08-25,2026-06-24,0
LTCC,NASDAQ,2025-10-28,2026-06-24,0
LTCH,NASDAQ,2024-04-02,2026-05-28,1
LTEA,NASDAQ,2015-03-10,2018-01-04,1
LTH,NYSE,2021-10-07,2026-06-24,0
LTHM,NYSE,2018-10-11,2024-01-04,1
LTM,NYSE,1997-11-07,2026-06-24,0
LTMAY,NYSE,2020-06-10,2024-07-23,1
LTRN,NASDAQ,2020-06-11,2026-06-24,0
LTRX,NASDAQ,2000-08-04,2026-06-24,0
LTRY,NASDAQ,2018-06-13,2025-07-07,1
LTS,NYSE,1999-08-25,2020-02-14,1
LTXB,NASDAQ,2006-10-03,2019-10-31,1
LTXC,NASDAQ,1990-03-26,2014-05-21,1
LU,NYSE,2020-10-30,2026-06-24,0
LUB,NYSE,1985-07-01,2022-06-21,1
LUCD,NASDAQ,2021-10-14,2026-06-24,0
LUCK,NYSE,2021-04-23,2026-06-24,0
LUCY,NASDAQ,2022-08-15,2026-06-24,0
LUD,AMEX,2025-02-27,2026-06-24,0
LUK,NYSE,1987-11-05,2018-05-23,1
LULU,NASDAQ,2007-07-27,2026-06-24,0
LUMCQ,NYSE,2008-09-24,2009-07-22,1
LUMN,NYSE,1987-11-05,2026-06-24,0
LUMO,NASDAQ,2011-11-11,2024-12-12,1
LUNG,NASDAQ,2020-10-01,2026-06-24,0
LUNR,NASDAQ,2021-11-17,2026-06-24,0
LUV,NYSE,1980-01-02,2026-06-24,0
LUX,NYSE,1990-01-24,2025-08-06,1
LUXA,NASDAQ,2020-12-18,2022-11-01,1
LUXE,NYSE,2021-01-21,2026-06-24,0
LVAC,NASDAQ,2021-12-22,2023-05-12,1
LVB,NYSE,2006-12-28,2013-09-18,1
LVGO,NASDAQ,2019-07-25,2020-10-30,1
LVLT,NYSE,1998-03-31,2017-11-01,1
LVLU,NASDAQ,2021-11-11,2026-06-24,0
LVNTA,NASDAQ,2012-08-10,2018-03-12,1
LVNTB,NASDAQ,2012-08-15,2018-03-12,1
LVO,NASDAQ,2017-08-18,2026-06-24,0
LVOX,NASDAQ,2019-04-18,2023-12-22,1
LVRA,NASDAQ,2021-05-14,2023-03-23,1
LVS,NYSE,2004-12-15,2026-06-24,0
LVTX,NASDAQ,2021-03-25,2025-12-05,1
LVWR,NYSE,2022-09-26,2026-06-24,0
LW,NYSE,2016-11-10,2026-06-24,0
LWAC,NASDAQ,2025-08-15,2026-06-24,0
LWAY,NASDAQ,1995-08-18,2026-06-24,0
LWLG,NASDAQ,2007-07-13,2026-06-24,0
LX,NASDAQ,2017-12-21,2026-06-24,0
LXEH,NASDAQ,2020-10-01,2026-06-24,0
LXEO,NASDAQ,2023-11-03,2026-06-24,0
LXFR,NYSE,2012-10-03,2026-06-24,0
LXFT,NYSE,2013-06-26,2019-06-28,1
LXK,NYSE,2016-01-04,2016-11-29,1
LXP,NYSE,1993-10-22,2026-06-24,0
LXRX,NASDAQ,2000-04-07,2026-06-24,0
LXU,NYSE,1980-01-02,2026-06-24,0
LYB,NYSE,2010-04-28,2026-06-24,0
LYEL,NASDAQ,2021-06-17,2026-06-24,0
LYFT,NASDAQ,2019-03-29,2026-06-24,0
LYG,NYSE,2001-11-27,2026-06-24,0
LYLTV,NASDAQ,2021-11-02,2021-11-05,1
LYTS,NASDAQ,1990-03-26,2026-06-24,0
LYV,NYSE,2005-12-21,2026-06-24,0
LZ,NASDAQ,2021-06-30,2026-06-24,0
LZB,NYSE,1988-01-05,2026-06-24,0
LZM,NYSE,2023-07-05,2026-06-24,0
LZMH,NASDAQ,2025-02-27,2026-06-24,0
M,NYSE,1992-02-05,2026-06-24,0
MA,NYSE,2006-05-25,2026-06-24,0
MAA,NYSE,1994-01-28,2026-06-24,0
MAAC,NASDAQ,2020-12-08,2021-09-30,1
MAAS,NASDAQ,2019-03-29,2026-06-24,0
MAC,NYSE,1994-03-10,2026-06-24,0
MACA,NASDAQ,2021-04-07,2024-08-15,1
MACC,NYSE,2021-04-26,2022-12-07,1
MACI,NASDAQ,2024-07-17,2026-06-24,0
MACK,NASDAQ,2012-03-29,2024-05-28,1
MACQ,NASDAQ,2021-04-20,2021-12-22,1
MACU,NASDAQ,2020-12-11,2022-05-24,1
MAG,NYSE MKT,1989-06-30,2025-09-03,1
MAGH,NASDAQ,2025-08-12,2026-06-24,0
MAGN,NYSE,1984-05-16,2026-06-24,0
MAIA,AMEX,2022-07-28,2026-06-24,0
MAIN,NYSE,2007-10-09,2026-06-24,0
MAIR,NYSE,2026-04-16,2026-06-24,0
MAKO,NASDAQ,2026-03-30,2026-06-24,0
MAMA,NASDAQ,2014-07-17,2026-06-24,0
MAMK,NASDAQ,2025-07-07,2026-06-24,0
MAMO,NASDAQ,2024-04-02,2026-06-24,0
MAMS,NASDAQ,1999-10-05,2019-10-21,1
MAN,NYSE,1988-10-05,2026-06-24,0
MANA,NASDAQ,2022-05-16,2022-05-16,1
MANE,NYSE,2026-02-04,2026-06-24,0
MANH,NASDAQ,1998-04-23,2026-06-24,0
MANT,NASDAQ,2002-02-07,2022-09-16,1
MANU,NYSE,2012-08-10,2026-06-24,0
MAPS,NASDAQ,2026-04-28,2026-05-28,1
MAQ,NYSE,2017-01-02,2017-03-20,1
MAR,NASDAQ,1993-10-13,2026-06-24,0
MARA,NASDAQ,2012-05-04,2026-06-24,0
MARPS,NASDAQ,1995-08-18,2026-06-24,0
MARX,NASDAQ,2023-03-14,2025-01-02,1
MAS,NYSE,1983-06-10,2026-06-24,0
MASI,NASDAQ,2007-08-08,2026-06-10,1
MASK,NASDAQ,2025-01-08,2026-06-24,0
MASS,NASDAQ,2020-12-18,2026-06-24,0
MAT,NASDAQ,1982-01-04,2026-06-24,0
MATH,NASDAQ,2017-10-20,2026-06-24,0
MATR,NASDAQ,2000-02-10,2018-08-20,1
MATV,NYSE,1995-11-09,2026-06-24,0
MATW,NASDAQ,1994-08-10,2026-06-24,0
MATX,NYSE,1973-05-03,2026-06-24,0
MAX,NYSE,2020-10-28,2026-06-24,0
MAXR,NYSE,2009-02-13,2023-05-08,1
MAXW,NASDAQ,2017-11-06,2018-05-30,1
MAYA,NASDAQ,2026-05-28,2026-06-24,0
MAYC,BATS,2026-05-01,2026-06-24,0
MAYS,NASDAQ,1992-02-26,2026-06-24,0
MAZE,NASDAQ,2025-01-31,2026-06-24,0
MB,NASDAQ,2025-04-10,2026-06-24,0
MBAC,NYSE,2021-04-26,2023-12-08,1
MBAI,NASDAQ,2025-11-28,2026-06-24,0
MBAV,NASDAQ,2024-09-23,2026-06-24,0
MBBC,NASDAQ,2021-04-19,2026-06-24,0
MBC,NYSE,2022-12-09,2026-06-24,0
MBCN,NASDAQ,2002-06-05,2026-03-03,1
MBFI,NASDAQ,1995-04-07,2019-03-21,1
MBFIO,NASDAQ,2017-11-16,2019-03-22,1
MBFIP,NASDAQ,2014-09-24,2018-02-14,1
MBI,NYSE,1987-07-02,2026-06-24,0
MBIEL,NASDAQ,2024-11-22,2026-06-24,0
MBII,NASDAQ,2013-08-02,2022-09-07,1
MBIN,NASDAQ,2017-10-27,2026-06-24,0
MBINL,NASDAQ,2024-11-25,2026-06-24,0
MBINM,NASDAQ,2022-09-23,2026-06-24,0
MBINN,NASDAQ,2021-03-17,2026-06-24,0
MBINO,NASDAQ,2019-08-13,2026-06-24,0
MBINP,NASDAQ,2019-03-26,2024-04-01,1
MBIO,NASDAQ,2017-08-22,2026-06-24,0
MBLY,NASDAQ,2022-10-26,2026-06-24,0
MBNAA,NASDAQ,2018-08-29,2018-10-23,1
MBNAB,NASDAQ,2018-08-29,2018-10-23,1
MBND,NASDAQ,2006-12-28,2013-08-30,1
MBNKO,NASDAQ,2025-05-21,2026-06-24,0
MBNKP,NASDAQ,2019-12-17,2026-06-24,0
MBOT,NASDAQ,1992-03-25,2026-06-24,0
MBRG,NASDAQ,2016-01-04,2017-04-10,1
MBRX,NASDAQ,2016-06-02,2026-06-24,0
MBSC,NYSE,2021-12-13,2023-09-20,1
MBT,NYSE,2000-06-30,2026-06-24,0
MBTC,NASDAQ,2021-05-05,2024-04-10,1
MBTF,NASDAQ,1999-01-04,2019-09-03,1
MBUU,NASDAQ,2014-01-31,2026-06-24,0
MBVI,NASDAQ,2025-10-17,2026-06-24,0
MBVT,NASDAQ,1993-03-25,2017-05-22,1
MBWM,NASDAQ,1999-07-20,2026-06-24,0
MBX,NASDAQ,2024-09-13,2026-06-24,0
MC,NYSE,2014-04-16,2026-06-24,0
MCAA,NASDAQ,2021-12-29,2026-06-24,0
MCAF,NASDAQ,2021-07-30,2024-04-01,1
MCAH,NASDAQ,2026-06-22,2026-06-24,0
MCB,NYSE,2017-11-08,2026-06-24,0
MCBC,NASDAQ,1998-05-20,2024-08-01,1
MCBS,NASDAQ,2017-01-19,2026-06-24,0
MCD,NYSE,1970-01-02,2026-06-24,0
MCEP,NASDAQ,2011-12-15,2021-01-21,1
MCF,NYSE MKT,1994-04-04,2021-12-07,1
MCFE,NASDAQ,2020-10-22,2022-09-16,1
MCFT,NASDAQ,2015-07-17,2026-06-24,0
MCGA,NASDAQ,2025-07-25,2026-06-24,0
MCGC,NASDAQ,2001-11-30,2015-08-17,1
MCHB,NASDAQ,2012-07-25,2026-06-24,0
MCHP,NASDAQ,1993-03-19,2026-06-24,0
MCHPP,NASDAQ,2025-03-26,2026-06-24,0
MCHX,NASDAQ,2004-03-31,2026-06-24,0
MCK,NYSE,1994-11-15,2026-06-24,0
MCO,NYSE,1994-10-31,2026-06-24,0
MCOX,NASDAQ,2016-01-04,2016-04-15,1
MCP,NASDAQ,2010-07-29,2015-06-24,1
MCQ,NYSE,2016-01-04,2017-02-15,1
MCRB,NASDAQ,2015-06-26,2026-06-24,0
MCRI,NASDAQ,1993-08-10,2026-06-24,0
MCRL,NASDAQ,1994-12-09,2015-08-03,1
MCRN,NYSE,2015-06-25,2019-11-22,1
MCRP,AMEX,2025-03-07,2026-06-24,0
MCRS,NASDAQ,1990-03-26,2014-09-08,1
MCS,NYSE,1990-03-29,2026-06-24,0
MCTA,NASDAQ,2025-10-21,2026-06-24,0
MCUR,NASDAQ,2016-01-04,2017-01-31,1
MCVT,NYSE,2022-08-10,2026-06-24,0
MCW,NASDAQ,2021-06-25,2026-05-19,1
MCX,NYSE,2015-12-23,2020-11-19,1
MCY,NYSE,1990-03-26,2026-06-24,0
MD,NYSE,1995-09-20,2026-06-24,0
MDA,NYSE,2017-10-05,2026-06-24,0
MDAI,NASDAQ,2021-04-06,2026-06-24,0
MDAS,NASDAQ,2007-12-12,2016-01-28,1
MDB,NASDAQ,2017-10-19,2026-06-24,0
MDBH,NASDAQ,2023-09-21,2026-06-24,0
MDC,NYSE,1980-03-11,2024-04-19,1
MDCA,NASDAQ,1995-04-17,2021-08-02,1
MDCI,NASDAQ,1986-07-22,2014-09-30,1
MDCO,NASDAQ,2000-08-08,2020-01-06,1
MDCX,NASDAQ,2016-02-03,2026-06-24,0
MDGL,NASDAQ,2007-02-06,2026-06-24,0
MDH,NYSE,2021-03-26,2022-12-29,1
MDHWS,NYSE,2021-03-26,2022-12-29,1
MDIA,NASDAQ,2020-01-06,2026-06-24,0
MDLA,NYSE,2019-07-19,2021-10-29,1
MDLG,NYSE,2001-01-02,2016-04-15,1
MDLN,NASDAQ,2025-12-17,2026-06-24,0
MDLZ,NASDAQ,2001-06-13,2026-06-24,0
MDR,NYSE,1982-12-31,2020-01-22,1
MDRR,NASDAQ,2018-11-28,2026-06-24,0
MDRRP,NASDAQ,2020-02-13,2026-06-24,0
MDSO,NASDAQ,2009-06-25,2019-10-28,1
MDSY,NASDAQ,1997-01-31,2017-05-02,1
MDT,NYSE,1981-12-31,2026-06-24,0
MDTL,NASDAQ,2010-01-04,2013-02-25,1
MDU,NYSE,1987-11-05,2026-06-24,0
MDV,NYSE,2022-02-11,2026-06-24,0
MDVL,NASDAQ,2020-11-23,2022-12-30,1
MDVN,NASDAQ,2016-01-04,2016-09-29,1
MDWD,NASDAQ,2014-03-20,2026-06-24,0
MDWT,NASDAQ,2017-09-29,2023-12-21,1
MDXG,NASDAQ,2007-08-22,2026-06-24,0
MDXH,NASDAQ,2021-11-04,2026-06-24,0
ME,NYSE,2026-02-06,2026-05-28,1
MEA,AMEX,2005-08-17,2015-09-11,1
MEAS,NASDAQ,1993-04-26,2014-10-09,1
MEC,NYSE,2019-05-09,2026-06-24,0
MECK,NASDAQ,1996-02-02,2018-04-10,1
MED,NYSE,1993-12-31,2026-06-24,0
MEDP,NASDAQ,2016-08-11,2026-06-24,0
MEET,NASDAQ,2003-09-04,2020-09-04,1
MEG,NYSE,2016-01-04,2017-01-25,1
MEGI,NYSE,2021-10-27,2026-06-24,0
MEGL,NASDAQ,2022-08-05,2026-06-24,0
MEHA,NASDAQ,2025-11-05,2026-06-24,0
MEI,NYSE,1990-03-23,2026-06-24,0
MEKA,NASDAQ,2021-09-29,2023-06-15,1
MELA,NASDAQ,2005-11-03,2016-01-04,1
MELI,NASDAQ,2007-08-10,2026-06-24,0
MEME,NYSE ARCA,2008-10-06,2021-12-14,1
MEMP,NASDAQ,2011-12-09,2017-08-28,1
MEMS,NASDAQ,2007-12-14,2013-09-17,1
MEMY,BATS,2026-01-20,2026-06-24,0
MENS,NASDAQ,2025-06-17,2026-06-24,0
MENT,NASDAQ,2016-01-04,2017-03-31,1
MENU,NYSE ARCA,2016-11-08,2017-10-12,1
MEOA,NASDAQ,2021-10-18,2023-07-12,1
MEOH,NASDAQ,1992-05-19,2026-06-24,0
MEP,NYSE,2013-11-07,2017-08-28,1
MER,NYSE,2006-12-28,2008-12-31,1
MERC,NASDAQ,1990-03-26,2026-06-24,0
MERU,NASDAQ,2010-03-31,2015-07-07,1
MESA,NASDAQ,2026-02-06,2026-06-24,0
MESG,NASDAQ,2015-09-08,2018-05-25,1
MESH,NASDAQ,2026-01-30,2026-06-24,0
MESO,NASDAQ,2015-11-13,2026-06-24,0
MET,NYSE,2000-04-05,2026-06-24,0
META,NASDAQ,2012-05-18,2026-06-24,0
METBV,NASDAQ,2023-06-16,2023-06-21,1
METC,NASDAQ,2017-02-03,2026-06-24,0
METCB,NASDAQ,2023-06-16,2026-06-24,0
METCI,NASDAQ,2025-08-05,2026-06-24,0
METCL,NASDAQ,2021-07-14,2026-06-24,0
METCV,NASDAQ,2023-06-16,2023-06-21,1
METCZ,NASDAQ,2024-12-03,2026-06-24,0
METR,NASDAQ,2016-01-04,2016-02-22,1
MEVO,NASDAQ,2026-02-19,2026-06-24,0
MFA,NYSE,1998-04-13,2026-06-24,0
MFAN,NYSE,2024-01-24,2026-06-24,0
MFAO,NYSE,2024-04-24,2026-06-24,0
MFB,NYSE,2006-12-28,2013-10-04,1
MFC,NYSE,1999-09-24,2026-06-24,0
MFE,NYSE,2006-12-28,2011-03-01,1
MFG,NYSE,2006-11-08,2026-06-24,0
MFGP,NYSE,2017-08-17,2023-02-21,1
MFI,NASDAQ,2024-04-22,2026-06-24,0
MFIC,NASDAQ,2004-05-05,2026-06-24,0
MFICL,NASDAQ,2023-12-19,2026-06-24,0
MFIN,NASDAQ,1996-05-23,2026-06-24,0
MFINL,NASDAQ,2016-05-02,2021-04-14,1
MFLR,NASDAQ,2006-12-28,2013-11-15,1
MFNC,NASDAQ,2000-03-17,2021-09-03,1
MFO,NYSE,2012-04-17,2021-01-05,1
MFRM,NASDAQ,2011-11-17,2016-09-19,1
MFSF,NASDAQ,1999-12-30,2020-04-24,1
MG,NYSE,2009-10-08,2026-06-24,0
MGA,NYSE,1990-03-26,2026-06-24,0
MGAM,NASDAQ,1995-02-01,2026-05-28,1
MGCD,NASDAQ,2003-07-15,2018-01-08,1
MGEE,NASDAQ,1990-03-26,2026-06-24,0
MGH,NYSE MKT,2017-01-03,2017-01-27,1
MGI,NASDAQ,2004-07-01,2023-06-01,1
MGIC,NASDAQ,1991-08-30,2026-06-24,0
MGIH,NASDAQ,2023-04-04,2026-06-24,0
MGKX,BATS,2026-06-03,2026-06-24,0
MGLD,AMEX,2002-02-21,2026-06-24,0
MGLN,NASDAQ,2004-02-25,2022-01-04,1
MGM,NYSE,1990-01-12,2026-06-24,0
MGN,NASDAQ,2025-09-26,2026-06-24,0
MGNI,NASDAQ,2014-04-02,2026-06-24,0
MGNX,NASDAQ,2013-10-10,2026-06-24,0
MGOL,NASDAQ,2023-01-13,2025-02-19,1
MGP,NYSE,2016-04-20,2022-05-19,1
MGPI,NASDAQ,1990-03-26,2026-06-24,0
MGR,NYSE,2019-03-29,2026-06-24,0
MGRB,NYSE,2020-09-29,2026-06-24,0
MGRC,NASDAQ,1990-03-26,2026-06-24,0
MGRD,NYSE,2021-07-23,2026-06-24,0
MGRE,NYSE,2024-03-27,2026-06-24,0
MGRM,NASDAQ,2023-05-18,2025-10-07,1
MGRP,NASDAQ,2010-06-08,2012-06-26,1
MGRT,NASDAQ,2025-07-16,2026-06-24,0
MGRX,NASDAQ,2023-03-21,2026-06-24,0
MGTA,NASDAQ,2018-06-21,2023-09-11,1
MGTX,NASDAQ,2018-06-08,2026-06-24,0
MGX,NASDAQ,2024-02-09,2026-06-24,0
MGY,NYSE,2017-06-29,2026-06-24,0
MGYR,NASDAQ,2006-01-24,2026-06-24,0
MH,NYSE,2025-07-24,2026-06-24,0
MHGC,NASDAQ,2006-02-13,2016-12-02,1
MHH,AMEX,2008-09-19,2026-06-24,0
MHIG,NYSE,2026-04-21,2026-06-24,0
MHIP,NYSE,2026-04-21,2026-06-24,0
MHK,NYSE,1992-04-01,2026-06-24,0
MHLA,NYSE,2016-06-15,2026-06-24,0
MHLD,NASDAQ,2008-05-06,2025-05-27,1
MHLDO,NASDAQ,2016-01-04,2016-09-22,1
MHM,NYSE ARCA,2011-03-29,2015-07-30,1
MHNA,NYSE,2016-01-04,2016-05-23,1
MHNB,NYSE,2012-03-29,2017-09-28,1
MHNC,NYSE,2013-11-27,2026-06-24,0
MHO,NYSE,1993-11-03,2026-06-24,0
MHR,NASDAQ,2003-10-07,2015-11-10,1
MHS,NYSE,2006-12-28,2013-04-10,1
MI,AMEX,2023-09-18,2026-06-24,0
MIAX,NYSE,2025-08-14,2026-06-24,0
MIC,NYSE,2004-12-16,2022-07-21,1
MICC,NYSE,2025-12-08,2026-06-24,0
MIDD,NASDAQ,1992-03-17,2026-06-24,0
MIFI,NASDAQ,2001-01-02,2016-11-16,1
MIII,NASDAQ,2016-10-06,2018-03-27,1
MIK,NASDAQ,2014-06-27,2021-04-15,1
MIL,NYSE,1996-05-08,2016-02-12,1
MILE,NASDAQ,2020-11-09,2022-09-07,1
MILL,NYSE,1998-12-30,2015-07-30,1
MIME,NASDAQ,2015-11-19,2022-09-16,1
MIMI,NASDAQ,2025-01-10,2026-06-24,0
MIND,NASDAQ,1994-12-28,2026-06-24,0
MINDP,NASDAQ,2016-06-14,2026-06-24,0
MINE,AMEX,2010-03-03,2026-06-24,0
MINI,NASDAQ,1994-02-17,2020-07-01,1
MINM,NASDAQ,2012-07-23,2025-07-09,1
MIO,NYSE,2021-08-06,2025-08-22,1
MIR,NYSE,2020-08-20,2026-06-24,0
MIRA,NASDAQ,2023-08-03,2026-06-24,0
MIRM,NASDAQ,2019-07-18,2026-06-24,0
MIRO,NASDAQ,2021-06-24,2023-12-13,1
MIST,NASDAQ,2019-05-09,2026-06-24,0
MIT,NYSE,2021-03-22,2023-02-02,1
MITA,NASDAQ,2021-08-17,2025-06-26,1
MITK,NASDAQ,1995-05-26,2026-06-24,0
MITL,NASDAQ,2010-04-22,2018-11-30,1
MITN,NYSE,2024-02-06,2026-06-24,0
MITO,NASDAQ,2019-02-15,2022-11-16,1
MITP,NYSE,2024-05-20,2026-06-24,0
MITQ,AMEX,2021-07-08,2026-06-24,0
MITT,NYSE,2011-06-30,2026-06-24,0
MITWS,NYSE,2021-03-22,2023-02-14,1
MIXT,NYSE,2013-08-09,2026-06-24,0
MJCO,NASDAQ,2015-06-29,2020-09-21,1
MJN,NYSE,2009-02-11,2017-07-14,1
MJRC,NASDAQ,2006-03-24,2012-02-27,1
MKC,NYSE,1990-03-26,2026-06-24,0
MKDW,NASDAQ,2024-07-31,2026-06-24,0
MKFG,NYSE,2020-10-08,2025-04-25,1
MKL,NYSE,1990-01-02,2026-06-24,0
MKLY,NASDAQ,2025-10-02,2026-06-24,0
MKSI,NASDAQ,1999-03-30,2026-06-24,0
MKTO,NASDAQ,2013-05-16,2016-08-17,1
MKTW,NASDAQ,2020-09-14,2026-06-24,0
MKTX,NASDAQ,2004-11-05,2026-06-24,0
MKZR,NASDAQ,2024-05-14,2026-06-24,0
ML,NYSE,2020-08-14,2025-04-17,1
MLAA,NASDAQ,2026-03-19,2026-06-24,0
MLAB,NASDAQ,1995-01-25,2026-06-24,0
MLAC,NASDAQ,2025-02-03,2026-06-11,1
MLAI,NASDAQ,2021-12-23,2023-03-03,1
MLCI,NASDAQ,2025-09-12,2026-06-24,0
MLCIL,NASDAQ,2026-02-02,2026-06-24,0
MLCO,NASDAQ,2006-12-19,2026-06-24,0
MLEC,NASDAQ,2023-01-03,2026-06-24,0
MLGO,NASDAQ,2021-04-13,2026-06-24,0
MLI,NYSE,1991-02-25,2026-06-24,0
MLKN,NASDAQ,1990-03-26,2026-06-24,0
MLM,NYSE,1994-02-17,2026-06-24,0
MLNK,NYSE,2021-07-27,2025-10-23,1
MLNX,NASDAQ,2007-02-08,2020-04-27,1
MLP,NYSE,1996-01-02,2026-06-24,0
MLPR,NYSE,2020-06-03,2026-06-24,0
MLR,NYSE,1994-08-02,2026-06-24,0
MLSS,AMEX,1995-11-03,2026-06-24,0
MLTX,NASDAQ,2020-10-20,2026-06-24,0
MLVF,NASDAQ,2008-05-21,2023-07-17,1
MLYS,NASDAQ,2023-02-10,2026-06-24,0
MM,NYSE,2012-03-29,2015-10-22,1
MMA,AMEX,2024-03-28,2026-06-24,0
MMAC,NASDAQ,1996-08-30,2021-09-15,1
MMDM,NASDAQ,2017-06-07,2019-09-11,1
MMED,NASDAQ,2026-03-06,2026-06-24,0
MMI,NYSE,2013-10-31,2026-06-24,0
MMID,NYSE,2025-09-24,2026-06-24,0
MMK,NYSE,2026-02-12,2026-06-24,0
MMLP,NASDAQ,2002-11-01,2026-06-24,0
MMM,NYSE,1970-01-02,2026-06-24,0
MMP,NYSE,2001-03-19,2023-09-25,1
MMS,NYSE,1997-06-13,2026-06-24,0
MMSI,NASDAQ,1992-02-26,2026-06-24,0
MMSY,NASDAQ,2001-01-02,2014-03-25,1
MMTX,NASDAQ,2025-12-15,2026-06-24,0
MMV,NASDAQ,2021-06-08,2026-06-24,0
MMX,NYSE MKT,2016-07-12,2023-01-18,1
MMYT,NASDAQ,2010-08-12,2026-06-24,0
MN,NYSE,2011-11-18,2022-10-28,1
MNC,NYSE,2006-12-28,2009-02-27,1
MNDO,NASDAQ,2000-08-08,2026-06-24,0
MNDR,NASDAQ,2024-04-10,2026-06-24,0
MNDT,NASDAQ,2013-09-20,2022-09-16,1
MNDY,NASDAQ,2021-06-10,2026-06-24,0
MNEL,NASDAQ,2007-07-24,2021-05-17,1
MNI,NYSE,1989-06-30,2020-02-13,1
MNKD,NASDAQ,2004-07-28,2026-06-24,0
MNMD,NASDAQ,2022-07-06,2022-07-08,1
MNOV,NASDAQ,2006-12-08,2026-06-24,0
MNPR,NASDAQ,2019-12-19,2026-06-24,0
MNR,NYSE,2023-10-25,2026-06-24,0
MNRK,NASDAQ,2016-01-04,2016-07-05,1
MNRL,NYSE,2019-04-18,2022-12-28,1
MNRO,NASDAQ,1991-07-30,2026-06-24,0
MNSB,NASDAQ,2016-01-04,2026-06-24,0
MNSBP,NASDAQ,2020-09-16,2026-06-24,0
MNSO,NYSE,2020-10-15,2026-06-24,0
MNST,NASDAQ,1995-08-18,2026-06-24,0
MNSX,BATS,2026-06-24,2026-06-24,0
MNTA,NASDAQ,2004-06-22,2020-10-02,1
MNTK,NASDAQ,2021-01-22,2026-06-24,0
MNTN,NYSE,2025-05-22,2026-06-24,0
MNTS,NASDAQ,2020-01-02,2026-06-24,0
MNTV,NASDAQ,2018-09-26,2023-05-31,1
MNTX,NASDAQ,2005-02-15,2025-01-02,1
MNY,NASDAQ,2023-10-13,2026-06-24,0
MO,NYSE,1970-01-02,2026-06-24,0
MOB,NASDAQ,2025-12-08,2026-06-24,0
MOBI,NASDAQ,2026-05-08,2026-06-24,0
MOBL,NASDAQ,2014-06-12,2020-12-01,1
MOBV,NASDAQ,2022-09-26,2023-12-08,1
MOBX,NASDAQ,2023-12-21,2026-06-24,0
MOC,NYSE,1992-10-26,2019-02-21,1
MOCO,NASDAQ,1989-04-05,2017-07-03,1
MOD,NYSE,1990-03-26,2026-06-24,0
MODD,NASDAQ,2007-01-25,2026-06-24,0
MODN,NYSE,2013-03-20,2024-06-27,1
MODV,NASDAQ,2003-08-20,2026-06-24,0
MOFG,NASDAQ,2008-01-29,2026-06-24,0
MOGA,NYSE,2009-11-24,2018-07-27,1
MOGU,NYSE,2018-12-06,2026-06-24,0
MOH,NYSE,2003-07-02,2026-06-24,0
MOKO,NASDAQ,2010-08-11,2017-08-28,1
MOLN,NASDAQ,2021-06-16,2026-06-24,0
MOMO,NASDAQ,2014-12-15,2026-06-24,0
MON,NASDAQ,2021-03-16,2022-12-23,1
MOR,NASDAQ,2018-04-19,2026-06-24,0
MORF,NASDAQ,2019-06-27,2024-08-16,1
MORN,NASDAQ,2005-05-03,2026-06-24,0
MOS,NYSE,1988-01-26,2026-06-24,0
MOSC,NYSE,2017-12-11,2020-01-17,1
MOTN,NASDAQ,2020-12-17,2021-11-05,1
MOV,NYSE,1993-09-30,2026-06-24,0
MOVE,NASDAQ,2021-03-23,2026-06-24,0
MP,NYSE,2020-06-22,2026-06-24,0
MPAA,NASDAQ,1994-03-23,2026-06-24,0
MPB,NASDAQ,1997-12-04,2026-06-24,0
MPC,NYSE,2011-06-23,2026-06-24,0
MPG,NYSE,2014-12-12,2017-08-17,1
MPLT,NASDAQ,2025-10-27,2026-06-24,0
MPLX,NYSE,2012-10-26,2026-06-24,0
MPR,NYSE,2006-12-28,2013-08-27,1
MPRA,NASDAQ,2021-12-29,2023-09-29,1
MPSX,NYSE,2015-10-22,2017-06-07,1
MPT,NYSE,2005-07-08,2026-06-24,0
MPTI,AMEX,2022-10-03,2026-06-24,0
MPU,AMEX,2024-10-09,2026-06-24,0
MPVD,NASDAQ,1996-05-01,2020-02-10,1
MPWR,NASDAQ,2004-11-19,2026-06-24,0
MPWX,BATS,2026-04-24,2026-06-24,0
MPX,NYSE,2001-02-28,2026-05-14,1
MQ,NASDAQ,2021-06-09,2026-06-24,0
MR,NYSE,2006-09-25,2020-11-13,1
MRAC,NASDAQ,2021-02-04,2021-10-15,1
MRAM,NASDAQ,2016-10-07,2026-06-24,0
MRBK,NASDAQ,2017-11-07,2026-06-24,0
MRC,NYSE,2012-04-12,2025-11-05,1
MRCC,NASDAQ,2012-10-25,2026-04-21,1
MRCCL,NASDAQ,2018-09-18,2021-02-17,1
MRCY,NASDAQ,1998-01-30,2026-06-24,0
MRD,NASDAQ,2014-06-12,2016-09-26,1
MRDB,NYSE,2021-07-09,2024-09-04,1
MRDG,NASDAQ,2001-01-02,2010-07-15,1
MRDN,NASDAQ,2009-10-30,2026-06-24,0
MREO,NASDAQ,2019-04-24,2026-06-24,0
MRH,NYSE,2002-10-10,2015-07-31,1
MRK,NYSE,1970-01-02,2026-06-24,0
MRKR,NASDAQ,2014-03-25,2026-06-24,0
MRLN,NASDAQ,2003-11-12,2026-06-24,0
MRM,NASDAQ,2020-12-29,2026-06-24,0
MRNA,NASDAQ,2018-12-07,2026-06-24,0
MRNO,NASDAQ,2022-03-16,2026-06-24,0
MRNS,NASDAQ,2014-07-31,2025-02-11,1
MRO,NYSE,1970-01-02,2024-11-22,1
MRP,NYSE,2025-02-07,2026-06-24,0
MRSH,NYSE,1987-12-30,2026-06-24,0
MRSN,NASDAQ,2017-06-28,2026-01-06,1
MRT,AMEX,2016-09-29,2026-06-24,0
MRTN,NASDAQ,1992-02-26,2026-06-24,0
MRTX,NASDAQ,2013-07-15,2026-06-24,0
MRUS,NASDAQ,2016-05-19,2025-12-30,1
MRVI,NASDAQ,2020-11-20,2026-06-24,0
MRVL,NASDAQ,2000-06-30,2026-06-24,0
MRX,NASDAQ,2024-04-25,2026-06-24,0
MS,NYSE,1993-02-23,2026-06-24,0
MSA,NYSE,1990-03-26,2026-06-24,0
MSAC,NASDAQ,2021-04-07,2023-02-17,1
MSAI,NASDAQ,2021-11-16,2026-06-24,0
MSB,NYSE,1987-12-30,2026-06-24,0
MSBF,NASDAQ,2007-06-20,2020-07-10,1
MSBI,NASDAQ,2016-05-24,2026-06-24,0
MSBIP,NASDAQ,2022-08-18,2026-06-24,0
MSBT,NYSE,2026-04-08,2026-06-24,0
MSC,NYSE,2018-10-18,2026-06-24,0
MSCA,NYSE,2013-04-08,2018-03-29,1
MSCC,NASDAQ,1990-03-26,2018-05-29,1
MSCI,NYSE,2007-11-15,2026-06-24,0
MSDA,NASDAQ,2021-05-25,2023-03-29,1
MSDI,NASDAQ,2016-07-08,2018-01-31,1
MSDL,NYSE,2024-01-24,2026-06-24,0
MSEX,NASDAQ,1990-03-26,2026-06-24,0
MSFG,NASDAQ,1992-01-03,2018-04-02,1
MSFT,NASDAQ,1986-03-13,2026-06-24,0
MSGE,NYSE,2023-04-17,2026-06-24,0
MSGI,NASDAQ,2010-11-16,2016-03-03,1
MSGM,NASDAQ,2021-01-13,2026-06-24,0
MSGN,NYSE,2010-01-25,2021-07-09,1
MSGS,NYSE,2015-10-01,2026-06-24,0
MSGY,NASDAQ,2025-07-08,2026-06-24,0
MSI,NYSE,1977-01-03,2026-06-24,0
MSIF,NYSE,2025-01-29,2026-06-24,0
MSIX,BATS,2026-06-24,2026-06-24,0
MSK,NYSE,2007-05-15,2016-07-27,1
MSL,NYSE,1993-04-26,2019-09-20,1
MSLE,NASDAQ,2026-02-06,2026-06-24,0
MSLI,NASDAQ,2000-06-06,2017-07-20,1
MSM,NYSE,1995-12-15,2026-06-24,0
MSN,AMEX,1994-12-28,2026-06-24,0
MSO,NYSE,1999-10-19,2015-12-04,1
MSON,NASDAQ,1993-03-25,2021-11-22,1
MSP,NYSE,2020-10-21,2022-06-23,1
MSPD,NASDAQ,2006-12-28,2013-12-17,1
MSPRV,NASDAQ,2022-05-24,2022-05-31,1
MSR,NASDAQ,2026-05-12,2026-06-24,0
MSS,NASDAQ,2023-10-05,2026-06-24,0
MSTR,NASDAQ,1998-06-11,2026-06-24,0
MSW,NASDAQ,2024-11-22,2026-06-24,0
MSZ,NYSE,2006-11-09,2015-04-27,1
MT,NYSE,1997-08-07,2026-06-24,0
MTA,AMEX,2017-09-22,2026-06-24,0
MTAC,NASDAQ,2021-02-08,2023-08-10,1
MTAL,NYSE,2021-09-20,2026-06-24,0
MTB,NYSE,1991-10-04,2026-06-24,0
MTC,NASDAQ,2019-01-08,2026-06-24,0
MTCH,NASDAQ,2015-11-19,2026-06-24,0
MTCN,NYSE,2020-05-28,2023-05-17,1
MTCR,NASDAQ,2020-09-16,2023-06-20,1
MTD,NYSE,1997-11-14,2026-06-24,0
MTDR,NYSE,2012-02-02,2026-06-24,0
MTE,NYSE,2016-01-04,2022-09-29,1
MTEK,NASDAQ,2022-02-02,2026-06-24,0
MTEN,NASDAQ,2024-04-18,2026-06-24,0
MTEST,NYSE,2019-10-09,2026-06-24,0
MTEX,NASDAQ,1999-02-16,2026-06-24,0
MTFB,NASDAQ,2016-11-18,2019-12-16,1
MTG,NYSE,1991-08-07,2026-06-24,0
MTGE,NASDAQ,2011-08-04,2018-09-07,1
MTGEP,NASDAQ,2014-05-19,2018-09-07,1
MTH,NYSE,1988-12-16,2026-06-24,0
MTL,NYSE,2004-10-29,2022-12-15,1
MTLS,NASDAQ,2014-06-25,2026-06-24,0
MTN,NYSE,1997-02-04,2026-06-24,0
MTNB,AMEX,2014-08-18,2026-06-24,0
MTNE,NYSE,2026-06-22,2026-06-24,0
MTOR,NYSE,2000-07-10,2022-08-03,1
MTR,NYSE,1987-12-30,2026-06-24,0
MTRN,NYSE,1984-09-07,2026-06-24,0
MTRX,NASDAQ,1992-02-26,2026-06-24,0
MTRY,NASDAQ,2021-11-22,2023-11-20,1
MTSC,NASDAQ,1990-03-26,2021-04-07,1
MTSI,NASDAQ,2012-03-15,2026-06-24,0
MTSN,NASDAQ,1994-09-28,2016-05-12,1
MTSR,NASDAQ,2025-01-31,2025-11-13,1
MTTR,NASDAQ,2021-02-02,2025-02-28,1
MTU,NYSE,2001-04-02,2018-03-29,1
MTUL,NYSE,2021-02-05,2026-06-24,0
MTUS,NYSE,2014-06-19,2026-06-24,0
MTVA,NASDAQ,2016-08-05,2026-06-24,0
MTVC,NYSE,2022-01-27,2023-06-08,1
MTW,NYSE,1990-03-26,2026-06-24,0
MTX,NYSE,1992-10-26,2026-06-24,0
MTZ,NYSE,1990-03-26,2026-06-24,0
MU,NASDAQ,1989-05-16,2026-06-24,0
MUDS,NASDAQ,2021-01-29,2022-09-15,1
MUFG,NYSE,2001-04-02,2026-06-24,0
MULE,NYSE,2017-03-17,2018-05-03,1
MUR,NYSE,1983-04-06,2026-06-24,0
MURA,NASDAQ,2023-11-16,2026-06-24,0
MURF,NASDAQ,2022-03-28,2023-09-22,1
MUSA,NYSE,2013-08-19,2026-06-24,0
MUSE,NYSE,2024-11-18,2026-06-24,0
MUX,NYSE,1980-05-07,2026-06-24,0
MUZE,NASDAQ,2026-03-23,2026-06-24,0
MVBF,NASDAQ,2008-08-22,2026-06-24,0
MVC,NYSE,2000-06-26,2020-12-24,1
MVCB,NYSE,2013-03-01,2017-12-20,1
MVCD,NYSE,2017-11-20,2020-12-24,1
MVIS,NASDAQ,1996-08-27,2026-06-24,0
MVL,NYSE,2006-12-28,2009-12-31,1
MVNR,NYSE,2013-11-07,2015-04-28,1
MVO,NYSE,2007-01-19,2026-06-24,0
MVRK,NASDAQ,2012-09-05,2026-05-28,1
MVRL,NYSE,2020-06-03,2026-06-24,0
MVST,NASDAQ,2019-03-27,2026-06-24,0
MWA,NYSE,2006-05-26,2026-06-24,0
MWC,NASDAQ,2026-05-14,2026-06-24,0
MWE,NYSE,2002-05-21,2015-12-03,1
MWG,AMEX,2023-04-03,2026-06-24,0
MWH,NASDAQ,2026-02-11,2026-06-24,0
MWIV,NASDAQ,2005-08-03,2015-02-24,1
MWO,NYSE,2003-07-14,2016-07-27,1
MWR,NYSE,2003-03-25,2016-07-27,1
MWRX,NASDAQ,2013-06-27,2014-12-30,1
MWV,NYSE,1985-07-01,2015-07-01,1
MWW,NYSE,2008-11-11,2016-11-09,1
MWYN,NASDAQ,2025-03-13,2026-06-24,0
MX,NYSE,2011-03-11,2026-06-24,0
MXC,AMEX,1997-03-05,2026-06-24,0
MXCT,NASDAQ,2019-12-05,2026-06-24,0
MXIM,NASDAQ,1990-03-26,2021-09-01,1
MXL,NASDAQ,2010-03-24,2026-06-24,0
MXPT,NYSE,2015-03-06,2017-10-19,1
MXWL,NASDAQ,1990-03-26,2019-05-16,1
MY,NYSE,2010-10-01,2016-06-22,1
MYCC,NYSE,2013-09-20,2017-09-25,1
MYCO,NASDAQ,2025-09-17,2026-06-24,0
MYE,NYSE,1987-09-08,2026-06-24,0
MYFW,NASDAQ,2018-07-19,2026-06-24,0
MYGN,NASDAQ,1995-10-06,2026-06-24,0
MYHA,NASDAQ,2017-09-26,2026-06-24,0
MYL,NASDAQ,1987-12-18,2020-11-19,1
MYNA,NASDAQ,2021-11-12,2026-06-24,0
MYND,AMEX,2017-09-27,2026-06-24,0
MYO,AMEX,2017-06-12,2026-06-24,0
MYOK,NASDAQ,2015-10-29,2020-11-17,1
MYOV,NYSE,2016-10-27,2023-03-09,1
MYPS,NASDAQ,2020-12-21,2026-06-24,0
MYRG,NASDAQ,2008-08-13,2026-06-24,0
MYSE,NASDAQ,2021-08-13,2026-06-24,0
MYSZ,NASDAQ,2016-07-25,2026-06-24,0
MYX,NASDAQ,2026-05-26,2026-06-24,0
MZOR,NASDAQ,2013-05-28,2018-12-19,1
MZTH,NYSE,2010-01-04,2012-05-10,1
MZTI,NASDAQ,1990-03-26,2026-06-24,0
MZYX,NYSE,2026-04-20,2026-06-24,0
NA,NASDAQ,2022-07-12,2026-06-24,0
NAAC,NASDAQ,2021-03-18,2023-01-26,1
NAAS,NASDAQ,2017-10-20,2026-06-24,0
NABL,NYSE,2021-07-19,2026-06-24,0
NADL,NYSE,2014-01-29,2017-09-18,1
NAGE,NASDAQ,2008-07-15,2026-06-24,0
NAII,NASDAQ,1993-10-28,2026-06-24,0
NAK,AMEX,2003-10-09,2026-06-24,0
NAKA,NASDAQ,2024-05-31,2026-06-24,0
NAME,NASDAQ,2014-07-23,2017-08-24,1
NAMI,NASDAQ,2024-12-06,2026-06-24,0
NAMM,NASDAQ,2025-06-06,2026-06-24,0
NAMS,NASDAQ,2022-11-23,2026-06-24,0
NAP,NYSE,2014-11-13,2018-12-13,1
NAPA,NYSE,2021-03-18,2024-12-24,1
NARI,NASDAQ,2020-05-22,2025-02-19,1
NAT,NYSE,1997-09-30,2026-06-24,0
NATH,NASDAQ,1993-02-26,2026-06-24,0
NATI,NASDAQ,1995-03-14,2023-10-11,1
NATL,NASDAQ,2023-10-11,2026-06-24,0
NATR,NASDAQ,2009-06-25,2026-06-24,0
NAUT,NASDAQ,2021-06-10,2026-06-24,0
NAV,NYSE,1970-01-02,2021-06-30,1
NAVG,NASDAQ,1990-03-26,2019-05-23,1
NAVI,NASDAQ,2014-04-17,2026-06-24,0
NAVN,NASDAQ,2025-10-30,2026-06-24,0
NB,NASDAQ,2016-01-04,2026-06-24,0
NBAC,NASDAQ,2020-05-01,2021-03-22,1
NBBC,NASDAQ,2016-01-04,2016-03-09,1
NBBK,NASDAQ,2023-12-28,2026-06-24,0
NBCB,NASDAQ,2013-05-10,2014-12-31,1
NBFR,NYSE,2026-02-24,2026-06-24,0
NBG,NASDAQ,1999-10-18,2015-12-02,1
NBHC,NYSE,2012-09-20,2026-06-24,0
NBIE,NYSE,2026-03-09,2026-06-24,0
NBIS,NASDAQ,2011-05-24,2026-06-24,0
NBIX,NASDAQ,1996-05-23,2026-06-24,0
NBL,NYSE,1982-01-04,2020-10-06,1
NBLX,NASDAQ,2016-09-15,2021-05-11,1
NBN,NASDAQ,1987-08-20,2026-06-24,0
NBP,NASDAQ,2020-01-17,2026-06-24,0
NBR,NYSE,1991-02-28,2026-06-24,0
NBRG,NASDAQ,2026-03-23,2026-06-24,0
NBSE,NASDAQ,2007-05-01,2024-09-20,1
NBTB,NASDAQ,1992-03-17,2026-06-24,0
NBTF,NASDAQ,1999-01-25,2015-03-06,1
NBTX,NASDAQ,2020-12-11,2026-06-24,0
NBXG,NYSE,2021-05-26,2026-06-24,0
NC,NYSE,1977-06-17,2026-06-24,0
NCAC,NASDAQ,2021-12-10,2024-01-25,1
NCBS,NASDAQ,2022-05-10,2022-05-23,1
NCDL,NYSE,2024-01-25,2026-06-24,0
NCEL,NASDAQ,2021-01-29,2026-06-24,0
NCEW,NASDAQ,2024-12-18,2026-06-24,0
NCFT,NYSE,2013-11-07,2015-05-20,1
NCI,NASDAQ,2024-04-23,2026-06-24,0
NCIT,NASDAQ,2005-10-24,2017-08-16,1
NCL,AMEX,2023-10-19,2026-06-24,0
NCLH,NYSE,2013-01-18,2026-06-24,0
NCMI,NASDAQ,2007-02-08,2026-06-24,0
NCNA,NASDAQ,2017-09-28,2026-06-24,0
NCNC,NASDAQ,2023-08-25,2026-06-24,0
NCNO,NASDAQ,2020-07-14,2026-06-24,0
NCOM,NASDAQ,2015-03-19,2019-03-29,1
NCPL,NASDAQ,2017-09-22,2026-06-24,0
NCRA,NASDAQ,2017-11-08,2026-06-24,0
NCSM,NASDAQ,2017-04-28,2026-06-24,0
NCT,NASDAQ,2025-03-28,2026-06-24,0
NCTY,NASDAQ,2004-12-15,2026-06-24,0
NDAC,NASDAQ,2021-04-23,2022-12-02,1
NDAQ,NASDAQ,2002-07-01,2026-06-24,0
NDLS,NASDAQ,2013-06-28,2026-06-24,0
NDMO,NYSE,2020-08-27,2026-06-24,0
NDN,NYSE,2006-12-28,2013-01-22,1
NDRA,NASDAQ,2017-06-30,2026-06-24,0
NDRE,NYSE,2001-01-02,2014-03-25,1
NDRM,NASDAQ,2014-11-14,2017-10-18,1
NDRO,NYSE,2011-11-03,2018-09-13,1
NDSN,NASDAQ,1990-03-26,2026-06-24,0
NE,NYSE,2021-06-09,2026-06-24,0
NECB,NASDAQ,2006-07-06,2026-06-24,0
NEE,NYSE,1983-06-10,2026-06-24,0
NEEPK,NYSE,2016-06-09,2021-12-21,1
NEEPN,NYSE,2019-03-18,2026-06-24,0
NEFF,NYSE,2014-11-21,2017-11-03,1
NEGG,NASDAQ,2010-04-22,2026-06-24,0
NEM,NYSE,1983-04-06,2026-06-24,0
NEMD,NYSE,2016-01-25,2026-06-24,0
NEN,AMEX,1995-08-18,2026-06-24,0
NEO,NASDAQ,2004-03-16,2026-06-24,0
NEOG,NASDAQ,1994-02-10,2026-06-24,0
NEOGV,NASDAQ,2022-09-01,2022-09-08,1
NEON,NASDAQ,1992-03-03,2026-06-24,0
NEOS,NASDAQ,2015-07-23,2021-03-19,1
NEOT,NASDAQ,2014-11-20,2018-01-17,1
NEOV,NASDAQ,2020-05-20,2026-06-24,0
NEPH,NASDAQ,2009-01-22,2026-06-24,0
NERV,NASDAQ,2014-07-01,2026-06-24,0
NES,NYSE MKT,2007-11-20,2022-02-23,1
NESR,NASDAQ,2017-06-05,2026-06-24,0
NET,NYSE,2019-09-13,2026-06-24,0
NETC,NYSE,2022-01-10,2023-12-18,1
NETD,NASDAQ,2023-09-05,2025-12-09,1
NETG,NASDAQ,2025-11-17,2026-06-24,0
NETI,NYSE,2013-12-12,2023-12-29,1
NETS,NYSE,2017-04-12,2019-06-14,1
NETX,BATS,2025-10-08,2026-03-02,1
NEU,NYSE,1985-08-06,2026-06-24,0
NEUE,NYSE,2021-06-24,2025-10-14,1
NEUP,NASDAQ,2024-12-23,2026-06-24,0
NEWA,NASDAQ,2017-07-28,2021-07-13,1
NEWP,AMEX,2017-10-30,2026-06-24,0
NEWR,NYSE,2014-12-12,2023-11-07,1
NEWS,NASDAQ,2006-12-14,2017-12-26,1
NEWT,NASDAQ,2000-09-27,2026-06-24,0
NEWTG,NASDAQ,2024-05-31,2026-06-24,0
NEWTH,NASDAQ,2024-09-17,2026-06-24,0
NEWTI,NASDAQ,2023-09-01,2026-06-24,0
NEWTL,NASDAQ,2019-07-31,2024-08-01,1
NEWTO,NASDAQ,2026-02-05,2026-06-24,0
NEWTP,NASDAQ,2025-08-27,2026-06-24,0
NEWTZ,NASDAQ,2021-01-25,2026-01-29,1
NEX,NYSE,2017-01-20,2023-08-31,1
NEXA,NYSE,2017-10-27,2026-06-24,0
NEXM,NASDAQ,2025-07-16,2026-06-24,0
NEXN,NASDAQ,2021-06-18,2026-06-24,0
NEXR,NASDAQ,2022-08-26,2026-06-24,0
NEXT,NASDAQ,2015-06-04,2026-06-24,0
NFBK,NASDAQ,2007-11-08,2026-06-24,0
NFC,NASDAQ,2018-07-27,2019-12-18,1
NFE,NASDAQ,2019-01-31,2026-06-24,0
NFG,NYSE,1987-09-01,2026-06-24,0
NFGC,AMEX,2020-09-15,2026-06-24,0
NFH,NYSE,2018-07-27,2022-01-26,1
NFLX,NASDAQ,2002-05-23,2026-06-24,0
NFNT,NYSE,2022-01-10,2023-10-24,1
NFP,NYSE,2003-09-18,2013-10-17,1
NFSB,NASDAQ,2006-07-07,2013-10-17,1
NFX,NYSE,1993-11-12,2019-02-14,1
NG,AMEX,2003-12-04,2026-06-24,0
NGA,NYSE,2020-10-08,2021-05-06,1
NGAC,NASDAQ,2020-12-08,2021-08-20,1
NGAS,NASDAQ,1990-01-02,2011-05-02,1
NGC,NYSE,2021-05-18,2023-03-24,1
NGCA,NASDAQ,2021-05-19,2021-12-29,1
NGD,NYSE MKT,2004-11-18,2026-03-20,1
NGEN,NASDAQ,2026-01-08,2026-06-24,0
NGG,NYSE,2001-01-02,2026-06-24,0
NGHC,NASDAQ,2014-02-20,2021-01-04,1
NGHCP,NASDAQ,2014-06-20,2021-02-02,1
NGHCZ,NASDAQ,2015-08-19,2021-02-02,1
NGHT,NASDAQ,2017-09-25,2026-06-24,0
NGIF,NYSE ARCA,2026-06-03,2026-06-24,0
NGIO,NASDAQ,2021-03-15,2023-05-23,1
NGL,NYSE,2011-05-16,2026-06-24,0
NGLS,NYSE,2007-02-08,2016-02-25,1
NGM,NASDAQ,2019-04-04,2024-04-05,1
NGMS,NASDAQ,2020-11-19,2024-04-25,1
NGNE,NASDAQ,2014-03-07,2026-06-24,0
NGS,NYSE,2002-10-22,2026-06-24,0
NGVC,NYSE,2012-07-25,2026-06-24,0
NGVT,NYSE,2016-05-02,2026-06-24,0
NHC,AMEX,1987-01-20,2026-06-24,0
NHI,NYSE,1991-10-09,2026-06-24,0
NHIC,NASDAQ,2025-04-17,2026-06-24,0
NHIV,NASDAQ,2026-06-08,2026-06-24,0
NHP,NASDAQ,1990-01-02,2026-06-24,0
NHPAP,NASDAQ,2019-12-09,2026-06-24,0
NHPBP,NASDAQ,2021-10-04,2026-06-24,0
NHTC,NASDAQ,1995-06-22,2026-06-24,0
NHWK,NASDAQ,2010-12-22,2011-01-03,1
NI,NYSE,1984-10-19,2026-06-24,0
NIC,NYSE,2016-01-04,2026-06-24,0
NICE,NASDAQ,1996-01-25,2026-06-24,0
NICM,NASDAQ,2026-04-14,2026-06-24,0
NIHD,NASDAQ,2015-07-06,2020-08-03,1
NILE,NASDAQ,2016-01-04,2017-02-21,1
NIMC,NYSE,2021-04-14,2023-11-30,1
NINE,AMEX,2018-01-19,2026-06-24,0
NIO,NYSE,2018-09-12,2026-06-24,0
NIPG,NASDAQ,2024-07-26,2026-06-24,0
NIQ,NYSE,2025-07-23,2026-06-24,0
NITE,NASDAQ,2017-09-28,2019-06-07,1
NIU,NASDAQ,2018-10-19,2026-06-24,0
NIVF,NASDAQ,2024-04-03,2026-06-24,0
NIVS,NYSE,2011-06-23,2013-09-12,1
NIXX,NASDAQ,2008-11-20,2026-06-24,0
NJR,NYSE,1987-12-30,2026-06-24,0
NKA,NYSE,2010-05-11,2016-07-27,1
NKE,NYSE,1980-12-02,2026-06-24,0
NKLA,NASDAQ,2018-06-11,2026-06-24,0
NKLR,NASDAQ,2025-01-02,2026-06-24,0
NKSH,NASDAQ,1999-12-01,2026-06-24,0
NKTR,NASDAQ,1994-05-03,2026-06-24,0
NKTX,NASDAQ,2020-07-10,2026-06-24,0
NL,NYSE,1983-04-06,2026-06-24,0
NLC,NYSE,2011-09-13,2012-12-10,1
NLCI,NASDAQ,2011-08-09,2011-08-29,1
NLOP,NYSE,2023-10-27,2026-06-24,0
NLP,NYSE,2005-02-03,2014-06-23,1
NLSN,NYSE,2011-01-27,2022-10-11,1
NLX,AMEX,1997-01-02,2010-02-19,1
NLY,NYSE,1997-10-08,2026-06-24,0
NM,NYSE,2005-01-06,2023-12-14,1
NMAI,NYSE,2021-11-22,2026-06-24,0
NMAX,NYSE,2025-03-31,2026-06-24,0
NMBL,NYSE,2013-12-13,2026-06-24,0
NMCI,NASDAQ,2018-12-10,2021-03-31,1
NMCO,NYSE,2019-09-17,2026-06-24,0
NMFC,NASDAQ,2011-05-20,2026-06-24,0
NMFCL,NASDAQ,2018-09-28,2021-03-08,1
NMFCZ,NASDAQ,2023-11-27,2026-06-24,0
NMFS,NASDAQ,2001-01-02,2016-04-11,1
NMG,NYSE,2017-09-28,2026-06-24,0
NMIH,NASDAQ,2013-11-08,2026-06-24,0
NMM,NYSE,2007-11-13,2026-06-24,0
NMMC,NASDAQ,2020-11-18,2022-09-30,1
NMP,NASDAQ,2025-09-03,2026-06-24,0
NMR,NYSE,1995-05-16,2026-06-24,0
NMRA,NASDAQ,2023-09-14,2026-06-24,0
NMRK,NASDAQ,2017-12-15,2026-06-24,0
NMRX,NASDAQ,1994-03-04,2017-12-07,1
NMTC,NASDAQ,2017-09-18,2026-06-24,0
NMX,NYSE,2006-11-17,2009-08-28,1
NN,NASDAQ,2021-10-28,2026-06-24,0
NNA,NYSE,2008-07-07,2021-10-18,1
NNAG,NASDAQ,2023-10-09,2026-06-24,0
NNBR,NASDAQ,1994-03-15,2026-06-24,0
NNDM,NASDAQ,2016-01-07,2026-06-24,0
NNE,NASDAQ,2024-05-08,2026-06-24,0
NNI,NYSE,2003-12-12,2026-06-24,0
NNN,NYSE,1990-03-26,2026-06-24,0
NNNN,NASDAQ,2025-02-19,2026-06-24,0
NNOX,NASDAQ,2020-08-21,2026-06-24,0
NNP,NYSE,1990-01-11,2015-06-05,1
NNVC,AMEX,2005-10-26,2026-06-24,0
NOA,NYSE,2006-11-22,2026-06-24,0
NOAC,NASDAQ,2021-01-29,2022-11-10,1
NOAH,NYSE,2010-11-10,2026-06-24,0
NOC,NYSE,1981-12-31,2026-06-24,0
NODK,NASDAQ,2017-03-16,2026-06-24,0
NOEM,NASDAQ,2025-01-16,2026-06-24,0
NOEQ,NYSE,2026-03-23,2026-06-24,0
NOG,NYSE,2007-04-13,2026-06-24,0
NOK,NYSE,1994-01-03,2026-06-24,0
NOMA,NASDAQ,2025-10-31,2026-06-24,0
NOMD,NYSE,2016-01-04,2026-06-24,0
NOR,NASDAQ,2010-05-14,2015-11-25,1
NORD,NYSE,2014-03-26,2023-05-19,1
NOTVQ,NASDAQ,1997-11-25,2026-06-24,0
NOV,NYSE,1996-10-29,2026-06-24,0
NOVA,NYSE,2019-07-25,2025-06-09,1
NOVT,NASDAQ,2016-01-04,2026-06-24,0
NOVV,NASDAQ,2021-10-01,2026-06-24,0
NOW,NYSE,2012-06-29,2026-06-24,0
NP,NYSE,2025-10-01,2026-06-24,0
NPAB,NASDAQ,2021-12-30,2026-06-24,0
NPAC,NASDAQ,2025-06-16,2026-06-24,0
NPB,NYSE,2025-02-14,2026-06-24,0
NPBC,NASDAQ,2016-01-04,2016-04-12,1
NPCE,NASDAQ,2021-04-22,2026-06-24,0
NPCT,NYSE,2021-04-28,2026-06-24,0
NPD,NYSE,2007-11-08,2016-08-11,1
NPFD,NYSE,2021-12-16,2026-06-24,0
NPFE,BATS,2026-03-11,2026-06-24,0
NPK,NYSE,1987-12-30,2026-06-24,0
NPKI,NYSE,1991-09-26,2026-06-24,0
NPO,NYSE,2002-05-24,2026-06-24,0
NPSP,NASDAQ,1994-05-26,2015-02-20,1
NPT,NASDAQ,2025-10-22,2026-06-24,0
NPTN,NYSE,2011-02-02,2022-08-03,1
NPWR,NYSE,2021-08-06,2026-06-24,0
NQ,NYSE,2011-05-05,2018-03-13,1
NRAC,NASDAQ,2021-04-01,2024-02-21,1
NRC,NASDAQ,2013-05-23,2026-06-24,0
NRCG,NYSE,2017-08-01,2019-10-31,1
NRCI,NASDAQ,2013-05-21,2013-05-30,1
NRCIA,NASDAQ,2013-05-23,2018-04-17,1
NRCIB,NASDAQ,1997-10-13,2018-04-17,1
NRDS,NASDAQ,2021-11-04,2026-06-24,0
NRDY,NYSE,2020-11-27,2026-06-24,0
NRE,NYSE,2015-11-02,2019-10-07,1
NREF,NYSE,2020-02-07,2026-06-24,0
NRF,NYSE,2016-01-04,2017-01-18,1
NRG,NYSE,2003-12-02,2026-06-24,0
NRGD,NYSE ARCA,2019-04-10,2026-06-24,0
NRGO,NYSE ARCA,2019-04-10,2020-12-17,1
NRGU,NYSE ARCA,2019-04-10,2026-06-24,0
NRGV,NYSE,2022-02-14,2026-06-24,0
NRGZ,NYSE ARCA,2019-04-10,2020-12-17,1
NRIM,NASDAQ,1993-10-25,2026-06-24,0
NRIX,NASDAQ,2020-07-24,2026-06-24,0
NRP,NYSE,2002-10-11,2026-06-24,0
NRSN,NASDAQ,2021-12-09,2026-06-24,0
NRT,NYSE,1987-12-30,2026-06-24,0
NRTLQ,NYSE,2010-01-04,2015-10-13,1
NRUC,NYSE,2019-05-08,2026-06-24,0
NRXP,NASDAQ,2017-12-04,2026-06-24,0
NRXS,AMEX,2023-08-09,2026-06-24,0
NS,NYSE,2001-04-10,2024-05-03,1
NSA,NYSE,2015-04-23,2026-06-24,0
NSAT,NYSE,1995-08-18,2017-07-20,1
NSC,NYSE,1982-06-02,2026-06-24,0
NSEC,NASDAQ,1990-03-30,2022-06-30,1
NSH,NYSE,2006-07-14,2018-07-23,1
NSIT,NASDAQ,1995-01-25,2026-06-24,0
NSM,NYSE,2012-03-08,2018-07-31,1
NSP,NYSE,1997-01-29,2026-06-24,0
NSPH,NASDAQ,2007-11-01,2016-07-01,1
NSPR,NASDAQ,2011-04-12,2026-06-24,0
NSR,NYSE,2021-06-03,2022-08-15,1
NSRX,AMEX,2025-08-13,2026-06-24,0
NSS,NYSE,2013-01-29,2024-05-31,1
NSSC,NASDAQ,1990-03-26,2026-06-24,0
NSTS,NASDAQ,2022-01-19,2026-06-24,0
NSU,AMEX,2002-12-19,2019-03-07,1
NSYS,NASDAQ,1993-06-24,2026-06-24,0
NTAP,NASDAQ,1995-11-21,2026-06-24,0
NTB,NYSE,2016-09-16,2026-06-24,0
NTBL,NASDAQ,2023-10-17,2026-06-24,0
NTCL,NASDAQ,2024-12-13,2026-06-24,0
NTCT,NASDAQ,1999-08-12,2026-06-24,0
NTES,NASDAQ,2000-06-30,2026-06-24,0
NTEST,NYSE,2016-09-19,2026-06-24,0
NTGN,NASDAQ,2018-06-27,2020-05-06,1
NTGR,NASDAQ,2003-07-31,2026-06-24,0
NTHI,NASDAQ,2025-03-26,2026-06-24,0
NTI,NYSE,2012-07-25,2016-07-01,1
NTIC,NASDAQ,1993-09-13,2026-06-24,0
NTIP,AMEX,2013-10-25,2026-06-24,0
NTK,NASDAQ,2016-01-04,2016-09-01,1
NTL,NYSE,1997-06-17,2017-12-15,1
NTLA,NASDAQ,2016-05-06,2026-06-24,0
NTLS,NASDAQ,2006-02-09,2016-05-09,1
NTNX,NASDAQ,2016-09-30,2026-06-24,0
NTR,NYSE,2018-01-02,2026-06-24,0
NTRA,NASDAQ,2015-07-02,2026-06-24,0
NTRB,NASDAQ,2017-11-30,2026-06-24,0
NTRI,NASDAQ,2000-03-30,2019-03-08,1
NTRP,NASDAQ,2013-10-02,2026-06-24,0
NTRS,NASDAQ,1990-03-26,2026-06-24,0
NTRSO,NASDAQ,2019-10-30,2026-06-24,0
NTRSP,NASDAQ,2014-07-31,2019-12-31,1
NTSK,NASDAQ,2025-09-18,2026-06-24,0
NTST,NYSE,2020-08-13,2026-06-24,0
NTTNP,NASDAQ,2016-06-30,2021-03-04,1
NTUS,NASDAQ,2001-07-31,2022-09-08,1
NTWK,NASDAQ,1998-09-25,2026-06-24,0
NTWO,NASDAQ,2024-12-27,2026-06-24,0
NTY,NYSE,2006-12-28,2010-09-30,1
NTZ,NYSE,1993-05-13,2026-06-24,0
NU,NYSE,2021-12-09,2026-06-24,0
NUAI,NASDAQ,2024-12-09,2026-06-24,0
NUAN,NASDAQ,1995-12-11,2022-03-04,1
NUANV,NASDAQ,2019-09-24,2019-10-01,1
NUBI,NASDAQ,2022-05-02,2024-02-02,1
NUCL,NASDAQ,2026-02-25,2026-06-24,0
NUDG,NYSE ARCA,2026-06-03,2026-06-24,0
NUE,NYSE,1983-09-01,2026-06-24,0
NUIF,NASDAQ,2026-06-18,2026-06-24,0
NUOTQ,NYSE,2016-01-04,2016-05-11,1
NURO,NASDAQ,2001-01-02,2026-06-24,0
NUS,NYSE,1996-11-22,2026-06-24,0
NUTR,NASDAQ,2025-08-15,2026-06-24,0
NUTX,NASDAQ,2013-04-08,2026-06-24,0
NUVA,NASDAQ,2004-05-13,2023-09-11,1
NUVB,NYSE,2020-08-24,2026-06-24,0
NUVL,NASDAQ,2021-07-29,2026-06-24,0
NUVO,NYSE MKT,2024-08-30,2024-08-30,1
NUWE,NASDAQ,2012-02-16,2026-06-24,0
NVA,NYSE MKT,2026-06-17,2026-06-24,0
NVAX,NASDAQ,1995-12-13,2026-06-24,0
NVCN,NASDAQ,2007-02-05,2023-04-11,1
NVCR,NASDAQ,2015-10-02,2026-06-24,0
NVCT,NASDAQ,2022-02-04,2026-06-24,0
NVDA,NASDAQ,1999-01-22,2026-06-24,0
NVDQ,NASDAQ,2008-06-25,2017-09-11,1
NVEC,NASDAQ,1996-09-11,2026-06-24,0
NVEE,NASDAQ,2013-09-30,2025-08-04,1
NVEI,NASDAQ,2020-10-28,2024-11-15,1
NVET,NASDAQ,2015-02-05,2017-08-10,1
NVGN,NASDAQ,1999-01-06,2017-11-22,1
NVGS,NYSE,2007-01-09,2026-06-24,0
NVLNF,NASDAQ,1990-03-26,2020-01-16,1
NVMI,NASDAQ,2000-04-11,2026-06-24,0
NVNI,NASDAQ,2023-09-29,2026-06-24,0
NVNO,NASDAQ,2018-05-31,2026-06-24,0
NVO,NYSE,1982-01-04,2026-06-24,0
NVR,NYSE,1985-07-22,2026-06-24,0
NVRI,NYSE,2026-05-27,2026-06-24,0
NVRO,NYSE,2014-11-06,2025-04-02,1
NVS,NYSE,1996-11-07,2026-06-24,0
NVSA,NASDAQ,2021-04-12,2023-02-21,1
NVSL,NASDAQ,2016-01-04,2016-01-19,1
NVST,NYSE,2019-09-18,2026-06-24,0
NVT,NYSE,2018-04-30,2026-06-24,0
NVTS,NASDAQ,2021-01-25,2026-06-24,0
NVVE,NASDAQ,2021-03-22,2026-06-24,0
NVX,NASDAQ,2022-02-02,2026-06-24,0
NWAX,NYSE,2026-01-26,2026-06-24,0
NWBI,NASDAQ,1994-11-08,2026-06-24,0
NWE,NASDAQ,2007-12-28,2026-06-24,0
NWFL,NASDAQ,1998-03-04,2026-06-24,0
NWG,NYSE,2007-10-18,2026-06-24,0
NWGL,NASDAQ,2023-09-12,2026-06-24,0
NWHM,NYSE,2014-01-31,2021-09-09,1
NWK,NASDAQ,1990-01-02,2012-09-11,1
NWL,NASDAQ,1984-07-19,2026-06-24,0
NWLI,NASDAQ,1990-03-26,2026-06-24,0
NWN,NYSE,1990-03-26,2026-06-24,0
NWPX,NASDAQ,1995-11-30,2026-06-24,0
NWS,NASDAQ,2013-06-19,2026-06-24,0
NWSA,NASDAQ,2013-06-19,2026-06-24,0
NWTG,NASDAQ,2023-08-15,2026-06-24,0
NX,NYSE,1987-12-30,2026-06-24,0
NXB,NYSE MKT,2025-11-13,2026-06-24,0
NXDR,NYSE,2021-03-24,2026-06-24,0
NXDT,NYSE,2021-11-08,2026-06-24,0
NXE,NYSE,2016-01-04,2026-06-24,0
NXEO,NASDAQ,2014-09-24,2019-02-28,1
NXGL,NASDAQ,2021-12-22,2026-06-24,0
NXGN,NASDAQ,2001-01-02,2023-11-09,1
NXL,NASDAQ,2022-09-16,2026-06-24,0
NXPG,BATS,2026-06-02,2026-06-24,0
NXPI,NASDAQ,2010-08-06,2026-06-24,0
NXPL,NASDAQ,2014-05-20,2026-06-24,0
NXRT,NYSE,2015-03-19,2026-06-24,0
NXST,NASDAQ,2003-11-25,2026-06-24,0
NXT,NASDAQ,2023-02-09,2026-06-24,0
NXTC,NASDAQ,2019-05-09,2026-06-24,0
NXTM,NASDAQ,2005-10-27,2019-02-21,1
NXTS,NASDAQ,2017-10-18,2026-06-24,0
NXTT,NASDAQ,2020-07-23,2026-06-24,0
NXTV,NASDAQ,2026-02-06,2026-05-28,1
NXXT,NASDAQ,2021-09-15,2026-06-24,0
NYAX,NASDAQ,2022-06-03,2026-06-24,0
NYC,NYSE,2020-08-18,2026-06-24,0
NYLD,NYSE,2015-05-15,2018-09-14,1
NYMT,NASDAQ,2026-02-06,2026-06-24,0
NYMTH,NASDAQ,2025-07-09,2025-09-02,1
NYMTO,NASDAQ,2015-05-04,2021-07-29,1
NYMTP,NASDAQ,2013-06-04,2021-12-17,1
NYMTZ,NASDAQ,2021-11-18,2022-12-30,1
NYNY,NASDAQ,1993-11-05,2026-06-24,0
NYRT,NYSE,2014-04-15,2018-11-06,1
NYT,NYSE,1973-05-03,2026-06-24,0
NYX,NYSE,2007-06-04,2013-11-12,1
NYXH,NASDAQ,2021-04-28,2026-06-24,0
NZ,NYSE,2009-04-09,2010-11-10,1
O,NYSE,1994-10-18,2026-06-24,0
OA,NYSE,1990-10-03,2018-06-06,1
OABC,NASDAQ,2010-01-21,2014-12-17,1
OABI,NASDAQ,2022-11-02,2026-06-24,0
OACB,NYSE,2020-11-09,2022-06-15,1
OACC,NASDAQ,2024-12-16,2026-06-24,0
OACQ,NASDAQ,2015-01-08,2018-02-21,1
OAK,NYSE,2012-04-12,2019-10-08,1
OAKS,NYSE,2013-03-22,2018-05-25,1
OAKU,NASDAQ,2023-05-19,2026-06-24,0
OAS,NASDAQ,2010-06-17,2020-11-20,1
OB,NYSE,2006-11-09,2017-10-19,1
OBA,NASDAQ,2025-08-15,2026-06-24,0
OBAI,NASDAQ,2026-02-04,2026-06-24,0
OBAS,NASDAQ,1999-04-07,2022-03-23,1
OBCI,NASDAQ,1995-07-13,2022-08-09,1
OBDC,NYSE,2019-07-18,2026-06-24,0
OBDE,NYSE,2024-01-25,2025-01-24,1
OBE,AMEX,2020-04-02,2026-06-24,0
OBIO,NASDAQ,2020-08-04,2026-06-24,0
OBK,NYSE,2018-05-08,2026-06-24,0
OBT,NASDAQ,2007-10-04,2026-06-24,0
OBTC,NASDAQ,2021-02-12,2026-06-24,0
OC,NYSE,2006-11-01,2026-06-24,0
OCA,NYSE,2021-01-12,2022-05-31,1
OCAT,NASDAQ,2014-08-27,2016-02-11,1
OCC,NASDAQ,1996-04-02,2026-06-24,0
OCCI,NASDAQ,2018-10-05,2026-06-24,0
OCCIM,NASDAQ,2024-10-03,2026-06-24,0
OCCIN,NASDAQ,2021-12-06,2026-06-24,0
OCCIO,NASDAQ,2021-04-23,2026-04-29,1
OCDB,BATS,2026-05-06,2026-06-24,0
OCDX,NASDAQ,2021-01-28,2022-09-08,1
OCFC,NASDAQ,1996-07-03,2026-06-24,0
OCFCP,NASDAQ,2020-05-05,2026-06-24,0
OCFT,NYSE,2019-12-13,2025-12-10,1
OCG,NASDAQ,2020-12-15,2026-06-24,0
OCGN,NASDAQ,2014-12-03,2026-06-24,0
OCIP,NYSE,2013-10-04,2018-07-16,1
OCIR,NYSE,2013-09-13,2015-11-05,1
OCLR,NASDAQ,2000-04-11,2018-12-10,1
OCR,NYSE,1987-12-30,2015-08-17,1
OCRX,NASDAQ,2011-04-04,2017-12-11,1
OCS,NASDAQ,2023-03-02,2026-06-24,0
OCSI,NASDAQ,2013-07-12,2021-03-19,1
OCSL,NASDAQ,2008-06-12,2026-06-24,0
OCSLL,NASDAQ,2013-04-05,2020-03-13,1
OCTV,NASDAQ,2026-05-28,2026-06-24,0
OCTVV,NASDAQ,2026-05-21,2026-05-27,1
OCUL,NASDAQ,2014-07-25,2026-06-24,0
ODC,NYSE,1990-03-26,2026-06-24,0
ODD,NASDAQ,2023-07-19,2026-06-24,0
ODDZ,BATS,2026-05-06,2026-06-24,0
ODFL,NASDAQ,1991-10-24,2026-06-24,0
ODP,NASDAQ,1990-03-26,2026-06-24,0
ODSY,NASDAQ,2001-10-31,2010-09-03,1
ODTX,NASDAQ,2026-05-08,2026-06-24,0
ODV,NYSE,2017-10-17,2026-06-24,0
ODVWZ,NASDAQ,2023-11-17,2026-06-24,0
ODYS,NASDAQ,2020-04-28,2026-06-24,0
OEC,NYSE,2014-07-25,2026-06-24,0
OEPW,NASDAQ,2021-03-18,2022-12-08,1
OESX,NASDAQ,2007-12-19,2026-06-24,0
OFAL,NASDAQ,2025-05-21,2026-06-24,0
OFG,NYSE,1990-03-28,2026-06-24,0
OFIX,NASDAQ,1992-04-24,2026-06-24,0
OFLX,NASDAQ,2005-08-01,2026-06-24,0
OFRM,NYSE,2026-02-06,2026-06-24,0
OFS,NASDAQ,2012-11-08,2026-06-24,0
OFSSG,NASDAQ,2020-09-21,2021-10-29,1
OFSSH,NASDAQ,2021-10-28,2026-06-24,0
OFSSI,NASDAQ,2019-10-16,2021-11-22,1
OFSSL,NASDAQ,2018-04-20,2021-03-11,1
OFSSO,NASDAQ,2025-07-24,2026-06-24,0
OFSSZ,NASDAQ,2018-10-25,2021-03-11,1
OGC,NYSE,2026-05-26,2026-06-24,0
OGCP,NYSE,2013-10-08,2026-06-24,0
OGE,NYSE,1987-12-30,2026-06-24,0
OGEN,AMEX,2004-02-25,2026-06-24,0
OGI,NASDAQ,2014-08-27,2026-06-24,0
OGN,NYSE,2021-05-14,2026-06-24,0
OGS,NYSE,2014-01-16,2026-06-24,0
OGXI,NASDAQ,1995-10-13,2017-08-02,1
OHAA,NASDAQ,2021-12-23,2023-12-27,1
OHAC,NASDAQ,2026-06-05,2026-06-24,0
OHAI,NASDAQ,2004-11-10,2019-12-18,1
OHI,NYSE,1992-08-07,2026-06-24,0
OHPA,NASDAQ,2021-04-26,2022-12-01,1
OI,NYSE,1991-12-11,2026-06-24,0
OII,NYSE,1990-03-26,2026-06-24,0
OIIM,NASDAQ,2000-08-31,2023-03-03,1
OIL,NYSE ARCA,2011-04-21,2023-06-14,1
OILT,NYSE,2011-07-14,2015-02-23,1
OIM,NASDAQ,2026-03-09,2026-06-24,0
OIS,NYSE,2001-02-09,2026-06-24,0
OKDCC,NASDAQ,2017-11-29,2019-08-26,1
OKE,NYSE,1985-07-01,2026-06-24,0
OKLO,NYSE,2021-07-08,2026-06-24,0
OKS,NYSE,1993-09-24,2017-07-03,1
OKSB,NASDAQ,1993-12-17,2017-10-27,1
OKTA,NASDAQ,2017-04-07,2026-06-24,0
OKUR,NASDAQ,2024-10-07,2026-06-24,0
OKYO,NASDAQ,2022-05-17,2026-06-24,0
OLB,NASDAQ,2007-07-13,2026-06-24,0
OLBK,NASDAQ,2003-09-17,2019-11-22,1
OLED,NASDAQ,1996-04-12,2026-06-24,0
OLK,NASDAQ,2021-03-25,2026-06-24,0
OLLI,NASDAQ,2015-07-16,2026-06-24,0
OLMA,NASDAQ,2020-11-19,2026-06-24,0
OLN,NYSE,1987-12-30,2026-06-24,0
OLO,NYSE,2021-03-17,2025-09-12,1
OLOX,NASDAQ,2017-06-22,2026-06-24,0
OLP,NYSE,1992-03-17,2026-06-24,0
OLPX,NASDAQ,2021-09-30,2026-06-24,0
OM,NASDAQ,2020-09-15,2026-06-24,0
OMAA,NYSE,2016-08-19,2018-07-03,1
OMAB,NASDAQ,2006-11-29,2026-06-24,0
OMAD,NYSE,2018-03-05,2019-05-31,1
OMAM,NYSE,2014-10-09,2018-03-26,1
OMC,NYSE,1990-03-26,2026-06-24,0
OMCL,NASDAQ,2001-08-09,2026-06-24,0
OMDA,NASDAQ,2025-06-06,2026-06-24,0
OME,NYSE,1998-04-03,2017-12-19,1
OMED,NASDAQ,2013-07-18,2019-04-23,1
OMEG,NASDAQ,2021-01-07,2022-12-28,1
OMER,NASDAQ,2009-10-08,2026-06-24,0
OMEX,NASDAQ,1999-10-26,2026-06-24,0
OMF,NYSE,2015-11-27,2026-06-24,0
OMG,NYSE,1993-10-14,2015-11-05,1
OMGA,NASDAQ,2021-07-30,2026-06-24,0
OMH,NASDAQ,2023-03-21,2026-06-24,0
OMIC,NASDAQ,2021-05-27,2025-02-21,1
OMN,NYSE,1999-09-27,2020-04-01,1
OMNT,NASDAQ,2015-12-03,2019-05-24,1
OMP,NASDAQ,2017-09-21,2022-02-01,1
OMPI,NASDAQ,2006-12-28,2013-04-25,1
OMSE,NASDAQ,2025-05-13,2026-06-24,0
OMTL,NASDAQ,1997-08-08,2017-07-14,1
OMX,NYSE,2006-12-28,2013-11-05,1
ON,NASDAQ,2000-05-02,2026-06-24,0
ONB,NASDAQ,1990-03-26,2026-06-24,0
ONBPO,NASDAQ,2022-02-16,2026-06-24,0
ONBPP,NASDAQ,2022-02-16,2026-06-24,0
ONC,NASDAQ,2016-02-03,2026-06-24,0
ONCE,NASDAQ,2015-01-30,2023-12-26,1
ONCH,NASDAQ,2025-09-12,2026-06-24,0
ONCO,NASDAQ,2022-02-18,2026-06-24,0
ONCT,NASDAQ,2004-02-03,2026-06-24,0
ONCY,NASDAQ,2018-05-31,2026-06-24,0
ONCYF,NASDAQ,2016-01-04,2018-05-24,1
ONDK,NYSE,2014-12-17,2020-10-15,1
ONDS,NASDAQ,2018-10-25,2026-06-24,0
ONE,NYSE,2010-06-16,2016-08-04,1
ONEG,NASDAQ,2024-12-31,2026-06-24,0
ONEM,NASDAQ,2020-01-31,2023-02-22,1
ONEW,NASDAQ,2020-02-07,2026-06-24,0
ONFC,NASDAQ,1998-12-30,2015-12-04,1
ONFO,NASDAQ,2022-08-26,2026-06-24,0
ONIT,NYSE,1996-09-25,2026-06-24,0
ONL,NYSE,2021-11-15,2026-06-24,0
ONMD,NASDAQ,2021-06-24,2026-06-24,0
ONNN,NASDAQ,2000-05-02,2015-04-02,1
ONON,NYSE,2021-09-15,2026-06-24,0
ONP,NYSE,2007-10-01,2018-07-31,1
ONSIZ,NASDAQ,2016-06-20,2018-05-16,1
ONSM,NASDAQ,1997-07-30,2019-02-07,1
ONT,NYSE,2020-07-23,2026-06-24,0
ONTF,NYSE,2021-02-03,2026-04-01,1
ONTO,NYSE,1992-02-26,2026-06-24,0
ONTX,BATS,2026-06-24,2026-06-24,0
ONVI,NASDAQ,2000-03-02,2017-11-17,1
ONX,BATS,2026-05-28,2026-06-24,0
ONXX,NASDAQ,1996-05-09,2013-10-17,1
ONYX,NASDAQ,2021-12-10,2026-06-24,0
OOMA,NYSE,2015-07-17,2026-06-24,0
OPA,NYSE,2021-05-18,2024-01-25,1
OPAD,NYSE,2020-12-11,2026-06-24,0
OPAL,NASDAQ,2022-07-22,2026-06-24,0
OPB,NASDAQ,2014-04-16,2020-06-01,1
OPBK,NASDAQ,2005-07-22,2026-06-24,0
OPCH,NASDAQ,1996-08-15,2026-06-24,0
OPEN,NASDAQ,2020-06-18,2026-06-24,0
OPENL,NASDAQ,2025-11-24,2026-06-24,0
OPENZ,NASDAQ,2025-11-24,2026-06-24,0
OPFI,NYSE,2020-11-20,2026-06-24,0
OPHC,AMEX,2003-06-23,2026-06-24,0
OPK,NASDAQ,1995-11-02,2026-06-24,0
OPLK,NASDAQ,2000-10-04,2014-12-31,1
OPLN,NYSE,2009-12-11,2026-06-24,0
OPOF,NASDAQ,1999-01-11,2025-09-02,1
OPRA,NASDAQ,2018-07-27,2026-06-24,0
OPRT,NASDAQ,2019-09-26,2026-06-24,0
OPRX,NASDAQ,2007-07-13,2026-06-24,0
OPTH,NASDAQ,2026-05-20,2026-06-24,0
OPTM,NASDAQ,2006-10-27,2009-09-29,1
OPTN,NASDAQ,2017-10-13,2025-05-21,1
OPTR,NASDAQ,2007-02-09,2013-11-01,1
OPTT,AMEX,2007-04-25,2026-06-24,0
OPTU,NYSE,2017-06-22,2026-06-24,0
OPTV,NASDAQ,1999-11-23,2011-04-04,1
OPTX,NASDAQ,2022-01-26,2026-06-24,0
OPWR,NYSE,2014-04-03,2016-06-14,1
OPXA,NASDAQ,2004-04-14,2017-09-20,1
OPXS,NASDAQ,2009-05-04,2026-06-24,0
OPXT,NASDAQ,2012-07-23,2012-08-10,1
OPY,NYSE,1993-08-16,2026-06-24,0
OR,NYSE,2016-01-04,2026-06-24,0
ORA,NYSE,2004-11-11,2026-06-24,0
ORB,NYSE,1990-04-24,2015-02-17,1
ORBC,NASDAQ,2006-11-06,2021-09-01,1
ORBK,NASDAQ,1990-03-26,2019-02-20,1
ORBS,NASDAQ,2022-06-30,2026-06-24,0
ORC,NYSE,2013-02-14,2026-06-24,0
ORCC,NASDAQ,1999-06-04,2013-03-28,1
ORCG,NASDAQ,2002-06-17,2009-12-24,1
ORCL,NYSE,1986-03-12,2026-06-24,0
OREX,NASDAQ,2007-04-26,2018-04-03,1
ORGN,NASDAQ,2020-09-04,2026-06-24,0
ORGO,NASDAQ,2017-01-05,2026-06-24,0
ORH,NYSE,2008-06-11,2010-11-05,1
ORI,NYSE,1990-03-26,2026-06-24,0
ORIA,NASDAQ,2021-07-13,2023-05-17,1
ORIC,NASDAQ,2020-04-24,2026-06-24,0
ORIG,NASDAQ,2011-09-19,2018-12-04,1
ORIO,NASDAQ,2017-03-02,2026-06-24,0
ORIQ,NASDAQ,2025-09-09,2026-06-24,0
ORIS,NASDAQ,2024-10-17,2026-06-24,0
ORIT,NASDAQ,2007-01-24,2019-12-02,1
ORKA,NASDAQ,1997-08-08,2026-06-24,0
ORKT,NASDAQ,2024-07-25,2026-06-24,0
ORLA,AMEX,2017-10-03,2026-06-24,0
ORLY,NASDAQ,1993-04-23,2026-06-24,0
ORM,NYSE,2013-07-01,2019-04-23,1
ORMP,NASDAQ,2006-04-21,2026-06-24,0
ORN,NYSE,2007-12-20,2026-06-24,0
ORRF,NASDAQ,1999-05-13,2026-06-24,0
ORSN,NASDAQ,2019-11-07,2020-11-17,1
ORTX,NASDAQ,2018-10-31,2024-01-24,1
OS,NASDAQ,2024-07-24,2026-06-24,0
OSB,NYSE,2016-01-04,2021-02-03,1
OSBC,NASDAQ,1995-08-18,2026-06-24,0
OSBCP,NASDAQ,2003-06-30,2020-02-28,1
OSCR,NYSE,2021-03-03,2026-06-24,0
OSG,NYSE,2015-12-01,2026-06-24,0
OSGB,NYSE MKT,2014-10-08,2016-06-06,1
OSH,NYSE,2020-08-06,2023-05-02,1
OSHC,NASDAQ,2016-01-04,2016-12-08,1
OSHWQ,NASDAQ,2012-01-03,2014-03-04,1
OSI,NYSE,2021-07-06,2024-05-17,1
OSIP,NASDAQ,2010-06-08,2010-06-25,1
OSIR,NASDAQ,2006-08-09,2019-04-17,1
OSIS,NASDAQ,1997-10-02,2026-06-24,0
OSK,NYSE,1990-03-26,2026-06-24,0
OSLE,NYSE,2012-11-01,2020-01-31,1
OSM,NASDAQ,2016-01-04,2017-03-22,1
OSN,NASDAQ,2010-12-21,2021-09-10,1
OSP,NYSE,2007-11-09,2010-12-27,1
OSPN,NASDAQ,2001-01-02,2026-06-24,0
OSPR,NASDAQ,2017-09-08,2018-08-23,1
OSRH,NASDAQ,2023-03-17,2026-06-24,0
OSS,NASDAQ,2018-02-01,2026-06-24,0
OSSL,BATS,2026-05-27,2026-06-24,0
OST,NASDAQ,2024-07-29,2026-06-24,0
OSTE,NASDAQ,2010-11-16,2010-12-03,1
OSTR,NASDAQ,2021-03-12,2022-12-19,1
OSTX,AMEX,2024-08-01,2026-06-24,0
OSUR,NASDAQ,1992-03-17,2026-06-24,0
OSW,NASDAQ,2019-03-20,2026-06-24,0
OTEC,NASDAQ,2021-07-21,2024-01-30,1
OTEL,NASDAQ,2004-12-16,2021-03-31,1
OTEX,NASDAQ,1996-01-24,2026-06-24,0
OTF,NYSE,2025-06-12,2026-06-24,0
OTGA,NASDAQ,2025-11-03,2026-06-24,0
OTIS,NYSE,2020-03-19,2026-06-24,0
OTIV,NASDAQ,2002-11-12,2022-06-21,1
OTIX,NASDAQ,2001-01-02,2010-12-10,1
OTLK,NASDAQ,2016-06-14,2026-06-24,0
OTLY,NASDAQ,2021-05-20,2026-06-24,0
OTMO,NASDAQ,2021-08-16,2023-10-19,1
OTRA,NASDAQ,2020-12-21,2022-05-19,1
OTT,NASDAQ,2005-03-11,2013-06-03,1
OTTR,NASDAQ,1990-03-26,2026-06-24,0
OUST,NASDAQ,2020-10-09,2026-06-24,0
OUSTZ,NASDAQ,2020-10-09,2026-03-11,1
OUT,NYSE,2014-03-28,2026-06-24,0
OUTD,NASDAQ,2012-11-23,2013-06-04,1
OUTR,NASDAQ,2013-07-01,2016-09-28,1
OVBC,NASDAQ,1996-02-09,2026-06-24,0
OVEN,NYSE,1995-08-18,2010-01-13,1
OVID,NASDAQ,2017-05-05,2026-06-24,0
OVLY,NASDAQ,2003-10-15,2026-06-24,0
OVRL,NASDAQ,1997-02-21,2014-12-09,1
OVTI,NASDAQ,2001-01-02,2016-01-29,1
OVV,NYSE,2002-04-08,2026-06-24,0
OWL,NYSE,2020-12-14,2026-06-24,0
OWLS,NASDAQ,2025-10-16,2026-06-24,0
OWLT,NYSE,2020-11-05,2026-06-24,0
OWW,NYSE,2007-07-20,2015-09-25,1
OXAC,NASDAQ,2021-10-01,2023-08-10,1
OXBR,NASDAQ,2014-03-27,2026-06-24,0
OXF,NYSE,2010-07-14,2014-12-31,1
OXFD,NASDAQ,2013-11-22,2021-03-08,1
OXLCG,NASDAQ,2025-02-28,2026-06-24,0
OXLCI,NASDAQ,2024-07-09,2026-06-24,0
OXLCL,NASDAQ,2021-03-18,2026-06-24,0
OXLCM,NASDAQ,2017-06-08,2026-06-24,0
OXLCN,NASDAQ,2014-06-02,2026-06-24,0
OXLCO,NASDAQ,2021-08-11,2026-06-24,0
OXLCP,NASDAQ,2020-02-06,2026-06-24,0
OXLCZ,NASDAQ,2022-01-14,2026-06-24,0
OXM,NYSE,1987-12-30,2026-06-24,0
OXPS,NASDAQ,2005-12-14,2011-08-31,1
OXSQ,NASDAQ,2018-03-21,2026-06-24,0
OXSQG,NASDAQ,2021-05-21,2026-06-24,0
OXSQH,NASDAQ,2025-08-12,2026-06-24,0
OXSQL,NASDAQ,2018-03-19,2023-12-21,1
OXSQZ,NASDAQ,2019-04-04,2026-06-24,0
OXY,NYSE,1981-12-31,2026-06-24,0
OYSE,NASDAQ,2025-07-11,2026-06-24,0
OYST,NASDAQ,2019-10-31,2023-01-03,1
OZ,AMEX,2019-11-27,2026-06-24,0
OZK,NASDAQ,2001-01-02,2026-06-24,0
OZKAP,NASDAQ,2021-10-29,2026-06-24,0
OZON,NASDAQ,2020-11-24,2026-06-24,0
OZRK,NASDAQ,1997-07-17,2018-07-13,1
P,NYSE,2015-10-07,2026-06-24,0
PAA,NASDAQ,1998-11-18,2026-06-24,0
PAAC,NASDAQ,2026-04-06,2026-06-24,0
PAAS,NYSE,1995-06-12,2026-06-24,0
PAC,NYSE,2006-02-27,2026-06-24,0
PACB,NASDAQ,2010-10-27,2026-06-24,0
PACDQ,NYSE,2020-11-03,2020-11-03,1
PACE,NASDAQ,1992-03-17,2017-03-20,1
PACH,NASDAQ,2025-08-15,2026-06-24,0
PACK,NYSE,2019-06-03,2026-06-24,0
PACQ,NASDAQ,2011-06-08,2020-08-21,1
PACR,NASDAQ,2002-06-13,2014-04-08,1
PACS,NYSE,2024-04-11,2026-06-24,0
PACT,NASDAQ,2010-06-30,2014-04-02,1
PACW,NASDAQ,2000-06-05,2023-11-30,1
PACWP,NASDAQ,2022-12-23,2023-11-30,1
PACX,NASDAQ,2021-03-01,2023-01-12,1
PAE,NASDAQ,2018-10-31,2022-02-28,1
PAET,NASDAQ,2007-03-01,2011-12-12,1
PAFO,NASDAQ,2021-09-27,2022-12-16,1
PAG,NYSE,1996-10-23,2026-06-24,0
PAGP,NASDAQ,2013-10-16,2026-06-24,0
PAGS,NYSE,2018-01-24,2026-06-24,0
PAHC,NASDAQ,2014-04-11,2026-06-24,0
PAII,NYSE,2025-09-10,2026-06-24,0
PAL,NASDAQ,2024-05-09,2026-06-24,0
PALDF,NYSE,2015-04-17,2019-12-16,1
PALI,NASDAQ,2006-12-20,2026-06-24,0
PALM,NASDAQ,2007-10-25,2010-07-19,1
PALO,NASDAQ,2026-04-13,2026-06-24,0
PAMT,NASDAQ,1990-03-26,2026-06-24,0
PANA,NASDAQ,2021-04-07,2023-04-18,1
PANL,NASDAQ,2013-12-19,2026-06-24,0
PANW,NASDAQ,2012-07-20,2026-06-24,0
PAPL,AMEX,2023-11-01,2026-06-24,0
PAQC,NASDAQ,2022-10-27,2022-10-28,1
PAR,NYSE,1988-12-16,2026-06-24,0
PARA,NASDAQ,2006-01-03,2025-08-07,1
PARAA,NASDAQ,2006-01-03,2025-08-07,1
PARAP,NASDAQ,2022-02-17,2024-03-28,1
PARK,NASDAQ,2025-12-03,2026-06-24,0
PARL,NASDAQ,2012-04-18,2012-05-07,1
PARN,NASDAQ,2017-01-03,2017-01-11,1
PARR,NYSE,2012-09-05,2026-06-24,0
PASG,NASDAQ,2020-02-28,2026-06-24,0
PASW,NASDAQ,2026-06-09,2026-06-24,0
PATH,NYSE,2021-04-21,2026-06-24,0
PATI,NASDAQ,2015-02-02,2023-12-21,1
PATK,NASDAQ,1990-03-27,2026-06-24,0
PATR,NASDAQ,1990-03-26,2014-12-12,1
PAVM,NASDAQ,2016-07-28,2026-06-24,0
PAVMZ,NASDAQ,2018-04-10,2025-04-30,1
PAVS,NASDAQ,2019-10-25,2026-06-24,0
PAX,NASDAQ,2021-01-22,2026-06-24,0
PAXS,NYSE,2022-01-27,2026-06-24,0
PAY,NYSE,2021-05-26,2026-06-24,0
PAYA,NASDAQ,2020-10-19,2023-02-22,1
PAYC,NYSE,2014-04-15,2026-06-24,0
PAYO,NASDAQ,2021-06-25,2026-06-24,0
PAYP,NASDAQ,2026-03-12,2026-06-24,0
PAYS,NASDAQ,2007-10-10,2026-06-24,0
PAYX,NASDAQ,1990-03-26,2026-06-24,0
PB,NYSE,1998-11-12,2026-06-24,0
PBA,NYSE,2010-10-06,2026-06-24,0
PBAX,NASDAQ,2021-11-30,2024-02-14,1
PBB,NYSE,2015-12-21,2021-02-12,1
PBBI,NASDAQ,2016-01-08,2020-04-30,1
PBBK,NASDAQ,2021-07-15,2026-01-05,1
PBC,NYSE,2018-12-12,2021-12-29,1
PBCP,NASDAQ,2011-12-30,2017-01-09,1
PBCT,NASDAQ,1990-03-26,2022-04-04,1
PBF,NYSE,2012-12-13,2026-06-24,0
PBFS,NASDAQ,2019-07-18,2026-06-24,0
PBFX,NYSE,2014-05-09,2022-11-30,1
PBG,NYSE,2001-01-02,2011-03-07,1
PBH,NYSE,2005-02-10,2026-06-24,0
PBHC,NASDAQ,1996-05-30,2026-06-24,0
PBI,NYSE,1972-06-01,2026-06-24,0
PBIB,NASDAQ,2006-09-22,2018-06-18,1
PBIP,NASDAQ,2005-03-30,2022-09-07,1
PBIX,NASDAQ,2011-03-10,2018-04-16,1
PBK,NASDAQ,2023-05-11,2026-06-24,0
PBLS,NASDAQ,2026-06-10,2026-06-24,0
PBM,NASDAQ,2024-01-25,2026-06-24,0
PBMD,NASDAQ,2012-04-17,2017-11-30,1
PBPB,NASDAQ,2013-10-04,2025-10-23,1
PBR,NYSE,2000-08-10,2026-06-24,0
PBSC,NASDAQ,2026-06-23,2026-06-24,0
PBSK,NASDAQ,2011-09-14,2018-12-10,1
PBT,NYSE,1987-12-30,2026-06-24,0
PBTH,NYSE,2009-06-15,2013-09-17,1
PBUG,NYSE ARCA,2021-06-16,2022-12-14,1
PBY,NYSE,2018-06-18,2021-06-14,1
PBYI,NASDAQ,2012-04-24,2026-06-24,0
PC,NASDAQ,2024-09-25,2026-06-24,0
PCAP,NASDAQ,2005-07-28,2026-06-24,0
PCAR,NASDAQ,1986-07-09,2026-06-24,0
PCB,NASDAQ,2014-06-04,2026-06-24,0
PCBC,NASDAQ,2016-01-04,2018-08-01,1
PCBK,NASDAQ,1999-04-26,2017-11-10,1
PCCT,NASDAQ,2021-12-27,2023-10-19,1
PCEB,NYSE,2026-05-06,2026-06-24,0
PCG,NYSE,1972-06-01,2026-06-24,0
PCGU,NYSE,2020-06-26,2023-08-15,1
PCH,NASDAQ,1985-11-11,2026-02-02,1
PCHI,NYSE,2025-03-25,2026-06-24,0
PCL,BATS,1989-06-02,2026-06-24,0
PCLA,NASDAQ,2025-01-16,2026-06-24,0
PCLC,NYSE,2026-05-18,2026-06-24,0
PCLN,NYSE,1999-03-31,2026-06-24,0
PCMI,NASDAQ,1995-04-04,2019-08-30,1
PCO,NASDAQ,2004-05-12,2017-12-15,1
PCOM,NASDAQ,2011-02-10,2022-06-30,1
PCOP,NASDAQ,1995-12-06,2009-12-31,1
PCOR,NYSE,2021-05-20,2026-06-24,0
PCP,NYSE,2016-01-04,2016-02-08,1
PCPC,NYSE,2021-02-02,2022-12-14,1
PCPP,BATS,2026-06-05,2026-06-24,0
PCRX,NASDAQ,2011-02-03,2026-06-24,0
PCS,BATS,2007-04-19,2026-06-24,0
PCSA,NASDAQ,2017-10-10,2026-06-24,0
PCSB,NASDAQ,2017-04-21,2022-12-30,1
PCSC,NASDAQ,2024-06-12,2026-06-24,0
PCSG,NYSE,2026-05-18,2026-06-24,0
PCT,NASDAQ,2020-07-14,2026-06-24,0
PCTI,NASDAQ,1999-08-10,2023-12-15,1
PCTY,NASDAQ,2014-03-19,2026-06-24,0
PCVX,NASDAQ,2020-06-12,2026-06-24,0
PCX,NASDAQ,2021-12-14,2022-12-16,1
PCYC,NASDAQ,1995-10-24,2015-06-03,1
PCYO,NASDAQ,1997-01-02,2026-06-24,0
PD,NYSE,2019-04-11,2026-06-24,0
PDC,NASDAQ,2023-07-25,2026-06-24,0
PDCC,NYSE,2024-07-18,2026-06-24,0
PDCE,NASDAQ,1990-03-26,2023-09-05,1
PDCO,NASDAQ,1992-10-28,2025-04-17,1
PDD,NASDAQ,2018-07-26,2026-06-24,0
PDEX,NASDAQ,1995-08-18,2026-06-24,0
PDFS,NASDAQ,2001-07-31,2026-06-24,0
PDH,NYSE,2012-05-04,2014-07-16,1
PDII,NASDAQ,1998-05-20,2015-12-22,1
PDLB,NASDAQ,2017-10-02,2026-06-24,0
PDLI,NASDAQ,1992-01-29,2022-01-18,1
PDM,NYSE,2010-02-10,2026-06-24,0
PDOT,NYSE,2021-04-29,2023-03-10,1
PDPA,NYSE,2024-12-16,2026-06-24,0
PDS,NYSE,1996-11-15,2026-06-24,0
PDSB,NASDAQ,2015-10-01,2026-06-24,0
PDX,NYSE,2019-01-30,2026-06-24,0
PDYN,NASDAQ,2021-09-27,2026-06-24,0
PEAK,NASDAQ,2023-02-10,2023-02-13,1
PEB,NYSE,2009-12-09,2026-06-24,0
PEBK,NASDAQ,1995-08-18,2026-06-24,0
PEBO,NASDAQ,1993-02-11,2026-06-24,0
PECE,NASDAQ,2026-06-04,2026-06-24,0
PECO,NASDAQ,2021-07-15,2026-06-24,0
PED,AMEX,2003-05-02,2026-06-24,0
PEDE,NASDAQ,2017-09-05,2018-05-02,1
PEET,NASDAQ,2006-12-28,2012-10-26,1
PEG,NYSE,1980-01-02,2026-06-24,0
PEGA,NASDAQ,1996-07-19,2026-06-24,0
PEGI,NASDAQ,2013-09-27,2020-03-16,1
PEGR,NASDAQ,2021-12-27,2024-07-29,1
PELI,NASDAQ,2025-06-12,2026-03-26,1
PEN,NYSE,2015-09-18,2026-06-24,0
PENG,NASDAQ,2017-05-24,2026-06-24,0
PENN,NASDAQ,1994-05-26,2026-06-24,0
PEOP,NASDAQ,2010-07-06,2015-02-20,1
PEP,NASDAQ,1972-06-01,2026-06-24,0
PEPG,NASDAQ,2022-05-06,2026-06-24,0
PEPL,NASDAQ,2021-12-09,2024-03-21,1
PERF,NYSE,2021-03-01,2026-06-24,0
PERI,NASDAQ,2006-01-31,2026-06-24,0
PERY,NASDAQ,1993-05-28,2018-10-22,1
PESI,NASDAQ,1995-08-18,2026-06-24,0
PET,NASDAQ,2022-08-09,2026-06-24,0
PETM,NASDAQ,1993-07-23,2015-03-11,1
PETQ,NASDAQ,2017-07-21,2024-10-25,1
PETS,NASDAQ,1999-04-26,2026-06-24,0
PETX,NASDAQ,2013-06-27,2019-07-18,1
PETZ,NASDAQ,2017-09-21,2026-06-24,0
PEW,NYSE,2025-07-15,2026-06-24,0
PF,NYSE,2013-03-28,2018-10-26,1
PFAI,NASDAQ,2025-04-21,2026-06-24,0
PFBC,NASDAQ,1999-08-19,2026-06-24,0
PFBI,NASDAQ,1996-05-17,2021-09-24,1
PFC,NASDAQ,1993-07-21,2025-03-03,1
PFE,NYSE,1972-06-01,2026-06-24,0
PFED,NASDAQ,1996-08-12,2017-07-14,1
PFFBQ,NYSE,2010-01-04,2013-08-30,1
PFG,NASDAQ,2001-10-23,2026-06-24,0
PFGC,NYSE,2015-10-01,2026-06-24,0
PFH,NYSE,2020-09-02,2026-06-24,0
PFHD,NASDAQ,2017-03-15,2023-01-31,1
PFIE,NASDAQ,2010-03-10,2025-01-03,1
PFIN,NASDAQ,1992-03-03,2023-12-20,1
PFIS,NASDAQ,2002-06-05,2026-06-24,0
PFK,NYSE,2006-05-02,2018-04-09,1
PFLA,NYSE,2026-06-03,2026-06-24,0
PFLT,NYSE,2011-04-08,2026-06-24,0
PFNX,NYSE MKT,2014-07-24,2020-10-01,1
PFPT,NASDAQ,2012-04-20,2021-08-31,1
PFS,NYSE,2003-01-16,2026-06-24,0
PFSA,NASDAQ,2025-07-11,2026-06-24,0
PFSI,NYSE,2013-05-09,2026-06-24,0
PFSW,NASDAQ,1999-12-02,2023-10-23,1
PFTA,NASDAQ,2021-09-27,2026-06-24,0
PFX,NYSE,2002-01-02,2016-06-27,1
PFXNL,NASDAQ,2013-03-22,2023-01-13,1
PFXNZ,NASDAQ,2021-11-16,2026-06-24,0
PG,NYSE,1970-01-02,2026-06-24,0
PGAC,NASDAQ,2025-08-08,2026-06-24,0
PGC,NASDAQ,1999-04-27,2026-06-24,0
PGEM,NYSE,2013-05-23,2018-04-12,1
PGEN,NASDAQ,2013-08-08,2026-06-24,0
PGH,NYSE,2002-04-10,2018-06-01,1
PGI,NYSE,1996-03-05,2015-12-08,1
PGICQ,NASDAQ,2010-01-04,2016-04-01,1
PGLC,NASDAQ,2010-11-15,2019-04-03,1
PGND,NYSE,2015-05-20,2016-10-31,1
PGNX,NASDAQ,1997-11-19,2020-06-19,1
PGNY,NASDAQ,2019-10-25,2026-06-24,0
PGR,NYSE,1986-07-09,2026-06-24,0
PGRE,NYSE,2014-11-19,2025-12-18,1
PGRU,NYSE,2022-03-18,2024-12-13,1
PGRW,NASDAQ,2021-03-16,2023-05-09,1
PGSS,NYSE,2021-12-13,2024-04-30,1
PGTI,NYSE,2006-06-28,2024-03-28,1
PGV,NYSE MKT,2009-10-09,2021-06-08,1
PGY,NASDAQ,2022-06-23,2026-06-24,0
PH,NYSE,1985-07-01,2026-06-24,0
PHAR,NASDAQ,2020-12-23,2026-06-24,0
PHAT,NASDAQ,2019-10-25,2026-06-24,0
PHG,NYSE,1987-12-30,2026-06-24,0
PHGE,AMEX,2019-03-13,2026-06-24,0
PHH,NYSE,2005-01-19,2018-12-14,1
PHI,NYSE,1973-05-03,2026-06-24,0
PHIC,NASDAQ,2021-01-12,2022-11-29,1
PHIN,NYSE,2023-06-28,2026-06-24,0
PHIO,NASDAQ,2012-05-10,2026-06-24,0
PHLT,NASDAQ,2012-08-10,2025-10-21,1
PHM,NYSE,1985-07-01,2026-06-24,0
PHMD,NASDAQ,1996-02-21,2017-10-31,1
PHOE,NASDAQ,2025-04-25,2026-06-24,0
PHR,NYSE,2019-07-18,2026-06-24,0
PHUN,NASDAQ,2016-10-28,2026-06-24,0
PHVS,NASDAQ,2021-02-05,2026-06-24,0
PHX,NYSE,1995-08-18,2025-06-23,1
PHXM,NASDAQ,2023-06-29,2026-06-24,0
PI,NASDAQ,2016-07-21,2026-06-24,0
PIAI,NYSE,2020-11-02,2023-09-14,1
PICS,NASDAQ,2026-01-29,2026-06-24,0
PII,NYSE,1987-09-16,2026-06-24,0
PIII,NASDAQ,2021-04-06,2026-06-24,0
PIK,NASDAQ,2021-11-11,2026-06-24,0
PIKE,NYSE,2005-07-27,2014-12-22,1
PINC,NASDAQ,2013-09-26,2025-11-25,1
PINE,NYSE,2019-11-22,2026-06-24,0
PING,NYSE,2019-09-19,2022-10-17,1
PINS,NYSE,2019-04-18,2026-06-24,0
PIPP,NYSE,2021-01-07,2022-10-27,1
PIPR,NYSE,2004-01-02,2026-06-24,0
PIR,NYSE,1987-12-30,2020-10-15,1
PIRS,NASDAQ,2015-04-13,2024-12-13,1
PITA,NASDAQ,2024-07-29,2026-06-24,0
PIXY,NASDAQ,2017-06-30,2026-06-24,0
PIY,NYSE,2003-10-09,2020-05-14,1
PJC,NYSE,2004-01-02,2018-03-27,1
PJH,NYSE,2012-12-12,2020-09-22,1
PJS,NYSE,2016-01-04,2016-09-12,1
PJT,NYSE,2015-10-01,2026-06-24,0
PJUS,BATS,2026-05-21,2026-06-24,0
PK,NYSE,2017-01-04,2026-06-24,0
PKBK,NASDAQ,2001-09-05,2026-06-24,0
PKD,NYSE,1983-04-06,2020-02-10,1
PKDC,NYSE,2019-04-03,2020-02-07,1
PKE,NYSE,1987-12-30,2026-06-24,0
PKG,NYSE,2000-01-28,2026-06-24,0
PKOH,NASDAQ,1990-03-26,2026-06-24,0
PKST,NYSE,2021-02-12,2026-05-06,1
PKT,NASDAQ,2003-06-26,2015-06-04,1
PKX,NYSE,1994-10-14,2026-06-24,0
PKY,NYSE,1973-05-03,2017-11-01,1
PL,NYSE,2021-04-26,2026-06-24,0
PLA,NASDAQ,2026-05-19,2026-06-24,0
PLAB,NASDAQ,1990-03-26,2026-06-24,0
PLAG,AMEX,2008-04-29,2026-06-24,0
PLAN,NYSE,2018-10-12,2022-06-22,1
PLAY,NASDAQ,2014-10-10,2026-06-24,0
PLBC,NASDAQ,2002-06-26,2026-06-24,0
PLBL,NASDAQ,2025-08-08,2026-06-24,0
PLBY,NASDAQ,2020-08-31,2026-06-24,0
PLCE,NASDAQ,1997-09-19,2026-06-24,0
PLCM,NASDAQ,2001-01-02,2016-09-28,1
PLD,NYSE,1997-11-21,2026-06-24,0
PLFE,NASDAQ,2006-12-28,2012-12-28,1
PLG,AMEX,2002-04-26,2026-06-24,0
PLGO,NYSE,2023-06-29,2026-06-24,0
PLKI,NASDAQ,2016-01-04,2017-03-28,1
PLL,NASDAQ,2018-01-02,2025-08-29,1
PLLL,NASDAQ,2017-11-07,2020-09-25,1
PLM,NYSE MKT,2000-10-12,2023-11-06,1
PLMI,NASDAQ,2021-05-06,2024-09-16,1
PLMK,NASDAQ,2025-01-31,2026-06-24,0
PLMR,NASDAQ,2019-04-17,2026-06-24,0
PLMT,NASDAQ,2011-08-08,2015-08-31,1
PLNR,NASDAQ,1993-12-16,2015-11-27,1
PLNT,NYSE,2015-08-06,2026-06-24,0
PLOW,NYSE,2010-05-05,2026-06-24,0
PLPC,NASDAQ,1999-04-28,2026-06-24,0
PLPM,NASDAQ,2008-11-20,2017-12-20,1
PLRX,NASDAQ,2020-06-03,2026-06-24,0
PLRZ,NASDAQ,2024-10-29,2026-06-24,0
PLSE,NASDAQ,2016-05-18,2026-06-24,0
PLSM,NASDAQ,2026-01-21,2026-06-24,0
PLT,NASDAQ,2025-08-19,2026-06-24,0
PLTA,NYSE,2025-09-10,2026-06-24,0
PLTK,NASDAQ,2021-01-15,2026-06-24,0
PLTN,NASDAQ,2023-01-11,2024-06-06,1
PLTR,NASDAQ,2020-09-30,2026-06-24,0
PLTS,NASDAQ,2025-09-19,2026-06-24,0
PLU,BATS,2026-01-07,2026-06-24,0
PLUG,NASDAQ,1999-10-29,2026-06-24,0
PLUN,NYSE,2026-06-18,2026-06-24,0
PLUR,NASDAQ,2003-06-30,2026-06-24,0
PLUS,NASDAQ,1996-11-15,2026-06-24,0
PLUT,NASDAQ,2025-02-05,2026-06-24,0
PLX,AMEX,1998-05-15,2026-06-24,0
PLXS,NASDAQ,1990-03-26,2026-06-24,0
PLYA,NASDAQ,2017-02-01,2026-06-24,0
PLYM,NYSE,2017-06-09,2026-01-27,1
PLYX,NASDAQ,2026-02-02,2026-06-24,0
PM,NYSE,2008-03-17,2026-06-24,0
PMAX,NASDAQ,2024-09-05,2026-06-24,0
PMB,NASDAQ,2024-01-26,2024-01-29,1
PMBC,NASDAQ,2000-01-26,2021-10-18,1
PMC,NYSE,2007-08-01,2017-12-08,1
PMCB,NASDAQ,2010-09-17,2026-06-24,0
PMCS,NASDAQ,2016-01-04,2016-01-25,1
PME,NASDAQ,2011-08-02,2023-03-14,1
PMEC,NASDAQ,2023-10-09,2026-06-24,0
PMFG,NASDAQ,1990-03-26,2015-09-03,1
PMGM,NASDAQ,2021-03-01,2024-05-17,1
PMI,AMEX,2025-08-29,2026-06-24,0
PMII,NASDAQ,2009-09-10,2009-10-15,1
PMN,NASDAQ,2007-07-17,2026-06-24,0
PMNT,AMEX,2024-02-08,2026-06-24,0
PMT,NYSE,2009-07-30,2026-06-24,0
PMTI,NASDAQ,2006-12-28,2013-06-24,1
PMTR,NASDAQ,2025-06-20,2026-06-24,0
PMTS,NASDAQ,2015-10-09,2026-06-24,0
PMTU,NYSE,2023-09-28,2026-06-24,0
PMTV,NYSE,2025-02-14,2026-06-24,0
PMTW,NYSE,2025-06-12,2026-06-24,0
PMVP,NASDAQ,2020-09-25,2026-06-24,0
PN,NASDAQ,2025-03-04,2026-06-24,0
PNAC,NASDAQ,2022-07-06,2023-08-25,1
PNBK,NASDAQ,1994-09-01,2026-06-24,0
PNC,NYSE,1988-09-07,2026-06-24,0
PNFP,NYSE,2026-01-02,2026-06-24,0
PNFPP,NASDAQ,2020-05-28,2025-12-31,1
PNG,NYSE,2010-04-30,2014-01-08,1
PNK,NASDAQ,1990-03-26,2018-10-15,1
PNNT,NYSE,2007-04-19,2026-06-24,0
PNNTG,NASDAQ,2019-09-30,2021-11-12,1
PNR,NYSE,1973-05-03,2026-06-24,0
PNRA,NASDAQ,1991-06-10,2017-07-19,1
PNRG,NASDAQ,1995-08-18,2026-06-24,0
PNRL,NASDAQ,2018-10-04,2020-03-04,1
PNT,NASDAQ,2020-07-08,2023-12-27,1
PNTA,NYSE,2013-02-04,2017-06-28,1
PNTG,NASDAQ,2019-10-01,2026-06-24,0
PNTM,NYSE,2021-03-05,2023-05-26,1
PNTR,NASDAQ,1994-06-17,2019-10-03,1
PNW,NYSE,1984-07-19,2026-06-24,0
PNX,NYSE,2001-06-20,2016-06-28,1
PNY,NYSE,2001-01-02,2016-10-11,1
POAS,AMEX,2025-11-13,2026-06-24,0
POCI,NASDAQ,1995-08-18,2026-06-24,0
PODC,NASDAQ,2023-09-08,2026-06-24,0
PODD,NASDAQ,2007-05-15,2026-06-24,0
POEL,BATS,2026-05-01,2026-06-24,0
POET,NASDAQ,2014-02-18,2026-06-24,0
POLA,NASDAQ,2016-12-07,2026-06-24,0
POLE,NASDAQ,2024-10-28,2026-06-24,0
POLY,NYSE,1994-01-20,2022-08-29,1
POM,NASDAQ,2025-10-08,2026-06-24,0
PONO,NASDAQ,2026-05-05,2026-06-24,0
PONX,BATS,2025-09-09,2026-06-24,0
PONY,NASDAQ,2024-11-27,2026-06-24,0
POOL,NASDAQ,1995-10-13,2026-06-24,0
POPE,NASDAQ,1991-07-25,2020-05-08,1
POR,NYSE,2006-03-31,2026-06-24,0
PORT,NYSE,2024-03-25,2025-09-10,1
POSH,NASDAQ,2021-01-14,2023-01-05,1
POST,NYSE,2012-01-27,2026-06-24,0
POT,NYSE,1990-01-12,2018-01-02,1
POWI,NASDAQ,1997-12-12,2026-06-24,0
POWL,NASDAQ,1990-03-26,2026-06-24,0
POWR,NYSE,2008-01-14,2016-05-17,1
POWW,NASDAQ,2016-01-07,2026-06-24,0
POWWP,NASDAQ,2021-05-21,2026-06-24,0
POZN,NASDAQ,2016-01-04,2016-02-16,1
PPBI,NASDAQ,1997-06-25,2025-09-02,1
PPBT,NASDAQ,2015-11-20,2026-06-24,0
PPC,NASDAQ,1987-12-30,2026-06-24,0
PPCB,NASDAQ,2012-11-12,2026-06-24,0
PPD,NASDAQ,2020-02-06,2021-12-08,1
PPG,NYSE,1983-04-06,2026-06-24,0
PPHC,NASDAQ,2026-01-28,2026-06-24,0
PPHM,NASDAQ,1996-04-01,2018-01-05,1
PPHMP,NASDAQ,2014-02-27,2018-01-08,1
PPHP,NASDAQ,2021-10-04,2026-06-24,0
PPIH,NASDAQ,2016-01-04,2026-06-24,0
PPL,NYSE,1985-04-08,2026-06-24,0
PPLI,NASDAQ,1993-01-19,2026-06-24,0
PPO,NYSE,2007-07-26,2015-08-26,1
PPP,NYSE,2009-12-14,2017-08-14,1
PPS,NYSE,1993-07-15,2016-12-08,1
PPSI,NASDAQ,2013-05-03,2026-06-24,0
PPTA,NASDAQ,2021-02-18,2026-06-24,0
PPX,NYSE,2013-03-18,2021-07-19,1
PQ,NYSE,1992-10-26,2018-05-04,1
PQUEQ,NYSE,2001-01-02,2019-03-05,1
PR,NYSE,2016-04-15,2026-06-24,0
PRA,NYSE,1991-09-04,2026-06-24,0
PRAA,NASDAQ,2002-11-08,2026-06-24,0
PRAB,NYSE,2026-03-11,2026-06-24,0
PRAH,NASDAQ,2014-11-13,2021-07-01,1
PRAX,NASDAQ,2020-10-16,2026-06-24,0
PRCH,NASDAQ,2020-01-13,2026-06-24,0
PRCP,NASDAQ,1992-08-21,2020-12-21,1
PRCT,NASDAQ,2021-09-15,2026-06-24,0
PRDO,NASDAQ,1998-01-29,2026-06-24,0
PRDS,NASDAQ,2021-12-27,2023-09-12,1
PRE,NASDAQ,2022-05-18,2026-06-24,0
PRFT,NASDAQ,1999-07-29,2024-10-10,1
PRFX,NASDAQ,2020-09-01,2026-06-24,0
PRG,NYSE,1984-09-07,2026-06-24,0
PRGNL,NASDAQ,2016-01-06,2016-06-16,1
PRGO,NYSE,1991-12-17,2026-06-24,0
PRGS,NASDAQ,1991-08-05,2026-06-24,0
PRGX,NYSE,1996-03-27,2021-03-03,1
PRH,NYSE,2013-03-27,2026-06-24,0
PRHI,NASDAQ,2015-08-13,2026-06-24,0
PRHIZ,NASDAQ,2025-09-30,2026-06-24,0
PRI,NYSE,2010-04-01,2026-06-24,0
PRIM,NYSE,2008-08-06,2026-06-24,0
PRIZ,NYSE ARCA,2026-06-02,2026-06-24,0
PRK,AMEX,1991-05-08,2026-06-24,0
PRKS,NYSE,2013-04-19,2026-06-24,0
PRLB,NYSE,2012-02-24,2026-06-24,0
PRLD,NASDAQ,2020-09-25,2026-06-24,0
PRLH,NASDAQ,2022-02-09,2026-06-24,0
PRLS,NASDAQ,1996-09-25,2015-02-12,1
PRM,NYSE,2021-11-09,2026-06-24,0
PRMB,NYSE,2024-11-11,2026-06-24,0
PRME,NASDAQ,2022-10-20,2026-06-24,0
PRMW,NYSE,1992-06-16,2024-11-08,1
PRNB,NASDAQ,2018-09-14,2020-09-28,1
PRO,NYSE,2007-07-26,2025-12-08,1
PROC,NASDAQ,2021-09-30,2026-06-24,0
PROF,NASDAQ,2016-06-09,2026-06-24,0
PROK,NASDAQ,2022-07-12,2026-06-24,0
PROP,NASDAQ,2010-06-28,2026-06-24,0
PROS,NYSE,2019-07-25,2021-09-17,1
PROV,NASDAQ,1996-06-28,2026-06-24,0
PRPC,NYSE,2021-03-30,2023-11-07,1
PRPL,NASDAQ,2018-02-05,2026-06-24,0
PRPO,NASDAQ,2000-07-18,2026-06-24,0
PRQR,NASDAQ,2014-09-18,2026-06-24,0
PRS,NYSE,2018-08-22,2026-06-24,0
PRSD,NYSE,2025-09-10,2026-06-24,0
PRSO,NASDAQ,2001-06-28,2026-06-24,0
PRSP,NYSE,2018-06-01,2021-05-06,1
PRSR,NASDAQ,2021-03-01,2023-12-21,1
PRSS,NASDAQ,2012-03-29,2018-11-09,1
PRST,NASDAQ,2024-09-17,2026-05-28,1
PRSU,NYSE,2004-08-12,2026-06-24,0
PRT,NYSE,2018-05-02,2026-06-24,0
PRTA,NASDAQ,2012-12-21,2026-06-24,0
PRTG,NASDAQ,2021-02-25,2022-12-30,1
PRTH,NASDAQ,2016-12-06,2026-06-24,0
PRTK,NASDAQ,2006-05-11,2023-09-21,1
PRTS,NASDAQ,2007-02-09,2026-06-24,0
PRU,NYSE,2001-12-13,2026-06-24,0
PRVA,NASDAQ,2021-04-28,2026-06-24,0
PRVB,NASDAQ,2018-07-24,2023-04-27,1
PRVL,NASDAQ,2019-06-20,2021-01-22,1
PRWT,NASDAQ,2006-12-28,2013-04-09,1
PRX,NYSE,2006-12-28,2013-10-07,1
PRXI,NASDAQ,2026-06-24,2026-06-24,0
PRXL,NASDAQ,1995-11-22,2017-10-09,1
PRZO,NASDAQ,2023-07-27,2026-06-24,0
PS,NYSE,2018-05-17,2026-06-24,0
PSA,NYSE,1980-11-18,2026-06-24,0
PSAG,NASDAQ,2021-04-14,2022-12-22,1
PSB,NYSE,1991-03-27,2022-07-20,1
PSBD,NYSE,2024-01-18,2026-06-24,0
PSBH,NASDAQ,2016-01-04,2016-01-15,1
PSDO,NASDAQ,2017-03-10,2019-12-19,1
PSDV,NASDAQ,2005-01-27,2018-03-29,1
PSEC,NASDAQ,2004-07-27,2026-06-24,0
PSEM,NASDAQ,1997-10-31,2015-11-24,1
PSFE,NYSE,2020-10-09,2026-06-24,0
PSG,NYSE,2006-05-15,2010-11-08,1
PSHG,NASDAQ,2011-01-03,2026-06-24,0
PSIG,NASDAQ,2024-07-19,2026-06-24,0
PSIX,NASDAQ,2012-04-17,2026-06-24,0
PSKY,NASDAQ,2025-08-06,2026-06-24,0
PSMI,NASDAQ,2012-08-08,2014-12-12,1
PSMT,NASDAQ,1997-09-02,2026-06-24,0
PSN,NYSE,2019-05-08,2026-06-24,0
PSNL,NASDAQ,2019-06-20,2026-06-24,0
PSNY,NASDAQ,2022-06-24,2026-06-24,0
PSO,NYSE,1996-11-18,2026-06-24,0
PSPC,NYSE,2021-07-16,2023-05-26,1
PSQH,NYSE,2021-07-07,2026-06-24,0
PSTB,NASDAQ,2007-02-01,2017-11-30,1
PSTH,NYSE,2020-09-11,2022-07-26,1
PSTL,NYSE,2019-05-15,2026-06-24,0
PSTV,NASDAQ,2000-11-16,2026-06-24,0
PSTVZ,NASDAQ,2018-05-25,2020-05-26,1
PSTX,NASDAQ,2020-07-10,2025-01-08,1
PSUS,NYSE,2026-04-29,2026-06-24,0
PSX,NYSE,2012-04-12,2026-06-24,0
PSXP,NYSE,2013-07-23,2022-03-08,1
PTA,NYSE,2020-10-28,2026-06-24,0
PTC,NASDAQ,1990-03-26,2026-06-24,0
PTCT,NASDAQ,2013-06-20,2026-06-24,0
PTEK,NASDAQ,2005-10-14,2014-10-01,1
PTEN,NASDAQ,1993-11-02,2026-06-24,0
PTEST,NYSE,2017-03-17,2026-06-24,0
PTGX,NASDAQ,2016-08-11,2026-06-24,0
PTHN,NYSE,2016-07-21,2017-11-03,1
PTHR,NASDAQ,2023-04-03,2024-01-12,1
PTHS,AMEX,2024-02-16,2026-06-24,0
PTLA,NASDAQ,2013-05-22,2020-07-02,1
PTLE,NASDAQ,2024-10-16,2026-06-24,0
PTLO,NASDAQ,2021-10-21,2026-06-24,0
PTN,NASDAQ,2025-11-12,2026-06-24,0
PTNM,NASDAQ,2025-05-30,2026-06-24,0
PTNT,BATS,1999-07-23,2026-06-24,0
PTOC,NASDAQ,2021-05-06,2023-03-10,1
PTON,NASDAQ,2019-09-26,2026-06-24,0
PTOR,NASDAQ,2026-03-16,2026-06-24,0
PTP,NYSE,2002-10-29,2015-03-02,1
PTRN,NASDAQ,2025-09-19,2026-06-24,0
PTRS,NASDAQ,2013-04-02,2023-11-30,1
PTRY,NASDAQ,1999-06-10,2015-03-16,1
PTSX,NASDAQ,2016-01-04,2017-10-12,1
PTVCA,NASDAQ,2001-01-02,2021-06-01,1
PTVCB,NASDAQ,2001-01-02,2021-06-01,1
PTVE,NASDAQ,2020-09-17,2025-04-01,1
PTWO,NASDAQ,2022-09-26,2024-09-17,1
PTXP,NASDAQ,2015-06-04,2017-07-03,1
PUBM,NASDAQ,2020-12-09,2026-06-24,0
PUK,NYSE,2000-06-29,2026-06-24,0
PULB,NASDAQ,2016-01-04,2016-05-09,1
PULM,NASDAQ,2014-03-21,2026-06-24,0
PULS,NYSE,1972-06-01,2019-07-02,1
PUMP,NYSE,2017-03-17,2026-06-24,0
PURR,NASDAQ,2025-12-03,2026-06-24,0
PUSA,NASDAQ,2025-02-12,2026-06-24,0
PVBC,NASDAQ,2015-07-16,2026-06-24,0
PVFC,NASDAQ,2006-12-28,2013-10-11,1
PVG,NYSE,2011-03-03,2026-06-24,0
PVH,NYSE,1987-07-10,2026-06-24,0
PVL,NYSE,2011-11-03,2026-06-24,0
PVLA,NASDAQ,2024-12-16,2026-06-24,0
PVT,NYSE,2019-03-25,2020-02-11,1
PVTB,NASDAQ,1999-06-30,2017-06-30,1
PVTBP,NASDAQ,2008-05-21,2017-08-28,1
PVTD,NYSE,2012-10-26,2017-09-28,1
PVTL,NYSE,2018-04-20,2020-01-03,1
PW,NYSE MKT,1980-03-17,2026-06-24,0
PWAVQ,NASDAQ,2016-01-04,2016-04-11,1
PWE,NYSE,2005-11-15,2017-06-28,1
PWM,NASDAQ,2023-07-06,2024-01-31,1
PWOD,NASDAQ,1996-05-30,2025-07-28,1
PWP,NASDAQ,2020-11-20,2026-06-24,0
PWR,NYSE,1998-02-12,2026-06-24,0
PWRD,NASDAQ,2007-07-26,2015-07-28,1
PWRL,NASDAQ,2026-05-27,2026-06-24,0
PWSC,NYSE,2021-07-28,2024-10-01,1
PWX,NASDAQ,1993-04-01,2016-11-02,1
PX,NYSE,1992-06-17,2018-10-30,1
PXD,NYSE,1997-08-08,2024-05-03,1
PXDT,NASDAQ,2023-08-01,2026-06-24,0
PXED,NYSE,2025-10-09,2026-06-24,0
PXLW,NASDAQ,2000-05-19,2026-06-24,0
PXP,NYSE,2006-12-28,2013-05-30,1
PXS,NASDAQ,2015-11-03,2026-06-24,0
PXSAP,NASDAQ,2020-10-08,2026-06-24,0
PYCR,NASDAQ,2021-07-21,2025-04-14,1
PYPD,NASDAQ,2020-06-26,2026-06-24,0
PYPL,NASDAQ,2015-07-20,2026-06-24,0
PYPLV,NASDAQ,2015-07-06,2015-07-17,1
PYR,NASDAQ,2021-03-11,2023-11-15,1
PYS,NYSE,2007-12-27,2022-11-14,1
PYT,NYSE,2004-07-27,2026-06-24,0
PYX,NYSE,1995-04-03,2020-06-16,1
PYXS,NASDAQ,2021-10-08,2026-06-24,0
PZE,NYSE,2000-01-26,2018-05-18,1
PZG,AMEX,2006-05-08,2026-06-24,0
PZRX,NASDAQ,2016-05-18,2018-02-02,1
PZZA,NASDAQ,1993-06-08,2026-06-24,0
Q,NYSE,2025-11-03,2026-06-24,0
QADA,NASDAQ,2010-12-16,2021-11-05,1
QADB,NASDAQ,1997-08-06,2021-11-05,1
QADR,NASDAQ,2026-05-20,2026-06-24,0
QBKF,BATS,2026-04-01,2026-06-24,0
QBKV,BATS,2026-04-01,2026-06-24,0
QBTS,NYSE,2022-08-08,2026-06-24,0
QCLS,NASDAQ,2014-01-23,2026-06-24,0
QCOM,NASDAQ,1991-12-16,2026-06-24,0
QCOR,NASDAQ,1993-03-04,2014-08-14,1
QCP,NYSE,2016-11-01,2018-07-27,1
QCRH,NASDAQ,1993-10-06,2026-06-24,0
QDEL,NASDAQ,1992-03-03,2026-06-24,0
QDRO,NASDAQ,2021-04-14,2024-06-05,1
QELL,NASDAQ,2020-11-23,2021-09-14,1
QEP,NYSE,2010-06-16,2021-03-18,1
QEPM,NYSE,2013-08-09,2015-07-22,1
QES,NYSE,2018-02-09,2020-07-27,1
QETA,NASDAQ,2023-11-30,2026-06-24,0
QFIN,NASDAQ,2018-12-14,2026-06-24,0
QGEN,NYSE,1996-06-28,2026-06-24,0
QH,NASDAQ,2026-05-29,2026-06-24,0
QHC,NYSE,2016-05-02,2020-04-07,1
QHUOY,NASDAQ,2020-07-10,2026-06-24,0
QIHU,NYSE,2011-03-29,2016-07-25,1
QIPT,NASDAQ,2021-05-27,2026-03-17,1
QIWI,NASDAQ,2013-05-03,2024-05-09,1
QJN,BATS,2026-06-02,2026-06-24,0
QLEP,NYSE,2026-06-23,2026-06-24,0
QLGC,NASDAQ,2016-01-04,2016-08-24,1
QLI,NASDAQ,2021-01-12,2024-08-09,1
QLIK,NASDAQ,2010-07-15,2016-08-23,1
QLTY,NASDAQ,2003-11-07,2023-12-08,1
QLYS,NASDAQ,2012-09-28,2026-06-24,0
QMCO,NASDAQ,1999-08-02,2026-06-24,0
QMMM,NASDAQ,2024-07-19,2026-06-24,0
QMY,BATS,2026-05-06,2026-06-24,0
QNC,AMEX,2026-02-24,2026-06-24,0
QNCX,NASDAQ,2019-05-09,2026-06-24,0
QNRX,NASDAQ,2016-07-29,2026-06-24,0
QNST,NASDAQ,2010-02-11,2026-06-24,0
QNT,NASDAQ,2026-06-04,2026-06-24,0
QNTM,NASDAQ,2018-06-08,2026-06-24,0
QOMO,NASDAQ,2022-11-25,2026-06-24,0
QPAC,NASDAQ,2013-10-18,2017-07-12,1
QQDN,NASDAQ,2025-06-12,2026-06-24,0
QQJN,BATS,2026-06-02,2026-06-24,0
QQMY,BATS,2026-05-01,2026-06-24,0
QQUP,NASDAQ,2025-06-12,2026-06-24,0
QQXL,NASDAQ,2025-08-15,2026-06-24,0
QRE,NYSE,2010-12-17,2014-11-19,1
QRED,NYSE,2026-05-07,2026-06-24,0
QRHC,NASDAQ,2010-01-05,2026-06-24,0
QRTAV,NASDAQ,2020-09-03,2020-09-14,1
QRTEA,NASDAQ,2026-02-06,2026-06-24,0
QRTEB,NASDAQ,2026-02-06,2026-06-24,0
QRTEP,NASDAQ,2026-05-28,2026-06-24,0
QRTEV,NASDAQ,2020-09-01,2020-09-14,1
QRVO,NASDAQ,2015-01-02,2026-06-24,0
QS,NASDAQ,2020-08-17,2026-06-24,0
QSEA,NASDAQ,2025-05-12,2026-06-24,0
QSI,NASDAQ,2020-11-13,2026-06-24,0
QSII,NASDAQ,1995-08-18,2018-09-07,1
QSOL,BATS,2025-12-15,2026-06-24,0
QSR,NYSE,2014-12-15,2026-06-24,0
QTEX,NASDAQ,2021-07-14,2026-06-24,0
QTI,NASDAQ,2026-01-28,2026-06-24,0
QTNA,NASDAQ,2016-10-28,2019-06-18,1
QTNT,NASDAQ,2014-04-25,2023-06-09,1
QTRX,NASDAQ,2017-12-07,2026-06-24,0
QTS,NYSE,2013-10-09,2021-08-31,1
QTTB,NASDAQ,2018-03-28,2026-06-24,0
QTTTP,NYSE,2018-06-21,2021-08-31,1
QTUP,BATS,2026-06-09,2026-06-09,1
QTWO,NYSE,2014-03-20,2026-06-24,0
QTWW,NASDAQ,2012-02-21,2016-04-08,1
QUAD,NYSE,1995-02-09,2026-06-24,0
QUBT,NASDAQ,2018-08-01,2026-06-24,0
QUCY,NASDAQ,2021-11-05,2026-06-24,0
QUIK,NASDAQ,1999-10-18,2026-06-24,0
QUIZ,NYSE,2025-08-19,2026-06-24,0
QULL,NYSE,2021-02-05,2026-06-24,0
QUMS,NASDAQ,2025-09-30,2026-06-24,0
QUMU,NASDAQ,1995-08-18,2023-02-08,1
QUNR,NASDAQ,2016-01-04,2017-03-01,1
QUOT,NYSE,2014-03-07,2023-09-01,1
QURE,NASDAQ,2014-02-05,2026-06-24,0
QUSA,NASDAQ,1992-06-12,2025-08-06,1
QVCA,NASDAQ,2006-05-10,2018-03-09,1
QVCB,NASDAQ,2006-05-10,2018-03-09,1
QVCC,NYSE,2019-11-29,2026-05-14,1
QXL,NASDAQ,2018-03-05,2026-06-24,0
QXO,NYSE,2012-03-15,2026-06-24,0
R,NYSE,1980-01-02,2026-06-24,0
RAAA,NYSE,2025-07-09,2026-06-24,0
RAAQ,NASDAQ,2025-06-02,2026-06-24,0
RAC,NYSE,2025-04-21,2026-06-24,0
RACB,NASDAQ,2021-03-18,2022-12-06,1
RACC,NASDAQ,2026-05-20,2026-06-24,0
RACE,NYSE,2015-10-21,2026-06-24,0
RACY,NASDAQ,2022-04-04,2024-05-08,1
RADA,NASDAQ,1993-04-01,2022-11-28,1
RADI,NASDAQ,2020-10-05,2023-09-21,1
RADX,NASDAQ,2024-12-05,2026-06-24,0
RAH,NYSE,2006-12-28,2013-01-29,1
RAI,NYSE,1999-06-01,2017-08-17,1
RAIL,NASDAQ,2005-04-06,2026-06-24,0
RAIN,NASDAQ,2021-04-23,2026-06-24,0
RAL,NYSE,2025-06-30,2026-06-24,0
RALY,NYSE,2013-04-12,2015-07-07,1
RAM,NASDAQ,2021-07-09,2026-06-24,0
RAMP,NYSE,2018-08-01,2026-06-24,0
RAND,NASDAQ,1995-08-18,2026-06-24,0
RANG,NASDAQ,2025-01-13,2026-06-24,0
RANI,NASDAQ,2021-07-30,2026-06-24,0
RAPP,NASDAQ,2024-06-07,2026-06-24,0
RAPT,NASDAQ,2019-10-31,2026-03-04,1
RARE,NASDAQ,2014-01-31,2026-06-24,0
RARX,NASDAQ,2016-10-26,2020-04-02,1
RAS,NYSE,1998-01-09,2018-05-11,1
RATE,NYSE,2011-06-17,2017-11-08,1
RAVE,NASDAQ,1993-09-01,2026-06-24,0
RAVN,NASDAQ,1980-03-17,2021-11-30,1
RAX,NYSE,2008-08-07,2016-11-11,1
RAY,NASDAQ,2024-05-15,2026-06-24,0
RAYA,NASDAQ,2022-12-14,2026-06-24,0
RBA,NYSE,1998-03-10,2026-06-24,0
RBAC,NYSE,2020-10-05,2022-09-07,1
RBB,NASDAQ,2017-07-26,2026-06-24,0
RBBN,NASDAQ,2017-11-29,2026-06-24,0
RBC,NYSE,2005-08-10,2026-06-24,0
RBCAA,NASDAQ,1998-07-22,2026-06-24,0
RBCP,NYSE,2022-09-26,2024-10-14,1
RBKB,NASDAQ,2019-01-17,2026-06-24,0
RBLX,NYSE,2021-03-10,2026-06-24,0
RBNC,NASDAQ,2018-01-02,2021-12-31,1
RBNE,NASDAQ,2025-04-15,2026-06-24,0
RBNEV,NASDAQ,2025-04-11,2025-04-14,1
RBOT,NASDAQ,2026-03-05,2026-05-28,1
RBPAA,NASDAQ,1992-03-03,2017-12-14,1
RBRK,NYSE,2024-04-25,2026-06-24,0
RBS,NYSE,2020-07-22,2020-07-22,1
RBY,NYSE MKT,2016-01-04,2021-05-20,1
RBZ,NASDAQ,2018-12-19,2020-04-29,1
RC,NYSE,2013-02-08,2026-06-24,0
RCA,NYSE,2018-10-01,2023-08-14,1
RCAC,NASDAQ,2022-02-09,2024-04-04,1
RCAP,NYSE,2013-06-05,2016-01-04,1
RCAT,NASDAQ,2017-09-22,2026-06-24,0
RCB,NYSE,2019-07-25,2026-05-01,1
RCD,NYSE,2024-12-19,2026-06-24,0
RCEL,NASDAQ,2019-10-01,2026-06-24,0
RCFA,NYSE,2021-12-31,2026-06-24,0
RCHG,NASDAQ,2020-11-27,2022-10-05,1
RCI,NYSE,1996-01-11,2026-06-24,0
RCKB,NASDAQ,2005-08-17,2014-04-30,1
RCKT,NASDAQ,2015-02-18,2026-06-24,0
RCKY,NASDAQ,1993-02-03,2026-06-24,0
RCL,NYSE,1993-04-28,2026-06-24,0
RCM,NASDAQ,2016-01-04,2026-06-24,0
RCMT,NASDAQ,1995-08-18,2026-06-24,0
RCON,NASDAQ,2009-07-30,2026-06-24,0
RCOR,NYSE MKT,2020-06-22,2022-12-05,1
RCP,NYSE,2018-10-01,2021-03-25,1
RCPT,NASDAQ,2013-05-09,2015-08-27,1
RCT,NASDAQ,2025-03-21,2026-06-24,0
RCUS,NYSE,2018-03-15,2026-06-24,0
RDA,NASDAQ,2010-11-10,2014-07-18,1
RDAC,NASDAQ,2024-12-02,2026-06-24,0
RDAG,NASDAQ,2025-06-23,2026-06-24,0
RDBX,NASDAQ,2020-12-10,2022-08-31,1
RDC,NYSE,1983-04-06,2019-04-11,1
RDCM,NASDAQ,1997-09-25,2026-06-24,0
RDDT,NYSE,2024-03-21,2026-06-24,0
RDEN,NASDAQ,1995-12-20,2016-09-08,1
RDFN,NASDAQ,2017-07-28,2025-07-02,1
RDGT,NASDAQ,2008-05-16,2026-06-24,0
RDHL,NASDAQ,2013-01-07,2026-06-24,0
RDI,NASDAQ,1992-03-17,2026-06-24,0
RDIB,NASDAQ,2000-01-05,2026-06-24,0
RDN,NYSE,1992-10-30,2026-06-24,0
RDNT,NASDAQ,1997-01-03,2026-06-24,0
RDNW,NASDAQ,2017-01-09,2026-06-24,0
RDUS,NASDAQ,2014-06-06,2026-06-24,0
RDVT,NASDAQ,2018-03-26,2026-06-24,0
RDVTV,NASDAQ,2018-03-26,2018-03-26,1
RDW,NYSE,2021-09-02,2026-06-24,0
RDWR,NASDAQ,1999-09-30,2026-06-24,0
RDWU,BATS,2026-01-30,2026-06-24,0
RDY,NYSE,2001-04-11,2026-06-24,0
RDZN,NASDAQ,2023-09-21,2026-06-24,0
REA,AMEX,2026-05-05,2026-06-24,0
REAL,NASDAQ,2019-06-28,2026-06-24,0
REAX,NASDAQ,2020-06-24,2026-06-24,0
REBN,NASDAQ,2022-08-12,2026-06-24,0
RECT,NASDAQ,2024-06-21,2026-06-24,0
REE,NASDAQ,2021-07-23,2026-06-24,0
REED,AMEX,2007-05-01,2026-06-24,0
REEDD,AMEX,2026-02-06,2026-06-24,0
REFI,NASDAQ,2021-12-08,2026-06-24,0
REFR,NASDAQ,1993-12-20,2026-06-24,0
REG,NASDAQ,1993-10-29,2026-06-24,0
REGCO,NASDAQ,2023-08-22,2026-06-24,0
REGCP,NASDAQ,2023-08-21,2026-06-24,0
REGI,NASDAQ,2012-01-19,2022-09-08,1
REGN,NASDAQ,1991-04-02,2026-06-24,0
REGS,NYSE,2026-03-16,2026-06-24,0
REI,AMEX,2007-04-10,2026-06-24,0
REIS,NASDAQ,1995-08-18,2018-10-15,1
REKR,NASDAQ,2017-08-29,2026-06-24,0
RELI,NASDAQ,2016-02-02,2026-01-23,1
RELL,NASDAQ,1990-03-26,2026-06-24,0
RELX,NYSE,1994-10-07,2026-06-24,0
RELY,NASDAQ,2021-09-23,2026-06-24,0
REMC,NYSE,2025-12-11,2026-06-24,0
REMY,NASDAQ,2010-03-26,2015-11-11,1
REN,NYSE,2007-10-08,2019-03-01,1
RENB,NASDAQ,2025-09-29,2025-09-30,1
RENE,NASDAQ,2022-07-08,2026-06-24,0
RENT,NASDAQ,2021-10-27,2026-06-24,0
RENX,NASDAQ,2023-09-19,2026-06-24,0
REPHV,NASDAQ,2019-11-14,2019-11-21,1
REPL,NASDAQ,2018-07-20,2026-06-24,0
REPX,AMEX,1998-12-28,2026-06-24,0
RERE,NYSE,2021-06-18,2026-06-24,0
RES,NYSE,1987-12-30,2026-06-24,0
RESI,NYSE,2012-12-24,2021-01-11,1
RESM,NYSE,2025-12-11,2026-06-24,0
RESN,NASDAQ,2014-05-29,2022-03-28,1
REST,NASDAQ,2006-05-17,2009-09-28,1
RETA,NASDAQ,2016-05-26,2023-09-26,1
RETO,NASDAQ,2024-08-12,2026-06-24,0
REUN,NASDAQ,2021-07-29,2023-08-01,1
REVB,NASDAQ,2020-11-17,2026-06-24,0
REVE,NASDAQ,2021-10-22,2023-04-10,1
REVG,NYSE,2017-01-27,2026-06-24,0
REVH,NASDAQ,2021-05-12,2022-12-06,1
REX,NYSE,1987-11-05,2026-06-24,0
REXI,NASDAQ,2016-01-04,2016-09-09,1
REXR,NYSE,2013-07-19,2026-06-24,0
REXX,NASDAQ,2007-07-25,2018-05-21,1
REYN,NASDAQ,2020-01-31,2026-06-24,0
REZI,NYSE,2018-10-15,2026-06-24,0
RF,NYSE,1990-03-26,2026-06-24,0
RFAC,NASDAQ,2022-04-20,2025-02-13,1
RFAI,NASDAQ,2024-07-05,2026-06-24,0
RFAM,NASDAQ,2026-02-26,2026-06-24,0
RFIL,NASDAQ,1997-05-28,2026-06-24,0
RFL,NYSE,2018-03-26,2026-06-24,0
RFM,NYSE,2020-03-27,2026-06-24,0
RFMD,NASDAQ,1997-06-03,2015-01-08,1
RFMZ,NYSE,2021-02-24,2026-06-24,0
RFP,NYSE,2010-12-10,2023-03-06,1
RFT,NYSE,2014-04-17,2018-08-09,1
RGA,NYSE,2008-09-12,2026-06-24,0
RGC,NASDAQ,2021-07-16,2026-06-24,0
RGCO,NASDAQ,1994-02-01,2026-06-24,0
RGDO,NASDAQ,2013-08-22,2015-05-04,1
RGDX,NASDAQ,2007-06-05,2015-07-02,1
RGEN,NASDAQ,1990-03-26,2026-06-24,0
RGF,NASDAQ,2021-11-05,2026-06-24,0
RGLD,NASDAQ,1990-03-26,2026-06-24,0
RGLS,NASDAQ,2012-10-09,2025-06-25,1
RGNT,AMEX,2025-12-04,2026-06-24,0
RGNX,NASDAQ,2015-09-17,2026-06-24,0
RGP,NASDAQ,2000-12-15,2026-06-24,0
RGR,NYSE,1990-03-26,2026-06-24,0
RGS,NASDAQ,1991-06-21,2026-06-24,0
RGTI,NASDAQ,2021-04-22,2026-06-24,0
RH,NYSE,2012-11-02,2026-06-24,0
RHAYY,NYSE,2007-09-28,2012-10-01,1
RHB,NYSE,2011-05-31,2011-11-30,1
RHI,NYSE,1992-03-10,2026-06-24,0
RHIEQ,NASDAQ,2010-06-01,2011-04-04,1
RHLD,NYSE,2025-02-28,2026-06-24,0
RHLDV,NASDAQ,2025-02-20,2026-06-24,0
RHP,NYSE,1991-10-24,2026-06-24,0
RHT,NYSE,1999-08-11,2019-07-08,1
RIBB,NASDAQ,2025-03-07,2026-06-24,0
RIC,NYSE,1997-03-07,2017-11-22,1
RICE,NYSE,2014-01-24,2017-11-14,1
RICK,NASDAQ,1995-10-13,2026-06-24,0
RICO,NASDAQ,2021-09-02,2022-06-28,1
RIG,NYSE,1993-05-28,2026-06-24,0
RIGL,NASDAQ,2000-11-29,2026-06-24,0
RIGP,NYSE,2016-01-04,2016-12-19,1
RILY,NASDAQ,2015-07-16,2026-06-24,0
RILYG,NASDAQ,2021-12-06,2026-06-24,0
RILYH,NASDAQ,2018-05-18,2021-09-07,1
RILYI,NASDAQ,2018-09-12,2021-10-21,1
RILYK,NASDAQ,2021-03-30,2026-06-24,0
RILYL,NASDAQ,2016-11-22,2026-06-24,0
RILYM,NASDAQ,2020-02-13,2026-06-24,0
RILYN,NASDAQ,2019-09-24,2026-06-24,0
RILYO,NASDAQ,2019-05-08,2024-05-30,1
RILYP,NASDAQ,2019-10-04,2026-06-24,0
RILYT,NASDAQ,2021-01-26,2026-06-24,0
RILYZ,NASDAQ,2021-08-09,2026-06-24,0
RIME,NASDAQ,2016-01-06,2026-06-24,0
RIO,NYSE,1990-06-28,2026-06-24,0
RIOT,NASDAQ,2003-01-24,2026-06-24,0
RISE,NYSE,2026-04-23,2026-06-24,0
RITM,NYSE,2013-05-02,2026-06-24,0
RITR,NASDAQ,2024-08-23,2026-06-24,0
RIVE,NASDAQ,2009-09-04,2021-11-30,1
RIVN,NASDAQ,2021-11-10,2026-06-24,0
RIVR,NASDAQ,2016-01-04,2016-03-08,1
RJAC,NYSE,2022-01-31,2023-06-12,1
RJD,NYSE,2016-01-04,2017-02-14,1
RJET,NASDAQ,2018-08-10,2026-06-24,0
RJF,NYSE,1987-12-30,2026-06-24,0
RKDA,NASDAQ,2015-05-15,2026-06-24,0
RKLB,NASDAQ,2021-08-24,2026-06-24,0
RKLY,NYSE,2021-08-12,2023-03-15,1
RKT,NYSE,2020-08-06,2026-06-24,0
RKTA,NYSE,2021-05-13,2023-03-24,1
RKTO,NASDAQ,2019-02-15,2026-06-24,0
RKUS,NYSE,2012-11-15,2016-06-06,1
RL,NYSE,1997-06-12,2026-06-24,0
RLAY,NASDAQ,2020-07-16,2026-06-24,0
RLD,NYSE,2010-07-15,2016-03-31,1
RLGT,AMEX,2006-11-01,2026-06-24,0
RLH,NYSE,1998-04-03,2021-03-17,1
RLI,NYSE,1987-12-30,2026-06-24,0
RLJ,NYSE,2011-05-11,2026-06-24,0
RLJE,NASDAQ,2011-04-08,2018-10-31,1
RLM,NASDAQ,2018-09-05,2019-07-31,1
RLMD,NASDAQ,2014-10-09,2026-06-24,0
RLOC,NASDAQ,2010-05-19,2016-08-10,1
RLOG,NASDAQ,2005-02-17,2018-01-30,1
RLOGQ,NASDAQ,2004-11-17,2018-03-02,1
RLTY,NYSE,2022-02-24,2026-06-24,0
RLX,NYSE,2021-01-22,2026-06-24,0
RLYB,NASDAQ,2021-07-29,2026-06-24,0
RLYP,NASDAQ,2016-01-04,2016-09-02,1
RM,NYSE,2012-03-28,2026-06-24,0
RMAX,NYSE,2013-10-02,2026-06-24,0
RMBC,BATS,2026-06-24,2026-06-24,0
RMBI,NASDAQ,2019-07-02,2026-06-24,0
RMBS,NASDAQ,1997-05-14,2026-06-24,0
RMCF,NASDAQ,1993-11-09,2026-06-24,0
RMCO,NASDAQ,2023-11-06,2026-06-24,0
RMD,NYSE,1995-06-02,2026-06-24,0
RMGN,NASDAQ,2011-06-17,2018-09-28,1
RMI,NYSE,2018-10-26,2026-06-24,0
RMIX,NASDAQ,2026-01-02,2026-06-24,0
RMM,NYSE,2019-07-26,2026-06-24,0
RMMZ,NYSE,2022-02-11,2026-06-24,0
RMNI,NASDAQ,2015-08-28,2026-06-24,0
RMO,NYSE,2019-04-01,2022-10-14,1
RMP,NYSE,2014-12-17,2018-07-24,1
RMR,NASDAQ,2015-12-15,2026-06-24,0
RMSG,NASDAQ,2024-11-20,2026-06-24,0
RMTI,NASDAQ,1998-01-27,2026-06-24,0
RMTR,NASDAQ,2006-12-28,2012-11-20,1
RNA,NASDAQ,2026-02-27,2026-06-24,0
RNAC,NASDAQ,2016-06-22,2026-06-24,0
RNAM,NASDAQ,2013-06-28,2026-03-03,1
RNAZ,NASDAQ,2021-07-08,2026-06-24,0
RNDB,NASDAQ,2016-07-01,2022-10-07,1
RNDY,NYSE,2012-02-08,2015-12-18,1
RNER,NASDAQ,2022-01-03,2023-02-28,1
RNET,NASDAQ,2010-12-15,2021-05-07,1
RNF,NYSE,2011-11-03,2016-04-11,1
RNG,NYSE,2013-09-27,2026-06-24,0
RNGR,NYSE,2017-08-11,2026-06-24,0
RNGT,NASDAQ,2025-11-24,2026-06-24,0
RNR,NYSE,1995-07-27,2026-06-24,0
RNST,NYSE,1992-04-24,2026-06-24,0
RNTX,NASDAQ,1986-03-12,2026-06-24,0
RNVAZ,NASDAQ,2016-07-14,2017-10-24,1
RNW,NASDAQ,2021-02-01,2026-06-24,0
RNWK,NASDAQ,1997-11-21,2022-12-22,1
RNXT,NASDAQ,2021-08-26,2026-06-24,0
ROAD,NASDAQ,2018-05-04,2026-06-24,0
ROAN,NYSE,2017-03-13,2019-12-06,1
ROC,NASDAQ,2026-02-20,2026-06-24,0
ROCC,NASDAQ,2016-11-15,2023-06-20,1
ROCK,NASDAQ,1993-11-05,2026-06-24,0
ROCL,NASDAQ,2022-01-06,2024-12-06,1
ROCR,NASDAQ,2021-03-31,2022-02-14,1
ROG,NYSE,1980-03-17,2026-06-24,0
ROH,NYSE,2006-12-28,2009-04-01,1
ROI,NASDAQ,2023-11-01,2024-02-27,1
ROIA,NASDAQ,2017-01-03,2017-03-30,1
ROIC,NASDAQ,2009-11-03,2025-02-12,1
ROIQ,NASDAQ,2014-02-04,2016-02-29,1
ROIV,NASDAQ,2021-10-01,2026-06-24,0
ROK,NYSE,1981-12-31,2026-06-24,0
ROKA,NASDAQ,2014-07-17,2017-12-28,1
ROKU,NASDAQ,2017-09-28,2026-06-24,0
ROL,NYSE,1987-12-30,2026-06-24,0
ROLR,AMEX,2024-10-23,2026-06-24,0
ROMA,NASDAQ,2024-01-09,2026-06-24,0
RONB,NYSE,2025-12-15,2026-06-24,0
ROOT,NASDAQ,2020-10-28,2026-06-24,0
ROP,NASDAQ,1992-02-13,2026-06-24,0
ROSE,NASDAQ,2021-12-06,2023-11-28,1
ROSG,NASDAQ,2007-02-27,2018-05-21,1
ROSS,NYSE,2021-05-03,2026-06-24,0
ROST,NASDAQ,1986-07-09,2026-06-24,0
ROT,NYSE,2021-03-08,2021-09-24,1
ROVR,NASDAQ,2021-02-01,2024-02-27,1
ROX,NYSE,2006-04-07,2019-10-09,1
RP,NASDAQ,2010-08-12,2021-04-22,1
RPAI,NYSE,2012-04-09,2021-10-22,1
RPAY,NASDAQ,2018-07-17,2026-06-24,0
RPC,NYSE,2021-10-21,2026-06-24,0
RPD,NASDAQ,2015-07-17,2026-06-24,0
RPGL,NASDAQ,2025-10-14,2026-06-24,0
RPHM,NASDAQ,2021-04-08,2024-10-04,1
RPID,NASDAQ,2021-07-15,2026-06-24,0
RPM,NYSE,1990-03-26,2026-06-24,0
RPRS,NASDAQ,2001-01-02,2009-09-08,1
RPRX,NASDAQ,2020-06-16,2026-06-24,0
RPRXZ,NASDAQ,2016-01-04,2016-02-04,1
RPT,NYSE,2015-02-13,2026-06-24,0
RPTP,NASDAQ,2006-10-03,2016-10-26,1
RPTX,NASDAQ,2020-06-19,2026-01-28,1
RPXC,NASDAQ,2011-05-04,2018-06-20,1
RR,NASDAQ,2023-11-17,2026-06-24,0
RRBI,NASDAQ,2019-05-03,2026-06-24,0
RRC,NYSE,1992-12-28,2026-06-24,0
RRD,NASDAQ,1985-07-01,2022-02-25,1
RREV,NASDAQ,2026-05-20,2026-06-24,0
RRGB,NASDAQ,2002-07-19,2026-06-24,0
RRM,NASDAQ,2016-01-04,2016-07-07,1
RRMS,NYSE,2011-12-08,2016-10-10,1
RRR,NASDAQ,2016-04-27,2026-06-24,0
RRX,NYSE,1983-12-01,2026-06-24,0
RS,NYSE,1994-09-16,2026-06-24,0
RSE,NYSE,2011-12-27,2016-07-14,1
RSG,NYSE,1998-07-01,2026-06-24,0
RSH,NYSE,1982-01-04,2015-02-02,1
RSI,NYSE,2020-04-23,2026-06-24,0
RSIT,BATS,2026-05-06,2026-06-24,0
RSKD,NYSE,2021-07-29,2026-06-24,0
RSO,NYSE,2006-02-07,2018-05-25,1
RSPP,NYSE,2014-01-17,2018-07-19,1
RSSS,NASDAQ,2013-09-18,2026-06-24,0
RST,NYSE,2009-04-16,2020-10-26,1
RSTI,NASDAQ,1996-09-26,2016-11-08,1
RSTN,NASDAQ,2024-08-08,2024-09-03,1
RSVR,NASDAQ,2021-01-05,2026-06-24,0
RSYS,NASDAQ,1995-10-20,2018-12-11,1
RT,NYSE,1990-03-26,2017-12-22,1
RTAC,NASDAQ,2025-06-09,2026-06-24,0
RTB,NASDAQ,2010-01-20,2026-06-24,0
RTCJF,NASDAQ,2022-12-30,2025-08-15,1
RTEC,NYSE,1999-11-12,2019-10-25,1
RTI,NYSE,1990-04-12,2015-07-22,1
RTIX,NASDAQ,2000-08-10,2020-07-22,1
RTK,NASDAQ,1999-04-05,2017-10-13,1
RTKHQ,NASDAQ,1993-07-20,2018-04-17,1
RTL,NASDAQ,2018-07-19,2023-09-12,1
RTLPO,NASDAQ,2020-12-15,2023-09-12,1
RTLPP,NASDAQ,2019-03-22,2023-09-12,1
RTLR,NASDAQ,2019-05-23,2022-09-08,1
RTLX,NASDAQ,2006-12-28,2013-02-12,1
RTN,NYSE,1981-12-31,2020-04-03,1
RTO,NYSE,2007-07-13,2026-06-24,0
RTPZ,NYSE,2021-01-11,2021-08-02,1
RTW,NYSE,2004-10-07,2020-07-06,1
RTX,NYSE,1970-01-02,2026-06-24,0
RUBI,NASDAQ,2025-08-04,2026-06-24,0
RUE,NASDAQ,2009-11-13,2013-10-18,1
RUHN,NASDAQ,2019-04-03,2021-04-20,1
RUK,NYSE,1994-10-07,2015-07-01,1
RUM,NASDAQ,2021-04-14,2026-06-24,0
RUN,NASDAQ,2015-08-05,2026-06-24,0
RUSHA,NASDAQ,2002-07-10,2026-06-24,0
RUSHB,NASDAQ,1996-06-10,2026-06-24,0
RUTH,NASDAQ,2005-08-09,2023-06-14,1
RVAC,NASDAQ,2021-10-19,2022-08-26,1
RVBD,NASDAQ,2006-09-21,2015-04-24,1
RVEN,NASDAQ,2014-11-10,2019-11-04,1
RVI,NYSE,2026-03-06,2026-06-24,0
RVLV,NYSE,2019-06-07,2026-06-24,0
RVM,NYSE,2006-11-24,2015-06-23,1
RVMD,NASDAQ,2020-02-13,2026-06-24,0
RVNC,NASDAQ,2014-02-06,2026-06-24,0
RVP,AMEX,2001-05-04,2026-06-24,0
RVR,NYSE,2007-01-19,2013-02-14,1
RVSB,NASDAQ,1993-10-25,2026-06-24,0
RVSN,NASDAQ,2022-03-31,2026-06-24,0
RVTY,NYSE,1983-04-06,2026-06-24,0
RVYL,NASDAQ,2022-10-24,2026-05-12,1
RWAY,NASDAQ,2021-10-21,2026-06-24,0
RWAYI,NASDAQ,2026-02-04,2026-06-24,0
RWAYL,NASDAQ,2022-08-01,2026-06-24,0
RWAYZ,NASDAQ,2022-12-08,2026-06-24,0
RWC,NYSE,1984-09-07,2018-06-04,1
RWGE,NYSE,2018-01-22,2019-12-13,1
RWT,NYSE,1995-08-04,2026-06-24,0
RWTN,NYSE,2024-02-02,2026-06-24,0
RWTO,NYSE,2024-06-25,2026-06-24,0
RWTP,NYSE,2025-01-30,2026-06-24,0
RWTQ,NYSE,2025-11-25,2026-06-24,0
RWTS,NYSE,2026-05-29,2026-06-24,0
RXDX,NASDAQ,2021-03-12,2023-06-16,1
RXO,NYSE,2022-10-27,2026-06-24,0
RXRA,NASDAQ,2021-04-29,2022-12-20,1
RXRX,NASDAQ,2021-04-16,2026-06-24,0
RXST,NASDAQ,2021-07-30,2026-06-24,0
RXT,NASDAQ,2020-08-05,2026-06-24,0
RY,NYSE,1995-10-16,2026-06-24,0
RYAAY,NASDAQ,1997-06-02,2026-06-24,0
RYAM,NYSE,2014-06-16,2026-06-24,0
RYAN,NYSE,2021-07-22,2026-06-24,0
RYCE,NYSE,2012-10-10,2020-08-18,1
RYDE,AMEX,2024-03-06,2026-06-24,0
RYET,NASDAQ,2025-04-08,2026-06-24,0
RYI,NYSE,2014-08-08,2026-02-23,1
RYL,NYSE,1987-12-30,2015-09-30,1
RYM,NASDAQ,2021-01-28,2026-06-24,0
RYN,NYSE,1994-02-17,2026-06-24,0
RYOJ,NASDAQ,2025-08-14,2026-06-24,0
RYTM,NASDAQ,2017-10-05,2026-06-24,0
RYZ,NYSE,2026-02-24,2026-06-24,0
RYZB,NASDAQ,2023-09-14,2026-06-24,0
RZA,NYSE,2012-08-24,2023-01-09,1
RZB,NYSE,2016-06-13,2026-06-24,0
RZC,NYSE,2022-10-07,2026-06-24,0
RZLT,NASDAQ,2014-05-01,2026-06-24,0
RZLV,NASDAQ,2024-08-16,2026-06-24,0
S,NYSE,2021-06-30,2026-06-24,0
SA,NYSE,2004-04-20,2026-06-24,0
SAAQ,NASDAQ,2026-03-23,2026-06-24,0
SAAS,NASDAQ,2004-07-14,2016-11-15,1
SAB,NYSE,2016-12-27,2020-02-10,1
SABA,NASDAQ,2013-04-09,2015-02-18,1
SABR,NASDAQ,2014-04-17,2026-06-24,0
SABRP,NASDAQ,2020-08-20,2023-08-31,1
SABS,NASDAQ,2021-02-09,2026-06-24,0
SAC,NYSE,2026-01-26,2026-06-24,0
SACC,AMEX,2019-11-12,2026-06-24,0
SACH,AMEX,2017-02-10,2026-06-24,0
SAF,NYSE,2018-08-29,2021-08-30,1
SAFE,NYSE,2017-06-22,2026-06-24,0
SAFM,NASDAQ,1989-12-20,2022-09-08,1
SAFT,NASDAQ,2002-11-22,2026-06-24,0
SAFX,NASDAQ,2025-01-02,2026-06-24,0
SAGA,NASDAQ,2022-02-10,2024-03-14,1
SAGE,NASDAQ,2014-07-18,2025-07-31,1
SAGT,NASDAQ,2025-03-07,2026-06-24,0
SAGU,NYSE,2026-05-22,2026-06-24,0
SAH,NYSE,1997-11-12,2026-06-24,0
SAIA,NASDAQ,2002-09-12,2026-06-24,0
SAIC,NASDAQ,2013-09-16,2026-06-24,0
SAIH,NASDAQ,2021-06-28,2026-06-24,0
SAII,NASDAQ,2020-10-06,2021-08-18,1
SAIL,NASDAQ,2025-02-13,2026-06-24,0
SAJ,NYSE,2022-11-03,2026-06-24,0
SAJA,NASDAQ,2005-10-27,2017-07-27,1
SAK,NYSE,2020-06-30,2022-07-13,1
SAL,NASDAQ,1998-08-25,2023-08-24,1
SALE,NASDAQ,2013-07-19,2017-05-24,1
SAM,NYSE,1995-11-21,2026-06-24,0
SAMA,NASDAQ,2021-11-29,2023-10-11,1
SAMG,NASDAQ,2013-06-27,2026-06-24,0
SAN,NYSE,1988-01-05,2026-06-24,0
SANA,NASDAQ,2021-02-04,2026-06-24,0
SANB,NASDAQ,2021-11-09,2022-10-20,1
SAND,NYSE,2009-05-29,2025-10-17,1
SANG,NASDAQ,2021-11-08,2026-06-24,0
SANM,NASDAQ,1993-06-22,2026-06-24,0
SAP,NYSE,1995-09-18,2026-06-24,0
SAPE,NASDAQ,1996-04-04,2015-02-05,1
SAQ,NYSE,2016-01-04,2016-12-29,1
SAR,NYSE,2007-03-27,2026-06-24,0
SARO,NYSE,2024-10-02,2026-06-24,0
SASI,NASDAQ,2010-09-20,2024-03-12,1
SASR,NASDAQ,1996-04-17,2026-06-24,0
SAT,NYSE,2022-05-03,2026-06-24,0
SATA,NASDAQ,2025-11-10,2026-06-24,0
SATCQ,NASDAQ,2016-01-04,2016-08-01,1
SATL,NASDAQ,2021-03-26,2026-06-24,0
SATS,NASDAQ,2008-01-02,2026-06-23,0
SATX,NYSE MKT,2022-10-28,2025-07-15,1
SAUC,NASDAQ,2015-11-09,2020-02-25,1
SAV,NYSE,2026-02-11,2026-06-24,0
SAVA,NASDAQ,2026-05-28,2026-06-24,0
SAY,NYSE,2022-12-16,2026-06-24,0
SAZ,NYSE,2023-04-24,2026-06-24,0
SB,NYSE,2008-05-30,2026-06-24,0
SBAC,NASDAQ,1999-06-16,2026-06-24,0
SBAR,NYSE,2025-04-15,2026-06-24,0
SBBC,NYSE,2017-04-11,2019-03-19,1
SBBP,NASDAQ,2015-10-16,2021-10-05,1
SBBX,NASDAQ,1998-02-20,2020-07-31,1
SBC,NASDAQ,2024-09-18,2026-06-24,0
SBCF,NASDAQ,1990-03-26,2026-06-24,0
SBCP,NASDAQ,2014-07-15,2018-01-02,1
SBET,NASDAQ,2024-02-13,2026-06-24,0
SBEV,AMEX,2019-02-05,2026-06-24,0
SBFG,NASDAQ,1999-01-04,2026-06-24,0
SBFGP,NASDAQ,2015-02-02,2019-12-26,1
SBFM,NASDAQ,2009-10-30,2026-06-24,0
SBGI,NASDAQ,1995-06-07,2026-06-24,0
SBH,NYSE,2006-11-17,2026-06-24,0
SBII,NYSE,2021-04-30,2022-11-29,1
SBKC,NASDAQ,2006-12-28,2009-07-24,1
SBLK,NASDAQ,2006-02-27,2026-06-24,0
SBLKL,NASDAQ,2014-11-07,2018-01-25,1
SBLKZ,NASDAQ,2017-11-13,2021-07-27,1
SBMT,AMEX,2026-04-30,2026-06-24,0
SBNA,NYSE,2014-05-20,2020-05-14,1
SBNB,NYSE,2014-11-06,2017-10-16,1
SBOW,NYSE,2016-05-03,2024-07-30,1
SBR,NYSE,1987-12-30,2026-06-24,0
SBRA,NASDAQ,2002-04-02,2026-06-24,0
SBRAP,NASDAQ,2013-03-21,2018-05-31,1
SBS,NYSE,2002-05-10,2026-06-24,0
SBSI,NYSE,1998-05-13,2026-06-24,0
SBSW,NYSE,2013-02-11,2026-06-24,0
SBT,NASDAQ,2017-11-16,2026-06-24,0
SBUFQ,NASDAQ,2001-01-02,2011-07-05,1
SBUX,NASDAQ,1992-06-26,2026-06-24,0
SBX,NASDAQ,2008-11-06,2013-02-07,1
SBXC,NYSE,2023-05-01,2024-11-04,1
SBXD,NYSE,2024-10-07,2026-06-24,0
SBXE,NYSE,2026-01-23,2026-06-24,0
SBY,NYSE,2012-12-17,2017-08-17,1
SC,NYSE,2014-01-23,2022-01-28,1
SCA,NASDAQ,2017-08-25,2026-06-24,0
SCAC,NASDAQ,2016-11-15,2019-03-29,1
SCAG,NASDAQ,2025-06-27,2026-06-24,0
SCAI,NASDAQ,2016-01-04,2017-04-03,1
SCAQ,NASDAQ,2021-05-03,2023-07-13,1
SCBT,NASDAQ,1997-01-28,2014-06-27,1
SCCB,NYSE MKT,2019-06-28,2024-06-28,1
SCCC,NYSE,2020-09-10,2026-06-24,0
SCCD,AMEX,2021-12-22,2026-06-24,0
SCCE,AMEX,2022-03-10,2026-06-24,0
SCCF,AMEX,2022-05-12,2026-06-24,0
SCCG,NYSE MKT,2022-08-25,2026-06-24,0
SCCO,NYSE,1996-01-05,2026-06-24,0
SCDL,NYSE,2021-02-05,2026-06-24,0
SCEP,BATS,2025-12-11,2026-06-24,0
SCG,NYSE,1987-12-30,2018-12-31,1
SCHL,NASDAQ,1992-02-25,2026-06-24,0
SCHW,NYSE,1989-06-30,2026-06-24,0
SCI,NYSE,1987-07-23,2026-06-24,0
SCII,NASDAQ,2026-01-20,2026-06-24,0
SCJN,BATS,2026-06-02,2026-06-24,0
SCKT,NASDAQ,1995-06-07,2026-06-24,0
SCL,NYSE,1992-03-17,2026-06-24,0
SCLE,NASDAQ,2021-04-06,2022-12-09,1
SCLN,NASDAQ,1992-03-17,2017-10-20,1
SCLX,NASDAQ,2021-03-05,2026-06-24,0
SCM,NYSE,2012-11-08,2026-06-24,0
SCMA,NASDAQ,2021-12-27,2023-02-02,1
SCMC,BATS,2025-12-11,2026-06-24,0
SCMP,NASDAQ,2007-08-02,2018-02-13,1
SCMR,NASDAQ,2016-01-04,2016-11-30,1
SCMY,BATS,2026-05-06,2026-06-24,0
SCNB,NASDAQ,2016-01-04,2017-04-10,1
SCNI,NASDAQ,2015-05-12,2026-06-24,0
SCNM,BATS,2025-12-11,2026-06-24,0
SCNX,NASDAQ,2010-04-27,2026-06-24,0
SCOA,NASDAQ,2021-02-08,2022-12-21,1
SCOB,NASDAQ,2021-04-06,2023-02-10,1
SCOP,NYSE,2026-05-04,2026-06-24,0
SCOR,NASDAQ,2007-06-27,2026-06-24,0
SCPE,NYSE,2019-09-05,2021-08-11,1
SCPH,NASDAQ,2017-11-17,2025-10-07,1
SCPL,NASDAQ,2019-05-03,2023-10-23,1
SCPQ,NASDAQ,2026-02-12,2026-06-24,0
SCQ,NYSE,2014-05-16,2017-09-19,1
SCR,NASDAQ,2021-11-18,2021-11-22,1
SCRM,NASDAQ,2022-03-01,2024-05-13,1
SCS,NYSE,1998-02-18,2025-12-09,1
SCSC,NASDAQ,1994-03-18,2026-06-24,0
SCTL,NASDAQ,2014-03-07,2024-04-08,1
SCU,NYSE,2007-11-14,2023-11-17,1
SCUA,NYSE,2022-01-31,2023-06-08,1
SCWO,NASDAQ,2006-06-30,2026-06-24,0
SCWX,NASDAQ,2016-04-22,2025-02-03,1
SCX,NYSE,1987-12-30,2024-05-28,1
SCY,NYSE,2024-12-03,2025-05-23,1
SCYX,NASDAQ,2014-05-02,2026-06-24,0
SCZM,NASDAQ,2026-01-21,2026-06-24,0
SD,NYSE,2016-10-04,2026-06-24,0
SDA,NASDAQ,2023-05-17,2026-06-24,0
SDAC,NASDAQ,2021-03-30,2023-07-21,1
SDBT,NASDAQ,2007-11-01,2013-07-03,1
SDEV,AMEX,2007-10-26,2026-06-24,0
SDGR,NASDAQ,2020-02-06,2026-06-24,0
SDHC,NYSE,2024-01-11,2026-06-24,0
SDHI,NASDAQ,2025-06-04,2026-06-24,0
SDHY,NYSE,2020-11-25,2026-06-24,0
SDI,NYSE,2001-01-02,2020-07-16,1
SDIG,NASDAQ,2021-10-20,2026-06-24,0
SDLP,NYSE,2012-10-19,2019-09-05,1
SDM,NASDAQ,2025-05-02,2026-06-24,0
SDOCQ,NYSE,2007-11-06,2016-10-12,1
SDOT,NASDAQ,2020-02-13,2026-06-24,0
SDPI,NYSE MKT,2014-05-23,2024-08-15,1
SDRL,NYSE,2022-10-14,2026-06-24,0
SDST,NASDAQ,2024-07-08,2026-06-24,0
SDTHQ,NASDAQ,2011-06-10,2012-10-17,1
SE,NYSE,2017-10-20,2026-06-24,0
SEAH,NYSE,2020-11-23,2022-01-27,1
SEAT,NASDAQ,2020-10-12,2026-06-24,0
SEB,AMEX,1980-03-17,2026-06-24,0
SEDA,NYSE,2021-12-28,2026-06-24,0
SEDG,NASDAQ,2015-03-26,2026-06-24,0
SEE,NYSE,1987-12-30,2026-04-09,1
SEED,NASDAQ,2004-05-05,2026-06-24,0
SEER,NASDAQ,2020-12-04,2026-06-24,0
SEG,NYSE,2024-07-30,2026-06-24,0
SEGG,NASDAQ,2025-07-07,2026-06-24,0
SEH,NYSE,2006-12-28,2013-10-17,1
SEHI,NASDAQ,2017-09-29,2019-09-24,1
SEI,NYSE,2017-05-12,2026-06-24,0
SEIC,NASDAQ,1990-03-26,2026-06-24,0
SELF,NASDAQ,2008-06-24,2026-06-24,0
SELX,NASDAQ,2024-02-16,2026-06-24,0
SEM,NYSE,2009-09-25,2026-06-24,0
SEMR,NYSE,2021-03-24,2026-04-28,1
SEND,NYSE,2017-11-15,2019-02-26,1
SENEA,NASDAQ,1998-06-03,2026-06-24,0
SENEB,NASDAQ,1990-03-26,2026-06-24,0
SENS,NASDAQ,2016-03-17,2026-06-24,0
SEP,NYSE,2007-07-26,2018-12-14,1
SEPA,NASDAQ,2021-09-17,2026-06-24,0
SEPN,NASDAQ,2024-10-25,2026-06-24,0
SER,AMEX,2018-11-29,2026-06-24,0
SERA,NASDAQ,2021-07-15,2026-06-24,0
SERV,NASDAQ,2024-03-07,2026-06-24,0
SES,NYSE,2021-03-01,2026-06-24,0
SEV,NASDAQ,2025-10-16,2026-06-24,0
SEVCF,NASDAQ,2021-11-17,2026-06-24,0
SEVN,NASDAQ,2020-07-30,2026-06-24,0
SEZL,NASDAQ,2023-08-17,2026-06-24,0
SF,NYSE,1983-07-19,2026-06-24,0
SFB,NYSE,2017-10-17,2026-06-24,0
SFBC,NASDAQ,2008-01-09,2026-06-24,0
SFBS,NYSE,2014-05-14,2026-06-24,0
SFD,NASDAQ,2025-01-28,2026-06-24,0
SFG,NYSE,1999-04-16,2016-03-15,1
SFHG,NASDAQ,2024-10-15,2026-06-24,0
SFIX,NASDAQ,2017-11-17,2026-06-24,0
SFL,NYSE,2004-06-17,2026-06-24,0
SFLY,NASDAQ,2006-09-29,2019-09-25,1
SFM,NASDAQ,2013-08-01,2026-06-24,0
SFN,NYSE,2016-01-04,2016-08-03,1
SFNC,NASDAQ,1992-11-02,2026-06-24,0
SFR,NYSE,2016-01-04,2017-11-17,1
SFS,NYSE,2014-09-24,2019-06-28,1
SFST,NASDAQ,1999-10-28,2026-06-24,0
SFWL,NASDAQ,2023-03-31,2026-06-24,0
SG,NYSE,2021-11-18,2026-06-24,0
SGA,NASDAQ,1993-10-12,2026-06-24,0
SGAM,NASDAQ,2021-11-22,2021-11-22,1
SGB,NYSE,1996-08-30,2020-04-02,1
SGBK,NASDAQ,2007-05-01,2017-09-26,1
SGBXV,NASDAQ,2023-09-19,2023-09-27,1
SGC,NASDAQ,1992-03-17,2026-06-24,0
SGDVV,NASDAQ,2023-09-19,2023-09-27,1
SGE,NYSE MKT,2023-05-16,2024-09-30,1
SGEN,NASDAQ,2001-03-09,2026-06-24,0
SGFY,NYSE,2021-02-11,2023-04-03,1
SGHC,NYSE,2022-01-28,2026-06-24,0
SGHL,NASDAQ,2022-03-28,2023-05-26,1
SGHT,NASDAQ,2021-07-15,2026-06-24,0
SGI,NYSE,2003-12-18,2026-06-24,0
SGII,NASDAQ,2021-12-02,2023-12-01,1
SGK,NYSE,1987-11-05,2014-07-30,1
SGLY,NASDAQ,2008-05-21,2026-06-24,0
SGM,NYSE,2013-10-10,2017-06-01,1
SGMA,NASDAQ,1994-02-09,2025-07-28,1
SGML,NASDAQ,2018-11-05,2026-06-24,0
SGMT,NASDAQ,2023-07-14,2026-06-24,0
SGN,NYSE MKT,2023-11-14,2026-03-16,1
SGNT,NASDAQ,2011-04-19,2016-08-30,1
SGP,NASDAQ,2026-02-06,2026-06-24,0
SGRP,NASDAQ,1996-03-04,2026-06-24,0
SGRY,NASDAQ,2015-10-01,2026-06-24,0
SGTX,NASDAQ,2020-12-04,2023-08-11,1
SGU,NYSE,1995-12-15,2026-06-24,0
SGY,NYSE,1993-07-09,2018-05-10,1
SGZA,NYSE,2013-02-22,2019-03-25,1
SHAC,NASDAQ,2021-03-15,2022-12-09,1
SHAK,NYSE,2015-01-30,2026-06-24,0
SHAW,NYSE,2006-12-28,2013-02-12,1
SHAZ,NASDAQ,2021-12-27,2026-06-24,0
SHBI,NASDAQ,2001-03-22,2026-06-24,0
SHC,NASDAQ,2020-11-20,2026-06-24,0
SHCA,NASDAQ,2021-12-29,2022-12-28,1
SHCO,NYSE,2021-07-15,2026-01-28,1
SHCR,NASDAQ,2020-11-23,2024-10-22,1
SHEL,NYSE,1987-12-30,2026-06-24,0
SHEN,NASDAQ,1999-04-26,2026-06-24,0
SHF,NASDAQ,2006-12-28,2012-12-14,1
SHFS,NASDAQ,2021-08-20,2026-06-24,0
SHG,NYSE,2003-09-16,2026-06-24,0
SHI,NYSE,1993-07-26,2022-09-07,1
SHIM,NASDAQ,2023-11-14,2026-06-24,0
SHIP,NASDAQ,2007-10-26,2026-06-24,0
SHIPZ,NASDAQ,2019-05-10,2022-05-11,1
SHLM,NASDAQ,1986-07-09,2018-08-22,1
SHLO,NASDAQ,1993-06-29,2020-10-01,1
SHLS,NASDAQ,2021-01-27,2026-06-24,0
SHLT,NASDAQ,2023-04-03,2026-06-24,0
SHLX,NYSE,2014-10-29,2022-10-28,1
SHMD,NASDAQ,2024-05-01,2026-06-24,0
SHO,NYSE,2004-10-21,2026-06-24,0
SHOE,NASDAQ,1993-03-16,2026-06-24,0
SHOO,NASDAQ,1993-12-13,2026-06-24,0
SHOP,NASDAQ,2015-05-21,2026-06-24,0
SHOR,NASDAQ,2007-07-03,2017-09-25,1
SHOS,NASDAQ,2012-10-12,2019-10-23,1
SHOT,NASDAQ,2023-09-15,2025-10-09,1
SHP,NYSE,2010-10-19,2013-03-27,1
SHPG,NASDAQ,1998-03-25,2019-01-08,1
SHPH,NASDAQ,2022-08-31,2026-06-24,0
SHQA,NASDAQ,2021-08-25,2022-12-21,1
SHS,NYSE,2006-12-28,2013-04-12,1
SHSP,NASDAQ,2015-12-02,2021-09-01,1
SHUA,NASDAQ,2022-04-26,2023-11-16,1
SHW,NYSE,1985-07-01,2026-06-24,0
SHYF,NASDAQ,1990-03-26,2025-07-01,1
SI,NYSE,2025-07-31,2026-06-24,0
SIAL,NASDAQ,1990-03-26,2015-11-18,1
SIBC,NASDAQ,2011-07-08,2015-11-30,1
SIBN,NASDAQ,2018-10-17,2026-06-24,0
SIC,NASDAQ,2018-08-16,2021-10-21,1
SID,NYSE,1996-11-18,2026-06-24,0
SIDU,NASDAQ,2021-12-14,2026-06-24,0
SIEB,NASDAQ,1980-03-18,2026-06-24,0
SIER,NASDAQ,2021-11-08,2022-12-16,1
SIF,AMEX,1980-03-17,2026-06-24,0
SIFI,NASDAQ,2004-10-01,2019-05-17,1
SIFY,NASDAQ,1999-10-19,2026-06-24,0
SIG,NYSE,1994-10-31,2026-06-24,0
SIGA,NASDAQ,1997-09-10,2026-06-24,0
SIGI,NASDAQ,1990-03-26,2026-06-24,0
SIGIP,NASDAQ,2020-12-09,2026-06-24,0
SII,NYSE,2020-06-29,2026-06-24,0
SILA,NYSE,2021-02-05,2026-06-24,0
SILC,NASDAQ,1994-02-18,2026-06-24,0
SILK,NASDAQ,2019-04-04,2024-09-17,1
SILO,NASDAQ,2014-05-13,2026-06-24,0
SILV,NYSE MKT,2015-10-26,2025-02-14,1
SIM,AMEX,1995-08-18,2026-06-24,0
SIMA,NASDAQ,2024-08-30,2026-06-24,0
SIMG,NASDAQ,1999-10-06,2015-03-10,1
SIMO,NASDAQ,2005-06-30,2026-06-24,0
SIMX,BATS,2026-06-24,2026-06-24,0
SINA,NASDAQ,2000-04-13,2021-03-22,1
SINT,NASDAQ,2014-02-13,2026-06-24,0
SION,NASDAQ,2025-02-07,2026-06-24,0
SIOO,NYSE,2025-12-11,2026-06-24,0
SIR,NASDAQ,2012-03-07,2018-12-31,1
SIRE,NYSE,2015-11-06,2023-05-26,1
SIRI,NASDAQ,1994-09-13,2026-06-24,0
SIRO,NASDAQ,2002-01-22,2016-03-08,1
SITC,NYSE,2001-01-02,2026-06-24,0
SITE,NYSE,2016-05-12,2026-06-24,0
SITM,NASDAQ,2019-11-20,2026-06-24,0
SIVBO,NASDAQ,2004-03-16,2017-12-28,1
SIX,NYSE,2010-05-11,2024-07-01,1
SJ,NASDAQ,2019-03-07,2026-06-24,0
SJI,NYSE,1987-12-30,2023-01-31,1
SJIJ,NYSE,2019-09-18,2023-03-02,1
SJM,NYSE,1994-10-31,2026-06-24,0
SJR,NYSE,1998-07-01,2023-04-03,1
SJT,NYSE,1987-10-29,2026-06-24,0
SKBI,NASDAQ,2006-02-16,2019-03-25,1
SKE,NYSE,2017-09-22,2026-06-24,0
SKGR,NASDAQ,2022-08-18,2025-04-10,1
SKH,NYSE,2007-05-15,2015-02-02,1
SKIL,NYSE,2019-07-26,2026-06-24,0
SKIN,NASDAQ,2020-11-24,2026-06-24,0
SKIS,NASDAQ,2014-11-21,2019-09-24,1
SKK,NASDAQ,2024-10-08,2026-06-24,0
SKLN,NASDAQ,2014-10-31,2018-02-01,1
SKLZ,NYSE,2020-04-27,2026-06-18,0
SKM,NYSE,1996-06-27,2026-06-24,0
SKP,NYSE,2001-01-02,2010-12-13,1
SKS,NYSE,2006-12-28,2013-11-12,1
SKT,NYSE,1993-05-28,2026-06-24,0
SKUL,NASDAQ,2011-07-19,2016-10-04,1
SKWD,NASDAQ,2023-01-13,2026-06-24,0
SKX,NYSE,1999-06-09,2025-09-12,1
SKY,NYSE,1981-12-31,2026-06-24,0
SKYA,NASDAQ,2022-04-14,2026-06-24,0
SKYE,NASDAQ,2015-04-02,2026-06-24,0
SKYH,NYSE,2020-12-08,2026-06-24,0
SKYQ,NASDAQ,2024-10-10,2026-06-24,0
SKYS,NASDAQ,2014-11-13,2020-10-09,1
SKYT,NASDAQ,2021-04-21,2026-06-24,0
SKYW,NASDAQ,1990-03-26,2026-06-24,0
SKYX,NASDAQ,2016-08-05,2026-06-24,0
SLAB,NASDAQ,2000-03-24,2026-06-24,0
SLAC,NASDAQ,2021-04-05,2024-02-26,1
SLAI,NYSE,2013-11-22,2026-06-24,0
SLB,NYSE,1981-12-31,2026-06-24,0
SLBT,NASDAQ,2026-06-15,2026-06-24,0
SLCA,NYSE,2012-02-01,2024-07-31,1
SLCR,NASDAQ,2021-03-11,2022-10-06,1
SLCT,NASDAQ,2003-12-16,2021-10-18,1
SLD,NYSE,2013-02-08,2018-09-28,1
SLDA,NYSE,2017-08-11,2018-09-27,1
SLDB,NASDAQ,2018-01-26,2026-06-24,0
SLDD,NYSE,2018-05-02,2018-09-28,1
SLDE,NASDAQ,2025-06-18,2026-06-24,0
SLDP,NASDAQ,2021-05-18,2026-06-24,0
SLE,NASDAQ,2019-02-26,2026-06-24,0
SLF,NYSE,2000-03-23,2026-06-24,0
SLG,NYSE,1997-08-15,2026-06-24,0
SLGB,NASDAQ,2025-10-15,2026-06-24,0
SLGC,NASDAQ,2021-04-23,2026-05-28,1
SLGL,NASDAQ,2018-02-01,2026-06-24,0
SLGN,NYSE,1997-02-14,2026-06-24,0
SLH,NYSE,2007-05-10,2016-03-11,1
SLI,AMEX,2017-09-22,2026-06-24,0
SLM,NASDAQ,1988-01-05,2026-06-24,0
SLMAP,NASDAQ,2003-10-09,2017-07-14,1
SLMBP,NASDAQ,2005-07-11,2026-06-24,0
SLMT,NASDAQ,2023-01-27,2026-06-24,0
SLN,NASDAQ,2020-09-08,2026-06-24,0
SLND,AMEX,2021-12-23,2026-06-24,0
SLNG,NASDAQ,2006-12-28,2026-06-24,0
SLNH,NASDAQ,2009-04-28,2026-06-24,0
SLNHP,NASDAQ,2021-08-20,2026-06-24,0
SLNO,NASDAQ,2014-11-13,2026-05-19,1
SLP,NASDAQ,1997-06-19,2026-06-24,0
SLQT,NYSE,2020-05-21,2026-06-24,0
SLRA,NYSE,2012-12-12,2017-12-15,1
SLRC,NASDAQ,2010-02-09,2026-06-24,0
SLRN,NASDAQ,2023-05-04,2026-06-24,0
SLRX,NASDAQ,2015-01-29,2026-01-07,1
SLS,NASDAQ,2017-12-29,2026-06-24,0
SLSN,NASDAQ,2012-03-20,2026-06-24,0
SLSR,AMEX,2005-11-21,2026-06-24,0
SLTB,NYSE,2014-09-29,2019-08-01,1
SLVM,NYSE,2021-09-23,2026-06-24,0
SLVO,NASDAQ,2024-06-03,2026-06-24,0
SLW,NYSE,2005-07-06,2017-05-15,1
SLWS,NYSE ARCA,2026-06-08,2026-06-24,0
SLXN,NASDAQ,2024-08-16,2026-06-24,0
SLXP,NASDAQ,2000-11-21,2015-04-01,1
SM,NYSE,1992-12-21,2026-06-24,0
SMA,NYSE,2025-04-02,2026-06-24,0
SMAC,NASDAQ,2014-11-04,2015-11-04,1
SMAR,NYSE,2018-04-27,2025-01-22,1
SMBC,NASDAQ,1994-04-12,2026-06-24,0
SMBK,NYSE,2001-01-02,2026-06-24,0
SMC,NYSE,2024-08-01,2026-06-24,0
SMCC,NASDAQ,2025-08-20,2026-06-24,0
SMCI,NASDAQ,2007-03-29,2026-06-24,0
SMCIP,NASDAQ,2026-06-16,2026-06-24,0
SMED,NASDAQ,1999-05-24,2022-09-07,1
SMFG,NYSE,2006-01-27,2026-06-24,0
SMG,NYSE,1992-01-31,2026-06-24,0
SMHI,NYSE,2017-06-02,2026-06-24,0
SMID,NASDAQ,2016-01-04,2026-06-24,0
SMIH,NASDAQ,2021-08-05,2023-03-16,1
SMJF,AMEX,2025-12-04,2026-06-24,0
SMLP,NYSE,2012-09-28,2024-07-31,1
SMLR,NASDAQ,2014-02-21,2026-01-16,1
SMMF,NASDAQ,2000-01-07,2024-05-03,1
SMMT,NASDAQ,2015-03-05,2026-06-24,0
SMP,NYSE,1987-12-30,2026-06-24,0
SMPL,NASDAQ,2017-07-10,2026-06-24,0
SMR,NYSE,2020-12-09,2026-06-24,0
SMRF,NYSE,2026-02-19,2026-06-24,0
SMRT,NYSE,2021-02-05,2026-06-24,0
SMRTQ,NASDAQ,1992-04-27,2020-10-01,1
SMSI,NASDAQ,1995-09-19,2026-06-24,0
SMT,NASDAQ,2010-07-15,2016-09-19,1
SMTA,NYSE,2018-06-01,2020-08-03,1
SMTC,NASDAQ,1992-03-17,2026-06-24,0
SMTI,NASDAQ,2011-02-22,2026-06-24,0
SMTK,NASDAQ,2022-02-03,2026-06-24,0
SMTX,NASDAQ,2000-07-21,2021-04-05,1
SMU,BATS,2025-07-11,2026-06-24,0
SMWB,NYSE,2021-05-12,2026-06-24,0
SMX,NASDAQ,2021-12-09,2026-06-24,0
SMXT,NASDAQ,2024-02-27,2026-06-24,0
SMZ,BATS,2026-02-11,2026-06-24,0
SN,NYSE,2023-07-31,2026-06-24,0
SNA,NYSE,1985-07-01,2026-06-24,0
SNAK,NASDAQ,1996-12-06,2017-12-14,1
SNAL,NASDAQ,2022-11-10,2026-06-24,0
SNAP,NYSE,2017-03-02,2026-06-24,0
SNAX,NASDAQ,2015-12-08,2025-07-18,1
SNBC,NASDAQ,1996-08-29,2018-01-31,1
SNBR,NASDAQ,1998-12-04,2026-06-24,0
SNC,NASDAQ,2014-11-03,2017-11-17,1
SNCE,NASDAQ,2020-11-20,2024-03-12,1
SNCR,NASDAQ,2006-06-15,2026-06-24,0
SNCRL,NASDAQ,2021-07-07,2026-06-24,0
SNCY,NASDAQ,2021-03-17,2026-05-13,1
SND,NASDAQ,2016-11-04,2026-06-24,0
SNDA,NYSE,1997-10-31,2026-06-24,0
SNDEQ,NASDAQ,2016-09-02,2021-03-26,1
SNDG,BATS,2026-05-12,2026-06-24,0
SNDK,NASDAQ,2025-02-24,2026-06-24,0
SNDKV,NASDAQ,2025-02-13,2025-02-21,1
SNDL,NASDAQ,2019-08-01,2026-06-24,0
SNDQ,BATS,2026-04-23,2026-06-24,0
SNDR,NYSE,2017-04-06,2026-06-24,0
SNDU,BATS,2026-03-12,2026-06-24,0
SNDX,NASDAQ,2016-03-03,2026-06-24,0
SNES,NASDAQ,2016-12-08,2026-06-24,0
SNEX,NASDAQ,1996-11-15,2026-06-24,0
SNFCA,NASDAQ,2001-01-02,2026-06-24,0
SNGX,NASDAQ,2012-03-08,2026-06-24,0
SNI,NYSE,2008-06-12,2018-03-16,1
SNKTY,NASDAQ,2016-01-05,2016-03-03,1
SNMP,NYSE MKT,2006-11-15,2024-02-15,1
SNMX,NASDAQ,2004-06-22,2018-11-05,1
SNN,NYSE,1999-11-16,2026-06-24,0
SNNA,NASDAQ,2017-07-27,2019-12-16,1
SNOA,NASDAQ,2007-01-25,2026-06-24,0
SNOW,NYSE,2020-09-16,2026-06-24,0
SNPO,NASDAQ,2021-07-28,2024-06-21,1
SNPS,NASDAQ,1992-02-26,2026-06-24,0
SNR,NYSE,2014-10-27,2021-09-21,1
SNRE,NASDAQ,2024-11-13,2025-08-15,1
SNREV,NASDAQ,2024-11-04,2024-11-12,1
SNRH,NASDAQ,2021-02-01,2023-06-09,1
SNT,NASDAQ,1993-03-23,2026-06-24,0
SNTA,NASDAQ,2007-02-06,2016-07-22,1
SNTG,NASDAQ,2021-07-08,2026-06-24,0
SNTI,NASDAQ,2021-05-26,2026-06-24,0
SNV,NYSE,1990-01-12,2025-12-31,1
SNWV,NASDAQ,2015-03-10,2026-06-24,0
SNX,NYSE,2003-11-25,2026-06-24,0
SNXX,BATS,2026-01-27,2026-06-24,0
SNY,NASDAQ,2002-07-01,2026-06-24,0
SNYR,NASDAQ,2016-01-04,2026-06-24,0
SO,NYSE,1981-12-31,2026-06-24,0
SOAC,NYSE,2020-06-26,2021-09-09,1
SOAR,AMEX,2022-01-21,2026-06-24,0
SOBO,NYSE,2024-10-03,2026-06-24,0
SOBR,NASDAQ,2013-05-14,2026-06-24,0
SOC,NYSE,2024-02-15,2026-06-24,0
SOCA,NASDAQ,2025-09-05,2026-06-24,0
SOCB,NASDAQ,2016-01-04,2016-06-24,1
SOCWS,NYSE,2021-04-19,2024-02-14,1
SODA,NASDAQ,2010-11-03,2018-12-04,1
SOEZ,NYSE,2025-12-03,2026-06-24,0
SOFI,NASDAQ,2020-11-30,2026-06-24,0
SOFL,NYSE,2025-07-02,2025-10-06,1
SOGCQ,NYSE,2014-12-17,2016-08-12,1
SOGO,NYSE,2017-11-09,2021-09-23,1
SOGP,NASDAQ,2020-01-17,2026-06-24,0
SOHO,NASDAQ,2004-12-17,2026-02-13,1
SOHOK,NASDAQ,2018-02-16,2019-05-15,1
SOHOL,NASDAQ,2016-01-04,2016-10-04,1
SOHOM,NASDAQ,2014-12-02,2017-11-13,1
SOHU,NASDAQ,2000-07-12,2026-06-24,0
SOJA,NYSE,2015-10-09,2020-10-19,1
SOJB,NYSE,2016-09-20,2021-10-15,1
SOJC,NYSE,2017-11-28,2026-06-24,0
SOJD,NYSE,2020-01-14,2026-06-24,0
SOJE,NYSE,2020-09-23,2026-06-24,0
SOJF,NYSE,2025-01-16,2026-06-24,0
SOL,NYSE,2017-10-13,2026-06-24,0
SOLO,NASDAQ,2018-08-07,2024-03-26,1
SOLS,NASDAQ,2025-10-29,2026-06-24,0
SOLSV,NASDAQ,2025-10-20,2025-10-29,1
SOLV,NYSE,2024-03-26,2026-06-24,0
SOLY,NASDAQ,2019-02-19,2021-12-16,1
SOMN,NYSE,2025-11-12,2026-06-24,0
SOMX,NASDAQ,2006-12-28,2013-03-06,1
SON,NYSE,1985-06-11,2026-06-24,0
SONC,NASDAQ,1991-02-28,2018-12-10,1
SONG,NASDAQ,2019-09-11,2022-11-25,1
SONM,NASDAQ,2019-05-10,2026-06-24,0
SONN,NASDAQ,2006-10-31,2025-12-02,1
SONO,NASDAQ,2018-08-02,2026-06-24,0
SONS,NASDAQ,2000-05-25,2017-11-28,1
SONY,NYSE,1974-07-26,2026-06-24,0
SOPH,NASDAQ,2021-07-23,2026-06-24,0
SOQ,NYSE MKT,2017-09-22,2026-05-28,1
SORA,NASDAQ,2025-05-27,2026-06-24,0
SORL,NASDAQ,2005-11-10,2020-05-15,1
SORN,NASDAQ,2026-02-27,2026-06-24,0
SOS,NYSE,2025-09-05,2026-06-24,0
SOTK,NASDAQ,2016-01-04,2026-06-24,0
SOUL,NYSE,2017-09-25,2026-06-24,0
SOUN,NASDAQ,2022-04-28,2026-06-24,0
SOV,NYSE,2006-12-28,2009-01-29,1
SOVO,NASDAQ,2021-09-23,2026-06-24,0
SOWG,NASDAQ,2016-01-04,2026-06-24,0
SP,NASDAQ,2004-06-02,2026-06-24,0
SPA,NYSE,1973-05-03,2019-03-04,1
SPAI,NASDAQ,2024-08-28,2026-06-24,0
SPAN,NASDAQ,1990-03-26,2017-06-26,1
SPB,NYSE,2009-09-02,2026-06-24,0
SPBC,NASDAQ,2010-11-01,2014-10-15,1
SPCB,NASDAQ,2005-02-17,2026-06-24,0
SPCE,NYSE,2017-09-29,2026-06-24,0
SPCI,BATS,2026-03-12,2026-06-24,0
SPCL,BATS,2017-09-22,2026-06-24,0
SPCM,NASDAQ,2022-04-25,2023-06-02,1
SPCT,NASDAQ,2025-09-30,2026-06-24,0
SPCX,NASDAQ,2026-06-12,2026-06-24,0
SPEG,NASDAQ,2025-09-09,2026-06-24,0
SPF,NYSE,1987-12-30,2015-09-30,1
SPFI,NASDAQ,2019-05-09,2026-06-24,0
SPFR,NYSE,2021-01-25,2021-09-30,1
SPG,NYSE,1993-12-14,2026-06-24,0
SPGI,NYSE,2001-01-02,2026-06-24,0
SPGS,NYSE,2021-04-12,2022-12-15,1
SPH,NYSE,1996-02-29,2026-06-24,0
SPHA,NASDAQ,2025-01-28,2025-03-11,1
SPHL,NASDAQ,2024-10-17,2026-06-24,0
SPHR,NYSE,2020-04-09,2026-06-24,0
SPI,NASDAQ,2026-05-28,2026-06-24,0
SPIL,NASDAQ,2000-06-21,2018-04-17,1
SPIR,NYSE,2020-11-03,2026-06-24,0
SPK,NASDAQ,2021-08-04,2022-12-29,1
SPKB,NASDAQ,2021-05-05,2023-03-24,1
SPKL,NASDAQ,2023-11-27,2026-06-24,0
SPLK,NASDAQ,2012-04-19,2026-06-24,0
SPLS,NASDAQ,1990-03-26,2026-04-10,1
SPMA,NYSE,2024-11-08,2026-06-24,0
SPMC,NYSE,2024-06-14,2026-06-24,0
SPME,NYSE,2025-07-15,2026-06-24,0
SPNC,NASDAQ,1992-01-21,2017-08-10,1
SPNE,NASDAQ,2015-06-17,2023-01-04,1
SPNS,NASDAQ,1998-03-05,2025-12-17,1
SPNT,NYSE,2013-08-15,2026-06-24,0
SPOK,NASDAQ,2004-11-17,2026-06-24,0
SPOT,NYSE,2018-04-03,2026-06-24,0
SPPI,NASDAQ,1996-09-27,2023-08-01,1
SPPL,NASDAQ,2023-09-13,2026-06-24,0
SPPR,NASDAQ,1994-11-30,2015-07-20,1
SPPRO,NASDAQ,2009-04-16,2015-07-15,1
SPPRP,NASDAQ,2007-06-20,2015-07-20,1
SPR,NYSE,2006-11-28,2025-12-05,1
SPRB,NASDAQ,2020-10-09,2026-06-24,0
SPRC,NASDAQ,2021-08-30,2026-06-24,0
SPRD,NASDAQ,2007-06-27,2013-12-31,1
SPRO,NASDAQ,2004-11-22,2026-06-24,0
SPRT,NASDAQ,2000-07-19,2021-09-16,1
SPRU,NYSE,2019-09-03,2026-06-24,0
SPRY,NASDAQ,2020-12-04,2026-06-24,0
SPSC,NASDAQ,2010-04-22,2026-06-24,0
SPSNQ,NASDAQ,2009-05-07,2011-05-19,1
SPSX,NASDAQ,2004-01-05,2009-09-28,1
SPT,NASDAQ,2019-12-13,2026-06-24,0
SPTK,NASDAQ,2021-04-09,2022-12-28,1
SPTN,NASDAQ,2000-08-02,2025-09-22,1
SPTX,NASDAQ,2026-05-01,2026-06-24,0
SPW,NASDAQ,1985-07-01,2015-09-25,1
SPWH,NASDAQ,2014-04-17,2026-06-24,0
SPWR,NASDAQ,2024-08-21,2026-06-24,0
SPWRB,NASDAQ,2008-09-22,2011-12-05,1
SPXC,NYSE,1985-07-01,2026-06-24,0
SQBK,NASDAQ,2014-03-27,2015-10-15,1
SQFT,NASDAQ,2020-10-07,2026-06-24,0
SQFTP,NASDAQ,2021-06-11,2026-06-24,0
SQI,NASDAQ,2010-09-23,2016-07-29,1
SQLT,BATS,2026-04-01,2026-06-24,0
SQM,NYSE,1993-09-21,2026-06-24,0
SQNM,NASDAQ,2000-02-01,2016-09-08,1
SQNS,NYSE,2011-04-19,2026-06-24,0
SQSP,NYSE,2021-05-19,2024-10-18,1
SR,NYSE,1987-11-05,2026-06-24,0
SRAD,NASDAQ,2021-09-14,2026-06-24,0
SRBK,NASDAQ,2023-09-20,2026-06-24,0
SRC,NYSE,2012-09-20,2024-01-22,1
SRCE,NASDAQ,1996-09-03,2026-06-24,0
SRCI,NYSE,2008-02-27,2020-01-14,1
SRCL,NASDAQ,1996-08-23,2024-11-04,1
SRCLP,NASDAQ,2015-09-16,2018-09-14,1
SRDX,NASDAQ,1998-03-04,2025-11-19,1
SRE,NYSE,1998-06-29,2026-06-24,0
SREA,NYSE,2019-06-27,2026-06-24,0
SREV,NASDAQ,2011-03-25,2022-08-09,1
SRFM,NYSE,2023-07-27,2026-06-24,0
SRG,NYSE,2015-07-06,2026-06-24,0
SRI,NYSE,1997-10-10,2026-06-24,0
SRJN,NYSE,2026-01-16,2026-06-24,0
SRL,NYSE,2001-01-02,2026-06-24,0
SRLP,NYSE,2013-10-25,2022-10-31,1
SRLS,NASDAQ,2006-03-22,2012-05-07,1
SRM,NASDAQ,2023-08-15,2025-07-16,1
SRPT,NASDAQ,1997-06-04,2026-06-24,0
SRRA,NASDAQ,2015-07-16,2022-07-01,1
SRRK,NASDAQ,2018-05-24,2026-06-24,0
SRSA,NASDAQ,2020-12-29,2022-10-28,1
SRSC,NASDAQ,2010-06-09,2017-08-28,1
SRSL,NASDAQ,1996-09-09,2012-07-30,1
SRT,NYSE,1997-06-19,2024-01-05,1
SRTA,NASDAQ,2025-08-28,2026-06-24,0
SRTS,NASDAQ,2016-07-26,2026-06-24,0
SRUN,NASDAQ,2017-04-28,2018-02-09,1
SRVY,NASDAQ,2004-07-16,2009-10-23,1
SRX,NYSE,2011-07-20,2011-11-30,1
SRXH,AMEX,2017-09-22,2026-06-24,0
SRZ,NYSE,2013-01-04,2013-10-17,1
SRZN,NASDAQ,2021-01-11,2026-06-24,0
SSAA,NASDAQ,2021-03-22,2022-12-12,1
SSAC,NASDAQ,2026-02-27,2026-06-24,0
SSB,NYSE,1997-01-28,2026-06-24,0
SSBI,NASDAQ,2006-07-14,2026-06-24,0
SSBK,NASDAQ,2021-08-12,2025-07-01,1
SSCP,NYSE,2026-05-12,2026-06-24,0
SSD,NYSE,1994-05-26,2026-06-24,0
SSEA,NASDAQ,2025-10-02,2026-06-24,0
SSFN,NASDAQ,1999-05-25,2019-10-31,1
SSI,NYSE,2020-05-12,2020-11-02,1
SSII,NASDAQ,2018-10-17,2026-06-24,0
SSL,NYSE,1982-04-26,2026-06-24,0
SSM,NASDAQ,2025-09-05,2026-06-24,0
SSMG,NYSE,2026-04-22,2026-06-24,0
SSMR,NYSE,2026-06-04,2026-06-24,0
SSN,NYSE,2008-01-07,2017-11-17,1
SSNC,NASDAQ,2010-03-31,2026-06-24,0
SSNI,NYSE,2013-03-13,2018-01-05,1
SSP,NASDAQ,1990-03-26,2026-06-24,0
SSRG,NASDAQ,2014-12-04,2016-07-05,1
SSRI,NASDAQ,1996-08-01,2017-08-09,1
SSRM,NASDAQ,1996-08-01,2026-06-24,0
SSRX,NASDAQ,2007-02-07,2013-06-17,1
SSS,NASDAQ,2026-01-30,2026-06-24,0
SSSS,NASDAQ,2011-04-28,2026-06-24,0
SSSSL,NASDAQ,2021-12-17,2026-06-24,0
SST,NYSE,2020-08-07,2026-06-24,0
SSTI,NASDAQ,2017-06-07,2026-06-24,0
SSTK,NYSE,2012-10-11,2026-06-24,0
SSW,NYSE,2005-08-09,2020-02-27,1
SSWA,NYSE,2017-10-24,2020-12-09,1
SSWN,NYSE,2014-04-08,2019-04-29,1
SSY,NYSE MKT,1990-03-26,2025-08-14,1
SSYS,NASDAQ,1994-10-21,2026-06-24,0
ST,NYSE,2010-03-11,2026-06-24,0
STAA,NASDAQ,1992-03-02,2026-06-24,0
STAF,NASDAQ,2026-05-28,2026-06-24,0
STAG,NYSE,2011-04-15,2026-06-24,0
STAK,NASDAQ,2025-02-26,2026-06-24,0
STAQ,NYSE,2009-08-10,2009-09-15,1
STAY,NASDAQ,2013-11-13,2021-06-16,1
STB,NASDAQ,2007-12-07,2018-04-27,1
STBA,NASDAQ,1992-04-21,2026-06-24,0
STBC,NASDAQ,2001-01-02,2012-01-09,1
STBX,NASDAQ,2022-08-23,2026-06-24,0
STBZ,NASDAQ,2009-12-23,2018-12-31,1
STC,NYSE,1990-03-28,2026-06-24,0
STDY,NASDAQ,2015-03-20,2018-08-30,1
STE,NYSE,1992-06-01,2026-06-24,0
STEC,NASDAQ,2021-03-26,2026-06-24,0
STEI,NASDAQ,1995-07-12,2013-12-31,1
STEL,NYSE,2017-11-08,2026-06-24,0
STEM,NYSE,2020-10-08,2026-06-24,0
STEN,BATS,2025-10-01,2026-06-24,0
STEP,NASDAQ,2020-09-16,2026-06-24,0
STER,NASDAQ,2021-09-23,2024-10-31,1
STET,NYSE,2022-01-24,2023-06-07,1
STEW,NYSE,2022-04-04,2026-06-24,0
STEX,NASDAQ,2014-10-30,2026-06-24,0
STFC,NASDAQ,1991-06-28,2022-03-01,1
STFS,NASDAQ,2024-10-11,2026-06-24,0
STG,NYSE,2018-03-23,2026-06-24,0
STGC,NASDAQ,2020-10-30,2026-05-28,1
STGG,NASDAQ,2015-12-17,2018-04-20,1
STGW,NASDAQ,2021-08-03,2026-06-24,0
STHO,NASDAQ,2023-03-31,2026-06-24,0
STHOV,NASDAQ,2023-03-28,2023-03-30,1
STI,NASDAQ,2024-02-02,2026-06-24,0
STIM,NASDAQ,2018-06-28,2026-06-24,0
STJ,NYSE,1989-12-07,2017-01-18,1
STKE,NASDAQ,2006-11-28,2026-06-24,0
STKH,NASDAQ,2021-03-12,2026-06-24,0
STKL,NASDAQ,1990-03-26,2026-05-01,1
STKS,NASDAQ,2014-06-27,2026-06-24,0
STL,NYSE,1999-01-08,2022-01-31,1
STLA,NYSE,2010-06-09,2026-06-24,0
STLD,NASDAQ,1996-11-22,2026-06-24,0
STLE,NASDAQ,2025-08-01,2025-08-05,1
STLU,BATS,2026-04-01,2026-06-24,0
STM,NYSE,1994-12-08,2026-06-24,0
STML,NASDAQ,2013-01-29,2020-06-10,1
STMP,NASDAQ,1999-06-25,2021-10-05,1
STN,NYSE,2005-08-05,2026-06-24,0
STND,NASDAQ,2010-10-07,2021-05-28,1
STNE,NASDAQ,2018-10-25,2026-06-24,0
STNEV,NASDAQ,2021-06-28,2021-06-30,1
STNG,NYSE,2010-03-31,2026-06-24,0
STNL,NASDAQ,2018-01-11,2019-11-07,1
STNR,NASDAQ,1996-11-13,2015-12-10,1
STO,NYSE,2001-06-18,2018-05-16,1
STOK,NASDAQ,2019-06-19,2026-06-24,0
STON,NYSE,2004-09-15,2022-11-03,1
STOR,NYSE,2014-11-18,2023-02-03,1
STPC,NYSE,2021-02-26,2021-09-29,1
STR,NYSE,2017-09-08,2025-08-18,1
STRA,NASDAQ,1996-07-26,2026-06-24,0
STRC,NASDAQ,2025-07-30,2026-06-24,0
STRD,NASDAQ,2025-06-06,2026-06-24,0
STRE,NYSE,2021-05-14,2023-03-24,1
STRF,NASDAQ,2025-03-26,2026-06-24,0
STRK,NASDAQ,2025-02-06,2026-06-24,0
STRL,NASDAQ,1995-08-18,2026-06-24,0
STRM,NASDAQ,1996-04-18,2026-06-24,0
STRO,NASDAQ,2018-09-27,2026-06-24,0
STRP,NYSE,2013-07-24,2018-03-01,1
STRR,NASDAQ,2003-03-18,2026-06-24,0
STRRP,NASDAQ,2025-08-22,2026-06-24,0
STRS,NASDAQ,1993-03-04,2026-06-24,0
STRT,NASDAQ,1995-02-24,2026-06-24,0
STRW,AMEX,2022-09-21,2026-06-24,0
STRZ,NASDAQ,2025-05-07,2026-06-24,0
STRZA,NASDAQ,2016-01-04,2016-12-16,1
STRZB,NASDAQ,2006-05-15,2017-07-14,1
STS,NYSE,1992-03-17,2017-09-28,1
STSA,NASDAQ,2019-09-13,2023-06-08,1
STSI,NASDAQ,1999-03-22,2014-06-03,1
STST,NYSE,2002-04-09,2014-04-21,1
STT,NYSE,1986-07-09,2026-06-24,0
STTK,NASDAQ,2020-10-09,2026-06-24,0
STUB,NYSE,2025-09-17,2026-06-24,0
STV,NYSE,2007-10-05,2017-07-17,1
STVN,NYSE,2021-07-16,2026-06-24,0
STWD,NYSE,2009-08-12,2026-06-24,0
STWO,NASDAQ,2020-11-30,2021-10-08,1
STX,NASDAQ,2002-12-11,2026-06-24,0
STXB,NASDAQ,2018-05-04,2022-04-08,1
STXL,BATS,2026-04-23,2026-06-24,0
STXN,NASDAQ,2007-03-29,2010-05-28,1
STXS,AMEX,2004-08-12,2026-06-24,0
STXU,BATS,2026-05-12,2026-06-24,0
STYL,BATS,2026-05-06,2026-06-24,0
STZ,NYSE,1992-03-17,2026-06-24,0
SU,NYSE,1993-12-01,2026-06-24,0
SUBK,NASDAQ,1992-03-03,2015-12-17,1
SUG,NYSE,2007-09-26,2013-04-03,1
SUGP,NASDAQ,2025-08-22,2026-06-24,0
SUI,NYSE,1993-12-09,2026-06-24,0
SUIG,NASDAQ,2016-03-21,2026-06-24,0
SUIL,BATS,2026-05-15,2026-06-24,0
SUJA,NASDAQ,2026-05-07,2026-06-24,0
SUM,NYSE,2015-03-12,2025-02-10,1
SUMA,NASDAQ,2026-04-20,2026-06-24,0
SUMO,NASDAQ,2020-09-17,2023-06-01,1
SUMR,NASDAQ,2007-03-07,2022-06-22,1
SUMT,NASDAQ,1997-01-02,2009-08-06,1
SUN,NYSE,2012-09-20,2026-06-24,0
SUNB,NYSE,2026-03-02,2026-06-24,0
SUNC,NYSE,2025-11-06,2026-06-24,0
SUNE,NASDAQ,1990-03-26,2026-06-24,0
SUNH,NASDAQ,2010-11-08,2012-12-20,1
SUNS,NASDAQ,2011-02-25,2026-06-24,0
SUNSV,NASDAQ,2024-07-09,2024-07-09,1
SUPN,NASDAQ,2012-05-01,2026-06-24,0
SUPV,NYSE,2016-05-19,2026-06-24,0
SUPX,NASDAQ,2024-04-17,2026-06-24,0
SURF,NASDAQ,2018-04-19,2023-09-08,1
SURG,NASDAQ,2005-09-22,2026-06-24,0
SURW,NASDAQ,2008-05-13,2012-07-19,1
SUSQ,NASDAQ,1990-03-26,2015-08-10,1
SUSS,NYSE,2006-10-19,2014-08-29,1
SUZ,NYSE,2007-08-16,2026-06-24,0
SVA,NASDAQ,2003-11-03,2026-06-24,0
SVAC,NASDAQ,2025-09-30,2026-06-24,0
SVAQ,NASDAQ,2026-02-12,2026-06-24,0
SVBI,NASDAQ,2001-01-02,2021-11-22,1
SVC,NASDAQ,1995-08-17,2026-06-24,0
SVCC,NASDAQ,2025-03-24,2026-06-24,0
SVCO,NASDAQ,2024-05-09,2026-06-24,0
SVFA,NASDAQ,2021-01-27,2023-01-26,1
SVFB,NASDAQ,2021-03-09,2023-03-09,1
SVIV,NASDAQ,2026-03-02,2026-06-24,0
SVLC,NYSE,2012-01-17,2015-10-12,1
SVLF,NASDAQ,2008-01-15,2011-05-27,1
SVM,AMEX,2005-05-02,2026-06-24,0
SVMH,NASDAQ,2023-12-08,2026-06-24,0
SVN,NYSE,2009-11-23,2013-10-17,1
SVNA,NASDAQ,2021-12-27,2023-05-09,1
SVNTQ,NASDAQ,2003-06-23,2014-06-02,1
SVR,NYSE,2011-01-12,2011-11-30,1
SVRA,NASDAQ,2004-04-29,2026-06-24,0
SVRE,NASDAQ,2022-06-03,2026-06-24,0
SVRN,NASDAQ,2021-11-30,2026-06-24,0
SVT,NYSE MKT,1973-05-03,2025-07-01,1
SVU,NYSE,1985-07-01,2018-12-14,1
SVV,NYSE,2023-06-29,2026-06-24,0
SVVS,NASDAQ,2001-01-02,2011-07-25,1
SW,NYSE,2024-07-08,2026-06-24,0
SWAG,NASDAQ,2021-11-09,2026-06-24,0
SWAV,NASDAQ,2019-03-07,2024-05-31,1
SWAY,NYSE,2014-01-22,2016-01-05,1
SWBI,NASDAQ,1999-08-17,2026-06-24,0
SWBIV,NASDAQ,2020-08-20,2020-08-24,1
SWC,NYSE,1994-12-19,2017-05-12,1
SWCH,NYSE,2017-10-06,2022-12-05,1
SWET,NASDAQ,2021-03-05,2022-12-29,1
SWFT,NYSE,2010-12-16,2017-09-28,1
SWH,NYSE,2016-01-04,2016-11-25,1
SWHC,NASDAQ,1999-08-17,2016-12-30,1
SWI,NYSE,2018-10-19,2025-04-16,1
SWIM,NASDAQ,2021-04-23,2026-06-24,0
SWIN,NASDAQ,2023-09-07,2025-10-09,1
SWIR,NASDAQ,2000-05-05,2023-01-12,1
SWK,NYSE,1985-07-01,2026-06-24,0
SWKH,NASDAQ,2009-06-01,2026-04-07,1
SWKHL,NASDAQ,2023-10-04,2026-06-24,0
SWKS,NASDAQ,1984-09-07,2026-06-24,0
SWMR,NASDAQ,2026-03-17,2026-06-24,0
SWN,NYSE,1987-12-30,2024-10-01,1
SWNC,NYSE,2015-01-16,2018-01-16,1
SWP,NYSE,2017-05-12,2020-05-14,1
SWS,NYSE,1991-10-11,2015-01-08,1
SWSH,NASDAQ,2016-01-04,2016-06-07,1
SWSI,NASDAQ,1997-02-25,2011-09-19,1
SWT,NYSE,2019-11-08,2022-11-14,1
SWTX,NASDAQ,2019-09-13,2025-07-01,1
SWU,NYSE,2011-05-10,2015-11-24,1
SWVL,NASDAQ,2022-03-31,2026-06-24,0
SWWC,NASDAQ,2001-01-02,2010-09-30,1
SWX,NYSE,1987-12-30,2026-06-24,0
SWY,NYSE,1990-04-26,2015-02-09,1
SXC,NYSE,2011-07-21,2026-06-24,0
SXCL,NASDAQ,2006-12-28,2017-02-23,1
SXCP,NYSE,2013-01-18,2019-06-27,1
SXI,NYSE,1987-12-30,2026-06-24,0
SXT,NYSE,1988-01-05,2026-06-24,0
SXTC,NASDAQ,2019-01-04,2026-06-24,0
SXTP,NASDAQ,2023-07-12,2026-06-24,0
SY,NASDAQ,2019-05-02,2026-06-24,0
SYA,NYSE,2010-01-22,2016-02-09,1
SYBT,NASDAQ,1993-03-26,2026-06-24,0
SYF,NYSE,2014-07-31,2026-06-24,0
SYK,NYSE,1988-02-01,2026-06-24,0
SYKE,NASDAQ,1996-04-30,2021-08-27,1
SYM,NASDAQ,2021-03-09,2026-06-24,0
SYMX,NASDAQ,2007-08-08,2017-12-01,1
SYNA,NASDAQ,2002-01-29,2026-06-24,0
SYNC,NASDAQ,2012-02-13,2021-04-01,1
SYNH,NASDAQ,2014-11-07,2023-09-28,1
SYNM,NASDAQ,2006-12-28,2014-06-09,1
SYNT,NASDAQ,1997-08-12,2018-10-10,1
SYNX,AMEX,2024-01-12,2026-06-24,0
SYPR,NASDAQ,1994-05-19,2026-06-24,0
SYRE,NASDAQ,2016-04-07,2026-06-24,0
SYT,NYSE,2000-11-13,2018-01-22,1
SYTA,NASDAQ,2020-09-25,2022-12-30,1
SYUT,NASDAQ,2004-12-21,2017-05-23,1
SYY,NYSE,1973-05-08,2026-06-24,0
SZMK,NASDAQ,2016-01-04,2016-09-28,1
SZYM,NASDAQ,2011-05-27,2016-05-10,1
SZZL,NASDAQ,2025-05-23,2026-06-24,0
T,NYSE,1984-07-19,2026-06-24,0
TA,NASDAQ,2007-02-01,2023-05-15,1
TABD,NYSE,2025-12-16,2026-06-24,0
TAC,NYSE,2001-07-31,2026-06-24,0
TACA,NYSE,2021-01-22,2022-06-09,1
TACH,NASDAQ,2025-06-02,2026-06-24,0
TACO,NASDAQ,2025-06-05,2026-06-24,0
TACT,NASDAQ,1996-08-22,2026-06-24,0
TAHO,NYSE,2010-09-23,2019-03-18,1
TAJX,BATS,2026-06-03,2026-06-24,0
TAK,NYSE,2008-10-27,2026-06-24,0
TAL,NYSE,2010-10-20,2026-06-24,0
TALK,NASDAQ,2020-07-30,2026-06-24,0
TALO,NYSE,2018-05-10,2026-06-24,0
TALV,NYSE,2025-12-16,2026-06-24,0
TAM,NYSE,2000-01-03,2014-12-05,1
TANH,NASDAQ,2015-03-24,2026-06-24,0
TANNI,NASDAQ,2013-01-22,2023-06-06,1
TANNL,NASDAQ,2014-12-19,2023-06-06,1
TANNZ,NASDAQ,2015-10-09,2023-06-06,1
TAOM,NYSE,2016-01-04,2016-06-22,1
TAOP,NASDAQ,2006-09-12,2026-06-24,0
TAOX,NASDAQ,2020-12-08,2026-06-24,0
TAP,NYSE,1984-09-07,2026-06-24,0
TARA,NASDAQ,2014-10-22,2026-06-24,0
TARO,NYSE,1993-04-01,2024-06-24,1
TARS,NASDAQ,2020-10-16,2026-06-24,0
TASIF,NYSE,2016-01-04,2016-09-02,1
TASK,NASDAQ,2021-06-11,2026-06-24,0
TAST,NASDAQ,2006-12-15,2024-05-16,1
TAT,NYSE MKT,2007-04-09,2021-09-17,1
TATT,NASDAQ,1993-03-11,2026-06-24,0
TAVI,NASDAQ,2024-12-20,2026-06-24,0
TAYD,NASDAQ,1995-08-18,2026-06-24,0
TBB,NYSE,2017-11-06,2026-06-24,0
TBBB,NYSE,2024-02-09,2026-06-24,0
TBBK,NASDAQ,2004-02-03,2026-06-24,0
TBC,NYSE,2018-08-08,2024-12-13,1
TBCH,NASDAQ,2010-10-05,2026-06-24,0
TBCP,NASDAQ,2021-04-01,2023-12-11,1
TBH,NASDAQ,2025-03-06,2026-06-24,0
TBHC,NASDAQ,2025-07-28,2026-06-24,0
TBI,NYSE,1995-02-01,2026-06-24,0
TBIO,NASDAQ,2018-06-28,2022-02-28,1
TBL,NYSE,2006-12-28,2011-11-30,1
TBLA,NASDAQ,2021-06-30,2026-06-24,0
TBLD,NASDAQ,2021-07-28,2026-06-24,0
TBMC,NASDAQ,2023-05-15,2026-06-24,0
TBN,NYSE,2024-06-27,2026-06-24,0
TBNK,NASDAQ,2009-07-13,2026-06-24,0
TBPH,NASDAQ,2014-05-16,2026-06-24,0
TBRA,NASDAQ,2016-01-04,2016-11-02,1
TBRG,NASDAQ,2002-05-21,2026-06-24,0
TBSA,NASDAQ,2021-06-09,2023-03-13,1
TC,NASDAQ,2018-11-20,2026-06-24,0
TCAC,NASDAQ,2021-04-06,2022-06-14,1
TCAP,NYSE,2007-02-22,2018-08-02,1
TCBI,NASDAQ,2003-08-14,2026-06-24,0
TCBIL,NASDAQ,2012-09-28,2021-06-21,1
TCBIO,NASDAQ,2021-02-25,2026-06-24,0
TCBIP,NASDAQ,2013-03-25,2021-06-14,1
TCBK,NASDAQ,1993-04-20,2026-06-24,0
TCBS,NASDAQ,2021-07-16,2026-06-24,0
TCBX,NYSE,2021-11-09,2026-06-24,0
TCC,NYSE,2012-03-05,2015-05-18,1
TCCA,NYSE,2012-10-23,2018-08-30,1
TCCB,NYSE,2015-02-10,2018-08-30,1
TCDA,NASDAQ,2023-01-23,2023-01-23,1
TCF,NASDAQ,1992-03-11,2021-06-09,1
TCFCP,NASDAQ,2019-08-02,2021-06-09,1
TCGL,NYSE MKT,2025-10-15,2026-06-24,0
TCGP,NASDAQ,2017-09-07,2019-10-04,1
TCI,NYSE,1987-11-05,2026-06-24,0
TCLD,BATS,2019-02-01,2020-01-03,1
TCMD,NASDAQ,2016-07-28,2026-06-24,0
TCN,NYSE,2017-10-02,2024-05-01,1
TCO,NYSE,1992-11-20,2020-12-29,1
TCOM,NASDAQ,2003-12-09,2026-06-24,0
TCP,NYSE,1999-05-25,2021-03-16,1
TCPA,NYSE,2025-10-15,2026-06-24,0
TCPC,NASDAQ,2012-04-04,2026-06-24,0
TCPI,NYSE,2016-01-04,2016-12-02,1
TCRR,NASDAQ,2019-02-14,2023-06-01,1
TCRT,NASDAQ,2005-08-24,2026-06-24,0
TCRX,NASDAQ,2021-07-16,2026-06-24,0
TCVA,NASDAQ,2021-04-14,2023-04-13,1
TCX,NASDAQ,1996-04-30,2026-06-24,0
TD,NYSE,1996-08-30,2026-06-24,0
TDA,NYSE,2012-12-04,2021-10-13,1
TDAC,NASDAQ,2025-02-13,2026-06-24,0
TDAY,NYSE,2014-02-04,2026-06-24,0
TDBK,NASDAQ,2005-12-07,2017-06-12,1
TDC,NYSE,2007-10-01,2026-06-24,0
TDCX,NYSE,2021-10-01,2024-06-18,1
TDE,NYSE,2011-05-10,2021-05-11,1
TDG,NYSE,2006-03-15,2026-06-24,0
TDI,NYSE,2005-04-12,2021-08-31,1
TDIC,NASDAQ,2025-07-23,2026-06-24,0
TDJ,NYSE,2011-03-28,2021-05-11,1
TDOC,NYSE,2015-07-01,2026-06-24,0
TDS,NYSE,1991-09-18,2026-06-24,0
TDTH,NASDAQ,2024-09-10,2026-06-24,0
TDUP,NASDAQ,2021-03-26,2026-06-24,0
TDW,NYSE,1987-12-30,2026-06-24,0
TDWD,NASDAQ,2025-12-08,2026-06-24,0
TDY,NYSE,1999-11-23,2026-06-24,0
TE,NYSE,2021-07-08,2026-06-24,0
TEA,NYSE,2011-07-28,2012-12-31,1
TEAD,NASDAQ,2021-07-23,2026-06-24,0
TEAF,NYSE,2019-03-27,2025-11-07,1
TEAM,NASDAQ,2015-12-10,2026-06-24,0
TECD,NASDAQ,1990-03-26,2020-06-30,1
TECH,NASDAQ,1992-12-09,2026-06-24,0
TECK,NYSE,2002-07-18,2026-06-24,0
TECTP,NASDAQ,2019-05-30,2026-06-24,0
TECU,NASDAQ,1990-03-26,2015-09-21,1
TECUA,NASDAQ,1995-08-18,2014-05-01,1
TECX,NASDAQ,2018-06-21,2026-06-24,0
TEG,NYSE,1988-01-05,2015-06-29,1
TEGP,NYSE,2015-05-07,2018-06-29,1
TEKK,NASDAQ,2020-12-29,2022-10-27,1
TEL,NYSE,2007-06-14,2026-06-24,0
TELA,NASDAQ,2019-11-08,2026-06-24,0
TELL,NYSE MKT,1995-08-18,2024-10-08,1
TELLL,NYSE MKT,2021-11-11,2024-10-31,1
TELO,NASDAQ,2024-02-09,2026-06-24,0
TEM,NASDAQ,2024-06-14,2026-06-24,0
TEMD,NYSE,2026-01-22,2026-06-24,0
TEN,NYSE,2002-03-05,2026-06-24,0
TENB,NASDAQ,2018-07-26,2026-06-24,0
TENX,NASDAQ,1997-01-02,2026-06-24,0
TEO,NYSE,1994-12-09,2026-06-24,0
TEOZF,NYSE,2018-01-17,2022-08-16,1
TEP,NYSE,2013-05-14,2018-07-02,1
TER,NASDAQ,1987-03-11,2026-06-24,0
TERN,NASDAQ,2021-02-05,2026-05-05,1
TERP,NASDAQ,2014-07-18,2020-07-31,1
TESO,NASDAQ,1996-12-02,2017-12-15,1
TESS,NASDAQ,1994-09-29,2023-07-17,1
TETC,NASDAQ,2021-05-20,2023-03-28,1
TETE,NASDAQ,2022-03-09,2026-06-24,0
TEUM,NASDAQ,2001-01-02,2022-10-21,1
TEVA,NYSE,1990-03-26,2026-06-24,0
TEWS,NYSE,2021-07-12,2022-12-23,1
TEX,NYSE,1990-03-26,2026-06-24,0
TFC,NYSE,1990-03-26,2026-06-24,0
TFCF,NASDAQ,1987-12-30,2019-03-20,1
TFCFA,NASDAQ,1996-03-11,2019-03-20,1
TFFP,NASDAQ,2019-10-25,2026-06-24,0
TFG,NYSE,2016-01-04,2016-10-11,1
TFII,NYSE,2008-05-20,2026-06-24,0
TFIN,NYSE,2014-11-07,2026-06-24,0
TFINP,NYSE,2020-06-18,2026-06-24,0
TFM,NASDAQ,2010-11-04,2016-04-28,1
TFPM,NYSE,2021-09-30,2026-06-24,0
TFSA,NYSE,2021-02-11,2026-03-31,1
TFSL,NASDAQ,2007-04-23,2026-06-24,0
TFX,NYSE,1988-02-18,2026-06-24,0
TG,NYSE,1990-01-12,2026-06-24,0
TGAN,NASDAQ,2020-07-29,2024-06-28,1
TGB,AMEX,1994-06-02,2026-06-24,0
TGD,NYSE,2008-06-25,2017-05-15,1
TGE,NYSE,2025-06-05,2026-06-24,0
TGEN,AMEX,2014-05-20,2026-06-24,0
TGH,NYSE,2007-10-10,2024-03-14,1
TGHL,NASDAQ,2025-08-28,2026-06-24,0
TGI,NYSE,1996-10-25,2025-07-24,1
TGICQ,NASDAQ,1993-10-22,2018-04-30,1
TGL,NASDAQ,2022-08-11,2026-06-24,0
TGLS,NYSE,2012-05-10,2026-06-24,0
TGNA,NYSE,1985-07-01,2026-03-20,1
TGP,NYSE,2005-05-05,2022-01-12,1
TGR,NYSE,2022-03-28,2023-05-08,1
TGS,NYSE,1994-11-17,2026-06-24,0
TGT,NYSE,1983-04-06,2026-06-24,0
TGTX,NASDAQ,2010-05-03,2026-06-24,0
TGVC,NASDAQ,2021-11-22,2024-03-15,1
TGX,NYSE,2006-12-28,2013-10-29,1
TH,NASDAQ,2013-07-25,2026-06-24,0
THAC,NASDAQ,2021-12-08,2023-01-25,1
THBR,NASDAQ,2019-10-04,2021-06-10,1
THC,NYSE,1982-01-04,2026-06-24,0
THCA,NASDAQ,2019-07-30,2022-12-23,1
THCH,NASDAQ,2022-09-29,2026-06-24,0
THCP,NASDAQ,2021-09-09,2024-12-10,1
THFF,NASDAQ,1992-03-03,2026-06-24,0
THG,NYSE,1995-10-11,2026-06-24,0
THGA,NYSE,2013-04-01,2020-09-22,1
THH,NASDAQ,2025-08-28,2026-06-24,0
THI,NYSE,2006-03-24,2014-12-22,1
THM,AMEX,2007-05-01,2026-06-24,0
THMD,NASDAQ,2006-05-08,2010-12-13,1
THMR,NYSE,2026-04-09,2026-06-24,0
THO,NYSE,1987-12-30,2026-06-24,0
THOR,NASDAQ,1996-01-02,2026-06-24,0
THR,NYSE,2011-05-05,2026-06-24,0
THRD,NASDAQ,2022-09-14,2026-06-24,0
THRM,NASDAQ,1993-06-10,2026-06-24,0
THRN,NASDAQ,2021-09-23,2023-10-16,1
THRX,NASDAQ,2021-10-07,2024-02-14,1
THRY,NASDAQ,2020-10-01,2026-06-24,0
THS,NYSE,2005-06-28,2026-02-11,1
THTI,NASDAQ,2009-12-16,2021-09-08,1
THTX,NASDAQ,2016-01-04,2025-09-25,1
TI,NYSE,2003-10-09,2019-08-07,1
TIBR,NASDAQ,2018-04-10,2020-03-17,1
TIBX,NASDAQ,1999-07-14,2014-12-30,1
TIC,NYSE,2025-02-20,2026-06-24,0
TICC,NASDAQ,2003-11-24,2018-03-22,1
TICCL,NASDAQ,2017-04-17,2018-03-22,1
TIE,NYSE,2006-12-28,2013-01-07,1
TIF,NYSE,1987-12-30,2021-01-08,1
TIG,NASDAQ,2020-07-16,2023-04-21,1
TIGO,NASDAQ,2011-05-31,2026-06-24,0
TIGR,NASDAQ,2019-03-20,2026-06-24,0
TII,AMEX,2018-08-20,2026-06-24,0
TIL,NASDAQ,2021-03-19,2026-06-24,0
TILE,NASDAQ,1990-03-26,2026-06-24,0
TIMB,NYSE,2020-10-16,2026-06-24,0
TIN,NYSE,2017-01-25,2017-02-03,1
TINY,NASDAQ,2016-01-04,2017-04-03,1
TIOA,NASDAQ,2021-06-10,2023-04-21,1
TIPT,NASDAQ,2010-10-15,2026-06-24,0
TIS,NYSE,2005-07-15,2019-04-01,1
TISA,NASDAQ,1996-11-25,2019-05-06,1
TISI,NYSE,1992-03-17,2026-06-24,0
TITN,NASDAQ,2007-12-13,2026-06-24,0
TIVO,NASDAQ,1997-03-13,2020-06-01,1
TIXT,NYSE,2021-02-03,2025-10-30,1
TJGC,NASDAQ,2025-01-22,2026-06-24,0
TJX,NYSE,1988-01-05,2026-06-24,0
TK,NYSE,1995-07-20,2026-06-24,0
TKC,NYSE,2000-07-11,2026-06-24,0
TKLF,NASDAQ,2022-01-18,2026-06-24,0
TKMR,NASDAQ,2007-07-26,2015-07-31,1
TKNO,NASDAQ,2021-06-25,2026-06-24,0
TKO,NYSE,2023-09-12,2026-06-24,0
TKPPY,NYSE,2016-01-04,2017-01-24,1
TKR,NYSE,1985-07-01,2026-06-24,0
TLC,NASDAQ,2018-11-21,2021-09-28,1
TLCVF,NASDAQ,1997-07-02,2019-07-26,1
TLF,NASDAQ,1993-09-27,2026-06-24,0
TLG,NASDAQ,2026-03-16,2026-06-24,0
TLGY,NASDAQ,2022-01-25,2024-12-06,1
TLIH,NASDAQ,2025-07-08,2026-06-24,0
TLK,NYSE,2001-01-02,2026-06-24,0
TLLP,NYSE,2011-04-20,2017-07-31,1
TLM,NYSE,1997-10-16,2015-05-18,1
TLMD,NASDAQ,2020-01-28,2022-04-06,1
TLMR,NASDAQ,2014-02-11,2016-09-08,1
TLN,NASDAQ,2023-06-02,2026-06-24,0
TLNC,NASDAQ,2025-10-08,2026-06-24,0
TLND,NASDAQ,2016-07-29,2021-08-09,1
TLP,NYSE,2005-05-25,2019-02-26,1
TLPH,NASDAQ,2011-02-11,2026-06-24,0
TLRA,NYSE,2013-06-27,2020-03-31,1
TLRY,NASDAQ,2018-07-19,2026-06-24,0
TLS,NASDAQ,2020-11-19,2026-06-24,0
TLSA,NASDAQ,2018-11-20,2026-06-24,0
TLSI,NASDAQ,2023-08-10,2026-06-24,0
TLX,NASDAQ,2024-11-14,2026-06-24,0
TLYS,NYSE,2012-05-04,2026-06-24,0
TM,NYSE,1976-08-18,2026-06-24,0
TMAC,NYSE,2021-03-26,2022-12-01,1
TMC,NASDAQ,2021-09-10,2026-06-24,0
TMCI,NASDAQ,2021-04-23,2026-06-24,0
TMCR,NASDAQ,2026-04-08,2026-06-24,0
TMCX,NASDAQ,2018-05-31,2019-11-14,1
TMDE,AMEX,2025-04-21,2026-06-24,0
TMDI,NASDAQ,2023-03-09,2023-03-09,1
TMDX,NASDAQ,2019-05-02,2026-06-24,0
TME,NYSE,2018-12-12,2026-06-24,0
TMED,NASDAQ,2015-01-16,2026-06-24,0
TMH,NYSE,2016-01-04,2026-05-28,1
TMHC,NYSE,2013-04-10,2026-06-24,0
TMO,NYSE,1987-09-01,2026-06-24,0
TMP,AMEX,1990-03-28,2026-06-24,0
TMPM,NASDAQ,2020-12-29,2022-10-19,1
TMQ,AMEX,2012-04-25,2026-06-24,0
TMS,NYSE,2026-06-23,2026-06-24,0
TMTC,NASDAQ,2023-05-01,2026-06-24,0
TMTS,NASDAQ,2026-04-02,2026-06-24,0
TMUS,NASDAQ,2007-04-19,2026-06-24,0
TMUSI,NASDAQ,2025-08-06,2026-06-24,0
TMUSL,NASDAQ,2025-08-06,2026-06-24,0
TMUSP,NASDAQ,2015-10-27,2017-12-15,1
TMUSZ,NASDAQ,2025-08-06,2026-06-24,0
TMX,NYSE,2014-06-26,2022-10-28,1
TNAV,NASDAQ,2010-05-13,2021-02-17,1
TNC,NYSE,1992-03-03,2026-06-24,0
TNDM,NASDAQ,2013-11-14,2026-06-24,0
TNET,NYSE,2014-03-27,2026-06-24,0
TNGO,NASDAQ,2011-07-27,2017-07-21,1
TNGX,NASDAQ,2020-09-03,2026-06-24,0
TNH,NYSE,1992-03-10,2018-04-02,1
TNK,NYSE,2007-12-13,2026-06-24,0
TNL,NYSE,2006-07-19,2026-06-24,0
TNMG,NASDAQ,2024-12-05,2026-06-24,0
TNON,NASDAQ,2022-04-27,2026-06-24,0
TNS,NYSE,2006-12-28,2013-02-15,1
TNTR,NASDAQ,2017-06-30,2018-07-11,1
TNXP,NASDAQ,2012-05-10,2026-06-24,0
TNYA,NASDAQ,2021-07-30,2026-06-24,0
TOAC,NASDAQ,2022-01-04,2023-06-16,1
TOAO,BATS,2026-04-24,2026-06-24,0
TOI,NASDAQ,2021-11-15,2026-06-24,0
TOL,NYSE,1987-12-30,2026-06-24,0
TOMZ,NASDAQ,2016-01-04,2026-06-24,0
TONX,NASDAQ,2025-09-02,2026-06-24,0
TOO,NYSE,2006-12-14,2020-01-22,1
TOON,AMEX,2014-05-05,2026-06-24,0
TOP,NASDAQ,2024-10-22,2026-06-24,0
TOPP,AMEX,2025-01-22,2026-06-24,0
TOPS,AMEX,2004-08-02,2026-06-24,0
TOPW,BATS,2025-04-02,2026-06-24,0
TORO,NASDAQ,2023-03-03,2026-06-24,0
TOROV,NASDAQ,2023-03-03,2026-06-24,0
TOST,NYSE,2021-09-22,2026-06-24,0
TOTA,NASDAQ,2018-08-27,2020-12-31,1
TOUR,NASDAQ,2014-05-09,2026-06-24,0
TOVX,NYSE MKT,2006-12-18,2026-06-24,0
TOWN,NASDAQ,1999-05-05,2026-06-24,0
TOWR,NYSE,2010-10-15,2019-10-08,1
TOXR,BATS,2025-12-11,2026-06-24,0
TOYO,NASDAQ,2024-07-01,2026-06-24,0
TPB,NYSE,2016-05-11,2026-06-24,0
TPC,NYSE,1973-05-03,2026-06-24,0
TPCG,NASDAQ,2010-05-04,2012-12-20,1
TPCO,NASDAQ,2014-07-24,2021-08-23,1
TPCS,NASDAQ,2013-09-18,2026-06-24,0
TPET,AMEX,2023-04-18,2026-06-24,0
TPFC,NYSE,2026-05-05,2026-06-24,0
TPFG,NYSE,2026-05-05,2026-06-24,0
TPFI,NYSE,2026-05-05,2026-06-24,0
TPG,NASDAQ,2022-01-13,2026-06-24,0
TPGE,NYSE,2017-09-05,2018-07-31,1
TPGH,NYSE,2017-08-24,2019-11-20,1
TPGI,NYSE,2013-05-08,2013-12-20,1
TPGXL,NASDAQ,2024-03-05,2026-06-24,0
TPGY,NYSE,2020-11-27,2022-10-10,1
TPH,NYSE,2013-01-31,2026-05-13,1
TPIV,NASDAQ,2013-09-26,2018-10-17,1
TPL,NYSE,1987-12-31,2026-06-24,0
TPLX,BATS,2026-06-24,2026-06-24,0
TPR,NYSE,2000-10-06,2026-06-24,0
TPRY,NYSE,2026-02-26,2026-06-24,0
TPST,NASDAQ,2012-11-12,2026-06-24,0
TPTA,NYSE,2021-06-15,2026-06-24,0
TPTS,NYSE,2026-06-24,2026-06-24,0
TPTX,NASDAQ,2019-04-17,2022-09-08,1
TPVG,NYSE,2014-03-06,2026-06-24,0
TPVY,NYSE,2017-07-19,2021-04-01,1
TPVZ,NYSE,2015-08-07,2017-08-11,1
TQNT,NASDAQ,1993-12-14,2014-12-31,1
TR,NYSE,1987-12-30,2026-06-24,0
TRA,NYSE,2001-01-02,2011-04-25,1
TRAD,NYSE,2026-04-20,2026-06-24,0
TRAK,NYSE,2005-12-13,2026-06-24,0
TRAQ,NYSE,2021-12-27,2023-05-01,1
TRAW,NASDAQ,2001-01-02,2026-06-24,0
TRAX,NASDAQ,2026-04-20,2026-06-24,0
TRAXV,NASDAQ,2026-04-06,2026-06-24,0
TRC,NYSE,1992-03-17,2026-06-24,0
TRCA,NYSE,2021-04-26,2023-11-02,1
TRCB,NASDAQ,2006-04-11,2020-01-02,1
TRCO,NYSE,2013-01-07,2019-09-27,1
TRDA,NASDAQ,2021-10-29,2026-06-24,0
TREC,NYSE,2006-07-31,2022-06-27,1
TREE,NASDAQ,2008-08-12,2026-06-24,0
TREX,NYSE,1999-04-08,2026-06-24,0
TRGP,NYSE,2010-12-07,2026-06-24,0
TRGS,NASDAQ,2026-04-20,2026-06-24,0
TRGT,NASDAQ,2006-04-12,2015-08-20,1
TRH,NYSE,2006-12-28,2012-03-05,1
TRHC,NASDAQ,2016-09-29,2023-11-03,1
TRI,NASDAQ,2002-06-12,2026-06-24,0
TRIB,NASDAQ,1995-08-18,2026-06-24,0
TRIL,NASDAQ,2005-03-23,2026-06-24,0
TRIN,NASDAQ,2021-01-29,2026-06-24,0
TRINI,NASDAQ,2024-07-22,2026-06-24,0
TRINL,NASDAQ,2022-07-29,2026-06-24,0
TRINZ,NASDAQ,2024-03-27,2026-06-24,0
TRIP,NASDAQ,2011-12-07,2026-06-24,0
TRIS,NYSE,2021-12-06,2024-08-02,1
TRIV,NASDAQ,2014-04-15,2016-02-12,1
TRK,NYSE,1995-02-24,2019-09-17,1
TRLA,NYSE,2012-09-20,2017-09-28,1
TRLV,NYSE,2026-06-10,2026-06-24,0
TRMB,NASDAQ,1992-03-03,2026-06-24,0
TRMD,NASDAQ,2018-02-23,2026-06-24,0
TRMK,NASDAQ,1992-03-03,2026-06-24,0
TRML,NASDAQ,2021-05-07,2026-06-24,0
TRMT,NASDAQ,2017-09-14,2021-09-30,1
TRN,NYSE,1987-12-30,2026-06-24,0
TRNC,NASDAQ,2014-07-24,2018-10-09,1
TRNO,NYSE,2010-02-10,2026-06-24,0
TRNR,NASDAQ,2023-04-28,2026-06-24,0
TRNS,NASDAQ,1990-03-27,2026-06-24,0
TRON,NASDAQ,2021-08-11,2026-06-24,0
TROO,NASDAQ,2008-04-09,2026-06-24,0
TROT,NYSE,2026-02-25,2026-06-24,0
TROW,NASDAQ,1989-09-13,2026-06-24,0
TROX,NYSE,2010-12-01,2026-06-24,0
TRP,NYSE,1987-12-30,2026-06-24,0
TRPX,NASDAQ,2020-07-08,2020-10-01,1
TRQ,NYSE,2003-11-18,2022-12-16,1
TRR,NYSE,1991-12-16,2017-07-05,1
TRS,NASDAQ,2007-05-18,2026-06-24,0
TRSG,NASDAQ,2024-04-19,2026-06-24,0
TRST,NASDAQ,1990-03-26,2026-06-24,0
TRT,AMEX,1995-04-24,2026-06-24,0
TRTN,NYSE,2005-10-12,2023-09-27,1
TRTX,NYSE,2017-07-20,2026-06-24,0
TRU,NYSE,2015-06-25,2026-06-24,0
TRUE,NASDAQ,2000-05-02,2026-06-24,0
TRUG,NASDAQ,2021-12-02,2026-06-24,0
TRUP,NASDAQ,2014-07-18,2026-06-24,0
TRV,NYSE,1986-07-09,2026-06-24,0
TRVG,NASDAQ,2016-12-16,2026-06-24,0
TRVI,NASDAQ,2019-05-07,2026-06-24,0
TRW,NYSE,2004-02-03,2015-05-26,1
TRX,AMEX,2005-05-12,2026-06-24,0
TRXI,NASDAQ,2010-03-30,2013-07-15,1
TS,NYSE,2002-12-16,2026-06-24,0
TSAT,NASDAQ,2021-11-19,2026-06-24,0
TSBK,NASDAQ,1998-01-13,2026-06-24,0
TSBX,NASDAQ,2023-07-21,2025-08-11,1
TSC,NASDAQ,2013-05-09,2022-09-08,1
TSCAP,NASDAQ,2018-03-16,2022-06-01,1
TSCO,NASDAQ,1994-02-18,2026-06-24,0
TSEM,NASDAQ,1994-10-26,2026-06-24,0
TSG,NASDAQ,2010-10-15,2020-05-05,1
TSH,NYSE,2006-12-28,2014-05-30,1
TSHA,NASDAQ,2020-09-24,2026-06-24,0
TSIB,NASDAQ,2021-04-05,2022-11-30,1
TSIC,NYSE,2025-12-30,2026-06-24,0
TSL,NYSE,2016-01-04,2017-03-21,1
TSLA,NASDAQ,2010-06-29,2026-06-24,0
TSLX,NYSE,2014-03-21,2026-06-24,0
TSM,NYSE,1997-10-09,2026-06-24,0
TSN,NYSE,1986-07-09,2026-06-24,0
TSNU,NYSE,2014-07-31,2017-07-06,1
TSOL,BATS,2025-11-19,2026-06-24,0
TSPQ,NYSE,2021-04-22,2022-12-15,1
TSQ,NYSE,2014-07-24,2026-06-24,0
TSRE,NASDAQ,2006-12-28,2015-09-16,1
TSRI,NASDAQ,1990-03-26,2026-06-24,0
TSRO,NASDAQ,2012-06-28,2019-01-18,1
TSSI,NASDAQ,2010-04-01,2026-06-24,0
TST,NASDAQ,1999-05-11,2019-08-07,1
TSU,NYSE,1998-11-16,2020-10-12,1
TSVT,NASDAQ,2021-11-03,2025-05-13,1
TSVTV,NASDAQ,2021-11-03,2021-11-04,1
TSYS,NASDAQ,2000-08-08,2016-02-24,1
TT,NYSE,1985-07-01,2026-06-24,0
TTAM,NYSE,2025-02-07,2026-06-24,0
TTAN,NASDAQ,2024-12-12,2026-06-24,0
TTC,NYSE,1987-12-30,2026-06-24,0
TTD,NASDAQ,2016-09-21,2026-06-24,0
TTE,NYSE,2007-07-13,2026-06-24,0
TTEC,NASDAQ,1996-08-01,2026-06-24,0
TTEK,NASDAQ,1991-12-17,2026-06-24,0
TTGT,NASDAQ,2024-12-03,2026-06-24,0
TTHI,NASDAQ,2016-01-04,2016-09-08,1
TTI,NYSE,1990-04-03,2026-06-24,0
TTM,NYSE,2004-09-27,2026-06-24,0
TTMI,NASDAQ,2000-09-25,2026-06-24,0
TTNP,NASDAQ,2006-12-28,2025-10-01,1
TTPH,NASDAQ,2013-03-20,2020-07-28,1
TTRX,NASDAQ,2025-10-08,2026-06-24,0
TTTM,NYSE,2013-07-18,2019-07-01,1
TTWO,NASDAQ,1997-04-15,2026-06-24,0
TU,NYSE,1996-06-11,2026-06-24,0
TUBE,NASDAQ,2016-01-04,2016-12-20,1
TUC,NYSE,2006-12-28,2014-01-08,1
TUFN,NYSE,2019-04-11,2022-09-07,1
TULP,NASDAQ,1993-03-18,2026-06-24,0
TUMI,NYSE,2012-04-18,2016-08-09,1
TURB,NASDAQ,2023-09-22,2026-06-24,0
TURN,NASDAQ,2017-02-01,2025-09-12,1
TUSK,NASDAQ,2016-10-14,2026-06-24,0
TUYA,NYSE,2021-03-18,2026-06-24,0
TV,NYSE,1993-12-14,2026-06-24,0
TVA,NASDAQ,2025-05-16,2026-06-24,0
TVAI,NASDAQ,2025-07-02,2026-06-24,0
TVC,NYSE,1998-10-14,2026-06-24,0
TVE,NYSE,1999-05-19,2026-06-24,0
TVGN,NASDAQ,2024-02-15,2026-06-24,0
TVIA,NASDAQ,2016-01-04,2017-08-10,1
TVL,NYSE,2006-12-28,2013-07-30,1
TVPT,NYSE,2014-09-25,2019-05-30,1
TVRD,NASDAQ,2014-01-31,2026-06-24,0
TVTX,NASDAQ,2012-11-08,2026-06-24,0
TVTY,NASDAQ,1991-08-13,2022-09-08,1
TW,NASDAQ,2019-04-04,2026-06-24,0
TWAV,NASDAQ,1995-06-19,2026-06-24,0
TWB,NYSE,2006-12-28,2009-11-25,1
TWC,NYSE,2007-03-01,2016-05-26,1
TWCB,NASDAQ,2021-09-13,2023-07-25,1
TWCT,NASDAQ,2020-11-06,2021-08-30,1
TWFG,NASDAQ,2024-07-18,2026-06-24,0
TWG,NASDAQ,2024-04-16,2026-06-24,0
TWGP,NASDAQ,2004-10-21,2014-09-15,1
TWI,NYSE,1993-05-20,2026-06-24,0
TWIN,NASDAQ,1987-12-31,2026-06-24,0
TWKS,NASDAQ,2021-09-15,2024-11-13,1
TWLO,NYSE,2016-06-23,2026-06-24,0
TWLV,NASDAQ,2026-01-09,2026-06-24,0
TWNI,NYSE,2021-04-09,2023-05-05,1
TWNK,NASDAQ,2015-11-30,2023-11-07,1
TWNP,NASDAQ,2025-01-30,2026-06-24,0
TWNPV,NASDAQ,2025-01-28,2025-01-29,1
TWO,NYSE,2009-10-30,2026-06-24,0
TWOA,NYSE,2021-03-30,2024-03-27,1
TWOD,NYSE,2025-05-16,2026-06-24,0
TWOU,NASDAQ,2026-02-06,2026-06-24,0
TWST,NASDAQ,2018-10-31,2026-06-24,0
TWTR,NYSE,2013-11-07,2022-10-28,1
TWX,NYSE,1992-03-19,2018-06-15,1
TX,NYSE,2006-02-01,2026-06-24,0
TXCOQ,NASDAQ,2010-01-04,2010-02-11,1
TXG,NASDAQ,2019-09-12,2026-06-24,0
TXI,NYSE,1978-05-01,2014-07-01,1
TXMD,NASDAQ,2003-12-11,2026-06-24,0
TXN,NASDAQ,1972-06-01,2026-06-24,0
TXNM,NYSE,1984-08-10,2026-06-24,0
TXO,NYSE,2023-01-27,2026-06-24,0
TXRH,NASDAQ,2004-10-05,2026-06-24,0
TXT,NYSE,1984-10-24,2026-06-24,0
TXTR,NYSE,2013-06-06,2016-06-10,1
TYDEV,NASDAQ,2022-05-18,2022-06-29,1
TYGO,NASDAQ,2021-09-03,2026-06-24,0
TYL,NYSE,1987-12-30,2026-06-24,0
TYME,NASDAQ,2015-03-12,2022-09-16,1
TYPE,NASDAQ,2007-07-25,2019-10-11,1
TYRA,NASDAQ,2021-09-15,2026-06-24,0
TZF,NYSE,2016-02-04,2016-03-09,1
TZOO,NASDAQ,2002-08-28,2026-06-24,0
TZPS,NASDAQ,2021-03-15,2023-01-20,1
U,NYSE,2020-09-18,2026-06-24,0
UA,NYSE,2016-04-07,2026-06-24,0
UAA,NYSE,2005-11-18,2026-06-24,0
UAC,AMEX,2026-02-18,2026-06-24,0
UACL,NASDAQ,2005-02-10,2016-05-13,1
UAL,NASDAQ,2006-02-06,2026-06-24,0
UAM,NYSE,1990-03-26,2017-07-14,1
UAMY,NYSE,2000-02-24,2026-06-24,0
UAN,NYSE,2011-04-08,2026-06-24,0
UAVS,AMEX,2018-03-26,2026-06-24,0
UBA,NYSE,1998-08-17,2023-08-17,1
UBCP,NASDAQ,1995-08-18,2026-06-24,0
UBER,NYSE,2019-05-10,2026-06-24,0
UBFO,NASDAQ,1999-03-03,2026-06-24,0
UBNK,NASDAQ,2005-08-17,2019-10-31,1
UBP,NYSE,1987-11-05,2023-08-28,1
UBS,NYSE,2014-11-21,2026-06-24,0
UBSI,NASDAQ,1990-03-26,2026-06-24,0
UBXG,NASDAQ,2024-03-28,2026-06-24,0
UCAP,NASDAQ,2011-07-28,2015-10-01,1
UCAR,NASDAQ,2024-08-30,2026-06-24,0
UCB,NYSE,2002-03-18,2026-06-24,0
UCBA,NASDAQ,2006-03-31,2018-09-24,1
UCBI,NASDAQ,2024-07-29,2024-08-05,1
UCFC,NASDAQ,1998-07-09,2020-01-31,1
UCFI,NASDAQ,2024-02-16,2026-06-24,0
UCIA,NASDAQ,2001-01-02,2012-05-14,1
UCL,NASDAQ,2020-06-10,2026-06-24,0
UCOP,NYSE,2026-04-21,2026-06-24,0
UCP,NYSE,2013-07-18,2017-08-24,1
UCTT,NASDAQ,2004-03-25,2026-06-24,0
UDMY,NASDAQ,2021-10-29,2026-05-11,1
UDR,NYSE,1990-03-07,2026-06-24,0
UDRL,NASDAQ,2006-12-28,2012-11-05,1
UDWKQ,NYSE,2014-02-18,2017-12-13,1
UE,NYSE,2015-01-16,2026-06-24,0
UEC,AMEX,2007-04-05,2026-06-24,0
UEIC,NASDAQ,1993-02-12,2026-06-24,0
UFCS,NASDAQ,1990-03-26,2026-06-24,0
UFG,NASDAQ,2025-01-14,2026-06-24,0
UFI,NYSE,1990-03-26,2026-06-24,0
UFPI,NASDAQ,1993-11-10,2026-06-24,0
UFPT,NASDAQ,1993-12-17,2026-06-24,0
UFS,NYSE,2001-01-02,2021-11-30,1
UG,NASDAQ,1992-03-17,2026-06-24,0
UGI,NYSE,1988-01-05,2026-06-24,0
UGIC,NYSE,2021-05-18,2024-05-31,1
UGNEQ,NASDAQ,2017-09-20,2019-06-25,1
UGP,NYSE,1999-10-07,2026-06-24,0
UHAL,NYSE,1994-11-04,2026-06-24,0
UHG,NASDAQ,2021-03-29,2026-05-05,1
UHS,NYSE,1990-03-26,2026-06-24,0
UHT,NYSE,1987-11-05,2026-06-24,0
UI,NYSE,2011-10-14,2026-06-24,0
UIL,NYSE,1987-08-31,2015-12-16,1
UIS,NYSE,1972-06-01,2026-06-24,0
UK,NASDAQ,2020-11-18,2026-06-24,0
UL,NYSE,1988-01-04,2026-06-24,0
ULBI,NASDAQ,1992-12-23,2026-06-24,0
ULCC,NASDAQ,2021-04-01,2026-06-24,0
ULH,NASDAQ,2016-05-02,2026-06-24,0
ULS,NYSE,2024-04-12,2026-06-24,0
ULTA,NASDAQ,2007-10-25,2026-06-24,0
ULTI,NASDAQ,1998-06-17,2019-05-03,1
UMAC,AMEX,2024-02-14,2026-06-24,0
UMAL,BATS,2026-06-18,2026-06-24,0
UMBF,NASDAQ,1990-03-27,2026-06-24,0
UMBFO,NASDAQ,2025-06-13,2026-06-24,0
UMBFP,NASDAQ,2025-02-04,2026-06-24,0
UMC,NYSE,2000-09-19,2026-06-24,0
UMCX,BATS,2026-06-24,2026-06-24,0
UMH,NYSE,1993-12-06,2026-06-24,0
UMPQ,NASDAQ,1998-06-03,2023-03-01,1
UN,NYSE,1985-05-17,2020-11-27,1
UNAMQ,NASDAQ,1990-03-26,2026-05-28,1
UNB,NASDAQ,1999-08-09,2026-06-24,0
UNCY,NASDAQ,2021-07-12,2026-06-24,0
UNF,NYSE,1988-01-05,2026-06-24,0
UNFI,NYSE,1996-11-01,2026-06-24,0
UNH,NYSE,1990-03-26,2026-06-24,0
UNIS,NASDAQ,2010-02-16,2017-04-20,1
UNISQ,NASDAQ,2016-01-04,2018-01-02,1
UNIT,NASDAQ,2015-04-20,2026-06-24,0
UNM,NYSE,1986-11-06,2026-06-24,0
UNMA,NYSE,2018-06-19,2026-06-24,0
UNP,NYSE,1980-01-02,2026-06-24,0
UNS,NYSE,1985-08-30,2014-08-15,1
UNT,NYSE,1988-01-05,2020-12-23,1
UNTD,NASDAQ,2013-11-01,2016-07-05,1
UNTY,NASDAQ,1997-01-14,2026-06-24,0
UNVR,NYSE,2015-06-18,2023-07-31,1
UNXL,NASDAQ,2006-03-07,2017-09-12,1
UONE,NASDAQ,1999-05-06,2026-06-24,0
UONEK,NASDAQ,2000-06-07,2026-06-24,0
UP,NYSE,2020-11-13,2026-06-24,0
UPAL,NYSE,2026-04-21,2026-06-24,0
UPB,NASDAQ,2024-10-11,2026-06-24,0
UPBD,NASDAQ,1995-01-25,2026-06-24,0
UPC,NASDAQ,2021-03-23,2026-06-24,0
UPGI,NYSE,2006-12-21,2018-06-15,1
UPI,NASDAQ,1999-05-03,2015-03-31,1
UPLD,NASDAQ,2014-11-06,2026-06-24,0
UPLM,NASDAQ,2017-04-13,2019-08-07,1
UPLT,NYSE,2026-04-21,2026-06-24,0
UPS,NYSE,1999-11-10,2026-06-24,0
UPST,NASDAQ,2020-12-16,2026-06-24,0
UPWK,NASDAQ,2018-10-03,2026-06-24,0
UPXI,NASDAQ,2021-06-24,2026-06-24,0
UQM,NYSE,2000-10-02,2019-07-31,1
URBN,NASDAQ,1993-11-09,2026-06-24,0
URG,AMEX,2008-07-25,2026-06-24,0
URGN,NASDAQ,2017-05-04,2026-06-24,0
URI,NYSE,1997-12-18,2026-06-24,0
UROV,NASDAQ,2018-09-27,2021-03-29,1
UROY,NASDAQ,2020-01-14,2026-06-24,0
URRE,NASDAQ,1998-01-12,2017-08-18,1
URS,NYSE,1972-06-01,2014-10-17,1
URSP,NYSE,2025-08-27,2026-06-24,0
URZ,NYSE,2005-11-10,2015-06-18,1
USAB,NASDAQ,2017-08-24,2017-12-29,1
USAC,NYSE,2013-01-15,2026-06-24,0
USAK,NASDAQ,1992-03-20,2022-09-15,1
USAP,NASDAQ,1994-12-28,2025-01-23,1
USAR,NASDAQ,2023-07-17,2026-06-24,0
USAS,AMEX,2016-12-28,2026-06-24,0
USAU,NASDAQ,1992-03-17,2026-06-24,0
USB,NYSE,1987-11-05,2026-06-24,0
USBC,AMEX,2006-04-18,2026-06-24,0
USCB,NASDAQ,2021-07-23,2026-06-24,0
USCR,NASDAQ,2010-10-15,2021-08-26,1
USEA,NASDAQ,2022-07-06,2026-06-24,0
USER,NYSE,2021-11-17,2023-01-11,1
USFD,NYSE,2016-05-26,2026-06-24,0
USG,NYSE,1988-07-07,2019-05-20,1
USGO,NASDAQ,2023-04-20,2026-06-24,0
USIO,NASDAQ,2001-01-02,2026-06-24,0
USLM,NASDAQ,1990-03-26,2026-06-24,0
USLN,BATS,2026-03-04,2026-06-24,0
USMD,NYSE,2016-01-04,2026-06-24,0
USMR,NYSE ARCA,2016-09-20,2017-09-28,1
USNA,NYSE,1995-02-01,2026-06-24,0
USOI,NASDAQ,2024-06-03,2026-06-24,0
USPH,NYSE,1992-05-29,2026-06-24,0
USTR,NASDAQ,1990-03-26,2015-05-29,1
USU,NYSE,1998-07-23,2014-09-29,1
USWS,NASDAQ,2017-05-05,2022-11-01,1
USX,NYSE,2018-06-14,2026-06-24,0
UTAA,NASDAQ,2022-01-25,2023-09-15,1
UTEK,NASDAQ,1993-09-29,2017-06-05,1
UTHR,NASDAQ,1999-06-17,2026-06-24,0
UTI,NYSE,2003-12-18,2026-06-24,0
UTIW,NASDAQ,2016-01-04,2016-02-01,1
UTL,NYSE,1992-03-17,2026-06-24,0
UTMD,NASDAQ,1999-03-08,2026-06-24,0
UTRA,NYSE,2012-05-07,2013-09-26,1
UTSI,NASDAQ,2000-03-03,2026-06-24,0
UTZ,NYSE,2018-11-26,2026-06-24,0
UUU,AMEX,1995-08-18,2026-06-24,0
UUUU,AMEX,2006-11-24,2026-06-24,0
UVE,NYSE,2003-06-06,2026-06-24,0
UVSP,NASDAQ,1998-04-16,2026-06-24,0
UVV,NYSE,1988-01-05,2026-06-24,0
UWMC,NYSE,2021-03-04,2026-06-24,0
UWN,NYSE,1999-05-03,2019-06-14,1
UXIN,NASDAQ,2018-06-27,2026-06-24,0
UYSC,NASDAQ,2025-05-27,2026-06-24,0
UZA,NYSE,2011-05-16,2021-08-31,1
UZB,NYSE,2014-12-09,2021-05-11,1
UZC,NYSE,2015-11-24,2021-06-15,1
UZD,NYSE,2020-08-19,2026-06-24,0
UZE,NYSE,2020-12-15,2026-06-24,0
UZF,NYSE,2021-05-26,2026-06-24,0
UZG,NYSE,2017-01-25,2017-02-14,1
UZV,NYSE,2017-02-07,2017-03-03,1
UZX,NASDAQ,2026-05-15,2026-06-24,0
V,NYSE,2008-03-19,2026-06-24,0
VA,NASDAQ,2016-01-04,2016-12-15,1
VABK,NASDAQ,2001-06-04,2026-06-24,0
VAC,NYSE,2011-11-08,2026-06-24,0
VACH,NASDAQ,2024-09-30,2026-06-11,1
VACI,NYSE,2025-11-20,2026-06-24,0
VACQ,NASDAQ,2020-11-24,2021-08-24,1
VAIE,NYSE,2026-05-12,2026-06-24,0
VAL,NYSE,1992-03-17,2026-06-24,0
VALE,NYSE,2002-03-21,2026-06-24,0
VALN,NASDAQ,2021-05-05,2026-06-24,0
VALU,NASDAQ,1995-08-18,2026-06-24,0
VAM,NYSE,2018-05-10,2020-06-05,1
VANI,NASDAQ,2014-11-19,2026-06-24,0
VAQC,NASDAQ,2021-03-10,2024-03-04,1
VAR,NYSE,1988-01-05,2021-04-16,1
VASC,NASDAQ,2016-01-04,2017-02-21,1
VATE,NYSE,2009-07-13,2026-06-24,0
VBFC,NASDAQ,1996-04-01,2025-03-31,1
VBIO,NASDAQ,2021-11-11,2026-06-24,0
VBIV,NASDAQ,2026-02-06,2026-06-24,0
VBNK,NASDAQ,2021-08-27,2026-06-24,0
VBOC,NASDAQ,2022-03-01,2023-07-19,1
VBTX,NASDAQ,2014-10-09,2026-06-24,0
VBX,BATS,2026-06-03,2026-06-24,0
VC,NASDAQ,2010-10-05,2026-06-24,0
VCBI,NASDAQ,2006-12-28,2014-01-31,1
VCEL,NASDAQ,1997-02-04,2026-06-24,0
VCI,NYSE,2006-12-28,2014-02-04,1
VCIC,NASDAQ,2024-10-28,2026-06-24,0
VCIG,NASDAQ,2023-04-13,2026-06-24,0
VCO,NYSE,1994-10-17,2018-07-12,1
VCRA,NYSE,2012-03-28,2022-02-23,1
VCSA,NASDAQ,2021-04-08,2025-05-01,1
VCTR,NASDAQ,2018-02-08,2026-06-24,0
VCVC,NASDAQ,2021-01-13,2021-07-22,1
VCX,NYSE,2026-05-26,2026-06-24,0
VCXA,NASDAQ,2021-10-05,2023-12-06,1
VCXB,NYSE MKT,2022-03-04,2024-07-12,1
VCYT,NASDAQ,2013-10-30,2026-06-24,0
VDG,BATS,2026-04-16,2026-06-24,0
VDSI,NASDAQ,1998-05-21,2018-06-05,1
VDTH,NASDAQ,2015-04-01,2018-04-12,1
VDV,BATS,2026-04-16,2026-06-24,0
VEAC,NASDAQ,2017-04-28,2019-04-15,1
VECA,NYSE,2026-05-19,2026-06-24,0
VECO,NASDAQ,1994-11-29,2026-06-24,0
VECT,NASDAQ,2021-04-08,2026-06-24,0
VEDL,NYSE,2007-06-20,2026-06-24,0
VEEA,NASDAQ,2024-09-17,2026-06-24,0
VEEE,NASDAQ,2021-07-21,2026-06-24,0
VEEV,NYSE,2013-10-16,2026-06-24,0
VEI,NYSE,2021-03-18,2021-11-01,1
VEL,NYSE,2020-01-17,2026-06-24,0
VELO,NASDAQ,2021-04-19,2026-06-24,0
VELTF,NASDAQ,2016-01-04,2018-04-24,1
VEM,NYSE,2026-02-04,2026-06-24,0
VENU,AMEX,2024-11-27,2026-06-24,0
VEON,NASDAQ,1996-11-15,2026-06-24,0
VER,NYSE,2015-07-31,2021-10-29,1
VERA,NASDAQ,2021-05-14,2026-06-24,0
VERB,NASDAQ,2015-02-02,2025-08-29,1
VERI,NASDAQ,2017-05-12,2026-06-24,0
VERU,NASDAQ,1999-02-11,2026-06-24,0
VERV,NASDAQ,2021-06-17,2025-07-25,1
VERX,NASDAQ,2020-07-29,2026-06-24,0
VERY,NASDAQ,2019-08-15,2024-07-01,1
VET,NYSE,2010-09-14,2026-06-24,0
VFC,NYSE,1985-07-01,2026-06-24,0
VFF,NASDAQ,2010-03-25,2026-06-24,0
VFS,NASDAQ,2021-09-07,2026-06-24,0
VG,NYSE,2025-01-24,2026-06-24,0
VGAS,NASDAQ,2021-10-04,2026-06-24,0
VGFC,NASDAQ,2020-07-31,2023-01-20,1
VGNT,NYSE,2026-04-01,2026-06-24,0
VGR,NYSE,1987-10-09,2024-10-07,1
VGVT,NYSE,2025-07-09,2026-06-24,0
VGZ,AMEX,1990-04-30,2026-06-24,0
VHAI,BATS,2024-02-22,2024-09-10,1
VHC,NASDAQ,1999-07-30,2026-06-24,0
VHCP,NASDAQ,2026-02-09,2026-06-24,0
VHI,NYSE,1986-06-04,2026-06-24,0
VHNA,NASDAQ,2022-01-13,2023-09-20,1
VHS,NYSE,2011-06-22,2013-09-30,1
VHUB,NASDAQ,2026-01-30,2026-06-24,0
VIA,NYSE,2025-09-12,2026-06-24,0
VIAB,NASDAQ,2005-12-05,2019-12-04,1
VIABP,NASDAQ,2021-03-25,2021-03-26,1
VIAC,NYSE,2005-12-05,2019-12-04,1
VIACP,NASDAQ,2021-03-24,2022-02-16,1
VIAS,NASDAQ,1994-05-27,2015-05-29,1
VIASP,NASDAQ,2017-03-10,2026-06-24,0
VIAV,NASDAQ,2015-08-04,2026-06-24,0
VIAVV,NASDAQ,2015-07-23,2015-08-03,1
VICI,NYSE,2017-10-17,2026-06-24,0
VICR,NASDAQ,1991-11-27,2026-06-24,0
VIDA,AMEX,2026-05-15,2026-06-24,0
VIE,NASDAQ,2019-10-03,2021-03-15,1
VIGL,NASDAQ,2022-01-07,2025-08-05,1
VII,NYSE,1992-03-17,2018-07-11,1
VIK,NYSE,2024-05-01,2026-06-24,0
VIMC,NASDAQ,2005-11-15,2015-12-18,1
VINP,NASDAQ,2021-01-28,2026-06-24,0
VIOT,NASDAQ,2018-09-25,2026-06-24,0
VIPS,NYSE,2012-03-23,2026-06-24,0
VIR,NASDAQ,2019-10-11,2026-06-24,0
VIRC,NASDAQ,1992-03-17,2026-06-24,0
VIRT,NYSE,2015-04-16,2026-06-24,0
VISN,NASDAQ,2013-10-25,2026-06-24,0
VIST,NYSE,2019-07-26,2026-06-24,0
VITL,NASDAQ,2020-07-31,2026-06-24,0
VIV,NYSE,1998-11-16,2026-06-24,0
VIVK,NASDAQ,2026-04-27,2026-06-24,0
VIVO,NASDAQ,2016-12-29,2026-06-24,0
VIVS,NASDAQ,2012-02-14,2026-06-24,0
VKTX,NASDAQ,2015-04-29,2026-06-24,0
VLAT,NASDAQ,2021-06-24,2023-05-08,1
VLCN,NASDAQ,2021-10-06,2026-06-24,0
VLGEA,NASDAQ,1990-03-27,2026-06-24,0
VLN,NYSE,2021-10-01,2026-06-24,0
VLNS,NASDAQ,2009-09-28,2023-01-17,1
VLO,NYSE,1982-01-04,2026-06-24,0
VLP,NYSE,2013-12-11,2019-02-04,1
VLRS,NYSE,2013-09-18,2026-06-24,0
VLTA,NYSE,2020-11-02,2023-04-04,1
VLTO,NYSE,2023-10-02,2026-06-24,0
VLY,NASDAQ,1990-03-23,2026-06-24,0
VLYPN,NASDAQ,2024-07-30,2026-06-24,0
VLYPO,NASDAQ,2017-07-28,2026-06-24,0
VLYPP,NASDAQ,2015-06-17,2026-06-24,0
VM,NYSE,2007-10-11,2009-11-24,1
VMAC,NASDAQ,2020-08-21,2022-02-08,1
VMAR,NASDAQ,2020-11-24,2026-06-24,0
VMC,NYSE,1988-01-05,2026-06-24,0
VMD,NASDAQ,2018-01-04,2026-06-24,0
VMED,NASDAQ,2004-07-19,2013-06-24,1
VMEM,NYSE,2013-09-27,2016-10-27,1
VMEMQ,NYSE,2016-01-04,2017-08-28,1
VMEO,NASDAQ,2021-05-25,2025-11-24,1
VMEOV,NASDAQ,2021-05-19,2021-05-24,1
VMET,NASDAQ,2025-08-28,2026-06-24,0
VMGA,NASDAQ,2022-01-03,2023-05-15,1
VMI,NYSE,1990-03-26,2026-06-24,0
VMW,NYSE,2007-08-15,2023-11-22,1
VNCE,NASDAQ,2013-11-22,2026-06-24,0
VNDA,NASDAQ,2006-04-12,2026-06-24,0
VNE,NYSE,2018-06-11,2022-04-01,1
VNET,NASDAQ,2011-04-21,2026-06-24,0
VNLPY,NASDAQ,2007-07-13,2018-11-07,1
VNME,NASDAQ,2025-08-22,2026-06-24,0
VNO,NYSE,1988-01-05,2026-06-24,0
VNOM,NASDAQ,2014-06-18,2026-06-24,0
VNR,NASDAQ,2017-01-03,2017-02-10,1
VNRAP,NASDAQ,2017-01-03,2017-02-10,1
VNRBP,NASDAQ,2017-01-03,2017-02-10,1
VNRCP,NASDAQ,2017-01-03,2017-02-10,1
VNRX,AMEX,2011-10-11,2026-06-24,0
VNT,NYSE,2020-09-25,2026-06-24,0
VNTG,AMEX,2025-06-11,2026-06-24,0
VNTV,NYSE,2012-03-22,2018-01-12,1
VOC,NYSE,2011-05-06,2026-06-24,0
VOCS,NASDAQ,2005-12-07,2014-05-30,1
VOD,NASDAQ,1988-12-16,2026-06-24,0
VOLC,NASDAQ,2006-06-15,2015-02-25,1
VOLT,NASDAQ,1990-03-26,2026-06-24,0
VOOX,BATS,2026-06-03,2026-06-24,0
VOR,NASDAQ,2021-02-05,2026-06-24,0
VOSO,NASDAQ,2021-03-16,2021-11-22,1
VOXP,BATS,2026-03-27,2026-06-24,0
VOXR,NASDAQ,2020-07-28,2026-06-24,0
VOXX,NASDAQ,1992-03-16,2025-04-01,1
VOYA,NYSE,2013-05-02,2026-06-24,0
VOYG,NYSE,2025-06-11,2026-06-24,0
VPCB,NASDAQ,2021-05-05,2023-03-21,1
VPCO,NASDAQ,2010-02-10,2016-02-16,1
VPFG,NASDAQ,2006-10-03,2014-12-31,1
VPG,NYSE,2010-06-23,2026-06-24,0
VPRT,NASDAQ,2005-09-30,2014-11-12,1
VPS,NYSE MKT,2017-01-25,2017-02-01,1
VQ,NYSE,2006-12-28,2012-10-03,1
VRA,NASDAQ,2010-10-21,2026-06-24,0
VRAX,NASDAQ,2022-07-21,2026-06-24,0
VRCA,NASDAQ,2018-06-15,2026-06-24,0
VRDN,NASDAQ,2014-06-18,2026-06-24,0
VRE,NYSE,1994-08-25,2026-05-26,1
VREX,NASDAQ,2017-01-20,2026-06-24,0
VREXV,NASDAQ,2017-01-20,2017-01-27,1
VRM,NASDAQ,2020-06-09,2026-06-24,0
VRME,NASDAQ,2009-05-07,2026-06-24,0
VRN,NYSE,2006-07-20,2025-05-15,1
VRNA,NASDAQ,2017-04-27,2025-10-07,1
VRNS,NASDAQ,2014-02-28,2026-06-24,0
VRNT,NASDAQ,2002-05-16,2025-11-26,1
VRRM,NASDAQ,2017-03-24,2026-06-24,0
VRS,NYSE,2016-07-19,2022-04-01,1
VRSK,NASDAQ,2009-10-07,2026-06-24,0
VRSN,NASDAQ,1998-01-30,2026-06-24,0
VRT,NYSE,2018-07-30,2026-06-24,0
VRTS,NYSE,2009-01-02,2026-06-24,0
VRTSP,NASDAQ,2017-01-27,2020-02-03,1
VRTU,NASDAQ,2007-08-03,2021-02-11,1
VRTV,NYSE,2014-07-01,2023-11-30,1
VRTX,NASDAQ,1991-07-24,2026-06-24,0
VRX,NYSE,1994-03-30,2018-07-13,1
VRXA,NASDAQ,2026-06-11,2026-06-24,0
VS,NASDAQ,2021-01-15,2026-06-24,0
VSA,NASDAQ,2014-04-03,2026-06-24,0
VSAC,NASDAQ,2021-12-23,2026-06-24,0
VSAR,NASDAQ,2014-03-21,2018-10-15,1
VSAT,NASDAQ,1996-12-03,2026-06-24,0
VSB,NYSE,2013-07-22,2014-11-24,1
VSCP,NASDAQ,2016-01-04,2016-05-12,1
VSEC,NASDAQ,1995-08-18,2026-06-24,0
VSEE,NASDAQ,2021-12-31,2026-06-24,0
VSH,NYSE,1988-01-04,2026-06-24,0
VSI,NYSE,2009-10-28,2019-12-16,1
VSLR,NYSE,2014-10-01,2020-10-09,1
VSM,NYSE,2016-10-03,2019-10-14,1
VSME,NASDAQ,2023-09-27,2026-06-24,0
VSNT,NASDAQ,2025-12-15,2026-06-24,0
VSNTV,NASDAQ,2025-12-15,2026-06-24,0
VSR,NYSE,1992-03-17,2017-09-26,1
VST,NYSE,2016-10-04,2026-06-24,0
VSTA,NASDAQ,2020-07-31,2026-06-24,0
VSTD,NASDAQ,2022-09-09,2026-06-24,0
VSTM,NASDAQ,2012-01-27,2026-06-24,0
VSTO,NYSE,2015-02-10,2024-11-27,1
VSTS,NYSE,2023-09-27,2026-06-24,0
VSXY,NYSE,2021-07-21,2026-06-24,0
VTAE,NASDAQ,2014-09-23,2016-10-26,1
VTAK,AMEX,2018-09-27,2026-06-24,0
VTEX,NYSE,2021-07-21,2026-06-24,0
VTG,NYSE,2007-06-08,2026-06-24,0
VTGN,NASDAQ,2016-05-06,2026-06-24,0
VTIQ,NASDAQ,2021-03-03,2022-12-09,1
VTIX,NASDAQ,2026-01-27,2026-06-24,0
VTLE,NYSE,2011-12-15,2025-12-12,1
VTMX,NYSE,2023-06-30,2026-06-24,0
VTOL,NYSE,2013-01-22,2026-06-24,0
VTP,NYSE,2025-07-09,2026-06-24,0
VTR,NYSE,1997-05-05,2026-06-24,0
VTRB,NYSE,2013-03-11,2019-01-29,1
VTRS,NASDAQ,2020-11-16,2026-06-24,0
VTRSV,NASDAQ,2020-11-12,2020-11-17,1
VTRU,NASDAQ,2020-09-18,2024-06-14,1
VTS,NYSE,2023-01-10,2026-06-24,0
VTSI,NASDAQ,2016-01-04,2026-06-24,0
VTSS,NASDAQ,1991-12-11,2015-05-06,1
VTTI,NYSE,2014-08-01,2017-09-28,1
VTVT,NASDAQ,2015-07-30,2026-06-24,0
VTYX,NASDAQ,2021-10-21,2026-03-04,1
VUZI,NASDAQ,2010-04-05,2026-06-24,0
VVC,NYSE,1987-11-05,2019-02-26,1
VVNT,NYSE,2020-01-21,2023-03-09,1
VVOS,NASDAQ,2020-12-11,2026-06-24,0
VVV,NYSE,2016-09-23,2026-06-24,0
VVX,NYSE,2014-09-16,2026-06-24,0
VWAV,NASDAQ,2025-07-15,2026-06-24,0
VWR,NASDAQ,2014-10-02,2017-11-21,1
VWTR,NASDAQ,1991-03-21,2022-05-25,1
VYFC,NASDAQ,1997-01-03,2015-06-30,1
VYGG,NYSE,2020-11-20,2022-10-05,1
VYGR,NASDAQ,2015-11-11,2026-06-24,0
VYLD,NYSE,2025-03-20,2026-06-24,0
VYNE,NASDAQ,2018-01-25,2026-06-24,0
VYX,NYSE,1996-12-11,2026-06-24,0
VZ,NYSE,1983-11-21,2026-06-24,0
VZA,NYSE,2014-02-26,2019-03-08,1
VZIO,NYSE,2021-03-25,2024-12-03,1
VZLA,AMEX,2024-06-21,2026-06-24,0
W,NYSE,2014-10-02,2026-06-24,0
WAAS,NYSE,2016-10-06,2020-03-27,1
WAB,NYSE,1995-06-16,2026-06-24,0
WABC,NASDAQ,1992-03-17,2026-06-24,0
WAC,NYSE,1998-03-24,2018-02-09,1
WAFD,NASDAQ,1990-03-26,2026-06-24,0
WAFDP,NASDAQ,2021-02-02,2026-06-24,0
WAFU,NASDAQ,2019-04-30,2026-06-24,0
WAG,NYSE,1985-07-01,2015-11-23,1
WAGE,NYSE,2012-05-11,2019-08-30,1
WAI,NASDAQ,2023-04-18,2026-06-24,0
WAIR,NYSE,2011-07-28,2020-01-09,1
WAL,NYSE,2005-07-01,2026-06-24,0
WALA,NYSE,2016-06-21,2021-11-16,1
WALD,NASDAQ,2021-05-12,2026-06-24,0
WARR,NASDAQ,2022-09-08,2022-09-19,1
WASH,NASDAQ,1995-08-18,2026-06-24,0
WAT,NYSE,1995-11-17,2026-06-24,0
WATG,NASDAQ,2011-09-13,2012-11-15,1
WATS,BATS,2026-05-06,2026-06-24,0
WATT,NASDAQ,2014-03-28,2026-06-24,0
WAVC,NYSE,2021-10-12,2023-08-24,1
WAVE,NASDAQ,2021-07-01,2026-06-24,0
WAY,NASDAQ,2024-06-07,2026-06-24,0
WB,NASDAQ,2014-04-17,2026-06-24,0
WBA,NASDAQ,1985-07-01,2025-08-28,1
WBB,NASDAQ,2013-04-11,2017-10-13,1
WBC,NYSE,2007-08-01,2020-05-28,1
WBCO,NASDAQ,1998-06-23,2014-04-30,1
WBD,NASDAQ,2005-07-08,2026-06-24,0
WBDWV,NASDAQ,2022-04-04,2022-04-08,1
WBI,NYSE,2025-09-17,2026-06-24,0
WBK,NYSE,1989-06-30,2022-03-22,1
WBKC,NASDAQ,2011-01-20,2017-10-17,1
WBMD,NASDAQ,2005-09-29,2017-09-18,1
WBS,NYSE,1986-12-12,2026-06-24,0
WBSN,NASDAQ,2006-12-28,2013-06-25,1
WBT,NYSE,2016-02-18,2022-07-28,1
WBTN,NASDAQ,2024-06-27,2026-06-24,0
WBUY,NASDAQ,2023-10-19,2026-06-24,0
WBX,NYSE,2021-10-04,2026-06-24,0
WCAP,NYSE,2025-09-11,2026-06-24,0
WCC,NYSE,1999-05-12,2026-06-24,0
WCG,NYSE,2004-07-01,2020-01-23,1
WCIC,NYSE,2013-07-25,2017-07-10,1
WCIMQ,NYSE,2008-08-05,2009-09-03,1
WCMG,NYSE,2026-04-22,2026-06-24,0
WCN,NYSE,1998-05-22,2026-06-24,0
WCRX,NASDAQ,2006-09-21,2013-10-17,1
WCST,NASDAQ,2007-05-23,2017-07-14,1
WCT,NASDAQ,2024-10-02,2026-06-24,0
WD,NYSE,2010-12-15,2026-06-24,0
WDAF,NASDAQ,2025-09-12,2026-06-24,0
WDAY,NASDAQ,2012-10-12,2026-06-24,0
WDC,NASDAQ,1987-01-02,2026-06-24,0
WDCVV,NASDAQ,2025-02-13,2026-06-24,0
WDCX,BATS,2026-01-27,2026-06-24,0
WDFC,NASDAQ,1990-03-26,2026-06-24,0
WDGF,NASDAQ,2025-09-12,2026-06-24,0
WDH,NYSE,2021-05-07,2026-06-24,0
WDI,NYSE,2021-06-25,2026-06-24,0
WDR,NYSE,1998-03-05,2021-04-30,1
WDS,NYSE,2007-07-13,2026-06-24,0
WEAV,NYSE,2021-11-11,2026-06-24,0
WEB,NASDAQ,2015-11-10,2018-10-11,1
WEBK,NASDAQ,2012-01-26,2020-05-29,1
WEBR,NYSE,2021-08-05,2023-02-17,1
WEBX,NASDAQ,2026-06-03,2026-06-24,0
WEC,NYSE,1984-10-26,2026-06-24,0
WELD,NYSE ARCA,2026-06-22,2026-06-24,0
WELL,NYSE,2001-01-02,2026-06-24,0
WEN,NASDAQ,1992-03-17,2026-06-24,0
WENC,NYSE,2026-05-13,2026-06-24,0
WENN,NASDAQ,2025-07-07,2026-06-24,0
WERN,NASDAQ,1990-03-26,2026-06-24,0
WES,NYSE,2012-12-10,2026-06-24,0
WEST,NASDAQ,2022-08-26,2026-06-24,0
WETF,NASDAQ,2022-10-20,2022-11-04,1
WETH,NASDAQ,2017-09-25,2026-06-24,0
WETO,NASDAQ,2025-02-27,2026-06-24,0
WEX,NYSE,2005-02-16,2026-06-24,0
WEYS,NASDAQ,1990-03-26,2026-06-24,0
WF,NYSE,2003-10-01,2026-06-24,0
WFBI,NASDAQ,2004-07-28,2018-01-02,1
WFC,NYSE,1972-06-01,2026-06-24,0
WFCF,NASDAQ,2011-02-23,2026-06-24,0
WFD,NASDAQ,2001-12-28,2016-10-31,1
WFF,NASDAQ,2025-03-27,2026-06-24,0
WFG,NYSE,2007-07-13,2026-06-24,0
WFM,NASDAQ,1992-01-23,2017-08-29,1
WFRD,NASDAQ,2021-01-04,2026-06-24,0
WFTIQ,NYSE,1973-05-03,2019-12-13,1
WG,NYSE,1996-08-15,2018-03-27,1
WGBS,NASDAQ,2016-01-04,2017-03-02,1
WGL,NYSE,1987-06-22,2018-07-09,1
WGO,NYSE,1984-11-01,2026-06-24,0
WGRX,NASDAQ,2025-02-21,2026-06-24,0
WGS,NASDAQ,2020-11-04,2026-06-24,0
WH,NYSE,2018-05-21,2026-06-24,0
WHD,NYSE,2018-02-08,2026-06-24,0
WHF,NASDAQ,2012-12-06,2026-06-24,0
WHFBL,NASDAQ,2013-07-22,2018-08-09,1
WHFBZ,NASDAQ,2018-11-30,2021-12-16,1
WHFCL,NASDAQ,2023-08-28,2026-06-24,0
WHG,NYSE,2002-06-13,2026-06-24,0
WHK,NYSE,2026-06-09,2026-06-24,0
WHLR,NASDAQ,2012-11-19,2026-06-24,0
WHLRD,NASDAQ,2016-09-21,2026-06-24,0
WHLRL,NASDAQ,2021-09-03,2026-06-24,0
WHLRP,NASDAQ,2014-09-24,2026-06-24,0
WHR,NYSE,1983-06-10,2026-06-24,0
WHWK,NASDAQ,2017-08-08,2026-06-24,0
WIBC,NASDAQ,2016-01-04,2016-08-08,1
WIFI,NASDAQ,2011-05-04,2021-06-02,1
WILC,NASDAQ,1997-05-20,2026-06-24,0
WILN,NASDAQ,2016-01-04,2017-09-18,1
WIMI,NASDAQ,2020-04-01,2026-06-24,0
WINA,NASDAQ,1993-08-25,2026-06-24,0
WING,NASDAQ,2015-06-12,2026-06-24,0
WIRE,NASDAQ,1992-07-20,2024-07-03,1
WIT,NYSE,2000-10-19,2026-06-24,0
WIX,NASDAQ,2013-11-06,2026-06-24,0
WK,NYSE,2014-12-12,2026-06-24,0
WKC,NYSE,1990-07-30,2026-06-24,0
WKEY,NASDAQ,2019-01-11,2026-06-24,0
WKEYV,NASDAQ,2023-05-22,2023-05-23,1
WKHS,NASDAQ,2014-08-07,2026-06-24,0
WKME,NASDAQ,2021-06-16,2026-06-24,0
WKSP,NASDAQ,2003-07-15,2026-06-24,0
WLAC,NASDAQ,2024-12-30,2026-05-08,1
WLB,NASDAQ,1999-04-19,2018-04-24,1
WLBA,NASDAQ,2001-01-02,2018-10-09,1
WLDN,NASDAQ,2006-11-21,2026-06-24,0
WLDS,NASDAQ,2022-09-13,2026-06-24,0
WLDU,BATS,2026-03-10,2026-06-24,0
WLFC,NASDAQ,1996-11-15,2026-06-24,0
WLH,NYSE,2013-05-16,2020-02-05,1
WLII,NASDAQ,2026-04-06,2026-06-24,0
WLK,NYSE,2004-08-11,2026-06-24,0
WLKP,NYSE,2014-07-30,2026-06-24,0
WLL,NYSE,2020-09-02,2022-07-01,1
WLP,NYSE,2014-09-22,2014-12-02,1
WLT,NASDAQ,1995-10-10,2015-07-07,1
WLTH,NASDAQ,2025-12-12,2026-06-24,0
WLY,NYSE,1990-03-26,2026-06-24,0
WLYB,NYSE,1995-10-19,2026-06-24,0
WM,NYSE,1991-09-30,2026-06-24,0
WMAR,NASDAQ,1993-11-19,2017-09-15,1
WMB,NYSE,1981-12-31,2026-06-24,0
WMC,NYSE,2012-05-11,2023-12-06,1
WMG,NASDAQ,2020-06-03,2026-06-24,0
WMGI,NASDAQ,2001-07-17,2020-11-11,1
WMGIZ,NASDAQ,2013-03-05,2019-03-08,1
WMIH,NASDAQ,2012-03-28,2018-10-10,1
WMK,NYSE,1988-01-05,2026-06-24,0
WMLP,NYSE,2010-07-14,2018-10-09,1
WMPN,NASDAQ,2008-04-16,2025-04-30,1
WMS,NYSE,2014-07-25,2026-06-24,0
WMT,NASDAQ,1972-08-25,2026-06-24,0
WMZ,NYSE,2008-01-18,2010-08-31,1
WNC,NYSE,1991-11-08,2026-06-24,0
WNDR,BATS,2026-05-06,2026-06-24,0
WNEB,NASDAQ,2002-05-02,2026-06-24,0
WNNR,NYSE,2022-03-07,2024-03-28,1
WNR,NYSE,2006-01-19,2017-06-02,1
WNRL,NYSE,2013-10-10,2017-10-31,1
WNS,NYSE,2006-07-26,2025-10-16,1
WNW,NASDAQ,2020-12-15,2026-06-24,0
WOK,NASDAQ,2024-08-23,2026-06-24,0
WOLF,NYSE,2025-09-29,2026-06-24,0
WOOF,NASDAQ,2021-01-14,2026-06-24,0
WOR,NYSE,1990-03-26,2026-06-24,0
WORK,NYSE,2019-06-20,2021-07-21,1
WOW,NYSE,2017-05-25,2025-12-30,1
WP,NYSE,2018-01-12,2019-08-05,1
WPAC,NYSE,2026-02-24,2026-06-24,0
WPC,NYSE,1998-01-21,2026-06-24,0
WPCA,NYSE,2021-04-26,2023-03-09,1
WPCB,NYSE,2021-04-26,2023-03-09,1
WPCS,NASDAQ,2003-10-07,2018-01-30,1
WPM,NYSE,2016-01-04,2026-06-24,0
WPP,NYSE,1990-03-26,2026-06-24,0
WPPGY,NASDAQ,1990-03-26,2017-11-27,1
WPRT,NASDAQ,2008-08-15,2026-06-24,0
WPT,NYSE,2013-08-09,2017-07-10,1
WPX,NYSE,2011-12-12,2021-01-14,1
WPXP,NYSE,2015-07-30,2018-07-27,1
WPZ,NYSE,2005-08-18,2018-08-13,1
WQGA,NYSE,2021-10-01,2023-02-13,1
WR,NYSE,1987-08-25,2026-06-24,0
WRAC,NYSE MKT,2021-09-16,2024-02-29,1
WRAP,NASDAQ,2018-05-29,2026-06-24,0
WRB,NYSE,1984-09-07,2026-06-24,0
WRBY,NYSE,2021-09-29,2026-06-24,0
WRC,NYSE,2008-06-24,2013-10-17,1
WRD,NASDAQ,2024-10-25,2026-06-24,0
WRI,NYSE,1988-01-05,2021-08-03,1
WRK,NYSE,2015-06-24,2024-07-05,1
WRLD,NASDAQ,1991-12-02,2026-06-24,0
WRN,AMEX,2006-05-19,2026-06-24,0
WRNT,NASDAQ,2023-07-25,2026-06-24,0
WRS,NYSE,2006-12-20,2012-04-11,1
WRTH,NASDAQ,2026-04-28,2026-06-24,0
WS,NYSE,2023-11-28,2026-06-24,0
WSBC,NASDAQ,1995-08-18,2026-06-24,0
WSBCO,NASDAQ,2025-10-06,2026-06-24,0
WSBCP,NASDAQ,2020-08-05,2026-06-24,0
WSBF,NASDAQ,2005-10-05,2026-06-24,0
WSBK,NASDAQ,2025-05-02,2026-06-24,0
WSC,NASDAQ,2017-11-30,2026-06-24,0
WSCI,NASDAQ,1990-03-27,2018-11-07,1
WSDB,NYSE,2026-04-01,2026-06-24,0
WSE,NASDAQ,2026-05-11,2026-06-24,0
WSFS,NASDAQ,1990-03-26,2026-06-24,0
WSFSL,NASDAQ,2012-09-28,2017-09-28,1
WSG,NASDAQ,2019-07-26,2021-02-05,1
WSH,NASDAQ,2001-06-12,2016-01-04,1
WSHP,NASDAQ,2025-11-14,2026-06-24,0
WSM,NYSE,1990-03-26,2026-06-24,0
WSO,NYSE,1984-06-07,2026-06-24,0
WSR,NYSE,2010-08-26,2026-06-24,0
WST,NYSE,1988-01-05,2026-06-24,0
WSTC,NASDAQ,2013-03-22,2017-10-10,1
WSTE,NASDAQ,2011-04-13,2013-02-25,1
WSTN,NASDAQ,2025-12-31,2026-06-24,0
WT,NYSE,1993-03-04,2026-06-24,0
WTBA,NASDAQ,1999-05-03,2026-06-24,0
WTF,NASDAQ,2025-04-01,2026-06-24,0
WTFC,NASDAQ,1998-04-16,2026-06-24,0
WTFCM,NASDAQ,2015-07-09,2026-06-24,0
WTFCN,NASDAQ,2025-05-22,2026-06-24,0
WTFCP,NASDAQ,2020-05-07,2026-06-24,0
WTG,NASDAQ,2025-07-21,2026-06-24,0
WTI,NYSE,2005-01-28,2026-06-24,0
WTIB,NYSE,2025-12-10,2026-06-24,0
WTM,NYSE,1986-05-09,2026-06-24,0
WTMA,NASDAQ,2026-05-28,2026-06-24,0
WTO,NASDAQ,2021-04-06,2026-06-24,0
WTRE,NASDAQ,2019-03-28,2021-07-01,1
WTREP,NASDAQ,2019-08-12,2021-07-12,1
WTRG,NYSE,1987-12-30,2026-06-24,0
WTRU,NYSE,2019-04-18,2022-04-29,1
WTS,NYSE,1986-01-02,2026-06-24,0
WTT,NYSE MKT,1993-05-24,2023-08-04,1
WTTR,NYSE,2017-04-21,2026-06-24,0
WTW,NASDAQ,2016-01-05,2026-06-24,0
WU,NYSE,2006-10-02,2026-06-24,0
WUBA,NYSE,2013-10-31,2020-09-17,1
WUCT,NYSE ARCA,2023-03-27,2024-12-11,1
WULF,NASDAQ,1996-05-30,2026-06-24,0
WVE,NASDAQ,2015-11-11,2026-06-24,0
WVVI,NASDAQ,1994-09-15,2026-06-24,0
WVVIP,NASDAQ,2016-06-29,2026-06-24,0
WW,NASDAQ,2001-11-15,2026-06-24,0
WWAV,NYSE,2012-10-26,2017-07-17,1
WWAY,NASDAQ,2009-12-21,2013-02-12,1
WWD,NASDAQ,1996-05-30,2026-06-24,0
WWE,NYSE,1999-10-19,2023-09-11,1
WWR,AMEX,2017-08-22,2026-06-24,0
WWW,NYSE,1984-12-18,2026-06-24,0
WWWW,NASDAQ,2005-11-03,2015-11-09,1
WX,NYSE,2007-08-15,2026-06-24,0
WXM,NASDAQ,2025-04-01,2026-06-24,0
WY,NYSE,1973-05-03,2026-06-24,0
WYFI,NASDAQ,2025-08-07,2026-06-24,0
WYFL,BATS,2026-06-04,2026-06-24,0
WYHG,NASDAQ,2024-11-26,2026-06-24,0
WYIG,NASDAQ,2015-12-29,2018-02-06,1
WYN,NYSE,2006-07-19,2018-05-31,1
WYNN,NASDAQ,2002-10-25,2026-06-24,0
WYY,AMEX,1998-05-19,2026-06-24,0
X,NYSE,1991-04-12,2025-06-18,1
XA,BATS,2026-05-06,2026-06-24,0
XAGI,BATS,2026-06-03,2026-06-24,0
XAIL,BATS,2026-04-08,2026-04-16,1
XAIR,NASDAQ,2017-09-22,2026-06-24,0
XBFR,NYSE,2026-02-24,2026-06-24,0
XBIO,NASDAQ,2014-04-17,2026-06-24,0
XBIT,NASDAQ,2015-04-15,2026-06-24,0
XBITV,NASDAQ,2020-02-14,2020-02-19,1
XBIX,BATS,2026-06-03,2026-06-24,0
XBKS,NASDAQ,2004-07-09,2017-12-29,1
XBP,NASDAQ,2023-11-29,2026-06-24,0
XCBE,NASDAQ,2026-03-13,2026-06-24,0
XCH,NASDAQ,2024-09-10,2026-06-24,0
XCO,NYSE,2006-02-09,2017-12-26,1
XCRA,NASDAQ,1990-03-26,2018-10-01,1
XCUR,NASDAQ,2018-05-22,2026-06-24,0
XE,NASDAQ,2026-04-24,2026-06-24,0
XEC,NYSE,2002-09-25,2021-10-04,1
XEL,NASDAQ,1985-09-24,2026-06-24,0
XELB,NASDAQ,2001-06-14,2026-06-24,0
XELLL,NASDAQ,2025-10-08,2026-06-24,0
XENE,NASDAQ,2014-11-05,2026-06-24,0
XENT,NASDAQ,2014-07-24,2022-09-16,1
XERS,NASDAQ,2018-06-21,2026-06-24,0
XEUR,BATS,2026-06-03,2026-06-24,0
XEY,NASDAQ,2026-04-28,2026-06-24,0
XFIN,NASDAQ,2021-12-16,2024-10-01,1
XFLH,NYSE,2026-03-09,2026-06-24,0
XFOR,NASDAQ,2017-11-16,2026-06-24,0
XGN,NASDAQ,2019-09-19,2026-06-24,0
XHG,NASDAQ,2024-05-29,2026-06-24,0
XHLD,NASDAQ,2025-02-13,2026-06-24,0
XHOA,BATS,2026-06-03,2026-06-24,0
XHR,NYSE,2015-02-04,2026-06-24,0
XIFR,NYSE,2014-06-27,2026-06-24,0
XIN,NYSE,2007-12-12,2025-09-17,1
XIWC,BATS,2026-06-03,2026-06-24,0
XKE,NYSE,2003-08-28,2017-11-03,1
XKRE,BATS,2026-06-03,2026-06-24,0
XL,NYSE,1991-07-19,2018-09-13,1
XLBX,BATS,2026-06-03,2026-06-24,0
XLEX,BATS,2026-06-03,2026-06-24,0
XLFX,BATS,2026-06-03,2026-06-24,0
XLIX,BATS,2026-06-03,2026-06-24,0
XLKX,BATS,2026-06-03,2026-06-24,0
XLNX,NASDAQ,1990-06-18,2022-02-14,1
XLO,NASDAQ,2021-10-22,2026-06-24,0
XLPX,BATS,2026-06-03,2026-06-24,0
XLRN,NASDAQ,2013-09-19,2021-11-22,1
XLS,NYSE,2011-10-13,2015-05-29,1
XLUX,BATS,2026-06-03,2026-06-24,0
XLVX,BATS,2026-06-03,2026-06-24,0
XLYO,NASDAQ,2024-04-17,2024-04-18,1
XLYX,BATS,2026-06-03,2026-06-24,0
XM,NASDAQ,2021-01-28,2023-06-28,1
XMAX,NASDAQ,2011-10-17,2026-06-24,0
XMTR,NASDAQ,2021-06-30,2026-06-24,0
XNCR,NASDAQ,2013-12-03,2026-06-24,0
XNDU,NASDAQ,2026-01-02,2026-06-24,0
XNET,NASDAQ,2014-06-24,2026-06-24,0
XNPT,NASDAQ,2005-06-01,2016-07-06,1
XNY,NYSE,2010-11-23,2018-03-02,1
XOEF,NYSE,2025-07-09,2026-06-24,0
XOG,NASDAQ,2021-01-21,2021-11-24,1
XOM,NYSE,1970-01-02,2026-06-24,0
XOMA,NASDAQ,1989-04-05,2026-06-24,0
XOMAO,NASDAQ,2021-04-12,2026-06-24,0
XOMAP,NASDAQ,2020-12-16,2026-06-24,0
XONE,NASDAQ,2013-02-07,2021-11-24,1
XOOM,NASDAQ,2013-02-15,2015-11-11,1
XOS,NASDAQ,2021-08-20,2026-06-24,0
XOVL,BATS,2026-05-05,2026-06-24,0
XOXO,NYSE,1999-12-02,2018-12-21,1
XP,NASDAQ,2019-12-11,2026-06-24,0
XPAV,BATS,2026-06-03,2026-06-24,0
XPDB,NASDAQ,2022-02-01,2024-03-14,1
XPEL,NASDAQ,2007-07-18,2026-06-24,0
XPER,NYSE,2022-09-20,2026-06-24,0
XPEV,NYSE,2020-08-27,2026-06-24,0
XPL,AMEX,2006-09-06,2026-06-24,0
XPLR,NASDAQ,2008-03-07,2018-08-13,1
XPO,NYSE,2003-10-07,2026-06-24,0
XPOA,NYSE,2020-12-11,2022-08-05,1
XPOF,NYSE,2021-07-23,2026-06-24,0
XPON,NASDAQ,2022-04-01,2026-06-24,0
XPRO,NYSE,2013-08-09,2026-06-24,0
XPVVV,NASDAQ,2021-10-04,2026-06-24,0
XRA,NYSE,2006-05-09,2017-08-03,1
XRAY,NASDAQ,1991-04-25,2026-06-24,0
XRDC,NASDAQ,2015-12-03,2017-08-28,1
XRM,NYSE,2005-05-16,2018-12-14,1
XRN,NYSE,2016-06-29,2026-06-24,0
XRP,NYSE,2025-11-20,2026-06-24,0
XRPN,NASDAQ,2025-06-24,2026-06-24,0
XRPZ,NYSE,2025-11-24,2026-06-24,0
XRSC,NASDAQ,1995-02-01,2014-10-31,1
XRTX,NASDAQ,2018-11-28,2026-06-24,0
XRX,NASDAQ,1977-01-03,2026-06-24,0
XSEM,BATS,2026-06-03,2026-06-24,0
XSLL,NASDAQ,2026-03-18,2026-06-24,0
XSPL,NASDAQ,2018-05-03,2018-09-12,1
XTAI,BATS,2026-06-03,2026-06-24,0
XTIA,NASDAQ,2024-03-12,2026-06-24,0
XTKG,NASDAQ,2019-04-02,2026-06-24,0
XTLB,NASDAQ,2005-09-01,2026-06-24,0
XTLY,NYSE,2015-06-26,2017-08-17,1
XTNT,AMEX,2015-10-19,2026-06-24,0
XUE,NYSE,2010-11-01,2016-06-13,1
XV,NYSE,2025-04-15,2026-06-24,0
XVO,BATS,2026-06-03,2026-06-24,0
XVUG,BATS,2026-06-03,2026-06-24,0
XW,BATS,2026-06-03,2026-06-24,0
XWEL,NASDAQ,2018-01-05,2026-06-24,0
XWES,NASDAQ,2008-01-30,2015-01-05,1
XXI,NYSE,2025-12-08,2026-06-24,0
XXIA,NASDAQ,2000-10-24,2017-04-19,1
XXII,NASDAQ,2011-01-26,2026-06-24,0
XYF,NYSE,2018-09-19,2026-06-24,0
XYL,NYSE,2011-10-13,2026-06-24,0
XYLO,NASDAQ,2015-08-05,2025-08-22,1
XYN,NASDAQ,2017-07-18,2019-07-16,1
XYZ,NYSE,2015-11-19,2026-06-24,0
XZO,NYSE,2025-11-05,2026-06-24,0
Y,NYSE,1980-03-05,2022-10-28,1
YAAS,NASDAQ,2024-12-20,2026-06-24,0
YALA,NYSE,2020-09-30,2026-06-24,0
YB,NASDAQ,2025-04-30,2026-06-24,0
YCB,NASDAQ,2016-01-04,2016-09-19,1
YCBD,AMEX,2019-04-29,2026-06-24,0
YCLO,NYSE ARCA,2026-06-04,2026-06-24,0
YCY,NYSE,2025-10-29,2026-06-24,0
YDDL,NASDAQ,2025-10-09,2026-06-24,0
YDES,NASDAQ,2025-08-18,2026-06-24,0
YDKG,NASDAQ,2025-09-18,2026-06-24,0
YDKN,NASDAQ,2016-01-04,2017-03-20,1
YDLE,NASDAQ,2014-10-03,2015-11-19,1
YDNT,NASDAQ,2006-12-28,2013-02-12,1
YECO,NASDAQ,2015-06-26,2018-12-13,1
YELP,NYSE,2012-03-02,2026-06-24,0
YERR,NASDAQ,2016-01-04,2018-02-13,1
YETI,NYSE,2018-10-25,2026-06-24,0
YEXT,NYSE,2017-04-13,2026-06-24,0
YGE,NYSE,2007-06-08,2018-06-29,1
YGF,NASDAQ,2023-03-28,2024-03-25,1
YGRN,NYSE ARCA,2019-04-10,2020-12-17,1
YHC,NASDAQ,2023-08-10,2026-06-24,0
YHGJ,NASDAQ,2003-05-29,2026-06-24,0
YHNA,NASDAQ,2024-11-08,2026-06-24,0
YHOO,NASDAQ,1996-04-12,2017-06-26,1
YI,NASDAQ,2018-09-12,2026-06-24,0
YIBO,NASDAQ,2024-01-25,2026-06-24,0
YIN,NASDAQ,2016-04-27,2020-11-18,1
YJ,NASDAQ,2019-05-03,2026-06-24,0
YMAB,NASDAQ,2018-09-21,2025-09-16,1
YMAT,NASDAQ,2025-12-11,2026-06-24,0
YMM,NYSE,2021-06-22,2026-06-24,0
YMT,NASDAQ,2025-08-19,2026-06-24,0
YOKU,NYSE,2016-01-04,2016-04-13,1
YONG,NASDAQ,2009-09-03,2014-07-03,1
YOOV,NASDAQ,2025-04-21,2026-06-24,0
YORW,NASDAQ,1999-05-03,2026-06-24,0
YOU,NYSE,2021-06-30,2026-06-24,0
YOUL,NASDAQ,2025-07-10,2026-06-24,0
YPF,NYSE,1993-06-29,2026-06-24,0
YQ,NASDAQ,2020-12-04,2026-06-24,0
YRD,NYSE,2015-12-18,2026-06-24,0
YSG,NYSE,2020-11-19,2026-06-24,0
YSS,NYSE,2026-01-29,2026-06-24,0
YSWY,NASDAQ,2026-04-22,2026-06-24,0
YSXT,NASDAQ,2024-12-18,2026-06-24,0
YTPG,NYSE,2021-04-14,2023-04-14,1
YTRA,NASDAQ,2016-12-19,2026-06-24,0
YUM,NYSE,1997-09-17,2026-06-24,0
YUMA,NYSE,1997-01-02,2020-04-16,1
YUMC,NYSE,2016-10-17,2026-06-24,0
YUME,NYSE,2013-08-07,2018-02-02,1
YUNG,BATS,2026-05-06,2026-06-24,0
YXT,NASDAQ,2024-08-16,2026-06-24,0
YYAI,NASDAQ,2019-05-24,2026-06-24,0
YYGH,NASDAQ,2024-04-22,2026-06-24,0
YYYM,NYSE,2026-03-10,2026-06-24,0
YZC,NYSE,1998-04-01,2017-07-10,1
Z,NASDAQ,2015-08-03,2026-06-24,0
ZAGG,NASDAQ,2007-09-04,2021-02-22,1
ZAIS,NASDAQ,2013-03-22,2018-05-18,1
ZAVVV,NASDAQ,2015-08-03,2015-08-14,1
ZAYO,NYSE,2014-10-17,2020-03-11,1
ZAZZT,NASDAQ,2016-08-30,2026-06-24,0
ZBAI,NASDAQ,2024-12-17,2026-05-15,1
ZBAO,NASDAQ,2024-04-02,2026-06-24,0
ZBB,AMEX,2007-06-18,2015-08-14,1
ZBH,NYSE,2001-07-25,2026-06-24,0
ZBIO,NASDAQ,2024-09-13,2026-06-24,0
ZBRA,NASDAQ,1991-08-15,2026-06-24,0
ZBZX,BATS,2011-10-06,2026-06-24,0
ZBZZT,NASDAQ,2016-08-31,2026-06-24,0
ZCMD,NASDAQ,2020-02-24,2026-06-24,0
ZCZZT,NASDAQ,2016-08-26,2026-06-24,0
ZD,NASDAQ,1999-07-23,2026-06-24,0
ZDAI,NASDAQ,2024-07-23,2026-06-24,0
ZDGE,AMEX,2016-05-26,2026-06-24,0
ZDVSV,NASDAQ,2021-10-01,2021-10-07,1
ZEAL,NASDAQ,2017-08-09,2022-10-07,1
ZEN,NYSE,2014-05-15,2022-11-21,1
ZENA,NASDAQ,2024-10-01,2026-06-24,0
ZEO,NASDAQ,2021-12-16,2026-06-24,0
ZEP,NYSE,2007-11-01,2015-07-06,1
ZEPP,NYSE,2018-02-08,2026-06-24,0
ZETA,NYSE,2021-06-10,2026-06-24,0
ZEUS,NASDAQ,1994-03-10,2026-06-24,0
ZFOX,NASDAQ,2021-01-07,2024-05-13,1
ZG,NASDAQ,2011-07-20,2026-06-24,0
ZGM,NASDAQ,2025-09-09,2026-04-13,1
ZGN,NYSE,2021-12-20,2026-06-24,0
ZGNX,NASDAQ,2010-11-23,2022-03-15,1
ZGYH,NASDAQ,2020-04-20,2021-11-19,1
ZH,NYSE,2021-03-26,2026-06-24,0
ZIGO,NASDAQ,1992-03-03,2014-06-20,1
ZIM,NYSE,2021-01-28,2026-06-24,0
ZIMV,NASDAQ,2022-03-01,2026-06-24,0
ZIMVV,NASDAQ,2022-02-16,2022-02-28,1
ZINC,NASDAQ,2026-06-02,2026-06-24,0
ZING,NASDAQ,2022-01-12,2023-08-31,1
ZION,NASDAQ,1990-03-26,2026-06-24,0
ZIONL,NASDAQ,2013-09-19,2026-06-24,0
ZIONN,NASDAQ,2014-09-22,2021-06-11,1
ZIONO,NASDAQ,2014-09-22,2026-06-24,0
ZIONP,NASDAQ,2014-09-22,2026-06-24,0
ZIONZ,NASDAQ,2014-09-26,2018-11-14,1
ZIP,NYSE,2021-05-26,2026-06-24,0
ZIXI,NASDAQ,1989-11-10,2021-12-23,1
ZJK,NASDAQ,2024-09-30,2026-06-24,0
ZJYL,NASDAQ,2023-03-28,2026-06-24,0
ZJZZT,NASDAQ,2014-09-24,2026-06-24,0
ZK,NYSE,2024-05-10,2026-06-24,0
ZKH,NYSE,2023-12-15,2026-06-24,0
ZKIN,NASDAQ,2017-09-01,2026-06-24,0
ZKP,NASDAQ,2026-02-04,2026-06-24,0
ZKPU,NASDAQ,2026-01-09,2026-06-24,0
ZKPW,NASDAQ,2026-02-04,2026-06-24,0
ZLAB,NASDAQ,2017-09-20,2026-06-24,0
ZLC,NYSE,1993-08-09,2014-05-30,1
ZLTQ,NASDAQ,2011-10-19,2017-05-01,1
ZM,NASDAQ,2019-04-18,2026-06-24,0
ZMH,NYSE,2001-07-25,2015-06-26,1
ZNB,NASDAQ,2008-09-11,2026-06-24,0
ZNGA,NASDAQ,2011-12-16,2022-09-08,1
ZNH,NYSE,1997-07-30,2023-03-06,1
ZNTL,NASDAQ,2020-04-03,2026-06-24,0
ZOES,NYSE,2014-04-11,2018-11-21,1
ZONE,AMEX,2024-04-26,2026-06-24,0
ZOOZ,NASDAQ,2024-04-05,2026-06-24,0
ZPIN,NYSE,2014-06-12,2017-10-02,1
ZQK,NYSE,1990-03-26,2015-09-09,1
ZS,NASDAQ,2018-03-16,2026-06-24,0
ZSPH,NASDAQ,2014-06-18,2015-12-16,1
ZSQR,NASDAQ,2020-12-17,2026-06-24,0
ZSTK,NASDAQ,2021-05-11,2026-06-24,0
ZT,NASDAQ,2021-08-17,2023-06-15,1
ZTEK,NASDAQ,2016-01-04,2026-06-24,0
ZTEST,BATS,2011-10-05,2026-06-24,0
ZTG,NASDAQ,2026-04-14,2026-06-24,0
ZTM,NYSE MKT,2008-09-15,2020-08-12,1
ZTO,NYSE,2016-10-27,2026-06-24,0
ZTS,NYSE,2013-02-01,2026-06-24,0
ZTST,BATS,2015-10-19,2026-06-24,0
ZU,NASDAQ,2013-11-15,2015-09-30,1
ZUMZ,NASDAQ,2005-05-06,2026-06-24,0
ZUO,NYSE,2018-04-11,2025-02-14,1
ZURA,NASDAQ,2021-09-03,2026-06-24,0
ZVIA,NYSE,2021-07-22,2026-06-24,0
ZVRA,NASDAQ,2015-04-16,2026-06-24,0
ZVV,NYSE,2017-10-11,2026-06-24,0
ZVZZC,NASDAQ,2016-01-29,2022-10-28,1
ZVZZT,NASDAQ,2017-09-22,2026-06-24,0
ZWRK,NASDAQ,2021-04-05,2022-12-08,1
ZWS,NYSE,2012-03-29,2026-06-24,0
ZWZZT,NASDAQ,2017-09-22,2026-06-24,0
ZX,NYSE,2011-05-16,2018-06-14,1
ZXZZT,NASDAQ,2006-07-10,2026-06-24,0
ZY,NASDAQ,2021-04-22,2022-11-02,1
ZYBT,NASDAQ,2025-01-07,2026-06-24,0
ZYME,NASDAQ,2017-04-28,2026-06-24,0
ZYNE,NASDAQ,2015-08-05,2023-10-11,1
ZZK,NYSE,2020-07-22,2026-06-24,0
ZZZ,NYSE ARCA,2014-10-31,2023-05-12,1
