ticker,name,sector,industry,market_value,ipo_year,country,sources
AACBU,Artius II Acquisition Inc.,Finance,Blank Checks,200000000.0,2025.0,United States,"Finnhub IPO,NASDAQ screener"
AACIU,Armada Acquisition Corp. II,Finance,Blank Checks,200000000.0,2026.0,United States,"Finnhub IPO,NASDAQ screener"
AACOU,Abony Acquisition Corp. I,,,200000000.0,2026.0,United States,"Finnhub IPO,NASDAQ screener"
AACPU,Apogee Acquisition Corp,Finance,Blank Checks,150000000.0,2026.0,United States,"Finnhub IPO,NASDAQ screener"
AAGO,"Aspargo Labs, Inc.",,,153978683.91,,,Finnhub IPO
AAL,American Airlines Group Inc. Common Stock,Consumer Discretionary,Air Freight/Delivery Services,9689292257.0,,United States,NASDAQ screener
AAMI,Acadian Asset Management Inc. Common Stock,Finance,Investment Managers,2590583717.0,2014.0,United Kingdom,NASDAQ screener
AAP,Advance Auto Parts Inc.,Consumer Discretionary,Auto & Home Supply Stores,3611306391.0,,United States,NASDAQ screener
AAPG,Ascentage Pharma Group International American Depository Shares,Health Care,Biotechnology: Pharmaceutical Preparations,1855411294.0,2025.0,China,"Finnhub IPO,NASDAQ screener"
AARD,"Aardvark Therapeutics, Inc.",Health Care,Biotechnology: Pharmaceutical Preparations,94208000.0,2025.0,United States,"Finnhub IPO,NASDAQ screener"
AAT,American Assets Trust Inc. Common Stock,Real Estate,Real Estate Investment Trusts,1434706174.0,2011.0,United States,NASDAQ screener
AAUC,Allied Gold Corporation Common Shares,,,3421962000.0,2025.0,,NASDAQ screener
AB,AllianceBernstein Holding L.P.  Units,Finance,Investment Managers,3455008522.0,,United States,NASDAQ screener
ABAT,American Battery Technology Company Common Stock,Basic Materials,Metal Mining,517010610.0,,United States,NASDAQ screener
ABCB,Ameris Bancorp Common Stock,Finance,Major Banks,5776698592.0,1994.0,United States,NASDAQ screener
ABCL,AbCellera Biologics Inc. Common Shares,Health Care,Biotechnology: Pharmaceutical Preparations,1688433498.0,2020.0,Canada,NASDAQ screener
ABEO,Abeona Therapeutics Inc. Common Stock,Health Care,Biotechnology: Pharmaceutical Preparations,329431932.0,,United States,NASDAQ screener
ABG,Asbury Automotive Group Inc Common Stock,Consumer Discretionary,Retail-Auto Dealers and Gas Stations,3626011300.0,2002.0,United States,NASDAQ screener
ABLV,Able View Global Inc. Class B Ordinary Shares,Consumer Discretionary,Other Consumer Services,51859418.0,,China,NASDAQ screener
ABM,ABM Industries Incorporated Common Stock,Consumer Discretionary,Diversified Commercial Services,2331362221.0,,United States,NASDAQ screener
ABOS,Acumen Pharmaceuticals Inc. Common Stock,Health Care,Biotechnology: Biological Products (No Diagnostic Substances),183458053.0,2021.0,United States,NASDAQ screener
ABR,Arbor Realty Trust Common Stock,Real Estate,Real Estate Investment Trusts,1084917185.0,2004.0,United States,NASDAQ screener
ABSI,Absci Corporation Common Stock,Health Care,Biotechnology: Commercial Physical & Biological Resarch,947902740.0,2021.0,United States,NASDAQ screener
ABTC,American Bitcoin Corp. Class A Common Stock,Technology,EDP Services,1116163865.0,2018.0,United States,NASDAQ screener
ABUS,Arbutus Biopharma Corporation Common Stock,Health Care,Biotechnology: Pharmaceutical Preparations,908673466.0,,Canada,NASDAQ screener
ABX,Abacus Global Management Inc. Class A Common Stock,Finance,Investment Managers,885363447.0,,United States,NASDAQ screener
ACA,Arcosa Inc. Common Stock,Industrials,Metal Fabrications,6242111719.0,2018.0,United States,NASDAQ screener
ACAAU,Averin Capital Acquisition Corp.,Finance,Blank Checks,250000000.0,2026.0,United States,"Finnhub IPO,NASDAQ screener"
ACAD,ACADIA Pharmaceuticals Inc. Common Stock,Health Care,Biotechnology: Pharmaceutical Preparations,3703831868.0,1985.0,United States,NASDAQ screener
ACB,Aurora Cannabis Inc. Common Shares,Health Care,Medicinal Chemicals and Botanical Products,216920073.0,,Canada,NASDAQ screener
ACCO,Acco Brands Corporation Common Stock,Consumer Discretionary,Publishing,373644066.0,,United States,NASDAQ screener
ACDC,ProFrac Holding Corp. Class A Common Stock,Energy,Oilfield Services/Equipment,1098188971.0,2022.0,United States,NASDAQ screener
ACEL,Accel Entertainment Inc.,Consumer Discretionary,Services-Misc. Amusement & Recreation,979970516.0,2017.0,United States,NASDAQ screener
ACET,Adicet Bio Inc. Common Stock,Health Care,Biotechnology: Pharmaceutical Preparations,80768759.0,2018.0,United States,NASDAQ screener
ACGCU,ACP Holdings Acquisition Corp.,Finance,Blank Checks,200000000.0,2026.0,United States,"Finnhub IPO,NASDAQ screener"
ACGLN,Arch Capital Group Ltd. Depositary Shares each Representing a 1/1000th Interest in a 4.550% Non-Cumulative Preferred Share Series G,Finance,Property-Casualty Insurers,5813842744.0,,Bermuda,NASDAQ screener
ACGLO,Arch Capital Group Ltd. Depositary Shares Each Representing 1/1000th Interest in a Share of 5.45% Non-Cumulative Preferred Shares Series F,Finance,Property-Casualty Insurers,6942371114.0,,Bermuda,NASDAQ screener
ACH,Accendra Health Inc. Common Stock,Health Care,Medical Specialities,221326899.0,,United States,NASDAQ screener
ACHC,Acadia Healthcare Company Inc. Common Stock,Health Care,Medical Specialities,2185136562.0,,United States,NASDAQ screener
ACHR,Archer Aviation Inc. Class A Common Stock,Industrials,Aerospace,5172862441.0,2020.0,United States,NASDAQ screener
ACHV,Achieve Life Sciences Inc. Common Shares,Health Care,Biotechnology: In Vitro & In Vivo Diagnostic Substances,544093002.0,,United States,NASDAQ screener
ACI,Albertsons Companies Inc. Class A Common Stock,Consumer Staples,Food Chains,7872994685.0,2020.0,United States,NASDAQ screener
ACIC,American Coastal Insurance Corporation Common Stock,Finance,Property-Casualty Insurers,509841774.0,,United States,NASDAQ screener
ACIU,AC Immune SA Common Stock,Health Care,Biotechnology: Pharmaceutical Preparations,279877326.0,2016.0,Switzerland,NASDAQ screener
ACIW,ACI Worldwide Inc. Common Stock,Technology,Computer Software: Prepackaged Software,4310450568.0,,United States,NASDAQ screener
ACLS,Axcelis Technologies Inc. Common Stock,Technology,Industrial Machinery/Components,4780657678.0,2000.0,United States,NASDAQ screener
ACM,AECOM Common Stock,Consumer Discretionary,Military/Government/Technical,9108419340.0,2007.0,United States,NASDAQ screener
ACMR,ACM Research Inc. Class A Common Stock,Technology,Industrial Machinery/Components,6149641614.0,2017.0,United States,NASDAQ screener
ACNB,ACNB Corporation Common Stock,Finance,Major Banks,556658518.0,,United States,NASDAQ screener
ACNT,Ascent Industries Co. Common Stock,Industrials,Steel/Iron Ore,123010106.0,,United States,NASDAQ screener
ACOG,Alpha Cognition Inc. Common Stock,,,129338178.0,,Canada,"Finnhub IPO,NASDAQ screener"
ACR,ACRES Commercial Realty Corp. Common Stock,Real Estate,Real Estate Investment Trusts,144262173.0,,United States,NASDAQ screener
ACRE,Ares Commercial Real Estate Corporation Common Stock,Real Estate,Real Estate Investment Trusts,276295943.0,2012.0,United States,NASDAQ screener
ACRS,Aclaris Therapeutics Inc. Common Stock,Health Care,Biotechnology: Pharmaceutical Preparations,638263018.0,2015.0,United States,NASDAQ screener
ACRV,Acrivon Therapeutics Inc. Common Stock,Health Care,Biotechnology: Pharmaceutical Preparations,69766818.0,2022.0,United States,NASDAQ screener
ACT,Enact Holdings Inc. Common Stock,Finance,Specialty Insurers,5878587372.0,2021.0,United States,NASDAQ screener
ACTG,Acacia Research Corporation (Acacia Tech) Common Stock,Miscellaneous,Multi-Sector Companies,453968920.0,,United States,NASDAQ screener
ACU,Acme United Corporation. Common Stock,Consumer Discretionary,Industrial Machinery/Components,161635429.0,1988.0,United States,NASDAQ screener
ACV,Virtus Diversified Income & Convertible Fund Common Shares of Beneficial Interest,Finance,Finance/Investors Services,291199007.0,2015.0,United States,NASDAQ screener
ACVA,ACV Auctions Inc. Class A Common Stock,Consumer Discretionary,Business Services,1101630681.0,2025.0,United States,NASDAQ screener
AD,Array Digital Infrastructure Inc. Common Shares,Telecommunications,Telecommunications Equipment,4418496000.0,1988.0,United States,NASDAQ screener
ADACU,American Drive Acquisition Co,Finance,Blank Checks,200000000.0,2025.0,United States,"Finnhub IPO,NASDAQ screener"
ADAG,Adagene Inc. American Depositary Shares,Health Care,Biotechnology: Pharmaceutical Preparations,260243280.0,2021.0,China,NASDAQ screener
ADAM,Adamas Trust Inc. Common Stock,Real Estate,Real Estate Investment Trusts,825823583.0,,United States,NASDAQ screener
ADAMI,Adamas Trust Inc. 9.125% Senior Notes Due 2029,Real Estate,Real Estate Investment Trusts,2289848471.0,,United States,NASDAQ screener
ADAML,Adamas Trust Inc. 6.875% Series F Fixed-to-Floating Rate Cumulative Redeemable Preferred Stock $0.01 par value per share,Real Estate,Real Estate Investment Trusts,2180030480.0,,United States,NASDAQ screener
ADAMM,Adamas Trust Inc. 7.875% Series E Fixed-to-Floating Rate Cumulative Redeemable Preferred Stock,Real Estate,Real Estate Investment Trusts,2285167976.0,,United States,NASDAQ screener
ADAMN,Adamas Trust Inc. 8.00% Series D Fixed-to-Floating Rate Cumulative Redeemable Preferred Stock,Real Estate,Real Estate Investment Trusts,2109040205.0,,United States,NASDAQ screener
ADAMZ,Adamas Trust Inc. 7.000% Series G Cumulative Redeemable Preferred Stock $0.01 par value per share,Real Estate,Real Estate Investment Trusts,1643110360.0,,United States,NASDAQ screener
ADC,Agree Realty Corporation Common Stock,Real Estate,Real Estate Investment Trusts,8953668138.0,,United States,NASDAQ screener
ADCT,ADC Therapeutics SA Common Shares,Health Care,Biotechnology: Pharmaceutical Preparations,438809495.0,2020.0,Switzerland,NASDAQ screener
ADEA,Adeia Inc. Common Stock,Technology,Computer Software: Prepackaged Software,2999989973.0,2003.0,United States,NASDAQ screener
ADMA,ADMA Biologics Inc Common Stock,Health Care,Biotechnology: Biological Products (No Diagnostic Substances),1837957630.0,,United States,NASDAQ screener
ADNT,Adient plc Ordinary Shares,Consumer Discretionary,Auto Parts:O.E.M.,1861533807.0,2016.0,United States,NASDAQ screener
ADPT,Adaptive Biotechnologies Corporation Common Stock,Health Care,Biotechnology: Biological Products (No Diagnostic Substances),2431074314.0,2019.0,United States,NASDAQ screener
ADSE,ADS-TEC ENERGY PLC Ordinary Shares,Consumer Discretionary,Industrial Specialties,823703463.0,,Ireland,NASDAQ screener
ADT,ADT Inc. Common Stock,Consumer Discretionary,Diversified Commercial Services,5377818272.0,2018.0,United States,NASDAQ screener
ADTN,ADTRAN Holdings Inc. Common Stock,Utilities,Telecommunications Equipment,1370487852.0,1994.0,United States,NASDAQ screener
ADUR,Aduro Clean Technologies Inc. Common Stock,Industrials,Major Chemicals,571432500.0,,Canada,"Finnhub IPO,NASDAQ screener"
ADUS,Addus HomeCare Corporation Common Stock,Health Care,Medical/Nursing Services,1745716499.0,2009.0,United States,NASDAQ screener
ADV,Advantage Solutions Inc. Class A Common Stock,Consumer Discretionary,Business Services,519712495.0,2019.0,United States,NASDAQ screener
AEAQU,Activate Energy Acquisition Corp.,,,200000000.0,2025.0,Cayman Islands,"Finnhub IPO,NASDAQ screener"
AEBI,Aebi Schmidt Holding AG Common Stock,Industrials,Auto Manufacturing,1001808047.0,,Switzerland,NASDAQ screener
AEC,Anfield Energy Inc. Common Shares,Basic Materials,Metal Mining,88621983.0,,Canada,NASDAQ screener
AEF,abrdn Emerging Markets ex-China Fund Inc. Common Stock,Finance,Finance/Investors Services,1057520625.0,,United States,NASDAQ screener
AEHR,Aehr Test Systems Common Stock,Industrials,Electrical Products,3210084759.0,1997.0,United States,NASDAQ screener
AEI,Alset Inc. Common Stock (TX),Finance,Real Estate,64567078.0,2020.0,United States,NASDAQ screener
AEIBU,AEI CapForce II Investment Corp,,,115000000.0,,,Finnhub IPO
AENT,Alliance Entertainment Holding Corporation Class A Common Stock,Consumer Discretionary,Durable Goods,330315602.0,,United States,NASDAQ screener
AEO,American Eagle Outfitters Inc. Common Stock,Consumer Discretionary,Clothing/Shoe/Accessory Stores,3002042015.0,,United States,NASDAQ screener
AERO,Grupo Aeromexico S.A.B. de C.V. American Depositary Shares (each representing ten (10) Common Shares),Consumer Discretionary,Air Freight/Delivery Services,2564981930.0,2025.0,,"Finnhub IPO,NASDAQ screener"
AESI,Atlas Energy Solutions Inc. Common Stock,Industrials,Mining & Quarrying of Nonmetallic Minerals (No Fuels),2125893040.0,2023.0,United States,NASDAQ screener
AESPU,Aeon Acquisition I Corp.,,,287500000.0,,,Finnhub IPO
AEVA,Aeva Technologies Inc. Common Stock,Consumer Discretionary,Auto Parts:O.E.M.,1628974815.0,,United States,NASDAQ screener
AEXA,American Exceptionalism Acquisition Corp. A,,,300000000.0,2025.0,,"Finnhub IPO,NASDAQ screener"
AEYE,AudioEye Inc. Common Stock,Technology,Computer Software: Prepackaged Software,95949427.0,,United States,NASDAQ screener
AFBI,Affinity Bancshares Inc. Common Stock (MD),Finance,Banks,137073964.0,2017.0,United States,NASDAQ screener
AFCG,Advanced Flower Capital Inc. Common Stock,Finance,Real Estate,88233165.0,2021.0,United States,NASDAQ screener
AFGB,American Financial Group Inc. 5.875% Subordinated Debentures due 2059,Finance,Property-Casualty Insurers,1763917542.0,2019.0,United States,NASDAQ screener
AFGC,American Financial Group Inc. 5.125% Subordinated Debentures due 2059,Finance,Property-Casualty Insurers,1532938231.0,2019.0,United States,NASDAQ screener
AFGD,American Financial Group Inc. 5.625% Subordinated Debentures due 2060,Finance,Property-Casualty Insurers,1655905634.0,2020.0,United States,NASDAQ screener
AFGE,American Financial Group Inc. 4.500% Subordinated Debentures due 2060,Finance,Property-Casualty Insurers,1387953017.0,2020.0,United States,NASDAQ screener
AFJKU,"Aimei Health Technology Co., Ltd.",,,60000000.0,2023.0,United States,"Finnhub IPO,NASDAQ screener"
AFNXU,AfterNext Acquisition I Corp.,,,115000000.0,,,Finnhub IPO
AFRI,Forafric Global PLC Ordinary Shares,Consumer Staples,Packaged Foods,270986341.0,,Gibraltar,NASDAQ screener
AFYA,Afya Limited Class A Common Shares,Real Estate,Other Consumer Services,1262640918.0,2019.0,Brazil,NASDAQ screener
AGBK,AGI Inc Class A Common Shares,Finance,Commercial Banks,1129106294.0,2026.0,,"Finnhub IPO,NASDAQ screener"
AGCC,Agencia Comercial Spirits Ltd Class A Ordinary Shares,Consumer Staples,Beverages (Production/Distribution),638344880.0,2025.0,Taiwan,"Finnhub IPO,NASDAQ screener"
AGCO,AGCO Corporation Common Stock,Industrials,Industrial Machinery/Components,8245158969.0,,United States,NASDAQ screener
AGEN,Agenus Inc. Common Stock,Health Care,Biotechnology: Biological Products (No Diagnostic Substances),141584265.0,2000.0,United States,NASDAQ screener
AGIG,Abundia Global Impact Group Inc. Common stock,Energy,Oil & Gas Production,51506701.0,,United States,NASDAQ screener
AGIO,Agios Pharmaceuticals Inc. Common Stock,Health Care,Biotechnology: Pharmaceutical Preparations,1809126346.0,2013.0,United States,NASDAQ screener
AGL,agilon health inc. Common Stock,Health Care,Misc Health and Biotechnology Services,1507713741.0,2021.0,United States,NASDAQ screener
AGM,Federal Agricultural Mortgage Corporation Common Stock,Finance,Finance Companies,1947395141.0,,United States,NASDAQ screener
AGMB,AgomAb Therapeutics NV American Depositary Shares,Health Care,Biotechnology: Biological Products (No Diagnostic Substances),568321632.0,2026.0,Belgium,"Finnhub IPO,NASDAQ screener"
AGNT,eXp World Holdings Inc. Common Stock,Finance,Real Estate,801900749.0,,United States,NASDAQ screener
AGO,Assured Guaranty Ltd. Common Stock,Finance,Property-Casualty Insurers,3284873180.0,2004.0,Bermuda,NASDAQ screener
AGPU,Axe Compute Inc. Common Stock,Health Care,Industrial Specialties,69086816.0,,United States,NASDAQ screener
AGRO,Adecoagro S.A. Common Shares,Consumer Staples,Farming/Seeds/Milling,1822615926.0,2011.0,Luxembourg,NASDAQ screener
AGX,Argan Inc. Common Stock,Consumer Discretionary,Engineering & Construction,9457517014.0,,United States,NASDAQ screener
AGYS,Agilysys Inc. Common Stock (DE),Technology,EDP Services,2327126888.0,,United States,NASDAQ screener
AHCO,AdaptHealth Corp. Common Stock,Health Care,Medical/Nursing Services,1408160473.0,2018.0,United States,NASDAQ screener
AHG,Akso Health Group ADS,Consumer Discretionary,Business Services,849866213.0,2017.0,China,NASDAQ screener
AHJKU,"Aimei Health Technology II Co., Ltd.",,,69000000.0,,,Finnhub IPO
AHL,ASPEN INSURANCE HOLDINGS LTD,,,397500000.0,,,Finnhub IPO
AHR,American Healthcare REIT Inc. Common Stock,Real Estate,Real Estate Investment Trusts,9532045354.0,2024.0,United States,"Finnhub IPO,NASDAQ screener"
AHRT,AH Realty Trust Inc. Common Stock,Finance,Real Estate,518015801.0,2013.0,United States,NASDAQ screener
AI,C3.ai Inc. Class A Common Stock,Technology,Computer Software: Prepackaged Software,1484876289.0,2020.0,United States,NASDAQ screener
AIAI,AIAI Holdings Corporation Class A Common Stock,Technology,EDP Services,893690813.0,,United States,"Finnhub IPO,NASDAQ screener"
AIB,BlockchAIn Digital Infrastructure Inc Common Shares,Finance,Investment Bankers/Brokers/Service,135902540.0,2026.0,,NASDAQ screener
AIFC,AI Financial Corporation Common Stock,Finance,Finance: Consumer Services,115365122.0,,United States,NASDAQ screener
AIFU,AIFU Inc. Class A Ordinary Share,Finance,Specialty Insurers,258156841.0,2007.0,China,NASDAQ screener
AII,American Integrity Insurance Group Inc. Common Stock,Finance,Property-Casualty Insurers,325207562.0,2025.0,United States,"Finnhub IPO,NASDAQ screener"
AIIAU,AI Infrastructure Acquisition Corp.,,,120000000.0,,,Finnhub IPO
AIIO,Robo.ai Inc. Class B Ordinary Shares,Industrials,Auto Manufacturing,53613364.0,,United Arab Emirates,NASDAQ screener
AIN,Albany International Corporation Common Stock,Consumer Discretionary,Textiles,1836344000.0,,United States,NASDAQ screener
AIO,Virtus Artificial Intelligence & Technology Opportunities Fund Common Shares of Beneficial Interest,Finance,Finance/Investors Services,928923293.0,2019.0,,NASDAQ screener
AIOS,AIOS Tech Inc. Class A Common Shares,Industrials,Metal Fabrications,52767901.0,2016.0,China,NASDAQ screener
AIOT,PowerFleet Inc. Common Stock,Telecommunications,Telecommunications Equipment,484271670.0,,United States,NASDAQ screener
AIP,Arteris Inc. Common Stock,Technology,Semiconductors,1704669575.0,2021.0,United States,NASDAQ screener
AIR,AAR Corp. Common Stock,Industrials,Aerospace,4571697892.0,,United States,NASDAQ screener
AIRG,Airgain Inc. Common Stock,Technology,Radio And Television Broadcasting And Communications Equipment,91899405.0,2016.0,United States,NASDAQ screener
AIRJ,AirJoule Technologies Corporation Class A Common Stock,Industrials,Industrial Machinery/Components,327984425.0,2022.0,United States,NASDAQ screener
AIRJW,AirJoule Technologies Corporation Warrant,Industrials,Industrial Machinery/Components,67103285.0,2022.0,United States,NASDAQ screener
AIRO,AIRO Group Holdings Inc. Common Stock,Industrials,Aerospace,279551775.0,2025.0,United States,"Finnhub IPO,NASDAQ screener"
AIRS,AirSculpt Technologies Inc. Common Stock,Health Care,Medical/Nursing Services,390823073.0,2021.0,United States,NASDAQ screener
AIRT,Air T Inc. Common Stock,Consumer Discretionary,Air Freight/Delivery Services,55947330.0,,United States,NASDAQ screener
AIRTP,Air T Inc. Air T Funding Alpha Income Trust Preferred Securities,Consumer Discretionary,Air Freight/Delivery Services,52160933.0,,United States,NASDAQ screener
AISP,Airship AI Holdings Inc. Class A Common Stock,Technology,Computer Software: Prepackaged Software,101515589.0,2021.0,United States,NASDAQ screener
AISTU,AI STRATEGY INC.,,,115000000.0,,,Finnhub IPO
AITRU,AI Transportation Acquisition Corp,,,60000000.0,,,Finnhub IPO
AIV,Apartment Investment and Management Company Common Stock,Real Estate,Real Estate Investment Trusts,608511654.0,1994.0,United States,NASDAQ screener
AIZN,Assurant Inc. 5.25% Subordinated Notes due 2061,Finance,Property-Casualty Insurers,978908693.0,2020.0,United States,NASDAQ screener
AKA,a.k.a. Brands Holding Corp. Common Stock,Consumer Discretionary,Catalog/Specialty Distribution,105407176.0,2021.0,,NASDAQ screener
AKBA,Akebia Therapeutics Inc. Common Stock,Health Care,Biotechnology: Pharmaceutical Preparations,281671155.0,2014.0,United States,NASDAQ screener
AKR,Acadia Realty Trust Common Stock,Real Estate,Real Estate Investment Trusts,2996124644.0,,United States,NASDAQ screener
AKTS,Aktis Oncology Inc. Common stock,Health Care,Biotechnology: Pharmaceutical Preparations,1129318242.0,2026.0,United States,"Finnhub IPO,NASDAQ screener"
ALAR,Alarum Technologies Ltd. American Depositary Share,Technology,Computer Software: Prepackaged Software,73302262.0,2018.0,Israel,NASDAQ screener
ALCO,Alico Inc. Common Stock,,,309334999.0,,United States,NASDAQ screener
ALDFU,Aldel Financial II Inc.,Finance,Blank Checks,200000000.0,2024.0,United States,"Finnhub IPO,NASDAQ screener"
ALDX,Aldeyra Therapeutics Inc. Common Stock,Health Care,Biotechnology: Pharmaceutical Preparations,105561869.0,2014.0,United States,NASDAQ screener
ALEC,Alector Inc. Common Stock,Health Care,Biotechnology: Biological Products (No Diagnostic Substances),238704152.0,2019.0,United States,NASDAQ screener
ALFUU,Centurion Acquisition Corp.,Finance,Blank Checks,250000000.0,2024.0,United States,"Finnhub IPO,NASDAQ screener"
ALG,Alamo Group Inc. Common Stock,Industrials,Industrial Machinery/Components,1855428941.0,,United States,NASDAQ screener
ALGM,Allegro MicroSystems Inc. Common Stock,Technology,Semiconductors,9515964947.0,2020.0,United States,NASDAQ screener
ALGT,Allegiant Travel Company Common Stock,Consumer Discretionary,Air Freight/Delivery Services,1672815322.0,2006.0,United States,NASDAQ screener
ALH,Alliance Laundry Holdings Inc. Common Stock,Industrials,Industrial Machinery/Components,5072464972.0,2025.0,United States,"Finnhub IPO,NASDAQ screener"
ALHC,Alignment Healthcare Inc. Common Stock,Health Care,Medical Specialities,3279832102.0,2021.0,United States,NASDAQ screener
ALISU,Calisa Acquisition Corp,,,60000000.0,,,Finnhub IPO
ALIT,Alight Inc. Class A Common Stock,Consumer Discretionary,Business Services,507801120.0,2021.0,United States,NASDAQ screener
ALK,Alaska Air Group Inc. Common Stock,Consumer Discretionary,Air Freight/Delivery Services,5191476085.0,,United States,NASDAQ screener
ALKS,Alkermes plc Ordinary Shares,Health Care,Biotechnology: Pharmaceutical Preparations,6657031732.0,1991.0,Ireland,NASDAQ screener
ALKT,Alkami Technology Inc. Common Stock,Technology,Computer Software: Prepackaged Software,1882467271.0,2021.0,United States,NASDAQ screener
ALLO,Allogene Therapeutics Inc. Common Stock,Health Care,Biotechnology: Biological Products (No Diagnostic Substances),776597762.0,2018.0,United States,NASDAQ screener
ALLT,Allot Ltd. Ordinary Shares,Telecommunications,Computer Communications Equipment,388449406.0,2006.0,Israel,NASDAQ screener
ALM,Almonty Industries Inc. Common Shares,Basic Materials,Other Metals and Minerals,5873456274.0,,Canada,NASDAQ screener
ALMR,Alamar Biosciences Inc. Common Stock,Industrials,Biotechnology: Laboratory Analytical Instruments,1369589035.0,2026.0,United States,"Finnhub IPO,NASDAQ screener"
ALMS,Alumis Inc. Common Stock,Health Care,Biotechnology: Pharmaceutical Preparations,2728328372.0,2024.0,United States,"Finnhub IPO,NASDAQ screener"
ALMU,Aeluma Inc. Common Stock,Technology,Semiconductors,422670185.0,,United States,NASDAQ screener
ALNT,Allient Inc. Common Stock,Industrials,Electrical Products,1267769830.0,,United States,NASDAQ screener
ALOGU,ALBERT ORIGIN ACQUISITION Corp,,,69000000.0,,,Finnhub IPO
ALOT,AstroNova Inc. Common Stock,Technology,Computer peripheral equipment,117700452.0,1983.0,United States,NASDAQ screener
ALOVU,"Aldabra 4 Liquidity Opportunity Vehicle, Inc.",Finance,Blank Checks,261000000.0,2026.0,United States,"Finnhub IPO,NASDAQ screener"
ALOY,REalloys Inc. Common Stock,Technology,EDP Services,595607336.0,,United States,NASDAQ screener
ALPS,ALPS Group Inc Ordinary Share,,,128128251.0,,Malaysia,NASDAQ screener
ALPXU,Alpex Acquisition Corp,,,115000000.0,,,Finnhub IPO
ALRM,Alarm.com Holdings Inc. Common Stock,Technology,Computer Software: Prepackaged Software,2181211710.0,2015.0,United States,NASDAQ screener
ALRS,Alerus Financial Corporation Common Stock,Finance,Major Banks,726217869.0,2019.0,United States,NASDAQ screener
ALSN,Allison Transmission Holdings Inc. Common Stock,Consumer Discretionary,Auto Parts:O.E.M.,9414892563.0,2012.0,United States,NASDAQ screener
ALT,Altimmune Inc. Common Stock,Health Care,Biotechnology: Pharmaceutical Preparations,597035653.0,,United States,NASDAQ screener
ALTG,Alta Equipment Group Inc. Class A Common Stock,Industrials,Industrial Machinery/Components,203672480.0,2019.0,United States,NASDAQ screener
ALTI,AlTi Global Inc. Class A Common Stock,Finance,Investment Managers,504887407.0,2021.0,United States,NASDAQ screener
ALTO,Alto Ingredients Inc. Common Stock,Industrials,Major Chemicals,403697647.0,,United States,NASDAQ screener
ALUBU,Alussa Energy Acquisition Corp. II,,,250000000.0,,,Finnhub IPO
ALV,Autoliv Inc. Common Stock,Consumer Discretionary,Auto Parts:O.E.M.,9652878802.0,,Sweden,NASDAQ screener
ALVO,Alvotech Ordinary Shares,Health Care,Biotechnology: Biological Products (No Diagnostic Substances),1070325642.0,,Luxembourg,NASDAQ screener
ALVOW,Alvotech Warrant,Health Care,Biotechnology: Biological Products (No Diagnostic Substances),124819317.0,,Luxembourg,NASDAQ screener
ALX,Alexander's Inc. Common Stock,Real Estate,Real Estate Investment Trusts,1275647823.0,,United States,NASDAQ screener
ALXO,ALX Oncology Holdings Inc. Common Stock,Health Care,Biotechnology: Pharmaceutical Preparations,254323913.0,2020.0,United States,NASDAQ screener
AMAL,Amalgamated Financial Corp. Common Stock (DE),Finance,Major Banks,1243078982.0,2018.0,United States,NASDAQ screener
AMAN,Amanat Acquisition Corp.,Finance,Blank Checks,75000000.0,2026.0,United States,"Finnhub IPO,NASDAQ screener"
AMBA,Ambarella Inc. Ordinary Shares,Technology,Semiconductors,4028238691.0,2012.0,United States,NASDAQ screener
AMBP,Ardagh Metal Packaging S.A. Ordinary Shares,Industrials,Containers/Packaging,2510338261.0,,,NASDAQ screener
AMBQ,Ambiq Micro Inc. Common Stock,Technology,Semiconductors,1773546309.0,2025.0,United States,"Finnhub IPO,NASDAQ screener"
AMBR,Amber International Holding Limited American Depositary Shares,Finance,Finance: Consumer Services,151783154.0,2017.0,Hong Kong,NASDAQ screener
AMC,AMC Entertainment Holdings Inc. Class A Common Stock,Consumer Discretionary,Movies/Entertainment,967069692.0,2013.0,United States,NASDAQ screener
AMCI,AMC Robotics Corporation Common Stock,Consumer Discretionary,Home Furnishings,108933750.0,2023.0,United States,NASDAQ screener
AMCX,AMC Global Media Inc. Class A Common Stock,Telecommunications,Cable & Other Pay Television Services,431809409.0,,United States,NASDAQ screener
AMG,Affiliated Managers Group Inc. Common Stock,Finance,Investment Managers,8001805272.0,,United States,NASDAQ screener
AMLX,Amylyx Pharmaceuticals Inc. Common Stock,Health Care,Biotechnology: Pharmaceutical Preparations,1581069428.0,2022.0,United States,NASDAQ screener
AMN,AMN Healthcare Services Inc,Consumer Discretionary,Professional Services,1083294432.0,,United States,NASDAQ screener
AMPG,Amplitech Group Inc. Common Stock,Telecommunications,Telecommunications Equipment,119852519.0,,United States,NASDAQ screener
AMPH,Amphastar Pharmaceuticals Inc. Common Stock,Health Care,Biotechnology: Pharmaceutical Preparations,850993337.0,2014.0,United States,NASDAQ screener
AMPL,Amplitude Inc. Class A Common Stock,Technology,Computer Software: Prepackaged Software,912420412.0,,United States,NASDAQ screener
AMPX,Amprius Technologies Inc. Common Stock,Miscellaneous,Industrial Machinery/Components,2952926495.0,2022.0,United States,NASDAQ screener
AMPY,Amplify Energy Corp. Common Stock,Energy,Oil & Gas Production,193225205.0,2016.0,United States,NASDAQ screener
AMR,Alpha Metallurgical Resources Inc. Common Stock,Energy,Coal Mining,2717369441.0,2018.0,United States,NASDAQ screener
AMRC,Ameresco Inc. Class A Common Stock,Consumer Discretionary,Engineering & Construction,1935903806.0,2010.0,United States,NASDAQ screener
AMRN,Amarin Corporation plc,Health Care,Biotechnology: Pharmaceutical Preparations,302164861.0,,Ireland,NASDAQ screener
AMRX,Amneal Pharmaceuticals Inc. Class A Common Stock,Health Care,Biotechnology: Pharmaceutical Preparations,4131345156.0,,United States,NASDAQ screener
AMSC,American Superconductor Corporation Common Stock,Consumer Discretionary,Metal Fabrications,2448155862.0,1991.0,United States,NASDAQ screener
AMSF,AMERISAFE Inc. Common Stock,Finance,Property-Casualty Insurers,571587242.0,2005.0,United States,NASDAQ screener
AMSS,AMASS Brands Inc. Common Stock,Consumer Staples,Beverages (Production/Distribution),60746517.0,,United States,"Finnhub IPO,NASDAQ screener"
AMTB,Amerant Bancorp Inc. Class A Common Stock,Finance,Major Banks,882729039.0,,United States,NASDAQ screener
AMTD,AMTD IDEA Group American Depositary Shares each representing six (6) Class A Ordinary Shares,Finance,Finance: Consumer Services,92834387.0,,,NASDAQ screener
AMTM,Amentum Holdings Inc. Common Stock,Consumer Discretionary,Business Services,5824501045.0,2024.0,United States,NASDAQ screener
AMTX,Aemetis Inc. (DE) Common Stock,Industrials,Major Chemicals,185063835.0,,United States,NASDAQ screener
AMWL,American Well Corporation Class A Common Stock,Consumer Discretionary,Business Services,158062249.0,2020.0,United States,NASDAQ screener
AN,AutoNation Inc. Common Stock,Consumer Discretionary,Retail-Auto Dealers and Gas Stations,6482830041.0,,United States,NASDAQ screener
ANAB,AnaptysBio Inc. Common Stock,Health Care,Biotechnology: Pharmaceutical Preparations,1659333432.0,2017.0,United States,NASDAQ screener
ANDE,Andersons Inc. (The) Common Stock,Industrials,Farming/Seeds/Milling,2432140680.0,,United States,NASDAQ screener
ANDG,Andersen Group Inc. Class A Common Stock,Consumer Discretionary,Business Services,4326439554.0,2025.0,,"Finnhub IPO,NASDAQ screener"
ANF,Abercrombie & Fitch Company Common Stock,Consumer Discretionary,Clothing/Shoe/Accessory Stores,3676611985.0,,United States,NASDAQ screener
ANGI,Angi Inc. Class A Common Stock,Consumer Discretionary,Advertising,228549421.0,,United States,NASDAQ screener
ANGO,AngioDynamics Inc. Common Stock,Health Care,Medical/Dental Instruments,487150008.0,2004.0,United States,NASDAQ screener
ANGX,Angel Studios Inc. Class A Common Stock,Consumer Discretionary,Movies/Entertainment,527546990.0,2025.0,United States,NASDAQ screener
ANIK,Anika Therapeutics Inc. Common Stock,Health Care,Medical/Dental Instruments,198253798.0,,United States,NASDAQ screener
ANIP,ANI Pharmaceuticals Inc.,Health Care,Biotechnology: Pharmaceutical Preparations,1821582006.0,,United States,NASDAQ screener
ANIX,Anixa Biosciences Inc. Common Stock,Health Care,Biotechnology: Pharmaceutical Preparations,90525217.0,,United States,NASDAQ screener
ANL,Adlai Nortye Ltd. American Depositary Shares,Health Care,Biotechnology: Pharmaceutical Preparations,823312090.0,2023.0,Cayman Islands,"Finnhub IPO,NASDAQ screener"
ANNA,AleAnna Inc. Class A Common Stock,Energy,Oil & Gas Production,213520736.0,,United States,NASDAQ screener
ANNX,Annexon Inc. Common Stock,Health Care,Biotechnology: Pharmaceutical Preparations,879834429.0,2020.0,United States,NASDAQ screener
ANPA,Rich Sparkle Holdings Limited Ordinary Shares,Consumer Discretionary,Other Consumer Services,98489116.0,2025.0,Hong Kong,"Finnhub IPO,NASDAQ screener"
ANRO,Alto Neuroscience Inc. Common Stock,Health Care,Biotechnology: Pharmaceutical Preparations,709599467.0,2024.0,United States,"Finnhub IPO,NASDAQ screener"
ANSCU,Agriculture & Natural Solutions Acquisition Corp,,,300000000.0,2023.0,United States,"Finnhub IPO,NASDAQ screener"
ANTA,Antalpha Platform Holding Company Class A Ordinary Shares,Finance,Investment Bankers/Brokers/Service,194339380.0,2025.0,Singapore,"Finnhub IPO,NASDAQ screener"
ANTX,AN2 Therapeutics Inc. Common Stock,Health Care,Biotechnology: Pharmaceutical Preparations,160632078.0,2022.0,United States,NASDAQ screener
ANVS,Annovis Bio Inc. Common Stock,Health Care,Biotechnology: Pharmaceutical Preparations,65829049.0,2020.0,United States,NASDAQ screener
AOMR,Angel Oak Mortgage REIT Inc. Common Stock,Finance,Real Estate,207040717.0,2021.0,United States,NASDAQ screener
AORT,Artivion Inc. Common Stock,Health Care,Medical/Dental Instruments,1095623410.0,,United States,NASDAQ screener
AOS,A.O. Smith Corporation Common Stock,Consumer Discretionary,Consumer Electronics/Appliances,7941685315.0,,United States,NASDAQ screener
AOSL,Alpha and Omega Semiconductor Limited Common Shares,Technology,Semiconductors,1476725379.0,2010.0,Bermuda,NASDAQ screener
AOUT,American Outdoor Brands Inc. Common Stock,Consumer Discretionary,Recreational Games/Products/Toys,129862286.0,,United States,NASDAQ screener
AP,Ampco-Pittsburgh Corporation Common Stock,Industrials,Fluid Controls,230297987.0,,United States,NASDAQ screener
APACU,StoneBridge Acquisition II Corp,Finance,Blank Checks,50000000.0,2025.0,United States,"Finnhub IPO,NASDAQ screener"
APADU,AParadise Acquisition Corp.,,,200000000.0,,,Finnhub IPO
APAM,Artisan Partners Asset Management Inc. Class A Common Stock,Finance,Investment Managers,3019401635.0,2013.0,United States,NASDAQ screener
APC,ARKO Petroleum Corp. Class A Common Stock,Energy,Oil Refining/Marketing,240342664.0,2026.0,United States,"Finnhub IPO,NASDAQ screener"
APEI,American Public Education Inc. Common Stock,Real Estate,Other Consumer Services,935151018.0,2007.0,United States,NASDAQ screener
APGE,Apogee Therapeutics Inc. Common Stock,Health Care,Biotechnology: Biological Products (No Diagnostic Substances),5866801163.0,2023.0,United States,"Finnhub IPO,NASDAQ screener"
API,Agora Inc. American Depositary Shares,Technology,Computer Software: Prepackaged Software,359336586.0,2020.0,China,NASDAQ screener
APLE,Apple Hospitality REIT Inc. Common Shares,Real Estate,Real Estate Investment Trusts,3536291959.0,2015.0,United States,NASDAQ screener
APMCU,AmperCap Acquisition Co,,,143750000.0,,,Finnhub IPO
APNAU,APEIRON ACQUISITION VEHICLE I,,,80500000.0,,,Finnhub IPO
APOG,Apogee Enterprises Inc. Common Stock,Consumer Discretionary,Auto Parts:O.E.M.,805786929.0,,United States,NASDAQ screener
APPF,AppFolio Inc. Class A Common Stock,Technology,Computer Software: Prepackaged Software,5628371283.0,2015.0,United States,NASDAQ screener
APPN,Appian Corporation Class A Common Stock,Technology,Computer Software: Prepackaged Software,1618003125.0,2017.0,United States,NASDAQ screener
APPS,Digital Turbine Inc. Common Stock,Miscellaneous,Multi-Sector Companies,1014163933.0,,United States,NASDAQ screener
APT,Alpha Pro Tech Ltd. Common Stock,Health Care,Industrial Specialties,58543020.0,2000.0,Canada,NASDAQ screener
APURU,Aperture AC,Finance,Blank Checks,90000000.0,2026.0,United States,"Finnhub IPO,NASDAQ screener"
APWC,Asia Pacific Wire & Cable Corporation Ltd. Ordinary Shares (Bermuda),Industrials,Telecommunications Equipment,58962409.0,,Taiwan,NASDAQ screener
APXTU,Apex Treasury Corp,Finance,Blank Checks,300000000.0,2025.0,United States,"Finnhub IPO,NASDAQ screener"
APYX,Apyx Medical Corporation Common Stock,Health Care,Medical/Dental Instruments,173776897.0,,United States,NASDAQ screener
AQN,Algonquin Power & Utilities Corp. Common Shares,Utilities,Electric Utilities: Central,4562884208.0,2016.0,United States,NASDAQ screener
AQST,Aquestive Therapeutics Inc. Common Stock,Health Care,Biotechnology: Pharmaceutical Preparations,504309478.0,2018.0,United States,NASDAQ screener
ARAI,Arrive AI Inc.,Consumer Discretionary,Diversified Commercial Services,372700000.0,,United States,"Finnhub IPO,NASDAQ screener"
ARBE,Arbe Robotics Ltd. Ordinary Shares,Technology,EDP Services,132117616.0,,Israel,NASDAQ screener
ARCB,ArcBest Corporation Common Stock,Industrials,Trucking Freight/Courier Services,2978448488.0,,United States,NASDAQ screener
ARCIU,Archimedes Tech SPAC Partners III Co.,Finance,Blank Checks,240000000.0,2026.0,United States,"Finnhub IPO,NASDAQ screener"
ARCLU,ARC Group Acquisition I Corp.,Finance,Blank Checks,105000000.0,2026.0,United States,"Finnhub IPO,NASDAQ screener"
ARCO,Arcos Dorados Holdings Inc. Class A Shares,Consumer Discretionary,Restaurants,1868581316.0,2011.0,Argentina,NASDAQ screener
ARCT,Arcturus Therapeutics Holdings Inc. Common Stock,Health Care,Biotechnology: Pharmaceutical Preparations,225110706.0,2013.0,Israel,NASDAQ screener
ARDC,Ares Dynamic Credit Allocation Fund Inc. Common Shares,Finance,Investment Managers,292394622.0,2012.0,United States,NASDAQ screener
ARDT,Ardent Health Inc. Common Stock,Health Care,Hospital/Nursing Management,1356091293.0,2024.0,United States,"Finnhub IPO,NASDAQ screener"
ARDX,Ardelyx Inc. Common Stock,Health Care,Biotechnology: Pharmaceutical Preparations,1543933669.0,2014.0,United States,NASDAQ screener
ARE,Alexandria Real Estate Equities Inc. Common Stock,Real Estate,Real Estate Investment Trusts,8723930169.0,,United States,NASDAQ screener
AREC,American Resources Corporation Class A Common Stock,Energy,Coal Mining,257800766.0,,United States,NASDAQ screener
AREN,The Arena Group Holdings Inc. Common Stock,Technology,EDP Services,76640492.0,2022.0,United States,NASDAQ screener
ARHS,Arhaus Inc. Class A Common Stock,Consumer Discretionary,Other Specialty Stores,970964839.0,2021.0,United States,NASDAQ screener
ARI,Apollo Commercial Real Estate Finance Inc,Real Estate,Real Estate Investment Trusts,1460018225.0,2009.0,United States,NASDAQ screener
ARIS,Aris Mining Corporation Common Shares,,,3537696000.0,2023.0,,NASDAQ screener
ARKO,ARKO Corp. Common Stock,Consumer Staples,Food Chains,878414195.0,,United States,NASDAQ screener
ARL,American Realty Investors Inc. Common Stock,Real Estate,Other Consumer Services,241473043.0,,United States,NASDAQ screener
ARLO,Arlo Technologies Inc. Common Stock,Consumer Staples,Consumer Electronics/Appliances,1441252272.0,2018.0,United States,NASDAQ screener
ARLP,Alliance Resource Partners L.P. Common Units representing Limited Partners Interests,Energy,Coal Mining,3257640841.0,1999.0,United States,NASDAQ screener
ARMP,Armata Pharmaceuticals Inc. Common Stock,Health Care,Biotechnology: Biological Products (No Diagnostic Substances),298091777.0,,United States,NASDAQ screener
AROC,Archrock Inc. Common Stock,Utilities,Natural Gas Distribution,6064051222.0,,United States,NASDAQ screener
AROW,Arrow Financial Corporation Common Stock,Finance,Major Banks,612069574.0,,United States,NASDAQ screener
ARQ,Arq Inc. Common Stock,Industrials,Major Chemicals,118047210.0,,United States,NASDAQ screener
ARQQ,Arqit Quantum Inc. Ordinary Shares,Technology,Computer Software: Prepackaged Software,407371792.0,,United Kingdom,NASDAQ screener
ARQT,Arcutis Biotherapeutics Inc. Common Stock,Health Care,Biotechnology: Pharmaceutical Preparations,2681787539.0,2020.0,United States,NASDAQ screener
ARR,ARMOUR Residential REIT Inc.,Real Estate,Real Estate Investment Trusts,2122429045.0,,United States,NASDAQ screener
ARRY,Array Technologies Inc. Common Stock,Consumer Discretionary,Miscellaneous manufacturing industries,1424432260.0,2020.0,United States,NASDAQ screener
ARTCU,Art Technology Acquisition Corp.,,,220000000.0,,,Finnhub IPO
ARTNA,Artesian Resources Corporation Class A Common Stock,Utilities,Water Supply,336370190.0,,United States,NASDAQ screener
ARTV,Artiva Biotherapeutics Inc. Common Stock,Health Care,Biotechnology: Biological Products (No Diagnostic Substances),188093874.0,2024.0,United States,"Finnhub IPO,NASDAQ screener"
ARVN,Arvinas Inc. Common Stock,Health Care,Biotechnology: Pharmaceutical Preparations,570367390.0,2018.0,United States,NASDAQ screener
ARX,Accelerant Holdings Class A Common Shares,Finance,Specialty Insurers,3550135802.0,2025.0,Cayman Islands,"Finnhub IPO,NASDAQ screener"
ASA,ASA  Gold and Precious Metals Limited,Industrials,Precious Metals,1158749489.0,,United States,NASDAQ screener
ASAN,Asana Inc. Class A Common Stock,Technology,Computer Software: Prepackaged Software,1605999473.0,2020.0,United States,NASDAQ screener
ASB,Associated Banc-Corp Common Stock,Finance,Major Banks,4618155535.0,,United States,NASDAQ screener
ASBA,Associated Banc-Corp 6.625% Fixed-Rate Reset Subordinated Notes due 2033,Finance,Major Banks,3763466326.0,2023.0,United States,NASDAQ screener
ASC,Ardmore Shipping Corporation Common Stock,Consumer Discretionary,Marine Transportation,678139445.0,2013.0,,NASDAQ screener
ASH,Ashland Inc. Common Stock,Consumer Discretionary,Specialty Chemicals,2624555378.0,,United States,NASDAQ screener
ASIC,Ategrity Specialty Insurance Company Holdings Common Stock,Finance,Property-Casualty Insurers,954889122.0,2025.0,,"Finnhub IPO,NASDAQ screener"
ASIX,AdvanSix Inc. Common Stock,Industrials,Major Chemicals,621675370.0,2016.0,United States,NASDAQ screener
ASLE,AerSale Corporation Common Stock,Consumer Discretionary,Industrial Specialties,312813728.0,2019.0,United States,NASDAQ screener
ASM,Avino Silver & Gold Mines Ltd. Common Shares (Canada),Basic Materials,Metal Mining,1218637800.0,,Canada,NASDAQ screener
ASMB,Assembly Biosciences Inc. Common Stock,Health Care,Biotechnology: Pharmaceutical Preparations,440702020.0,2010.0,United States,NASDAQ screener
ASO,Academy Sports and Outdoors Inc. Common Stock,Consumer Discretionary,Other Specialty Stores,3555688346.0,2020.0,United States,NASDAQ screener
ASPCU,ASPAC III Acquisition Corp.,Finance,Blank Checks,55000000.0,2024.0,China,"Finnhub IPO,NASDAQ screener"
ASPI,ASP Isotopes Inc. Common Stock,Industrials,Major Chemicals,978269783.0,2022.0,United States,NASDAQ screener
ASPN,Aspen Aerogels Inc. Common Stock,Consumer Discretionary,RETAIL: Building Materials,527929376.0,2014.0,United States,NASDAQ screener
ASPS,Altisource Portfolio Solutions S.A. Common Stock,Consumer Discretionary,Other Consumer Services,76020116.0,,Luxembourg,NASDAQ screener
ASR,Grupo Aeroportuario del Sureste S.A. de C.V. Common Stock,Consumer Discretionary,Aerospace,9018900000.0,,Mexico,NASDAQ screener
ASRT,Assertio Holdings Inc. Common Stock,Health Care,Biotechnology: Pharmaceutical Preparations,151473499.0,,United States,NASDAQ screener
ASRV,AmeriServ Financial Inc. Common Stock,Finance,Major Banks,64633857.0,,United States,NASDAQ screener
ASST,Strive Inc. Class A Common Stock,Technology,Computer Software: Prepackaged Software,1300870832.0,2023.0,United States,NASDAQ screener
ASTC,Astrotech Corporation (DE) Common Stock,Industrials,Biotechnology: Laboratory Analytical Instruments,51765987.0,,United States,NASDAQ screener
ASTE,Astec Industries Inc. Common Stock,Industrials,Construction/Ag Equipment/Trucks,1162047520.0,1986.0,United States,NASDAQ screener
ASTH,Astrana Health Inc. Common Stock,Consumer Discretionary,Professional Services,2135602713.0,,United States,NASDAQ screener
ASTI,Ascent Solar Technologies Inc. Common Stock,Technology,Semiconductors,74465051.0,,United States,NASDAQ screener
ASTL,Algoma Steel Group Inc. Common Shares,Industrials,Steel/Iron Ore,585960722.0,,Canada,NASDAQ screener
ASUR,Asure Software Inc Common Stock,Technology,EDP Services,252685187.0,,United States,NASDAQ screener
ASYS,Amtech Systems Inc. Common Stock,Technology,Industrial Machinery/Components,313470283.0,,United States,NASDAQ screener
ATAI,AtaiBeckley Inc. Common Stock,Health Care,Biotechnology: Pharmaceutical Preparations,1623615032.0,2008.0,Germany,NASDAQ screener
ATAT,Atour Lifestyle Holdings Limited American Depositary Shares,Consumer Discretionary,Hotels/Resorts,4643154279.0,2022.0,China,NASDAQ screener
ATEC,Alphatec Holdings Inc. Common Stock,Health Care,Medical/Dental Instruments,1213397616.0,2006.0,United States,NASDAQ screener
ATEN,A10 Networks Inc. Common Stock,Telecommunications,Computer Communications Equipment,2105226637.0,2014.0,United States,NASDAQ screener
ATEX,Anterix Inc. Common Stock,Telecommunications,Telecommunications Equipment,1218387101.0,2015.0,United States,NASDAQ screener
ATGL,Alpha Technology Group Limited Class A Ordinary Shares,Technology,EDP Services,233767500.0,2023.0,China,"Finnhub IPO,NASDAQ screener"
ATHE,Alterity Therapeutics Limited American Depositary Shares,Health Care,Biotechnology: Pharmaceutical Preparations,62619497.0,,Australia,NASDAQ screener
ATHM,Autohome Inc. American Depositary Shares each representing four class A ordinary shares.,Technology,EDP Services,1992456760.0,2013.0,China,NASDAQ screener
ATHS,Athene Holding Ltd. 7.250% Fixed-Rate Reset Junior Subordinated Debentures due 2064,Finance,Life Insurance,5113243265.0,2024.0,Bermuda,NASDAQ screener
ATIIU,Archimedes Tech SPAC Partners II Co.,Finance,Blank Checks,200000000.0,2025.0,United States,"Finnhub IPO,NASDAQ screener"
ATKR,Atkore Inc. Common Stock,Miscellaneous,Industrial Machinery/Components,2770941848.0,2016.0,United States,NASDAQ screener
ATLC,Atlanticus Holdings Corporation Common Stock,Finance,Finance: Consumer Services,1281250246.0,1995.0,United States,NASDAQ screener
ATLCL,Atlanticus Holdings Corporation 6.125% Senior Notes due 2026,Finance,Finance: Consumer Services,379043752.0,,United States,NASDAQ screener
ATLCP,Atlanticus Holdings Corporation 7.625% Series B Cumulative Perpetual Preferred Stock no par value per share,Finance,Finance: Consumer Services,365553167.0,,United States,NASDAQ screener
ATLCZ,Atlanticus Holdings Corporation 9.25% Senior Notes due 2029,Finance,Finance: Consumer Services,387211494.0,,United States,NASDAQ screener
ATLN,Atlantic International Corp. Common Stock,Industrials,Biotechnology: Laboratory Analytical Instruments,105955265.0,2024.0,United States,NASDAQ screener
ATLO,Ames National Corporation Common Stock,Finance,Major Banks,254645075.0,,United States,NASDAQ screener
ATLX,Atlas Lithium Corporation Common Stock,Industrials,Mining & Quarrying of Nonmetallic Minerals (No Fuels),125631179.0,,United States,NASDAQ screener
ATMU,Atmus Filtration Technologies Inc. Common Stock,Consumer Discretionary,Auto Parts:O.E.M.,3902308610.0,2023.0,United States,NASDAQ screener
ATNI,ATN International Inc. Common Stock,Telecommunications,Telecommunications Equipment,437508364.0,,United States,NASDAQ screener
ATOM,Atomera Incorporated Common Stock,Technology,Semiconductors,432463305.0,2016.0,United States,NASDAQ screener
ATR,AptarGroup Inc. Common Stock,Industrials,Plastic Products,7402518453.0,,United States,NASDAQ screener
ATRA,Atara Biotherapeutics Inc. Common Stock,Health Care,Biotechnology: Biological Products (No Diagnostic Substances),101454537.0,2014.0,United States,NASDAQ screener
ATRC,AtriCure Inc. Common Stock,Health Care,Medical/Dental Instruments,1422504847.0,2005.0,United States,NASDAQ screener
ATRO,Astronics Corporation Common Stock,Industrials,Military/Government/Technical,3160044100.0,,United States,NASDAQ screener
ATS,ATS Corporation Common Shares,Industrials,Industrial Machinery/Components,2985384812.0,2023.0,Canada,NASDAQ screener
AUB,Atlantic Union Bankshares Corporation Common Stock,Finance,Major Banks,5401185461.0,,United States,NASDAQ screener
AUBN,Auburn National Bancorporation Inc. Common Stock,Finance,Major Banks,87855388.0,,United States,NASDAQ screener
AUC,ATIF Holdings Limited Ordinary Shares,Consumer Discretionary,Professional Services,82506984.0,2019.0,United States,NASDAQ screener
AUDC,AudioCodes Ltd. Common Stock,Utilities,Telecommunications Equipment,251363780.0,1999.0,Israel,NASDAQ screener
AUGO,Aura Minerals Inc. Common Shares,,,6357926241.0,,United States,"Finnhub IPO,NASDAQ screener"
AUNA,AUNA S.A.,Health Care,Medical/Nursing Services,360000000.0,2024.0,Peru,"Finnhub IPO,NASDAQ screener"
AUPH,Aurinia Pharmaceuticals Inc Ordinary Shares,Health Care,Biotechnology: Pharmaceutical Preparations,1994553273.0,,Canada,NASDAQ screener
AURA,Aura Biosciences Inc. Common Stock,Health Care,Biotechnology: Biological Products (No Diagnostic Substances),775399185.0,2021.0,United States,NASDAQ screener
AURE,Aurelion Inc. Class A Ordinary Shares,Finance,Finance: Consumer Services,87535045.0,2023.0,Hong Kong,NASDAQ screener
AUROW,Aurora Innovation Inc. Warrant,Technology,EDP Services,904114624.0,2021.0,United States,NASDAQ screener
AUTL,Autolus Therapeutics plc American Depositary Share,Health Care,Biotechnology: Biological Products (No Diagnostic Substances),471095741.0,2018.0,United Kingdom,NASDAQ screener
AVA,Avista Corporation Common Stock,Utilities,Power Generation,3411314390.0,,United States,NASDAQ screener
AVAH,Aveanna Healthcare Holdings Inc. Common Stock,Health Care,Medical/Nursing Services,1596145638.0,2021.0,United States,NASDAQ screener
AVAL,Grupo Aval Acciones y Valores S.A. ADR (Each representing 20 preferred shares),Finance,Commercial Banks,5567845066.0,2014.0,,NASDAQ screener
AVBC,Avidia Bancorp Inc. Common Stock,Finance,Banks,375024350.0,2025.0,United States,NASDAQ screener
AVBH,Avidbank Holdings Inc. Common stock,Finance,Commercial Banks,337090489.0,,United States,NASDAQ screener
AVBP,ArriVent BioPharma Inc. Common Stock,Health Care,Biotechnology: Pharmaceutical Preparations,1256125808.0,2024.0,United States,"Finnhub IPO,NASDAQ screener"
AVD,American Vanguard Corporation Common Stock ($0.10 Par Value),Industrials,Agricultural Chemicals,93145258.0,1998.0,United States,NASDAQ screener
AVEX,AEVEX Corp. Class A Common Stock,Industrials,Aerospace,4616408016.0,2026.0,,"Finnhub IPO,NASDAQ screener"
AVIR,Atea Pharmaceuticals Inc. Common Stock,Health Care,Biotechnology: Pharmaceutical Preparations,378528178.0,2020.0,United States,NASDAQ screener
AVLN,Avalyn Pharma Inc. Common Stock,Health Care,Biotechnology: Pharmaceutical Preparations,1187044014.0,2026.0,United States,"Finnhub IPO,NASDAQ screener"
AVNS,Avanos Medical Inc. Common Stock,Health Care,Industrial Specialties,1159381875.0,2014.0,United States,NASDAQ screener
AVNT,Avient Corporation Common Stock,Industrials,Major Chemicals,3318073842.0,,United States,NASDAQ screener
AVNW,Aviat Networks Inc. Common Stock,Technology,Radio And Television Broadcasting And Communications Equipment,230193047.0,,United States,NASDAQ screener
AVO,Mission Produce Inc. Common Stock,Consumer Staples,Farming/Seeds/Milling,797021595.0,2020.0,United States,NASDAQ screener
AVPT,AvePoint Inc. Class A Common Stock,Technology,Computer Software: Prepackaged Software,2177416603.0,2019.0,United States,NASDAQ screener
AVR,Anteris Technologies Global Corp. Common Stock,Health Care,Industrial Specialties,853691120.0,2024.0,United States,"Finnhub IPO,NASDAQ screener"
AVT,Avnet Inc. Common Stock,Technology,Electronic Components,7145937937.0,,United States,NASDAQ screener
AVTR,Avantor Inc. Common Stock,Industrials,Biotechnology: Laboratory Analytical Instruments,6247211928.0,2019.0,United States,NASDAQ screener
AVTX,Avalo Therapeutics Inc. Common Stock,Health Care,Biotechnology: Pharmaceutical Preparations,847882676.0,2015.0,United States,NASDAQ screener
AVXL,Anavex Life Sciences Corp. Common Stock,Health Care,Biotechnology: Biological Products (No Diagnostic Substances),272454969.0,,United States,NASDAQ screener
AWI,Armstrong World Industries Inc Common Stock,Industrials,Plastic Products,6832442072.0,,United States,NASDAQ screener
AWR,American States Water Company Common Stock,Utilities,Water Supply,2993534836.0,,United States,NASDAQ screener
AX,Axos Financial Inc. Common Stock,Finance,Savings Institutions,4964322096.0,2018.0,United States,NASDAQ screener
AXG,Solowin Holdings Class A Ordinary Share,Finance,Investment Bankers/Brokers/Service,659448856.0,2023.0,Hong Kong,NASDAQ screener
AXGN,Axogen Inc. Common Stock,Health Care,Biotechnology: Electromedical & Electrotherapeutic Apparatus,2149447646.0,,United States,NASDAQ screener
AXINU,Axiom Intelligence Acquisition Corp 1,Finance,Blank Checks,175000000.0,2025.0,United Kingdom,"Finnhub IPO,NASDAQ screener"
AXR,AMREP Corporation Common Stock,Real Estate,Homebuilding,143346477.0,,United States,NASDAQ screener
AXS,Axis Capital Holdings Limited Common Stock,Finance,Property-Casualty Insurers,7061948776.0,2003.0,Bermuda,NASDAQ screener
AXTA,Axalta Coating Systems Ltd. Common Shares,Consumer Discretionary,Paints/Coatings,6461226606.0,2014.0,United States,NASDAQ screener
AXTI,AXT Inc Common Stock,Technology,Semiconductors,7569462389.0,1998.0,United States,NASDAQ screener
AYA,Aya Gold & Silver Inc. Common Shares,Basic Materials,Precious Metals,2791019613.0,,Canada,NASDAQ screener
AYI,Acuity Inc. Common Stock,Consumer Discretionary,Building Products,9103948102.0,,United States,NASDAQ screener
AZ,A2Z Cust2Mate Solutions Corp. Common Shares,Industrials,Industrial Machinery/Components,301101060.0,,Canada,NASDAQ screener
AZTA,Azenta Inc.,Technology,Industrial Machinery/Components,1036627162.0,,United States,NASDAQ screener
AZZ,AZZ Inc.,Industrials,Industrial Specialties,4206423419.0,,United States,NASDAQ screener
BACCU,Blue Acquisition Corp/Cayman,Finance,Blank Checks,175000000.0,2025.0,United States,"Finnhub IPO,NASDAQ screener"
BACQU,Bleichroeder Acquisition Corp. I,,,250000000.0,,,Finnhub IPO
BAER,Bridger Aerospace Group Holdings Inc. Common Stock,Industrials,Aerospace,145246855.0,,United States,NASDAQ screener
BAH,Booz Allen Hamilton Holding Corporation Common Stock,Consumer Discretionary,Professional Services,9705423837.0,2010.0,United States,NASDAQ screener
BAK,Braskem SA ADR,Industrials,Major Chemicals,1777773470.0,,Brazil,NASDAQ screener
BALY,Bally's Corporation Common Stock,Consumer Discretionary,Hotels/Resorts,684793642.0,2024.0,United States,NASDAQ screener
BANC,Banc of California Inc. Common Stock,Finance,Major Banks,2910010218.0,,United States,NASDAQ screener
BAND,Bandwidth Inc. Class A Common Stock,Technology,Computer Software: Prepackaged Software,1846117922.0,2017.0,United States,NASDAQ screener
BANF,BancFirst Corporation Common Stock,Finance,Major Banks,3710624036.0,1993.0,United States,NASDAQ screener
BANFP,BancFirst Corporation - BFC Capital Trust II Cumulative Trust Preferred Securities,Finance,Major Banks,877948156.0,,United States,NASDAQ screener
BANR,Banner Corporation Common Stock,Finance,Major Banks,2225919305.0,,United States,NASDAQ screener
BANX,ArrowMark Financial Corp. Common Stock,Finance,Trusts Except Educational Religious and Charitable,140987126.0,,United States,NASDAQ screener
BARK,BARK Inc. Class A Common Stock,Consumer Discretionary,Other Specialty Stores,84774793.0,2020.0,United States,NASDAQ screener
BATRA,Atlanta Braves Holdings Inc. Series A Common Stock,Consumer Discretionary,Services-Misc. Amusement & Recreation,3456069075.0,,United States,NASDAQ screener
BATRK,Atlanta Braves Holdings Inc. Series C Common Stock,Consumer Discretionary,Services-Misc. Amusement & Recreation,3210398241.0,,United States,NASDAQ screener
BAX,Baxter International Inc. Common Stock,Health Care,Medical/Dental Instruments,9942028404.0,,United States,NASDAQ screener
BAYAU,Bayview Acquisition Corp,,,60000000.0,2023.0,United States,"Finnhub IPO,NASDAQ screener"
BB,BlackBerry Limited Common Stock,Technology,Computer Software: Prepackaged Software,5145619153.0,,Canada,NASDAQ screener
BBAI,BigBear.ai Inc. Common Stock,Technology,Computer Software: Prepackaged Software,2366010283.0,2021.0,United States,NASDAQ screener
BBAR,Banco BBVA Argentina S.A. ADS,Finance,Commercial Banks,3598650531.0,,Argentina,NASDAQ screener
BBBY,Bed Bath & Beyond Inc. Common Stock,Consumer Discretionary,Catalog/Specialty Distribution,474685138.0,,United States,NASDAQ screener
BBCP,Concrete Pumping Holdings Inc. Common Stock,Consumer Discretionary,Engineering & Construction,399538102.0,2017.0,United States,NASDAQ screener
BBCQU,Bleichroeder Acquisition Corp. II,,,250000000.0,2026.0,United States,"Finnhub IPO,NASDAQ screener"
BBDC,Barings BDC Inc. Common Stock,Finance,Diversified Financial Services,907808684.0,,United States,NASDAQ screener
BBNX,Beta Bionics Inc. Common Stock,Health Care,Medical/Dental Instruments,539196510.0,2025.0,United States,"Finnhub IPO,NASDAQ screener"
BBOT,BridgeBio Oncology Therapeutics Inc. Common Stock,Health Care,Biotechnology: Pharmaceutical Preparations,708146799.0,2024.0,United States,NASDAQ screener
BBSI,Barrett Business Services Inc. Common Stock,Consumer Discretionary,Professional Services,788855926.0,1993.0,United States,NASDAQ screener
BBT,Beacon Financial Corporation Common stock,Finance,Banks,2436533620.0,,United States,NASDAQ screener
BBUC,Brookfield Business Corporation Class A Subordinate Voting Shares,Consumer Discretionary,Engineering & Construction,6937623000.0,,,NASDAQ screener
BBW,Build-A-Bear Workshop Inc. Common Stock,Consumer Discretionary,Recreational Games/Products/Toys,489380633.0,2004.0,United States,NASDAQ screener
BBWI,Bath & Body Works Inc.,Consumer Discretionary,Clothing/Shoe/Accessory Stores,4103798492.0,,United States,NASDAQ screener
BC,Brunswick Corporation Common Stock,Industrials,Industrial Machinery/Components,5433812250.0,,United States,NASDAQ screener
BCACU,Brookline Capital Acquisition Corp II,,,115000000.0,,,Finnhub IPO
BCAL,California BanCorp Common Stock,Finance,Major Banks,609201767.0,,United States,NASDAQ screener
BCARU,D. Boral ARC Acquisition I Corp.,Finance,Blank Checks,250000000.0,2025.0,United States,"Finnhub IPO,NASDAQ screener"
BCAT,BlackRock Capital Allocation Term Trust Common Shares of Beneficial Interest,Finance,Finance/Investors Services,1710695700.0,2020.0,United States,NASDAQ screener
BCAX,Bicara Therapeutics Inc. Common Stock,Health Care,Biotechnology: Pharmaceutical Preparations,1429059086.0,2024.0,United States,"Finnhub IPO,NASDAQ screener"
BCBP,BCB Bancorp Inc. (NJ) Common Stock,Finance,Savings Institutions,178493254.0,2005.0,United States,NASDAQ screener
BCC,Boise Cascade L.L.C. Common Stock,Consumer Discretionary,RETAIL: Building Materials,2475597928.0,2013.0,United States,NASDAQ screener
BCIC,BCP Investment Corporation Common Stock,Finance,Finance: Consumer Services,94192630.0,2006.0,United States,NASDAQ screener
BCML,BayCom Corp Common Stock,Finance,Major Banks,338734293.0,2018.0,United States,NASDAQ screener
BCO,Brinks Company (The) Common Stock,Industrials,Integrated Freight & Logistics,4409619076.0,,United States,NASDAQ screener
BCPC,Balchem Corporation Common Stock,Industrials,Major Chemicals,5149127517.0,,United States,NASDAQ screener
BCRX,BioCryst Pharmaceuticals Inc. Common Stock,Health Care,Biotechnology: Biological Products (No Diagnostic Substances),2312880206.0,1994.0,United States,NASDAQ screener
BCSF,Bain Capital Specialty Finance Inc. Common Stock,Finance,Finance/Investors Services,864048513.0,2018.0,United States,NASDAQ screener
BCSSU,Bain Capital GSS Investment Corp.,,,400000000.0,,,Finnhub IPO
BCX,BlackRock Resources Common Shares of Beneficial Interest,Finance,Finance/Investors Services,1021690440.0,2011.0,United States,NASDAQ screener
BCYC,Bicycle Therapeutics plc American Depositary Shares,Health Care,Biotechnology: Pharmaceutical Preparations,326018421.0,2019.0,United Kingdom,NASDAQ screener
BDC,Belden Inc Common Stock,Industrials,Telecommunications Equipment,4105870137.0,,United States,NASDAQ screener
BDCIU,BTC Development Corp.,Finance,Blank Checks,220000000.0,2025.0,United States,"Finnhub IPO,NASDAQ screener"
BDJ,Blackrock Enhanced Equity Dividend Trust,Finance,Finance Companies,1636818108.0,2005.0,United States,NASDAQ screener
BDL,Flanigan's Enterprises Inc. Common Stock,Consumer Discretionary,Restaurants,64123322.0,1972.0,United States,NASDAQ screener
BDMD,Baird Medical Investment Holdings Ltd Ordinary Share,Health Care,Medical/Dental Instruments,66689846.0,,China,NASDAQ screener
BDN,Brandywine Realty Trust Common Stock,Real Estate,Real Estate Investment Trusts,531558246.0,,United States,NASDAQ screener
BDSX,Biodesix Inc. Common Stock,Health Care,Medical Specialities,165589386.0,2020.0,United States,NASDAQ screener
BDTX,Black Diamond Therapeutics Inc. Common Stock,Health Care,Biotechnology: Biological Products (No Diagnostic Substances),128928992.0,2020.0,United States,NASDAQ screener
BEAGU,Bold Eagle Acquisition Corp.,,,250000000.0,,,Finnhub IPO
BEAM,Beam Therapeutics Inc. Common Stock,Health Care,Biotechnology: Biological Products (No Diagnostic Substances),3374438219.0,2020.0,United States,NASDAQ screener
BEBEU,TGE Value Creative Solutions Corp,,,150000000.0,,,Finnhub IPO
BEEP,Mobile Infrastructure Corporation Common Stock,Finance,Blank Checks,95172000.0,,United States,NASDAQ screener
BELFA,Bel Fuse Inc. Class A Common Stock,,,3125460202.0,,United States,NASDAQ screener
BELFB,Bel Fuse Inc. Class B Common Stock,,,3523680931.0,,United States,NASDAQ screener
BENF,Beneficient Class A Common Stock,Finance,Finance: Consumer Services,54012174.0,,United States,NASDAQ screener
BEPH,Brookfield BRP Holdings (Canada) Inc. 4.625% Perpetual Subordinated Notes,Utilities,Electric Utilities: Central,4255775519.0,,Canada,NASDAQ screener
BEPI,Brookfield BRP Holdings (Canada) Inc. 4.875% Perpetual Subordinated Notes,Utilities,Electric Utilities: Central,4468277130.0,2021.0,Canada,NASDAQ screener
BEPJ,Brookfield BRP Holdings (Canada) Inc. 7.250% Perpetual Subordinated Notes,Utilities,Electric Utilities: Central,7104445772.0,2024.0,Canada,NASDAQ screener
BETA,Beta Technologies Inc. Class A Common Stock,Industrials,Aerospace,4229757828.0,2025.0,United States,"Finnhub IPO,NASDAQ screener"
BETR,Better Home & Finance Holding Company Class A Common Stock,Finance,Finance: Consumer Services,533827293.0,2021.0,United Kingdom,NASDAQ screener
BFAM,Bright Horizons Family Solutions Inc. Common Stock,Consumer Discretionary,Other Consumer Services,3238992980.0,2013.0,United States,NASDAQ screener
BFC,Bank First Corporation Common Stock,Finance,Major Banks,1572109090.0,,United States,NASDAQ screener
BFH,Bread Financial Holdings Inc. Common Stock,Consumer Discretionary,Business Services,3574408970.0,,United States,NASDAQ screener
BFLY,Butterfly Network Inc. Class A Common Stock,Health Care,Medical Electronics,1204453340.0,2020.0,United States,NASDAQ screener
BFS,Saul Centers Inc. Common Stock,Real Estate,Real Estate Investment Trusts,850654244.0,1993.0,United States,NASDAQ screener
BFST,Business First Bancshares Inc. Common Stock,Finance,Major Banks,922825816.0,,United States,NASDAQ screener
BGC,BGC Group Inc. Class A Common Stock,Finance,Investment Bankers/Brokers/Service,5020513556.0,,United States,NASDAQ screener
BGIN,Bgin Blockchain Limited Class A Ordinary Shares,Finance,Finance: Consumer Services,326962869.0,2025.0,China,"Finnhub IPO,NASDAQ screener"
BGM,BGM Group Ltd. Class A Ordinary Shares,Health Care,Biotechnology: Pharmaceutical Preparations,59032742.0,2021.0,China,NASDAQ screener
BGR,BlackRock Energy and Resources Trust,Finance,Trusts Except Educational Religious and Charitable,2113788764.0,2004.0,United States,NASDAQ screener
BGS,B&G Foods Inc. Common Stock,Consumer Staples,Packaged Foods,336031384.0,,United States,NASDAQ screener
BGSF,BGSF Inc. Common Stock,Consumer Discretionary,Professional Services,57344232.0,,United States,NASDAQ screener
BGSI,Boyd Group Services Inc. Common Shares,,,2997297893.0,,Canada,NASDAQ screener
BH,Biglari Holdings Inc. Class B Common Stock,Consumer Discretionary,Restaurants,644565137.0,2018.0,United States,NASDAQ screener
BHAVU,BHAV Acquisition Corp,,,100000000.0,2026.0,United States,"Finnhub IPO,NASDAQ screener"
BHB,Bar Harbor Bankshares Inc. Common Stock,Finance,Major Banks,582792640.0,1997.0,United States,NASDAQ screener
BHC,Bausch Health Companies Inc. Common Stock,Health Care,Biotechnology: Pharmaceutical Preparations,2022326090.0,,Canada,NASDAQ screener
BHE,Benchmark Electronics Inc. Common Stock,Technology,Electrical Products,3033403394.0,,United States,NASDAQ screener
BHF,Brighthouse Financial Inc. Common Stock,Finance,Life Insurance,3607020840.0,,United States,NASDAQ screener
BHFAL,Brighthouse Financial Inc. 6.25% Junior Subordinated Debentures due 2058,Finance,Life Insurance,951302200.0,,United States,NASDAQ screener
BHFAM,Brighthouse Financial Inc. Depositary shares each representing a 1/1000th Interest in a Share of 4.625% Non-Cumulative Preferred Stock Series D,Finance,Life Insurance,639371587.0,,United States,NASDAQ screener
BHFAN,Brighthouse Financial Inc. Depositary shares each representing a 1/1000th interest in a share of 5.375% Non-Cumulative Preferred Stock Series C,Finance,Life Insurance,723242433.0,,United States,NASDAQ screener
BHFAO,Brighthouse Financial Inc. Depositary Shares 6.75% Non-Cumulative Preferred Stock Series B,Finance,Life Insurance,919701273.0,,United States,NASDAQ screener
BHFAP,Brighthouse Financial Inc. Depositary Shares 6.6% Non-Cumulative Preferred Stock Series A,Finance,Life Insurance,884665089.0,,United States,NASDAQ screener
BHM,Bluerock Homes Trust Inc. Class A Common Stock,Real Estate,Real Estate Investment Trusts,132085454.0,2022.0,,NASDAQ screener
BHR,Braemar Hotels & Resorts Inc. Common Stock,Real Estate,Real Estate Investment Trusts,172385088.0,2013.0,United States,NASDAQ screener
BHRB,Burke & Herbert Financial Services Corp. Common Stock,Finance,Major Banks,1281930658.0,,United States,NASDAQ screener
BHST,BioHarvest Sciences Inc. Common Stock,,,88404584.0,,Canada,NASDAQ screener
BHVN,Biohaven Ltd. Common Shares,Health Care,Biotechnology: Pharmaceutical Preparations,1541186458.0,2022.0,United States,NASDAQ screener
BIDWU,TRIBECA STRATEGIC ACQUISITION CORP.,,,201250000.0,,,Finnhub IPO
BIIIU,Black Spade Acquisition III Co,,,150000000.0,,,Finnhub IPO
BILI,Bilibili Inc. American Depositary Shares,Technology,EDP Services,7174259201.0,2018.0,China,NASDAQ screener
BILL,BILL Holdings Inc. Common Stock,Technology,EDP Services,3470945936.0,2019.0,United States,NASDAQ screener
BIO,Bio-Rad Laboratories Inc. Class A Common Stock,Industrials,Biotechnology: Laboratory Analytical Instruments,8516075716.0,1980.0,United States,NASDAQ screener
BIOA,BioAge Labs Inc. Common Stock,Health Care,Biotechnology: Pharmaceutical Preparations,757919115.0,2024.0,United States,"Finnhub IPO,NASDAQ screener"
BIPC,Brookfield Infrastructure Corporation Brookfield Infrastructure Corporation,Utilities,Oil & Gas Production,5595097799.0,,Canada,NASDAQ screener
BIPH,Brookfield Infrastructure Corporation 5.000% Subordinated Notes due 2081,Utilities,Oil & Gas Production,7676763694.0,2021.0,Canada,NASDAQ screener
BIPI,BIP Bermuda Holdings I Limited 5.125% Perpetual Subordinated Notes,Consumer Discretionary,Marine Transportation,157127002.0,2022.0,Bermuda,NASDAQ screener
BIRK,Birkenstock Holding plc Ordinary Shares,Consumer Discretionary,Shoe Manufacturing,8104739888.0,2023.0,,"Finnhub IPO,NASDAQ screener"
BIXIU,Bitcoin Infrastructure Acquisition Corp Ltd,Finance,Blank Checks,200000000.0,2025.0,United States,"Finnhub IPO,NASDAQ screener"
BJRI,BJ's Restaurants Inc. Common Stock,Consumer Discretionary,Restaurants,977286966.0,,United States,NASDAQ screener
BKD,Brookdale Senior Living Inc. Common Stock,Health Care,Hospital/Nursing Management,3111431042.0,2005.0,United States,NASDAQ screener
BKE,Buckle Inc. (The) Common Stock,Consumer Discretionary,Clothing/Shoe/Accessory Stores,2600632981.0,,United States,NASDAQ screener
BKH,Black Hills Corporation Common Stock,Utilities,Electric Utilities: Central,5564204145.0,,United States,NASDAQ screener
BKHAU,Black Hawk Acquisition Corp,,,69000000.0,,,Finnhub IPO
BKKT,Bakkt Inc. Class A Common Stock,Finance,Finance: Consumer Services,1438375081.0,,United States,NASDAQ screener
BKSY,BlackSky Technology Inc. Class A Common Stock,Technology,Radio And Television Broadcasting And Communications Equipment,1915939012.0,2019.0,United States,NASDAQ screener
BKT,BlackRock Income Trust Inc. (The),Finance,Investment Bankers/Brokers/Service,1564981195.0,,United States,NASDAQ screener
BKTI,BK Technologies Corporation Common Stock,Technology,Radio And Television Broadcasting And Communications Equipment,318256830.0,,United States,NASDAQ screener
BKU,BankUnited Inc. Common Stock,Finance,Savings Institutions,3381153335.0,2011.0,United States,NASDAQ screener
BKV,BKV Corporation Common Stock,Energy,Oil & Gas Production,2912965451.0,2024.0,United States,"Finnhub IPO,NASDAQ screener"
BL,BlackLine Inc. Common Stock,Technology,Computer Software: Prepackaged Software,1590297460.0,2016.0,United States,NASDAQ screener
BLBD,Blue Bird Corporation Common Stock,Consumer Discretionary,Construction/Ag Equipment/Trucks,2221274082.0,2014.0,United States,NASDAQ screener
BLCO,Bausch + Lomb Corporation Common Shares,Health Care,Ophthalmic Goods,5558888151.0,2022.0,,NASDAQ screener
BLDP,Ballard Power Systems Inc. Common Shares,Energy,Industrial Machinery/Components,1866135505.0,,Canada,NASDAQ screener
BLDR,Builders FirstSource Inc. Common Stock,Consumer Discretionary,RETAIL: Building Materials,8251993687.0,2005.0,United States,NASDAQ screener
BLEUU,pan-Africa Corp,,,143750000.0,,,Finnhub IPO
BLFS,BioLife Solutions Inc. Common Stock,Health Care,Biotechnology: Electromedical & Electrotherapeutic Apparatus,1233649729.0,,United States,NASDAQ screener
BLKB,Blackbaud Inc. Common Stock,Technology,Computer Software: Prepackaged Software,1396336022.0,2004.0,United States,NASDAQ screener
BLLN,BillionToOne Inc. Class A Common Stock,Health Care,Medical Specialities,4498358335.0,2025.0,United States,"Finnhub IPO,NASDAQ screener"
BLMN,Bloomin' Brands Inc. Common Stock,Consumer Discretionary,Restaurants,712310868.0,2012.0,United States,NASDAQ screener
BLND,Blend Labs Inc. Class A Common Stock,Technology,Computer Software: Programming Data Processing,416440648.0,2021.0,United States,NASDAQ screener
BLNK,Blink Charging Co. Common Stock,Consumer Discretionary,Industrial Specialties,120994830.0,,United States,NASDAQ screener
BLRKU,Bluerock Acquisition Corp.,,,150000000.0,2025.0,United States,"Finnhub IPO,NASDAQ screener"
BLSH,Bullish Ordinary Shares,Finance,Finance: Consumer Services,5383825091.0,2025.0,Cayman Islands,"Finnhub IPO,NASDAQ screener"
BLTE,Belite Bio Inc American Depositary Shares,Health Care,Biotechnology: Pharmaceutical Preparations,5822314080.0,2022.0,United States,NASDAQ screener
BLUW,Blue Water Acquisition Corp. III Class A Ordinary Shares,,,74406150.0,2025.0,United States,NASDAQ screener
BLUWU,Blue Water Acquisition Corp. III,,,220000000.0,,,Finnhub IPO
BLW,Blackrock Limited Duration Income Trust,Consumer Discretionary,Other Consumer Services,447819113.0,2003.0,United States,NASDAQ screener
BLX,Banco Latinoamericano de Comercio Exterior S.A.,Finance,Commercial Banks,2120260346.0,1992.0,Panama,NASDAQ screener
BLZE,Backblaze Inc. Class A Common Stock,Technology,Computer Software: Prepackaged Software,459000000.0,2021.0,United States,NASDAQ screener
BLZRU,Trailblazer Acquisition Corp.,,,240000000.0,2025.0,United States,"Finnhub IPO,NASDAQ screener"
BMA,Banco Macro S.A.  ADR (representing Ten Class B Common Shares),Finance,Commercial Banks,5613846834.0,,Argentina,NASDAQ screener
BMBL,Bumble Inc. Class A Common Stock,Technology,Computer Software: Programming Data Processing,425205608.0,2021.0,United States,NASDAQ screener
BME,Blackrock Health Sciences Trust,Finance,Trusts Except Educational Religious and Charitable,534920682.0,2005.0,United States,NASDAQ screener
BMEA,Biomea Fusion Inc. Common Stock,Health Care,Biotechnology: Pharmaceutical Preparations,99773227.0,2021.0,United States,NASDAQ screener
BMEZ,BlackRock Health Sciences Term Trust Common Shares of Beneficial Interest,Finance,Trusts Except Educational Religious and Charitable,193862082.0,2020.0,United States,NASDAQ screener
BMHL,Bluemount Holdings Limited Class B Ordinary Shares,Finance,Finance: Consumer Services,104902492.0,2025.0,Hong Kong,"Finnhub IPO,NASDAQ screener"
BMI,Badger Meter Inc. Common Stock,Industrials,Industrial Machinery/Components,3640608002.0,1971.0,United States,NASDAQ screener
BMM,Blue Moon Metals Inc. Common Shares,,,796435904.0,,Canada,NASDAQ screener
BMOKU,BM Acquisition Corp.,,,69000000.0,,,Finnhub IPO
BMRC,Bank of Marin Bancorp Common Stock,Finance,Major Banks,417694441.0,,United States,NASDAQ screener
BNAI,Brand Engagement Network Inc. Common Stock,Technology,EDP Services,102691301.0,2021.0,United States,NASDAQ screener
BNC,CEA Industries Inc. Common Stock,Industrials,Industrial Machinery/Components,109813353.0,,United States,NASDAQ screener
BNED,Barnes & Noble Education Inc Common Stock,Consumer Discretionary,Other Specialty Stores,353250026.0,2015.0,United States,NASDAQ screener
BNL,Broadstone Net Lease Inc. Common Stock,Real Estate,Real Estate Investment Trusts,3900531729.0,2020.0,United States,NASDAQ screener
BNR,Burning Rock Biotech Limited American Depositary Shares,Health Care,Medical Specialities,106518064.0,2020.0,China,NASDAQ screener
BNTC,Benitec Biopharma Inc. Common Stock,Health Care,Biotechnology: Pharmaceutical Preparations,397136101.0,2015.0,United States,NASDAQ screener
BOBS,Bob's Discount Furniture Inc. Common Stock,Consumer Discretionary,Other Specialty Stores,1759552236.0,2026.0,,"Finnhub IPO,NASDAQ screener"
BOC,Boston Omaha Corporation Class A Common Stock,Finance,Real Estate,406810966.0,2022.0,United States,NASDAQ screener
BODI,The Beachbody Company Inc. Class A Common Stock,Consumer Discretionary,Other Consumer Services,77414457.0,,United States,NASDAQ screener
BOF,BranchOut Food Inc. Common Stock,Consumer Staples,Packaged Foods,52840304.0,2023.0,United States,"Finnhub IPO,NASDAQ screener"
BOH,Bank of Hawaii Corporation Common Stock,Finance,Major Banks,3062308404.0,,United States,NASDAQ screener
BOKF,BOK Financial Corporation Common Stock,Finance,Major Banks,7840607182.0,,United States,NASDAQ screener
BOLD,"Boundless Bio, Inc.",Health Care,Biotechnology: Pharmaceutical Preparations,100000000.0,2024.0,United States,"Finnhub IPO,NASDAQ screener"
BOOM,DMC Global Inc. Common Stock,Industrials,Industrial Specialties,148398851.0,,United States,NASDAQ screener
BOOT,Boot Barn Holdings Inc. Common Stock,Consumer Discretionary,Clothing/Shoe/Accessory Stores,5182437964.0,2014.0,United States,NASDAQ screener
BORR,Borr Drilling Limited Common Shares,Energy,Oil & Gas Production,1560044450.0,2019.0,Bermuda,NASDAQ screener
BOTJ,Bank of the James Financial Group Inc. Common Stock,Finance,Major Banks,103860707.0,,United States,NASDAQ screener
BOW,Bowhead Specialty Holdings Inc. Common Stock,Finance,Property-Casualty Insurers,880716099.0,2024.0,United States,"Finnhub IPO,NASDAQ screener"
BOWNU,Bowen Acquisition Corp,,,60000000.0,,,Finnhub IPO
BOX,Box Inc. Class A Common Stock,Technology,Computer Software: Prepackaged Software,3495858081.0,2015.0,United States,NASDAQ screener
BPACU,Blueport Acquisition Ltd,Finance,Blank Checks,50000000.0,2025.0,United States,"Finnhub IPO,NASDAQ screener"
BPOP,Popular Inc. Common Stock,Finance,Major Banks,9661295037.0,,United States,NASDAQ screener
BPOPM,Popular Inc. Popular Capital Trust II - 6.125% Cumulative Monthly Income Trust Preferred Securities,Finance,Major Banks,1623123381.0,,United States,NASDAQ screener
BPRN,Princeton Bancorp Inc. Common Stock (PA),Finance,Major Banks,246563630.0,,United States,NASDAQ screener
BRAI,Braiin Limited Common Stock,Technology,EDP Services,2815165194.0,,Australia,"Finnhub IPO,NASDAQ screener"
BRBI,BRBI BR Partners S.A. ADSs,Finance,Finance: Consumer Services,640238679.0,,Brazil,NASDAQ screener
BRBR,BellRing Brands Inc. Common Stock,Consumer Staples,Packaged Foods,1006966181.0,2022.0,United States,NASDAQ screener
BRBS,Blue Ridge Bankshares Inc. Common Stock,Finance,Major Banks,295809529.0,,United States,NASDAQ screener
BRC,Brady Corporation Common Stock,Consumer Discretionary,Miscellaneous manufacturing industries,4056882347.0,,United States,NASDAQ screener
BRCB,Black Rock Coffee Bar Inc. Class A Common Stock,Consumer Discretionary,Restaurants,425474360.0,2025.0,United States,"Finnhub IPO,NASDAQ screener"
BRCC,BRC Inc. Class A Common Stock,Consumer Staples,Beverages (Production/Distribution),426648921.0,2022.0,United States,NASDAQ screener
BREZU,Breeze Acquisition Corp. II,Finance,Blank Checks,125000000.0,2026.0,United States,"Finnhub IPO,NASDAQ screener"
BRID,Bridgford Foods Corporation Common Stock,Consumer Staples,Specialty Foods,68530082.0,,United States,NASDAQ screener
BRKHU,BurTech Acquisition Corp II,Finance,Blank Checks,80000000.0,2026.0,United States,"Finnhub IPO,NASDAQ screener"
BRKR,Bruker Corporation Common Stock,Industrials,Biotechnology: Laboratory Analytical Instruments,8429668089.0,,United States,NASDAQ screener
BRLT,Brilliant Earth Group Inc. Class A Common Stock,Consumer Discretionary,Consumer Specialties,126501500.0,2021.0,United States,NASDAQ screener
BROS,Dutch Bros Inc. Class A Common Stock,Consumer Discretionary,Restaurants,9878105190.0,2021.0,United States,NASDAQ screener
BRR,ProCap Financial Inc. Common Stock,Finance,Finance: Consumer Services,206507635.0,2025.0,United States,NASDAQ screener
BRSL,Brightstar Lottery PLC Trading under the Legal Name to begin at the market open on July 21 2025. Ordinary Shares,Consumer Discretionary,Services-Misc. Amusement & Recreation,2062710000.0,2015.0,United States,NASDAQ screener
BRSP,BrightSpire Capital Inc. Class A Common Stock,Real Estate,Real Estate Investment Trusts,749098874.0,2018.0,United States,NASDAQ screener
BRT,BRT Apartments Corp. (MD) Common Stock,Real Estate,Real Estate Investment Trusts,274617649.0,,United States,NASDAQ screener
BRUN,Boost Run Inc. Class A Common Stock,Technology,EDP Services,2658285372.0,,United States,NASDAQ screener
BRVAU,Brava Acquisition Corp,,,86250000.0,,,Finnhub IPO
BRX,Brixmor Property Group Inc. Common Stock,Real Estate,Real Estate Investment Trusts,9441362705.0,2013.0,United States,NASDAQ screener
BRZE,Braze Inc. Class A Common Stock,Technology,Computer Software: Prepackaged Software,2843656063.0,2021.0,United States,NASDAQ screener
BSAAU,BEST SPAC I Acquisition Corp.,Finance,Blank Checks,55000000.0,2025.0,Hong Kong,"Finnhub IPO,NASDAQ screener"
BSABU,BEST SPAC II Acquisition Corp.,,,115000000.0,,,Finnhub IPO
BSBK,Bogota Financial Corp. Common Stock,Finance,Banks,108105504.0,2020.0,United States,NASDAQ screener
BSET,Bassett Furniture Industries Incorporated Common Stock,Consumer Discretionary,Home Furnishings,128238480.0,,United States,NASDAQ screener
BSIIU,Black Spade Acquisition II Co,,,150000000.0,,,Finnhub IPO
BSM,Black Stone Minerals L.P. Common units representing limited partner interests,Energy,Oil & Gas Production,2828366096.0,2015.0,United States,NASDAQ screener
BSRR,Sierra Bancorp Common Stock,Finance,Major Banks,501063539.0,,United States,NASDAQ screener
BST,BlackRock Science and Technology Trust Common Shares of Beneficial Interest,Finance,Finance Companies,1091273128.0,2014.0,United States,NASDAQ screener
BSTZ,BlackRock Science and Technology Term Trust Common Shares of Beneficial Interest,Finance,Trusts Except Educational Religious and Charitable,671825406.0,2019.0,United States,NASDAQ screener
BSVN,Bank7 Corp. Common stock,Finance,Major Banks,422563281.0,2018.0,United States,NASDAQ screener
BSY,Bentley Systems Incorporated Class B Common Stock,Technology,Computer Software: Prepackaged Software,9782252903.0,2020.0,United States,NASDAQ screener
BTBT,Bit Digital Inc. Ordinary Shares,Finance,Finance: Consumer Services,708856553.0,2018.0,United States,NASDAQ screener
BTCS,BTCS Inc. Common Stock,Finance,Finance: Consumer Services,77649579.0,,United States,NASDAQ screener
BTDR,Bitdeer Technologies Group Class A Ordinary Shares,Finance,Finance: Consumer Services,4472104942.0,,Singapore,NASDAQ screener
BTE,Baytex Energy Corp Common Shares,Energy,Oil & Gas Production,3600347039.0,2023.0,Canada,NASDAQ screener
BTECH,BTECH Corp,,,230000000.0,,,Finnhub IPO
BTG,B2Gold Corp Common shares (Canada),Basic Materials,Precious Metals,6135514831.0,,Canada,NASDAQ screener
BTGO,BitGo Holdings Inc. Class A Common Stock,Finance,Finance: Consumer Services,701554424.0,2026.0,,"Finnhub IPO,NASDAQ screener"
BTMD,Biote Corp. Class A Common Stock,Health Care,Medicinal Chemicals and Botanical Products,76665860.0,,United States,NASDAQ screener
BTQ,BTQ Technologies Corp. Common Stock,,,670050808.0,,Canada,NASDAQ screener
BTU,Peabody Energy Corporation Common Stock,Energy,Coal Mining,3545370244.0,2017.0,United States,NASDAQ screener
BTX,BlackRock Technology and Private Equity Term Trust Common Shares of Beneficial Interest,,,2159892954.0,2021.0,United States,NASDAQ screener
BTZ,BlackRock Credit Allocation Income Trust,Finance,Finance Companies,1101895650.0,2006.0,United States,NASDAQ screener
BUDA,Buda Juice Inc. Common Stock,Consumer Staples,Beverages (Production/Distribution),106816661.0,2026.0,,"Finnhub IPO,NASDAQ screener"
BUJAU,Bukit Jalil Global Acquisition 1 Ltd.,,,50000000.0,,,Finnhub IPO
BULL,Webull Corporation Class A Ordinary Shares,Finance,Investment Bankers/Brokers/Service,3366412149.0,,United States,NASDAQ screener
BULLW,Webull Corporation Warrants,Finance,Investment Bankers/Brokers/Service,957326779.0,,United States,NASDAQ screener
BUR,Burford Capital Limited Ordinary Shares,Finance,Finance: Consumer Services,986840275.0,2020.0,,NASDAQ screener
BUSE,First Busey Corporation Class A Common Stock,Finance,Major Banks,2304727610.0,,United States,NASDAQ screener
BUSEP,First Busey Corporation Depositary Shares Each Representing a 1/40thInterest in a Share of 8.25% Fixed-Rate Series B Non-Cumulative Perpetual Preferred Stock $0.001 par value,Finance,Major Banks,2182090728.0,,United States,NASDAQ screener
BUUU,BUUU Group Limited Class A Ordinary Share,Consumer Discretionary,Services-Misc. Amusement & Recreation,280766980.0,2025.0,Hong Kong,"Finnhub IPO,NASDAQ screener"
BV,BrightView Holdings Inc. Common Stock,Consumer Discretionary,Business Services,1197620000.0,2018.0,United States,NASDAQ screener
BVC,BitVentures Limited Ordinary Shares,,,1594320000.0,2021.0,China,NASDAQ screener
BVFL,BV Financial Inc. Common Stock,Finance,Savings Institutions,172011071.0,2023.0,United States,"Finnhub IPO,NASDAQ screener"
BVN,Buenaventura Mining Company Inc.,Basic Materials,Metal Mining,8892080214.0,1996.0,Peru,NASDAQ screener
BVS,Bioventus Inc. Class A Common Stock,Health Care,Medical/Dental Instruments,740953543.0,2021.0,United States,NASDAQ screener
BW,Babcock & Wilcox Enterprises Inc. Common Stock,Industrials,Building Products,2854742205.0,2015.0,United States,NASDAQ screener
BWAY,BrainsWay Ltd. American Depositary Shares,Health Care,Medical/Dental Instruments,635724453.0,2019.0,Israel,NASDAQ screener
BWB,Bridgewater Bancshares Inc. Common Stock,Finance,Major Banks,529226306.0,2018.0,United States,NASDAQ screener
BWBBP,Bridgewater Bancshares Inc. Depositary Shares Each Representing a 1/100th Interest in a Share of 5.875% Non-Cumulative Perpetual Preferred Stock Series A,Finance,Major Banks,552369500.0,,United States,NASDAQ screener
BWEN,Broadwind Inc. Common Stock,Telecommunications,Metal Fabrications,86010126.0,,United States,NASDAQ screener
BWFG,Bankwell Financial Group Inc. Common Stock,Finance,Major Banks,419070341.0,2014.0,United States,NASDAQ screener
BWIN,The Baldwin Insurance Group Inc. Class A Common Stock,Finance,Specialty Insurers,2831393033.0,2019.0,United States,NASDAQ screener
BWIVU,Blue Water Acquisition Corp. IV,,,125000000.0,,,Finnhub IPO
BWLP,BW LPG Limited Common Shares,Consumer Discretionary,Transportation Services,3270059460.0,2024.0,,NASDAQ screener
BWMN,Bowman Consulting Group Ltd. Common Stock,Consumer Discretionary,Professional Services,574078598.0,2021.0,United States,NASDAQ screener
BWMX,Betterware de Mexico S.A.P.I. de C.V. Ordinary Shares,Consumer Discretionary,Catalog/Specialty Distribution,643202498.0,,Mexico,NASDAQ screener
BWNB,Babcock & Wilcox Enterprises Inc. 6.50% Senior Notes due 2026,Industrials,Building Products,2536537329.0,2021.0,United States,NASDAQ screener
BXC,Bluelinx Holdings Inc. Common Stock,Consumer Discretionary,Wholesale Distributors,412466935.0,2004.0,United States,NASDAQ screener
BXDC,Blackstone Digital Infrastructure Trust Inc. Common Stock,Finance,Real Estate,1950375111.0,2026.0,,"Finnhub IPO,NASDAQ screener"
BXMT,Blackstone Mortgage Trust Inc. Common Stock,Real Estate,Real Estate Investment Trusts,3083534746.0,,United States,NASDAQ screener
BXP,BXP Inc. Common Stock,Real Estate,Real Estate Investment Trusts,9669114216.0,1997.0,United States,NASDAQ screener
BY,Byline Bancorp Inc. Common Stock,Finance,Major Banks,1504862843.0,2017.0,United States,NASDAQ screener
BYD,Boyd Gaming Corporation Common Stock,Consumer Discretionary,Hotels/Resorts,6185012281.0,1993.0,United States,NASDAQ screener
BYFC,Broadway Financial Corporation Class A Common Stock,Finance,Savings Institutions,88340016.0,,United States,NASDAQ screener
BYND,Beyond Meat Inc. Common Stock,Consumer Staples,Packaged Foods,422735364.0,2019.0,United States,NASDAQ screener
BYRN,Byrna Technologies Inc. Common Stock,Miscellaneous,Industrial Machinery/Components,148591034.0,,United States,NASDAQ screener
BYSI,BeyondSpring Inc. Ordinary Shares,Health Care,Biotechnology: Pharmaceutical Preparations,70726090.0,2017.0,United States,NASDAQ screener
BZ,KANZHUN LIMITED American Depository Shares,Technology,Computer Software: Programming Data Processing,6233992819.0,2021.0,China,NASDAQ screener
BZAI,Blaize Holdings Inc. Common Stock,Finance,Blank Checks,226256143.0,2025.0,United States,NASDAQ screener
BZAIW,Blaize Holdings Inc. Warrants,Finance,Blank Checks,54073795.0,2025.0,United States,NASDAQ screener
BZFD,BuzzFeed Inc. Class A Common Stock,Consumer Discretionary,Telecommunications Equipment,133537709.0,2021.0,United States,NASDAQ screener
BZH,Beazer Homes USA Inc. Common Stock,Consumer Discretionary,Homebuilding,687992375.0,1994.0,United States,NASDAQ screener
BZUN,Baozun Inc. American Depositary Shares,Consumer Discretionary,Catalog/Specialty Distribution,148808676.0,2015.0,China,NASDAQ screener
CAAP,Corporacion America Airports SA Common Shares,Consumer Discretionary,Aerospace,4341959157.0,2018.0,,NASDAQ screener
CAAS,China Automotive Systems Inc. Ordinary Share,Consumer Discretionary,Auto Parts:O.E.M.,140595471.0,,China,NASDAQ screener
CABA,Cabaletta Bio Inc. Common Stock,Health Care,Biotechnology: Biological Products (No Diagnostic Substances),614716581.0,2019.0,United States,NASDAQ screener
CABO,Cable One Inc. Common Stock,Telecommunications,Cable & Other Pay Television Services,320629652.0,2015.0,United States,NASDAQ screener
CAC,Camden National Corporation Common Stock,Finance,Major Banks,841674477.0,,United States,NASDAQ screener
CACC,Credit Acceptance Corporation Common Stock,Finance,Finance: Consumer Services,5861928389.0,1992.0,United States,NASDAQ screener
CADL,Candel Therapeutics Inc. Common Stock,Health Care,Biotechnology: Biological Products (No Diagnostic Substances),592756234.0,2021.0,United States,NASDAQ screener
CAE,CAE Inc. Ordinary Shares,Miscellaneous,Industrial Machinery/Components,8250572704.0,,Canada,NASDAQ screener
CAEAU,Caedryn Acquisition Corp I,,,69000000.0,,,Finnhub IPO
CAEP,"Cantor Equity Partners III, Inc.",,,240000000.0,,,Finnhub IPO
CAES,"Cantor Equity Partners VII, Inc.",,,287500000.0,,,Finnhub IPO
CAG,ConAgra Brands Inc. Common Stock,Consumer Staples,Packaged Foods,6401489147.0,,United States,NASDAQ screener
CAI,Caris Life Sciences Inc. Common Stock,Health Care,Medical Specialities,4712287186.0,2025.0,United States,"Finnhub IPO,NASDAQ screener"
CAIIU,Collective Acquisition Corp. II,,,220000000.0,2026.0,United States,"Finnhub IPO,NASDAQ screener"
CAKE,Cheesecake Factory Incorporated (The) Common Stock,Consumer Discretionary,Restaurants,3192781426.0,1992.0,United States,NASDAQ screener
CAL,Caleres Inc. Common Stock,Consumer Discretionary,Shoe Manufacturing,496465646.0,,United States,NASDAQ screener
CALM,Cal-Maine Foods Inc. Common Stock,Consumer Staples,Farming/Seeds/Milling,3623835216.0,1996.0,United States,NASDAQ screener
CALX,Calix Inc Common Stock,Consumer Discretionary,Telecommunications Equipment,2553205429.0,2010.0,United States,NASDAQ screener
CALY,Callaway Golf Company Common Stock,Consumer Discretionary,Recreational Games/Products/Toys,2866123118.0,,United States,NASDAQ screener
CAMP,CAMP4 Therapeutics Corporation Common Stock,,,233146842.0,2024.0,United States,"Finnhub IPO,NASDAQ screener"
CAMT,Camtek Ltd. Ordinary Shares,Technology,Electronic Components,8135765531.0,2000.0,Israel,NASDAQ screener
CAN,Canaan Inc. American Depositary Shares,Technology,Semiconductors,316842581.0,2019.0,China,NASDAQ screener
CAPL,CrossAmerica Partners LP Common Units representing limited partner interests,Energy,Oil Refining/Marketing,842066085.0,2012.0,United States,NASDAQ screener
CAPNU,Cayson Acquisition Corp,,,60000000.0,,,Finnhub IPO
CAPR,Capricor Therapeutics Inc. Common Stock,Health Care,Biotechnology: Pharmaceutical Preparations,1685815205.0,,United States,NASDAQ screener
CAQUU,Cambridge Acquisition Corp.,,,200000000.0,2026.0,United States,"Finnhub IPO,NASDAQ screener"
CAR,Avis Budget Group Inc. Common Stock,Consumer Discretionary,Rental/Leasing Companies,6177633552.0,,United States,NASDAQ screener
CARE,Carter Bankshares Inc. Common Stock,Finance,Major Banks,599327610.0,,United States,NASDAQ screener
CARG,CarGurus Inc. Class A Common Stock,Technology,EDP Services,2737178424.0,2017.0,United States,NASDAQ screener
CARL,Carlsmed Inc. Common Stock,Health Care,Medical/Dental Instruments,321054059.0,2025.0,United States,"Finnhub IPO,NASDAQ screener"
CARS,Cars.com Inc. Common Stock,Technology,EDP Services,569092815.0,2017.0,United States,NASDAQ screener
CART,Maplebear Inc. Common Stock,Consumer Discretionary,Business Services,9387090771.0,2023.0,United States,"Finnhub IPO,NASDAQ screener"
CASH,Pathward Financial Inc. Common Stock,Finance,Major Banks,1739044601.0,1993.0,United States,NASDAQ screener
CASS,Cass Information Systems Inc Common Stock,Consumer Discretionary,Business Services,595805487.0,,United States,NASDAQ screener
CATO,Cato Corporation (The) Class A Common Stock,Consumer Discretionary,Clothing/Shoe/Accessory Stores,64137517.0,,United States,NASDAQ screener
CATX,Perspective Therapeutics Inc. Common Stock,Health Care,Medical/Dental Instruments,461887098.0,,United States,NASDAQ screener
CATY,Cathay General Bancorp Common Stock,Finance,Major Banks,3845154846.0,,United States,NASDAQ screener
CAVA,CAVA Group Inc. Common Stock,Consumer Discretionary,Restaurants,9108255539.0,2023.0,United States,"Finnhub IPO,NASDAQ screener"
CBAN,Colony Bankcorp Inc. Common Stock,Finance,Major Banks,417057076.0,,United States,NASDAQ screener
CBAT,CBAK Energy Technology Inc. Common Stock,Miscellaneous,Industrial Machinery/Components,72441377.0,,China,NASDAQ screener
CBC,Central Bancompany Inc. Class A Common Stock,,,6759064487.0,,United States,"Finnhub IPO,NASDAQ screener"
CBFV,CB Financial Services Inc. Common Stock,Finance,Major Banks,181599474.0,,United States,NASDAQ screener
CBIO,Crescent Biopharma Inc. Common Stock,Health Care,Biotechnology: Pharmaceutical Preparations,591969444.0,2014.0,United States,NASDAQ screener
CBK,Commercial Bancgroup Inc. Common Stock,Finance,Major Banks,399940042.0,2025.0,United States,"Finnhub IPO,NASDAQ screener"
CBL,CBL & Associates Properties Inc. Common Stock,Real Estate,Real Estate Investment Trusts,1494631811.0,2021.0,United States,NASDAQ screener
CBLL,CeriBell Inc. Common Stock,Health Care,Biotechnology: Electromedical & Electrotherapeutic Apparatus,708390209.0,2024.0,United States,"Finnhub IPO,NASDAQ screener"
CBNA,Chain Bridge Bancorp Inc. Class A Common Stock,Finance,Major Banks,239440702.0,2024.0,,"Finnhub IPO,NASDAQ screener"
CBNK,Capital Bancorp Inc. Common Stock,Finance,Major Banks,521054879.0,2018.0,United States,NASDAQ screener
CBRL,Cracker Barrel Old Country Store Inc Common Stock,Consumer Discretionary,Restaurants,764852007.0,1981.0,United States,NASDAQ screener
CBSH,Commerce Bancshares Inc. Common Stock,Finance,Major Banks,7581869988.0,,United States,NASDAQ screener
CBT,Cabot Corporation Common Stock,Industrials,Major Chemicals,4527714485.0,,United States,NASDAQ screener
CBU,Community Financial System Inc. Common Stock,Finance,Major Banks,3379281935.0,,United States,NASDAQ screener
CBUS,Cibus Inc. Class A Common Stock,Industrials,Agricultural Chemicals,110680869.0,2017.0,United States,NASDAQ screener
CBZ,CBIZ Inc. Common Stock,Consumer Discretionary,Business Services,1733927018.0,,United States,NASDAQ screener
CC,Chemours Company (The) Common Stock,Industrials,Major Chemicals,3416581548.0,2015.0,United States,NASDAQ screener
CCAP,Crescent Capital BDC Inc. Common stock,Finance,Finance: Consumer Services,421886150.0,,United States,NASDAQ screener
CCB,Coastal Financial Corporation Common Stock,Finance,Major Banks,1075955892.0,2018.0,United States,NASDAQ screener
CCBG,Capital City Bank Group Common Stock,Finance,Major Banks,787177856.0,,United States,NASDAQ screener
CCC,CCC Intelligent Solutions Holdings Inc. Common Stock,Technology,Computer Software: Prepackaged Software,2688187655.0,,United States,NASDAQ screener
CCCC,C4 Therapeutics Inc. Common Stock,Health Care,Biotechnology: Biological Products (No Diagnostic Substances),404676033.0,2020.0,United States,NASDAQ screener
CCCMU,Columbus Circle Capital Corp. I,,,220000000.0,,,Finnhub IPO
CCCTU,Columbus Circle Capital Corp III,,,230000000.0,,,Finnhub IPO
CCCXU,Churchill Capital Corp X/Cayman,,,360000000.0,,,Finnhub IPO
CCEC,Capital Clean Energy Carriers Corp. Common Share,Consumer Discretionary,Marine Transportation,1355133291.0,2007.0,Greece,NASDAQ screener
CCIIU,Cohen Circle Acquisition Corp. II,,,220000000.0,2025.0,United States,"Finnhub IPO,NASDAQ screener"
CCIRU,Cohen Circle Acquisition Corp. I,,,200000000.0,,,Finnhub IPO
CCIXU,Churchill Capital Corp IX/Cayman,Technology,EDP Services,250000000.0,2024.0,United States,"Finnhub IPO,NASDAQ screener"
CCLD,CareCloud Inc. Common Stock,Technology,Computer Software: Prepackaged Software,98583642.0,2014.0,United States,NASDAQ screener
CCNE,CNB Financial Corporation Common Stock,Finance,Major Banks,912573600.0,,United States,NASDAQ screener
CCNEP,CNB Financial Corporation Depositary Shares each representing a 1/40th ownership interest in a share of 7.125% Series A Fixed-Rate Non-Cumulative Perpetual Preferred Stock,Finance,Major Banks,735392103.0,,United States,NASDAQ screener
CCO,Clear Channel Outdoor Holdings Inc. Common Stock,Consumer Discretionary,Advertising,1221560414.0,2005.0,United States,NASDAQ screener
CCOI,Cogent Communications Holdings Inc.,Consumer Discretionary,Telecommunications Equipment,992539281.0,,United States,NASDAQ screener
CCRN,Cross Country Healthcare Inc. Common Stock $0.0001 Par Value,Consumer Discretionary,Professional Services,423234532.0,2001.0,United States,NASDAQ screener
CCS,Century Communities Inc. Common Stock,Consumer Discretionary,Homebuilding,1538007099.0,2014.0,United States,NASDAQ screener
CCSI,Consensus Cloud Solutions Inc. Common Stock,Technology,Computer Software: Prepackaged Software,589102359.0,,United States,NASDAQ screener
CCU,Compania Cervecerias Unidas S.A. Common Stock,Consumer Staples,Beverages (Production/Distribution),869070750.0,,Chile,NASDAQ screener
CCXIU,Churchill Capital Corp XI,,,360000000.0,,,Finnhub IPO
CD,Chaince Digital Holdings Inc. Ordinary Shares,Finance,Finance: Consumer Services,690366622.0,2015.0,China,NASDAQ screener
CDLR,Cadeler A/S American Depositary Share (each representing four (4) Ordinary Shares),Consumer Discretionary,Marine Transportation,2250515507.0,2023.0,,NASDAQ screener
CDNA,CareDx Inc. Common Stock,Health Care,Medical Specialities,1172670219.0,2014.0,United States,NASDAQ screener
CDNL,Cardinal Infrastructure Group Inc. Class A Common Stock,Industrials,Military/Government/Technical,2270228853.0,2025.0,United States,"Finnhub IPO,NASDAQ screener"
CDP,COPT Defense Properties Common Shares of Beneficial Interest,Real Estate,Real Estate Investment Trusts,3684748698.0,,United States,NASDAQ screener
CDRE,Cadre Holdings Inc. Common Stock,Health Care,Industrial Specialties,1367378559.0,2021.0,United States,NASDAQ screener
CDRO,Codere Online Luxembourg S.A. Ordinary Shares,Consumer Discretionary,Services-Misc. Amusement & Recreation,426223171.0,,Luxembourg,NASDAQ screener
CDXS,Codexis Inc. Common Stock,Industrials,Major Chemicals,249965559.0,2010.0,United States,NASDAQ screener
CDZI,CADIZ Inc. Common Stock,Utilities,Water Supply,368297933.0,,United States,NASDAQ screener
CDZIP,Cadiz Inc. Depositary Shares,Utilities,Water Supply,1797764795.0,,United States,NASDAQ screener
CE,Celanese Corporation Common Stock,Industrials,Major Chemicals,5841723453.0,2005.0,United States,NASDAQ screener
CECO,CECO Environmental Corp. Common Stock,Industrials,Pollution Control Equipment,2988582213.0,1998.0,United States,NASDAQ screener
CELC,Celcuity Inc. Common Stock,Health Care,Medical Specialities,6383994762.0,2017.0,United States,NASDAQ screener
CELH,Celsius Holdings Inc. Common Stock,Consumer Staples,Beverages (Production/Distribution),8492372759.0,,United States,NASDAQ screener
CENT,Central Garden & Pet Company Common Stock,Consumer Discretionary,Consumer Specialties,2454651660.0,1993.0,United States,NASDAQ screener
CENTA,Central Garden & Pet Company Class A Common Stock Nonvoting,Consumer Discretionary,Consumer Specialties,2182468772.0,,United States,NASDAQ screener
CENX,Century Aluminum Company Common Stock,Industrials,Aluminum,6683717394.0,1996.0,United States,NASDAQ screener
CEP,"Cantor Equity Partners, Inc.",,,100000000.0,,,Finnhub IPO
CEPF,"Cantor Equity Partners IV, Inc.",Finance,Blank Checks,400000000.0,2025.0,United States,"Finnhub IPO,NASDAQ screener"
CEPO,"Cantor Equity Partners I, Inc.",Finance,Blank Checks,200000000.0,2025.0,United States,"Finnhub IPO,NASDAQ screener"
CEPS,"Cantor Equity Partners VI, Inc.",Finance,Blank Checks,100000000.0,2026.0,United States,"Finnhub IPO,NASDAQ screener"
CEPT,"Cantor Equity Partners II, Inc.",Finance,Blank Checks,240000000.0,2025.0,United States,"Finnhub IPO,NASDAQ screener"
CEPU,Central Puerto S.A. American Depositary Shares (each represents ten Common Shares),Utilities,Electric Utilities: Central,2299416964.0,2018.0,,NASDAQ screener
CEPV,"Cantor Equity Partners V, Inc.",,,220000000.0,2025.0,United States,"Finnhub IPO,NASDAQ screener"
CERS,Cerus Corporation Common Stock,Technology,EDP Services,585077404.0,1997.0,United States,NASDAQ screener
CERT,Certara Inc. Common Stock,Technology,Computer Software: Prepackaged Software,882051327.0,2020.0,United States,NASDAQ screener
CEV,Eaton Vance California Municipal Income Trust Shares of Beneficial Interest,Finance,Finance/Investors Services,72164480.0,1999.0,United States,NASDAQ screener
CEVA,CEVA Inc. Common Stock,Technology,Computer Software: Programming Data Processing,1163407249.0,,United States,NASDAQ screener
CFACU,Creative Future Acquisition Corp,,,69000000.0,,,Finnhub IPO
CFBK,CF Bankshares Inc. Common Stock,Finance,Major Banks,184294582.0,,United States,NASDAQ screener
CFFI,C&F Financial Corporation Common Stock,Finance,Major Banks,242417425.0,,United States,NASDAQ screener
CFFN,Capitol Federal Financial Inc. Common Stock,Finance,Savings Institutions,988804651.0,,United States,NASDAQ screener
CFR,Cullen/Frost Bankers Inc. Common Stock,Finance,Major Banks,8556725760.0,,United States,NASDAQ screener
CGABL,The Carlyle Group Inc. 4.625% Subordinated Notes due 2061,Finance,Investment Managers,6022386702.0,,United States,NASDAQ screener
CGAU,Centerra Gold Inc. Common Shares,Basic Materials,Precious Metals,3405060973.0,2021.0,Canada,NASDAQ screener
CGBD,Carlyle Secured Lending Inc. Common Stock,Finance,Finance: Consumer Services,765775298.0,2017.0,United States,NASDAQ screener
CGC,Canopy Growth Corporation Common Shares,Health Care,Medicinal Chemicals and Botanical Products,481175426.0,,Canada,NASDAQ screener
CGCTU,Cartesian Growth Corp III,Finance,Blank Checks,240000000.0,2025.0,United States,"Finnhub IPO,NASDAQ screener"
CGEM,Cullinan Therapeutics Inc. Common Stock,Health Care,Biotechnology: Biological Products (No Diagnostic Substances),943995587.0,2021.0,United States,NASDAQ screener
CGEN,Compugen Ltd. Ordinary Shares,Health Care,Biotechnology: Biological Products (No Diagnostic Substances),262945288.0,2000.0,Israel,NASDAQ screener
CGNT,Cognyte Software Ltd. Ordinary Shares,Technology,Computer Software: Prepackaged Software,765277806.0,,Israel,NASDAQ screener
CGON,CG Oncology Inc. Common stock,Health Care,Biotechnology: Biological Products (No Diagnostic Substances),5356536185.0,2024.0,United States,"Finnhub IPO,NASDAQ screener"
CGTX,Cognition Therapeutics Inc. Common Stock,Health Care,Biotechnology: Biological Products (No Diagnostic Substances),106502638.0,2021.0,United States,NASDAQ screener
CHA,Chagee Holdings Limited American Depositary Shares,Consumer Discretionary,Restaurants,1938155392.0,2025.0,China,"Finnhub IPO,NASDAQ screener"
CHACU,Crane Harbor Acquisition Corp.,,,200000000.0,,,Finnhub IPO
CHARU,Charlton Aria Acquisition Corp,,,75000000.0,2024.0,United States,"Finnhub IPO,NASDAQ screener"
CHCI,Comstock Holding Companies Inc. Class A Common Stock,Finance,Real Estate,162506172.0,2004.0,United States,NASDAQ screener
CHCO,City Holding Company Common Stock,Finance,Major Banks,1758251284.0,,United States,NASDAQ screener
CHCT,Community Healthcare Trust Incorporated Common Stock,Real Estate,Real Estate Investment Trusts,496292044.0,2015.0,United States,NASDAQ screener
CHDN,Churchill Downs Incorporated Common Stock,Consumer Discretionary,Services-Misc. Amusement & Recreation,6163297574.0,,United States,NASDAQ screener
CHE,Chemed Corp,Health Care,Medical/Nursing Services,5839145609.0,,United States,NASDAQ screener
CHEBU,Chenghe Acquisition II Co.,,,75000000.0,,,Finnhub IPO
CHECU,Chenghe Acquisition III Co.,,,110000000.0,,,Finnhub IPO
CHEF,The Chefs' Warehouse Inc. Common Stock,Consumer Discretionary,Food Distributors,3176985075.0,2011.0,United States,NASDAQ screener
CHGG,Chegg Inc. Common Stock,Real Estate,Other Consumer Services,167938257.0,2013.0,United States,NASDAQ screener
CHH,Choice Hotels International Inc. Common Stock,Consumer Discretionary,Hotels/Resorts,5157369086.0,,United States,NASDAQ screener
CHMG,Chemung Financial Corp Common Stock,Finance,Major Banks,334350913.0,,United States,NASDAQ screener
CHMI,Cherry Hill Mortgage Investment Corporation Common Stock,Real Estate,Real Estate Investment Trusts,88909682.0,2013.0,,NASDAQ screener
CHPGU,ChampionsGate Acquisition Corp,,,65000000.0,,,Finnhub IPO
CHPT,ChargePoint Holdings Inc. Common Stock,Consumer Discretionary,Industrial Specialties,190446641.0,2019.0,United States,NASDAQ screener
CHRD,Chord Energy Corporation Common Stock,Energy,Oil & Gas Production,7537897612.0,,United States,NASDAQ screener
CHRN,ChronoScale Corporation Common Stock,Industrials,Industrial Machinery/Components,65174238.0,,United States,NASDAQ screener
CHRS,Coherus Oncology Inc. Common Stock,Health Care,Biotechnology: Biological Products (No Diagnostic Substances),254512335.0,2014.0,United States,NASDAQ screener
CHSCL,CHS Inc Class B Cumulative Redeemable Preferred Stock Series 4,Industrials,Farming/Seeds/Milling,317169918.0,,United States,NASDAQ screener
CHSCM,CHS Inc Class B Reset Rate Cumulative Redeemable Preferred Stock Series 3,Industrials,Farming/Seeds/Milling,308272715.0,,United States,NASDAQ screener
CHSCN,CHS Inc Preferred Class B Series 2 Reset Rate,Industrials,Farming/Seeds/Milling,309745356.0,,United States,NASDAQ screener
CHSCO,CHS Inc. Class B Cumulative Redeemable Preferred Stock,Industrials,Farming/Seeds/Milling,322385519.0,,United States,NASDAQ screener
CHSCP,CHS Inc. 8%  Cumulative Redeemable Preferred Stock,Industrials,Farming/Seeds/Milling,340510040.0,,United States,NASDAQ screener
CHWY,Chewy Inc. Class A Common Stock,Consumer Discretionary,Catalog/Specialty Distribution,8744070608.0,2019.0,United States,NASDAQ screener
CHYM,Chime Financial Inc. Class A Common Stock,Finance,Finance: Consumer Services,6896446416.0,2025.0,United States,"Finnhub IPO,NASDAQ screener"
CIA,Citizens Inc. Class A Common Stock ($1.00 Par),Finance,Life Insurance,263384068.0,1994.0,United States,NASDAQ screener
CIB,Grupo Cibest S.A. American Depositary Shares each representing four Preferred Shares,Finance,Commercial Banks,8806211426.0,2025.0,Colombia,NASDAQ screener
CIG,Comp En De Mn Cemig ADS American Depositary Shares,Utilities,Electric Utilities: Central,6181448893.0,,Brazil,NASDAQ screener
CIGI,Colliers International Group Inc. Subordinate Voting Shares,Finance,Real Estate,4894723975.0,,Canada,NASDAQ screener
CII,BlackRock Enhanced Large Cap Core Fund Inc. Common Stock,Finance,Investment Bankers/Brokers/Service,3817245006.0,2004.0,United States,NASDAQ screener
CIM,Chimera Investment Corporation Common Stock,Real Estate,Real Estate Investment Trusts,1135076464.0,2007.0,United States,NASDAQ screener
CIMN,Chimera Investment Corporation 9.000% Senior Notes due 2029,Real Estate,Real Estate Investment Trusts,2039842530.0,2024.0,United States,NASDAQ screener
CING,Cingulate Inc. Common Stock,Health Care,Biotechnology: Pharmaceutical Preparations,58455616.0,2021.0,United States,NASDAQ screener
CINT,CI&T Inc Class A Common Shares,Technology,EDP Services,451114136.0,2021.0,,NASDAQ screener
CION,CION Investment Corporation Common Stock,Finance,Finance/Investors Services,337570844.0,2021.0,United States,NASDAQ screener
CITR,CitroTech Inc. Common Stock,Industrials,Environmental Services,151806827.0,,,NASDAQ screener
CIVB,Civista Bancshares Inc. Common Stock,Finance,Major Banks,535586878.0,,United States,NASDAQ screener
CIX,CompX International Inc. Common Stock,Consumer Discretionary,Industrial Machinery/Components,315963181.0,1998.0,United States,NASDAQ screener
CLAR,Clarus Corporation Common Stock,Consumer Discretionary,Recreational Games/Products/Toys,119553021.0,,United States,NASDAQ screener
CLB,Core Laboratories Inc. Common Stock,Energy,Oilfield Services/Equipment,642587747.0,2023.0,Netherlands,NASDAQ screener
CLBK,Columbia Financial Inc. Common Stock,Finance,Savings Institutions,2086151753.0,2018.0,United States,NASDAQ screener
CLBRU,COLOMBIER ACQUISITION CORP. II,,,150000000.0,,,Finnhub IPO
CLBT,Cellebrite DI Ltd. Ordinary Shares,Technology,Computer Software: Prepackaged Software,3292605584.0,,Israel,NASDAQ screener
CLDT,Chatham Lodging Trust (REIT) Common Shares of Beneficial Interest,Real Estate,Real Estate Investment Trusts,515360669.0,2010.0,United States,NASDAQ screener
CLDX,Celldex Therapeutics Inc.,Health Care,Biotechnology: In Vitro & In Vivo Diagnostic Substances,2488198682.0,,United States,NASDAQ screener
CLF,Cleveland-Cliffs Inc. Common Stock,Basic Materials,Metal Mining,7580810792.0,,United States,NASDAQ screener
CLFD,Clearfield Inc. Common Stock,Utilities,Telecommunications Equipment,634627782.0,,United States,NASDAQ screener
CLLS,Cellectis S.A. American Depositary Shares,Health Care,Biotechnology: Pharmaceutical Preparations,263505308.0,2015.0,France,NASDAQ screener
CLMB,Climb Global Solutions Inc. Common Stock,Technology,Retail: Computer Software & Peripheral Equipment,386635788.0,,United States,NASDAQ screener
CLMT,Calumet Inc. Common Stock,Energy,Integrated oil Companies,3093723719.0,2006.0,United States,NASDAQ screener
CLNE,Clean Energy Fuels Corp. Common Stock,Utilities,Natural Gas Distribution,455864992.0,2007.0,United States,NASDAQ screener
CLNN,Clene Inc. Common Stock,Health Care,Biotechnology: Pharmaceutical Preparations,85614657.0,,United States,NASDAQ screener
CLOV,Clover Health Investments Corp. Class A Common Stock,Health Care,Medical Specialities,2201540474.0,,United States,NASDAQ screener
CLPR,Clipper Realty Inc. Common Stock,Real Estate,Real Estate Investment Trusts,51542636.0,2017.0,United States,NASDAQ screener
CLPT,ClearPoint Neuro Inc. Common Stock,Health Care,Medical/Dental Instruments,367072251.0,,United States,NASDAQ screener
CLSK,CleanSpark Inc. Common Stock,Finance,Finance: Consumer Services,4654880113.0,,United States,NASDAQ screener
CLSKW,CleanSpark Inc. Warrant,Finance,Finance: Consumer Services,112907787.0,,United States,NASDAQ screener
CLST,Catalyst Bancorp Inc. Common Stock,Finance,Savings Institutions,64506184.0,2021.0,United States,NASDAQ screener
CLVT,Clarivate Plc Ordinary Shares,Technology,EDP Services,1630002101.0,2019.0,United Kingdom,NASDAQ screener
CLW,Clearwater Paper Corporation Common Stock,Basic Materials,Paper,260261583.0,,United States,NASDAQ screener
CLYM,Climb Bio Inc. Common Stock,Health Care,Biotechnology: Pharmaceutical Preparations,649334331.0,2021.0,United States,NASDAQ screener
CMBT,CMB.TECH NV Ordinary Shares,Consumer Discretionary,Marine Transportation,4907132858.0,2015.0,,NASDAQ screener
CMC,Commercial Metals Company Common Stock,Industrials,Steel/Iron Ore,8536110820.0,,United States,NASDAQ screener
CMCL,Caledonia Mining Corporation Plc Common Shares,Basic Materials,Precious Metals,457911894.0,,Canada,NASDAQ screener
CMCM,Cheetah Mobile Inc. American Depositary Shares each representing fifty (50) Class A Ordinary Shares,Technology,Computer Software: Prepackaged Software,3725512603.0,2022.0,China,NASDAQ screener
CMCO,Columbus McKinnon Corporation Common Stock,Industrials,Construction/Ag Equipment/Trucks,462991186.0,1996.0,United States,NASDAQ screener
CMDB,Costamare Bulkers Holdings Limited Common Stock,Consumer Discretionary,Marine Transportation,401637640.0,2025.0,,NASDAQ screener
CMIIU,Columbus Circle Capital Corp II,,,200000000.0,,,Finnhub IPO
CMP,Compass Minerals Intl Inc Common Stock,Industrials,Mining & Quarrying of Nonmetallic Minerals (No Fuels),1362807143.0,2003.0,United States,NASDAQ screener
CMPR,Cimpress plc Ordinary Shares (Ireland),Consumer Discretionary,Publishing,2419574187.0,2005.0,Netherlands,NASDAQ screener
CMPS,COMPASS Pathways Plc American Depository Shares,Health Care,Biotechnology: Pharmaceutical Preparations,1608595894.0,2020.0,United Kingdom,NASDAQ screener
CMPX,Compass Therapeutics Inc. Common Stock,Health Care,Biotechnology: Biological Products (No Diagnostic Substances),434011875.0,,United States,NASDAQ screener
CMRC,Commerce.com Inc. Series 1 Common Stock,Technology,Computer Software: Prepackaged Software,254137712.0,2020.0,United States,NASDAQ screener
CMRE,Costamare Inc. Common Stock $0.0001 par value,Consumer Discretionary,Marine Transportation,1906508280.0,2010.0,Greece,NASDAQ screener
CMSA,CMS Energy Corporation 5.625% Junior Subordinated Notes due 2078,Utilities,Power Generation,6579393433.0,2018.0,United States,NASDAQ screener
CMSC,CMS Energy Corporation 5.875% Junior Subordinated Notes due 2078,Utilities,Power Generation,6836821929.0,2018.0,United States,NASDAQ screener
CMSD,CMS Energy Corporation 5.875% Junior Subordinated Notes due 2079,Utilities,Power Generation,6851788702.0,2019.0,United States,NASDAQ screener
CMT,Core Molding Technologies Inc Common Stock,Industrials,Plastic Products,217954363.0,1996.0,United States,NASDAQ screener
CMTG,Claros Mortgage Trust Inc. Common Stock,Finance,Real Estate,329514095.0,2021.0,United States,NASDAQ screener
CMTL,Comtech Telecommunications Corp. Common Stock,Technology,Radio And Television Broadcasting And Communications Equipment,170971184.0,,United States,NASDAQ screener
CMTV,Community Bancorp. Common Stock,Finance,Major Banks,213138564.0,,United States,NASDAQ screener
CMU,MFS Municipal Income Trust Common Stock,Finance,Investment Managers,93756789.0,1987.0,United States,NASDAQ screener
CNCK,Coincheck Group N.V. Ordinary Shares,Finance,Finance: Consumer Services,267776430.0,,Netherlands,NASDAQ screener
CNDT,Conduent Incorporated Common Stock,Consumer Discretionary,Business Services,277623297.0,,United States,NASDAQ screener
CNF,CNFinance Holdings Limited American Depositary Shares each representing two hundred (200) Ordinary Shares,Finance,Finance: Consumer Services,55529401.0,,,NASDAQ screener
CNK,Cinemark Holdings Inc Cinemark Holdings Inc. Common Stock,Consumer Discretionary,Movies/Entertainment,3181298555.0,2007.0,United States,NASDAQ screener
CNL,Collective Mining Ltd. Common Shares,,,1411495297.0,2024.0,,NASDAQ screener
CNM,Core & Main Inc. Class A Common Stock,Consumer Discretionary,Durable Goods,9563070497.0,2021.0,United States,NASDAQ screener
CNMD,CONMED Corporation Common Stock,Health Care,Biotechnology: Electromedical & Electrotherapeutic Apparatus,1069478571.0,1987.0,United States,NASDAQ screener
CNNE,Cannae Holdings Inc. Common Stock,Consumer Discretionary,Restaurants,652516514.0,2017.0,United States,NASDAQ screener
CNO,CNO Financial Group Inc. Common Stock,Finance,Accident &Health Insurance,4314567809.0,,United States,NASDAQ screener
CNOB,ConnectOne Bancorp Inc. Common Stock,Finance,Major Banks,1505637510.0,,United States,NASDAQ screener
CNOBP,ConnectOne Bancorp Inc. Depositary Shares each representing a 1/40th interest in a share of 5.25% Fixed-Rate Reset Non-Cumulative Perpetual Preferred Stock Series A,Finance,Major Banks,1248960008.0,,United States,NASDAQ screener
CNR,Core Natural Resources Inc. Common Stock,Energy,Coal Mining,4735794960.0,2017.0,United States,NASDAQ screener
CNS,Cohen & Steers Inc Common Stock,Finance,Investment Managers,3544637904.0,2004.0,United States,NASDAQ screener
CNTA,Centessa Pharmaceuticals plc American Depositary Shares,Health Care,Biotechnology: Pharmaceutical Preparations,6159760136.0,2021.0,United Kingdom,NASDAQ screener
CNTB,Connect Biopharma Holdings Limited Ordinary Shares,Health Care,Biotechnology: Pharmaceutical Preparations,149853970.0,2021.0,China,NASDAQ screener
CNTN,Canton Strategic Holdings Inc. Common Stock,Health Care,Biotechnology: Pharmaceutical Preparations,217093177.0,2022.0,United States,NASDAQ screener
CNTX,Context Therapeutics Inc. Common Stock,Health Care,Biotechnology: Pharmaceutical Preparations,260018071.0,2021.0,United States,NASDAQ screener
CNVS,Cineverse Corp. Class A Common Stock,Consumer Discretionary,Consumer Electronics/Video Chains,52172422.0,,United States,NASDAQ screener
CNX,CNX Resources Corporation Common Stock,Energy,Oil & Gas Production,4800334764.0,1999.0,United States,NASDAQ screener
CNXC,Concentrix Corporation Common Stock,Technology,Computer Software: Prepackaged Software,1615407792.0,,United States,NASDAQ screener
CNXN,PC Connection Inc. Common Stock,Consumer Discretionary,Catalog/Specialty Distribution,1714109894.0,,United States,NASDAQ screener
CNXU,Conexeu Sciences Inc. Common Stock,Health Care,Industrial Specialties,292497147.0,,United States,"Finnhub IPO,NASDAQ screener"
COAG,Hemab Therapeutics Holdings Inc. Common Stock,Health Care,Biotechnology: Biological Products (No Diagnostic Substances),1307751480.0,2026.0,United States,"Finnhub IPO,NASDAQ screener"
COCH,Envoy Medical Inc. Class A Common Stock,Health Care,Industrial Specialties,54047420.0,2021.0,United States,NASDAQ screener
COCO,The Vita Coco Company Inc. Common Stock,Consumer Staples,Beverages (Production/Distribution),4419376315.0,2021.0,United States,NASDAQ screener
CODA,Coda Octopus Group Inc. Common stock,Industrials,Industrial Machinery/Components,145462361.0,,United States,NASDAQ screener
CODI,D/B/A Compass Diversified Holdings Shares of Beneficial Interest,Consumer Discretionary,Home Furnishings,859194732.0,2006.0,United States,NASDAQ screener
COE,51Talk Online Education Group American depositary shares each representing 60 Class A ordinary shares,Real Estate,Other Consumer Services,154988727.0,2016.0,China,NASDAQ screener
COFS,ChoiceOne Financial Services Inc. Common Stock,Finance,Major Banks,470515600.0,,United States,NASDAQ screener
COGT,Cogent Biosciences Inc. Common Stock,Health Care,Biotechnology: Pharmaceutical Preparations,6045309982.0,2018.0,United States,NASDAQ screener
COHU,Cohu Inc. Common Stock,Industrials,Electrical Products,2549827505.0,,United States,NASDAQ screener
COLAU,Columbus Acquisition Corp/Cayman Islands,,,60000000.0,2025.0,Singapore,"Finnhub IPO,NASDAQ screener"
COLB,Columbia Banking System Inc. Common Stock,Finance,Major Banks,8580494448.0,1992.0,United States,NASDAQ screener
COLD,Americold Realty Trust Inc. Common Stock,Real Estate,Real Estate Investment Trusts,4510688682.0,2018.0,United States,NASDAQ screener
COLL,Collegium Pharmaceutical Inc. Common Stock,Health Care,Biotechnology: Pharmaceutical Preparations,1082315205.0,2015.0,United States,NASDAQ screener
COLM,Columbia Sportswear Company Common Stock,Consumer Discretionary,Apparel,3466834290.0,1998.0,United States,NASDAQ screener
COMP,Compass Inc. Class A Common Stock,Technology,EDP Services,6246199456.0,2021.0,United States,NASDAQ screener
CON,Concentra Group Holdings Parent Inc. Common Stock,Health Care,Medical Specialities,3245110741.0,2024.0,United States,"Finnhub IPO,NASDAQ screener"
COOK,Traeger Inc. Common Stock,Consumer Discretionary,Consumer Electronics/Appliances,182208359.0,2021.0,United States,NASDAQ screener
COPLU,Copley Acquisition Corp,,,150000000.0,,,Finnhub IPO
CORT,Corcept Therapeutics Incorporated Common Stock,Health Care,Biotechnology: Pharmaceutical Preparations,7340701998.0,2004.0,United States,NASDAQ screener
CORZ,Core Scientific Inc. Common Stock,Finance,Finance: Consumer Services,8824495706.0,,United States,NASDAQ screener
CORZW,Core Scientific Inc. Tranche 1 Warrants,Finance,Finance: Consumer Services,6662875720.0,,United States,NASDAQ screener
CORZZ,Core Scientific Inc. Tranche 2 Warrants,Finance,Finance: Consumer Services,8789528324.0,,United States,NASDAQ screener
COSO,CoastalSouth Bancshares Inc. Common Stock,Finance,Major Banks,309313147.0,2025.0,United States,"Finnhub IPO,NASDAQ screener"
COTY,Coty Inc. Class A Common Stock,Consumer Discretionary,Package Goods/Cosmetics,1963440157.0,2013.0,United States,NASDAQ screener
COUR,Coursera Inc. Common Stock,Technology,Computer Software: Prepackaged Software,899160545.0,2021.0,United States,NASDAQ screener
COYA,Coya Therapeutics Inc. Common Stock,Health Care,Biotechnology: Pharmaceutical Preparations,113298194.0,2022.0,United States,NASDAQ screener
CPA,Copa Holdings S.A. Class A Common Stock,Consumer Discretionary,Air Freight/Delivery Services,5848256694.0,2005.0,Panama,NASDAQ screener
CPAC,Cementos Pacasmayo S.A.A. American Depositary Shares (Each representing five Common Shares),Industrials,Building Materials,900296588.0,,Peru,NASDAQ screener
CPB,The Campbell's Company Common Stock,Consumer Staples,Packaged Foods,6201446950.0,,United States,NASDAQ screener
CPBI,Central Plains Bancshares Inc. Common Stock,Finance,Savings Institutions,77271561.0,2023.0,United States,"Finnhub IPO,NASDAQ screener"
CPF,Central Pacific Financial Corp New,Finance,Major Banks,906495683.0,,United States,NASDAQ screener
CPHC,Canterbury Park Holding Corporation 'New' Common Stock,Consumer Discretionary,Services-Misc. Amusement & Recreation,80757237.0,,United States,NASDAQ screener
CPIX,Cumberland Pharmaceuticals Inc. Common Stock,Health Care,Biotechnology: Pharmaceutical Preparations,89598980.0,2009.0,United States,NASDAQ screener
CPK,Chesapeake Utilities Corporation Common Stock,Utilities,Oil & Gas Production,2954025889.0,,United States,NASDAQ screener
CPRI,Capri Holdings Limited Ordinary Shares,Consumer Discretionary,Apparel,2273740767.0,2011.0,Hong Kong,NASDAQ screener
CPRX,Catalyst Pharmaceuticals Inc. Common Stock,Health Care,Biotechnology: Pharmaceutical Preparations,3829301240.0,2006.0,United States,NASDAQ screener
CPS,Cooper-Standard Holdings Inc. Common Stock,Consumer Discretionary,Auto Parts:O.E.M.,544021902.0,,United States,NASDAQ screener
CPSH,CPS Technologies Corp. Common Stock,Consumer Discretionary,Building Materials,199877289.0,,United States,NASDAQ screener
CPSS,Consumer Portfolio Services Inc. Common Stock,Finance,Finance: Consumer Services,213513880.0,1992.0,United States,NASDAQ screener
CPZ,Calamos Long/Short Equity & Dynamic Income Trust Common Stock,Finance,Trusts Except Educational Religious and Charitable,253844268.0,2019.0,United States,NASDAQ screener
CRACU,Crown Reserve Acquisition Corp. I,,,150000000.0,,,Finnhub IPO
CRAI,CRA International Inc. Common Stock,Consumer Discretionary,Other Consumer Services,958791687.0,1998.0,United States,NASDAQ screener
CRANU,Crane Harbor Acquisition Corp. II,,,300000000.0,2025.0,United States,"Finnhub IPO,NASDAQ screener"
CRAQU,Cal Redwood Acquisition Corp.,Finance,Blank Checks,200000000.0,2025.0,United States,"Finnhub IPO,NASDAQ screener"
CRBP,Corbus Pharmaceuticals Holdings Inc. Common Stock,Health Care,Biotechnology: Pharmaceutical Preparations,141552354.0,,United States,NASDAQ screener
CRBU,Caribou Biosciences Inc. Common Stock,Health Care,Biotechnology: Biological Products (No Diagnostic Substances),229107128.0,2021.0,United States,NASDAQ screener
CRC,California Resources Corporation Common Stock,Energy,Oil & Gas Production,5412937165.0,2020.0,United States,NASDAQ screener
CRCT,Cricut Inc. Class A Common Stock,Technology,Industrial Machinery/Components,866881358.0,2021.0,United States,NASDAQ screener
CRDF,Cardiff Oncology Inc. Common Stock,Health Care,Biotechnology: Biological Products (No Diagnostic Substances),125800609.0,,United States,NASDAQ screener
CRDL,Cardiol Therapeutics Inc. Class A Common Shares,Health Care,Biotechnology: Biological Products (No Diagnostic Substances),147548467.0,,Canada,NASDAQ screener
CRESY,Cresud S.A.C.I.F. y A. American Depositary Shares,Finance,Real Estate,841172825.0,1997.0,Argentina,NASDAQ screener
CRGO,Freightos Limited Ordinary shares,Industrials,Integrated Freight & Logistics,99232316.0,,Israel,NASDAQ screener
CRGX,"CARGO Therapeutics, Inc.",,,281250000.0,,,Finnhub IPO
CRGY,Crescent Energy Company Class A Common Stock,Energy,Oil & Gas Production,3903574243.0,2021.0,United States,NASDAQ screener
CRI,Carter's Inc. Common Stock,Consumer Discretionary,Apparel,1478426694.0,2003.0,United States,NASDAQ screener
CRK,Comstock Resources Inc. Common Stock,Energy,Oil & Gas Production,4008948107.0,,United States,NASDAQ screener
CRL,Charles River Laboratories International Inc. Common Stock,Health Care,Biotechnology: Commercial Physical & Biological Resarch,8734736158.0,2000.0,United States,NASDAQ screener
CRMD,CorMedix Inc. Common Stock,Health Care,Biotechnology: Pharmaceutical Preparations,660564922.0,,United States,NASDAQ screener
CRML,Critical Metals Corp. Ordinary Shares,Basic Materials,Metal Mining,1705378422.0,,British Virgin Islands,NASDAQ screener
CRMLW,Critical Metals Corp. Warrants,Basic Materials,Metal Mining,654389395.0,,British Virgin Islands,NASDAQ screener
CRMT,America's Car-Mart Inc Common Stock,Consumer Discretionary,Retail-Auto Dealers and Gas Stations,106603458.0,,United States,NASDAQ screener
CRNC,Cerence Inc. Common Stock,Technology,Computer Software: Prepackaged Software,536379293.0,,United States,NASDAQ screener
CRNT,Ceragon Networks Ltd. Ordinary Shares,Technology,Radio And Television Broadcasting And Communications Equipment,259955968.0,,Israel,NASDAQ screener
CRNX,Crinetics Pharmaceuticals Inc. Common Stock,Health Care,Biotechnology: Pharmaceutical Preparations,3796901890.0,2018.0,United States,NASDAQ screener
CRON,Cronos Group Inc. Common Share,Health Care,Medicinal Chemicals and Botanical Products,1068574728.0,,Canada,NASDAQ screener
CROX,Crocs Inc. Common Stock,Consumer Discretionary,Shoe Manufacturing,5894186046.0,2006.0,United States,NASDAQ screener
CRSP,CRISPR Therapeutics AG Common Shares,Health Care,Biotechnology: Biological Products (No Diagnostic Substances),5437782893.0,2016.0,Switzerland,NASDAQ screener
CRSR,Corsair Gaming Inc. Common Stock,Technology,Computer peripheral equipment,1277242421.0,2020.0,United States,NASDAQ screener
CRT,Cross Timbers Royalty Trust Common Stock,Energy,Oil & Gas Production,64260000.0,1992.0,United States,NASDAQ screener
CRTO,Criteo S.A. American Depositary Shares,Consumer Discretionary,Advertising,916294962.0,2013.0,France,NASDAQ screener
CRUS,Cirrus Logic Inc. Common Stock,Technology,Semiconductors,8818115737.0,1989.0,United States,NASDAQ screener
CRVL,CorVel Corp. Common Stock,Finance,Specialty Insurers,3124604643.0,,United States,NASDAQ screener
CRVS,Corvus Pharmaceuticals Inc. Common Stock,Health Care,Biotechnology: Pharmaceutical Preparations,1051130300.0,2016.0,United States,NASDAQ screener
CSAN,Cosan S.A. ADS,Consumer Discretionary,Retail-Auto Dealers and Gas Stations,3084008900.0,2021.0,Brazil,NASDAQ screener
CSBR,Champions Oncology Inc. Common Stock,Health Care,Biotechnology: Biological Products (No Diagnostic Substances),81237932.0,,United States,NASDAQ screener
CSCM,Crestone Strategic Capital Acquisition Corp,,,86250000.0,,,Finnhub IPO
CSHR,CoinShares PLC Ordinary Shares,Finance,Investment Bankers/Brokers/Service,632545003.0,,Jersey,NASDAQ screener
CSHRW,CoinShares PLC Warrants,Finance,Investment Bankers/Brokers/Service,181869866.0,,Jersey,NASDAQ screener
CSIQ,Canadian Solar Inc. Common Shares (ON),Technology,Semiconductors,1373966828.0,2006.0,Canada,NASDAQ screener
CSPI,CSP Inc. Common Stock,Technology,EDP Services,97898353.0,1982.0,United States,NASDAQ screener
CSQ,Calamos Strategic Total Return Common Stock,Finance,Finance Companies,3268318385.0,2004.0,United States,NASDAQ screener
CSR,D/B/A Centerspace Common Stock,Real Estate,Real Estate Investment Trusts,1137405156.0,,United States,NASDAQ screener
CSTE,Caesarstone Ltd. Ordinary Shares,Industrials,Building Materials,62930277.0,2012.0,Israel,NASDAQ screener
CSTL,Castle Biosciences Inc. Common Stock,Health Care,Medical Specialities,670595239.0,2019.0,United States,NASDAQ screener
CSTM,Constellium SE Ordinary Shares (France),Industrials,Metal Fabrications,4676767958.0,2013.0,Netherlands,NASDAQ screener
CSV,Carriage Services Inc. Common Stock,Consumer Discretionary,Other Consumer Services,674415217.0,,United States,NASDAQ screener
CSW,CSW Industrials Inc. Common Stock,Industrials,Home Furnishings,4639302627.0,,United States,NASDAQ screener
CSWC,Capital Southwest Corporation Common Stock,Consumer Discretionary,Textiles,1449121730.0,,United States,NASDAQ screener
CTAAU,Clearthink 1 Acquisition Corp.,Finance,Blank Checks,125000000.0,2026.0,United States,"Finnhub IPO,NASDAQ screener"
CTBI,Community Trust Bancorp Inc. Common Stock,Finance,Major Banks,1211520191.0,,United States,NASDAQ screener
CTEV,Claritev Corporation Class A Common Stock,Consumer Discretionary,Business Services,418693698.0,2020.0,United States,NASDAQ screener
CTGO,Contango Silver & Gold Inc. Common Stock,Basic Materials,Precious Metals,613885659.0,2021.0,United States,NASDAQ screener
CTKB,Cytek Biosciences Inc. Common Stock,Industrials,Biotechnology: Laboratory Analytical Instruments,532067458.0,2021.0,United States,NASDAQ screener
CTM,Castellum Inc. Common Stock,Consumer Discretionary,Professional Services,81431618.0,2022.0,,NASDAQ screener
CTMX,CytomX Therapeutics Inc. Common Stock,Health Care,Biotechnology: Pharmaceutical Preparations,807677829.0,2015.0,United States,NASDAQ screener
CTNM,Contineum Therapeutics Inc. Class A Common Stock,Health Care,Biotechnology: Pharmaceutical Preparations,497612678.0,2024.0,United States,"Finnhub IPO,NASDAQ screener"
CTO,CTO Realty Growth Inc. Common Stock,Real Estate,Real Estate Investment Trusts,704387893.0,1992.0,United States,NASDAQ screener
CTOR,Citius Oncology Inc. Common Stock,Health Care,Biotechnology: Pharmaceutical Preparations,74998639.0,2022.0,United States,NASDAQ screener
CTOS,Custom Truck One Source Inc. Common Stock,Consumer Discretionary,Diversified Commercial Services,2224292989.0,2017.0,Cayman Islands,NASDAQ screener
CTRE,CareTrust REIT Inc. Common Stock,Real Estate,Real Estate Investment Trusts,9742547291.0,2022.0,United States,NASDAQ screener
CTRI,Centuri Holdings Inc. Common Stock,Utilities,Oil & Gas Production,3095666084.0,2024.0,United States,"Finnhub IPO,NASDAQ screener"
CTRN,Citi Trends Inc. Common Stock,Consumer Discretionary,Clothing/Shoe/Accessory Stores,635675214.0,2005.0,United States,NASDAQ screener
CTS,CTS Corporation Common Stock,Technology,Electrical Products,1852534639.0,,United States,NASDAQ screener
CTW,CTW Class A Ordinary Shares,Technology,EDP Services,148512000.0,2025.0,Japan,"Finnhub IPO,NASDAQ screener"
CUB,Lionheart Holdings Class A Ordinary Shares,Finance,Blank Checks,343418307.0,2024.0,United States,NASDAQ screener
CUBB,Customers Bancorp Inc 5.375% Subordinated Notes Due 2034,Finance,Major Banks,704255122.0,2019.0,United States,NASDAQ screener
CUBE,CubeSmart Common Shares,Real Estate,Real Estate Investment Trusts,9178808560.0,,United States,NASDAQ screener
CUBI,Customers Bancorp Inc Common Stock,Finance,Major Banks,2549396883.0,,United States,NASDAQ screener
CUBWU,Lionheart Holdings,,,200000000.0,,,Finnhub IPO
CUE,Cue Biopharma Inc. Common Stock,Health Care,Biotechnology: Pharmaceutical Preparations,91594671.0,2018.0,United States,NASDAQ screener
CURB,Curbline Properties Corp. Common Stock,Finance,Real Estate,3077527271.0,2024.0,United States,NASDAQ screener
CURI,CuriosityStream Inc. Class A Common Stock,Consumer Discretionary,Movies/Entertainment,162448024.0,2020.0,United States,NASDAQ screener
CURR,Currenc Group Inc. Ordinary Shares,Consumer Discretionary,Business Services,358179213.0,,Singapore,NASDAQ screener
CURV,Torrid Holdings Inc. Common Stock,Consumer Discretionary,Clothing/Shoe/Accessory Stores,159197560.0,2021.0,United States,NASDAQ screener
CUZ,Cousins Properties Incorporated Common Stock,Real Estate,Real Estate Investment Trusts,4411326328.0,,United States,NASDAQ screener
CV,CapsoVision Inc. Common Stock,Health Care,Biotechnology: Electromedical & Electrotherapeutic Apparatus,332257847.0,2025.0,United States,"Finnhub IPO,NASDAQ screener"
CVBF,CVB Financial Corporation Common Stock,Finance,Major Banks,3601450550.0,,United States,NASDAQ screener
CVCO,Cavco Industries Inc. Common Stock When Issued,Consumer Discretionary,Homebuilding,4137361653.0,,United States,NASDAQ screener
CVEO,Civeo Corporation (Canada) Common Shares,Consumer Discretionary,Hotels/Resorts,382468195.0,2014.0,,NASDAQ screener
CVGI,Commercial Vehicle Group Inc. Common Stock,Consumer Discretionary,Auto Parts:O.E.M.,190354238.0,2004.0,United States,NASDAQ screener
CVI,CVR Energy Inc. Common Stock,Energy,Integrated oil Companies,3379838738.0,2007.0,United States,NASDAQ screener
CVLG,Covenant Logistics Group Inc. Class A Common Stock,Industrials,Trucking Freight/Courier Services,995512615.0,,United States,NASDAQ screener
CVLT,Commvault Systems Inc. Common Stock,Technology,Computer Software: Prepackaged Software,4567681928.0,2006.0,United States,NASDAQ screener
CVRX,CVRx Inc. Common Stock,Health Care,Medical/Dental Instruments,149397365.0,2021.0,United States,NASDAQ screener
CVSA,Covista Inc. Common Shares,Real Estate,Other Consumer Services,4122161342.0,,United States,NASDAQ screener
CVU,CPI Aerostructures Inc. Common Stock,Industrials,Military/Government/Technical,66576732.0,2022.0,United States,NASDAQ screener
CWAN,Clearwater Analytics Holdings Inc. Class A Common Stock,Technology,Computer Software: Prepackaged Software,7268189886.0,2021.0,United States,NASDAQ screener
CWBC,Community West Bancshares Common Stock,Finance,Major Banks,652577654.0,,United States,NASDAQ screener
CWCO,Consolidated Water Co. Ltd. Ordinary Shares,Utilities,Water Supply,482405729.0,,Cayman Islands,NASDAQ screener
CWEN,Clearway Energy Inc. Class C Common Stock,Utilities,Electric Utilities: Central,4916230000.0,2015.0,United States,NASDAQ screener
CWH,Camping World Holdings Inc. Class A Common Stock,Consumer Discretionary,Retail-Auto Dealers and Gas Stations,788878497.0,2016.0,United States,NASDAQ screener
CWK,Cushman & Wakefield Ltd. Common Shares,Finance,Real Estate,2989674444.0,2018.0,United States,NASDAQ screener
CWST,Casella Waste Systems Inc. Class A Common Stock,Utilities,Environmental Services,5357229231.0,1997.0,United States,NASDAQ screener
CWT,California Water Service Group Common Stock,Utilities,Water Supply,2622769941.0,,United States,NASDAQ screener
CXDO,Crexendo Inc. Common Stock,Telecommunications,Telecommunications Equipment,322695038.0,,United States,NASDAQ screener
CXE,MFS High Income Municipal Trust Common Stock,Finance,Investment Managers,115069071.0,1989.0,United States,NASDAQ screener
CXH,MFS Investment Grade Municipal Trust Common Stock,Finance,Investment Managers,69328964.0,1989.0,United States,NASDAQ screener
CXIIU,Churchill Capital Corp XII,Finance,Blank Checks,360000000.0,2026.0,United States,"Finnhub IPO,NASDAQ screener"
CXM,Sprinklr Inc. Class A Common Stock,Technology,Computer Software: Prepackaged Software,1254072977.0,2021.0,United States,NASDAQ screener
CXT,Crane NXT Co. Common Stock,Industrials,Metal Fabrications,2307448917.0,,United States,NASDAQ screener
CXW,CoreCivic Inc. Common Stock,Real Estate,Real Estate Investment Trusts,2152801774.0,,United States,NASDAQ screener
CYD,China Yuchai International Limited Common Stock,Industrials,Industrial Machinery/Components,2113407078.0,1994.0,Singapore,NASDAQ screener
CYH,Community Health Systems Inc. Common Stock,Health Care,Hospital/Nursing Management,394566794.0,2000.0,United States,NASDAQ screener
CYPH,Cypherpunk Technologies Inc. Common Stock,Health Care,Biotechnology: Pharmaceutical Preparations,119240220.0,,United States,NASDAQ screener
CYRX,CryoPort Inc. Common Stock,Health Care,Biotechnology: Pharmaceutical Preparations,768635273.0,,United States,NASDAQ screener
CYTK,Cytokinetics Incorporated Common Stock,Health Care,Biotechnology: Pharmaceutical Preparations,9557665318.0,2004.0,United States,NASDAQ screener
CZFS,Citizens Financial Services Inc. Common Stock,Finance,Major Banks,317606270.0,,United States,NASDAQ screener
CZNC,Citizens & Northern Corp Common Stock,Finance,Major Banks,379114960.0,,United States,NASDAQ screener
CZR,Caesars Entertainment Inc. Common Stock,Consumer Discretionary,Hotels/Resorts,5922925124.0,,United States,NASDAQ screener
CZWI,Citizens Community Bancorp Inc. Common Stock,Finance,Savings Institutions,198958031.0,2006.0,United States,NASDAQ screener
DAAQU,Digital Asset Acquisition Corp.,,,150000000.0,,,Finnhub IPO
DAC,Danaos Corporation Common Stock,Consumer Discretionary,Marine Transportation,2292181572.0,2006.0,Greece,NASDAQ screener
DAKT,Daktronics Inc. Common Stock,Consumer Discretionary,Miscellaneous manufacturing industries,995907028.0,1994.0,United States,NASDAQ screener
DAN,Dana Incorporated Common Stock,Consumer Discretionary,Auto Parts:O.E.M.,3914885233.0,,United States,NASDAQ screener
DAO,Youdao Inc. American Depositary Shares each representing one Class A Ordinary Share,Real Estate,Other Consumer Services,1404187105.0,2019.0,China,NASDAQ screener
DAR,Darling Ingredients Inc. Common Stock,Consumer Staples,Packaged Foods,9475249382.0,1997.0,United States,NASDAQ screener
DAVA,Endava plc American Depositary Shares (each representing one Class A Ordinary Share),Technology,EDP Services,174934882.0,2018.0,United Kingdom,NASDAQ screener
DAVE,Dave Inc. Class A Common Stock,Finance,Finance: Consumer Services,3444489586.0,,United States,NASDAQ screener
DAVI,DAVION HEALTHCARE PLC,,,250000000.0,,,Finnhub IPO
DBCAU,D. Boral Acquisition I Corp.,Finance,Blank Checks,250000000.0,2026.0,United States,"Finnhub IPO,NASDAQ screener"
DBD,Diebold Nixdorf Incorporated Common stock,Miscellaneous,Office Equipment/Supplies/Services,2806284888.0,2023.0,United States,NASDAQ screener
DBI,Designer Brands Inc. Class A Common Stock,Consumer Discretionary,Clothing/Shoe/Accessory Stores,400413721.0,,United States,NASDAQ screener
DBRG,DigitalBridge Group Inc.,Real Estate,Real Estate Investment Trusts,2863246397.0,2014.0,United States,NASDAQ screener
DBVT,DBV Technologies S.A. American Depositary Shares,Health Care,Biotechnology: Biological Products (No Diagnostic Substances),1124369206.0,2014.0,France,NASDAQ screener
DBX,Dropbox Inc. Class A Common Stock,Technology,Computer Software: Prepackaged Software,6110143997.0,2018.0,United States,NASDAQ screener
DC,Dakota Gold Corp. Common Stock,Basic Materials,Metal Mining,752675905.0,2022.0,United States,NASDAQ screener
DCBG,Dime Community Bancshares Inc. 9.000% Fixed-to-Floating Rate Subordinated Notes due 2034,Finance,Major Banks,1028047122.0,,United States,NASDAQ screener
DCBO,Docebo Inc. Common Shares,Technology,Computer Software: Prepackaged Software,462896982.0,,Canada,NASDAQ screener
DCGO,DocGo Inc. Common Stock,Health Care,Medical/Nursing Services,64927051.0,2020.0,United States,NASDAQ screener
DCH,Dauch Corporation Common Stock,Consumer Discretionary,Auto Parts:O.E.M.,1606972776.0,,United States,NASDAQ screener
DCI,Donaldson Company Inc. Common Stock,Industrials,Pollution Control Equipment,9653117154.0,,United States,NASDAQ screener
DCO,Ducommun Incorporated Common Stock,Industrials,Military/Government/Technical,2296625502.0,,United States,NASDAQ screener
DCOM,Dime Community Bancshares Inc. Common Stock,Finance,Major Banks,1641904135.0,,United States,NASDAQ screener
DCTH,Delcath Systems Inc. Common Stock,Health Care,Medical/Dental Instruments,378012035.0,,United States,NASDAQ screener
DDC,DDC Enterprise Limited Class A Ordinary Shares,Consumer Staples,Packaged Foods,65816428.0,2023.0,,"Finnhub IPO,NASDAQ screener"
DDD,3D Systems Corporation Common Stock,Technology,Computer Software: Prepackaged Software,514314686.0,,United States,NASDAQ screener
DDI,DoubleDown Interactive Co. Ltd. American Depository Shares,Technology,EDP Services,581757386.0,2021.0,South Korea,NASDAQ screener
DDL,Dingdong (Cayman) Limited American Depositary Shares (each two representing three Ordinary Shares),Consumer Discretionary,Catalog/Specialty Distribution,609467427.0,2021.0,Cayman Islands,NASDAQ screener
DDS,Dillard's Inc. Common Stock,Consumer Discretionary,Department/Specialty Retail Stores,9505798776.0,,United States,NASDAQ screener
DDT,Dillard's Capital Trust I,Consumer Discretionary,Department/Specialty Retail Stores,409167260.0,,United States,NASDAQ screener
DEA,Easterly Government Properties Inc. Common Stock,Real Estate,Real Estate Investment Trusts,1127326307.0,2015.0,United States,NASDAQ screener
DEC,Diversified Energy Company Common Stock,,,1138295796.0,2025.0,United States,NASDAQ screener
DEFT,Defi Technologies Inc. Common Stock,Finance,Finance: Consumer Services,256787145.0,,Canada,NASDAQ screener
DEI,Douglas Emmett Inc. Common Stock,Real Estate,Real Estate Investment Trusts,1934454834.0,2006.0,United States,NASDAQ screener
DERM,Journey Medical Corporation Common Stock,Health Care,Biotechnology: Pharmaceutical Preparations,170714191.0,2021.0,United States,NASDAQ screener
DFDV,DeFi Development Corp. Common Stock,Finance,Finance: Consumer Services,117762182.0,2023.0,United States,NASDAQ screener
DFH,Dream Finders Homes Inc. Class A Common Stock,Consumer Discretionary,Homebuilding,1421545259.0,2022.0,United States,NASDAQ screener
DFIN,Donnelley Financial Solutions Inc. Common Stock,Consumer Discretionary,Other Consumer Services,995797468.0,2016.0,United States,NASDAQ screener
DFTX,Definium Therapeutics Inc. Common Shares,Health Care,Medicinal Chemicals and Botanical Products,2560888065.0,,United States,NASDAQ screener
DGACU,DISCIPLINED GROWTH ACQUISITION Corp,,,150000000.0,,,Finnhub IPO
DGICA,Donegal Group Inc. Class A Common Stock,Finance,Property-Casualty Insurers,632436723.0,,United States,NASDAQ screener
DGICB,Donegal Group Inc. Class B Common Stock,Finance,Property-Casualty Insurers,709499897.0,1986.0,United States,NASDAQ screener
DGII,Digi International Inc. Common Stock,Telecommunications,Computer Communications Equipment,2572044016.0,1989.0,United States,NASDAQ screener
DGXX,Digi Power X Inc. Subordinate Voting Shares,Finance,Finance: Consumer Services,566138411.0,,Canada,NASDAQ screener
DH,Definitive Healthcare Corp. Class A Common Stock,Technology,Computer Software: Prepackaged Software,127577744.0,2021.0,United States,NASDAQ screener
DHC,Diversified Healthcare Trust Common Shares of Beneficial Interest,Real Estate,Real Estate Investment Trusts,2084540633.0,,United States,NASDAQ screener
DHCNI,Diversified Healthcare Trust 5.625% Senior Notes due 2042,Real Estate,Real Estate Investment Trusts,4475822179.0,,United States,NASDAQ screener
DHCNL,Diversified Healthcare Trust 6.25% Senior Notes Due 2046,Real Estate,Real Estate Investment Trusts,4611014219.0,,United States,NASDAQ screener
DHT,DHT Holdings Inc.,Consumer Discretionary,Marine Transportation,2633030765.0,2005.0,Jersey,NASDAQ screener
DHX,DHI Group Inc. Common Stock,Consumer Discretionary,Business Services,158538521.0,2007.0,United States,NASDAQ screener
DIBS,1stdibs.com Inc. Common Stock,Consumer Discretionary,Catalog/Specialty Distribution,165007496.0,2021.0,United States,NASDAQ screener
DIN,Dine Brands Global Inc. Common Stock,Consumer Discretionary,Restaurants,396031164.0,,United States,NASDAQ screener
DIOD,Diodes Incorporated Common Stock,Technology,Semiconductors,5048866819.0,,United States,NASDAQ screener
DIT,AMCON Distributing Company Common Stock,Consumer Discretionary,Food Distributors,79926933.0,1999.0,United States,NASDAQ screener
DJCO,Daily Journal Corp. (S.C.) Common Stock,Consumer Discretionary,Newspapers/Magazines,715051495.0,,United States,NASDAQ screener
DJT,Trump Media & Technology Group Corp. Common Stock,Technology,Computer Software: Programming Data Processing,2464889069.0,2024.0,United States,NASDAQ screener
DJTWW,Trump Media & Technology Group Corp. Warrants,Technology,Computer Software: Programming Data Processing,1207518690.0,2021.0,United States,NASDAQ screener
DK,Delek US Holdings Inc. Common Stock,Energy,Integrated oil Companies,2720553989.0,2017.0,United States,NASDAQ screener
DKL,Delek Logistics Partners L.P. Common Units representing Limited Partner Interests,Energy,Natural Gas Distribution,2690842804.0,2012.0,United States,NASDAQ screener
DLB,Dolby Laboratories Common Stock,Miscellaneous,Multi-Sector Companies,5227491835.0,2005.0,United States,NASDAQ screener
DLHC,DLH Holdings Corp.,Consumer Discretionary,Professional Services,81160996.0,,United States,NASDAQ screener
DLNG,Dynagas LNG Partners LP Common Units,Consumer Discretionary,Marine Transportation,140070742.0,,Greece,NASDAQ screener
DLO,DLocal Limited Class A Common Shares,Consumer Discretionary,Business Services,3441855927.0,2021.0,Uruguay,NASDAQ screener
DLTH,Duluth Holdings Inc. Class B Common Stock,Consumer Discretionary,Clothing/Shoe/Accessory Stores,136882026.0,2015.0,United States,NASDAQ screener
DLX,Deluxe Corporation Common Stock,Consumer Discretionary,Publishing,1109805639.0,,United States,NASDAQ screener
DLY,DoubleLine Yield Opportunities Fund Common Shares of Beneficial Interest,Finance,Investment Managers,674597111.0,2020.0,United States,NASDAQ screener
DMAAU,Drugs Made In America Acquisition Corp.,Finance,Blank Checks,200000000.0,2025.0,United States,"Finnhub IPO,NASDAQ screener"
DMAC,DiaMedica Therapeutics Inc. Common Stock,Health Care,Biotechnology: Pharmaceutical Preparations,331921405.0,2018.0,United States,NASDAQ screener
DMIIU,Drugs Made In America Acquisition II Corp.,,,500000000.0,,,Finnhub IPO
DMLP,Dorchester Minerals L.P. Common Units Representing Limited Partnership Interests,Energy,Oil & Gas Production,1296623942.0,,United States,NASDAQ screener
DMRA,Damora Therapeutics Inc. Common Stock,Health Care,Biotechnology: Pharmaceutical Preparations,1528981339.0,2020.0,Denmark,NASDAQ screener
DMRC,Digimarc Corporation Common Stock,Technology,EDP Services,334074465.0,,United States,NASDAQ screener
DNA,Ginkgo Bioworks Holdings Inc. Class A Common Stock,Health Care,Biotechnology: Biological Products (No Diagnostic Substances),587801329.0,2021.0,United States,NASDAQ screener
DNLI,Denali Therapeutics Inc. Common Stock,Health Care,Biotechnology: Biological Products (No Diagnostic Substances),3324968990.0,2017.0,United States,NASDAQ screener
DNMXU,Dynamix Corp III,Finance,Blank Checks,175000000.0,2025.0,United States,"Finnhub IPO,NASDAQ screener"
DNN,Denison Mines Corp Ordinary Shares (Canada),Basic Materials,Other Metals and Minerals,3086107840.0,,Canada,NASDAQ screener
DNOW,DNOW Inc. Common Stock,Consumer Discretionary,Oil and Gas Field Machinery,2420559748.0,2014.0,United States,NASDAQ screener
DNTH,Dianthus Therapeutics Inc. Common Stock,Health Care,Biotechnology: Pharmaceutical Preparations,4966973930.0,2018.0,United States,NASDAQ screener
DNUT,Krispy Kreme Inc. Common Stock,Consumer Staples,Food Chains,589608000.0,2021.0,United States,NASDAQ screener
DOCS,Doximity Inc. Class A Common Stock,Technology,EDP Services,3853114030.0,2021.0,United States,NASDAQ screener
DOCU,DocuSign Inc. Common Stock,Technology,Computer Software: Prepackaged Software,9714994797.0,1989.0,United States,NASDAQ screener
DOLE,Dole plc Ordinary Shares,Consumer Staples,Farming/Seeds/Milling,1372192059.0,2021.0,Ireland,NASDAQ screener
DOMH,Dominari Holdings Inc. Common Stock,Health Care,Biotechnology: Pharmaceutical Preparations,78017544.0,,United States,NASDAQ screener
DOMO,Domo Inc. Class B Common Stock,Technology,Computer Software: Prepackaged Software,176070952.0,2018.0,United States,NASDAQ screener
DOO,BRP Inc. Common Subordinate Voting Shares,Consumer Discretionary,Industrial Specialties,4282813466.0,,Canada,NASDAQ screener
DORM,Dorman Products Inc. Common Stock,Consumer Discretionary,Auto Parts:O.E.M.,3736842764.0,,United States,NASDAQ screener
DOUG,Douglas Elliman Inc. Common Stock,Finance,Real Estate,165449069.0,2021.0,United States,NASDAQ screener
DOX,Amdocs Limited Ordinary Shares,Technology,EDP Services,6655089079.0,,Guernsey,NASDAQ screener
DOYU,DouYu International Holdings Limited ADS,Technology,Computer Software: Programming Data Processing,154515758.0,2019.0,China,NASDAQ screener
DPC,DPC Holdings Ltd,,,100000000.0,,,Finnhub IPO
DPRO,Draganfly Inc. Common Shares,Industrials,Aerospace,284303365.0,,Canada,NASDAQ screener
DQ,DAQO New Energy Corp. American Depositary Shares each representing five ordinary shares,Technology,Semiconductors,1146941022.0,2010.0,China,NASDAQ screener
DRD,DRDGOLD Limited American Depositary Shares,Basic Materials,Precious Metals,2284243372.0,,South Africa,NASDAQ screener
DRDBU,Roman DBDR Acquisition Corp. II,,,200000000.0,2024.0,United States,"Finnhub IPO,NASDAQ screener"
DRH,Diamondrock Hospitality Company Common Stock,Real Estate,Real Estate Investment Trusts,2284159901.0,2005.0,United States,NASDAQ screener
DRIO,DarioHealth Corp. Common Stock,Health Care,Medical/Dental Instruments,54989233.0,,Israel,NASDAQ screener
DRTS,Alpha Tau Medical Ltd. Ordinary Shares,Health Care,Medical/Dental Instruments,891538636.0,,Israel,NASDAQ screener
DRTSW,Alpha Tau Medical Ltd. Warrant,Health Care,Medical/Dental Instruments,209463174.0,,Israel,NASDAQ screener
DRUG,Bright Minds Biosciences Inc. Common Stock,Health Care,Biotechnology: Pharmaceutical Preparations,878081339.0,,Canada,NASDAQ screener
DRVN,Driven Brands Holdings Inc. Common Stock,Consumer Discretionary,Automotive Aftermarket,2340398433.0,2021.0,United States,NASDAQ screener
DSACU,Daedalus Special Acquisition Corp.,,,225000000.0,,,Finnhub IPO
DSGN,Design Therapeutics Inc. Common Stock,Health Care,Biotechnology: Pharmaceutical Preparations,670787901.0,2021.0,United States,NASDAQ screener
DSGR,Distribution Solutions Group Inc. Common Stock,Consumer Discretionary,Industrial Specialties,1266671424.0,,United States,NASDAQ screener
DSGX,Descartes Systems Group Inc. (The) Common Stock,Technology,Computer Software: Prepackaged Software,6172838112.0,,Canada,NASDAQ screener
DSL,DoubleLine Income Solutions Fund Common Shares of Beneficial Interests,Finance,Trusts Except Educational Religious and Charitable,1126044981.0,2013.0,United States,NASDAQ screener
DSP,Viant Technology Inc. Class A Common Stock,Technology,Computer Software: Programming Data Processing,759538156.0,2021.0,United States,NASDAQ screener
DSWL,Deswell Industries Inc. Common Shares,Industrials,Plastic Products,53861108.0,1995.0,Macau,NASDAQ screener
DSX,Diana Shipping inc. common stock,Consumer Discretionary,Marine Transportation,305143200.0,2005.0,Greece,NASDAQ screener
DTB,DTE Energy Company 2020 Series G 4.375% Junior Subordinated Debentures due 2080,Utilities,Electric Utilities: Central,3526079905.0,2020.0,United States,NASDAQ screener
DTCX,Datacentrex Inc. Common Stock,Technology,EDP Services,83967032.0,,United States,NASDAQ screener
DTF,DTF Tax-Free Income 2028 Term Fund Inc. Common Stock,Finance,Investment Managers,80769725.0,1991.0,United States,NASDAQ screener
DTG,DTE Energy Company 2021 Series E 4.375% Junior Subordinated Debentures,Utilities,Electric Utilities: Central,3503196791.0,2021.0,United States,NASDAQ screener
DTI,Drilling Tools International Corporation Common Stock,Consumer Discretionary,Oil and Gas Field Machinery,98740854.0,2021.0,United States,NASDAQ screener
DTIL,Precision BioSciences Inc. Common Stock,Health Care,Biotechnology: Biological Products (No Diagnostic Substances),178551549.0,2019.0,United States,NASDAQ screener
DTSQU,DT Cloud Star Acquisition Corp,,,60000000.0,2024.0,United States,"Finnhub IPO,NASDAQ screener"
DTW,DTE Energy Company 2017 Series E 5.25% Junior Subordinated Debentures due 2077,Utilities,Electric Utilities: Central,4419561510.0,2017.0,United States,NASDAQ screener
DUOL,Duolingo Inc. Class A Common Stock,Technology,Computer Software: Prepackaged Software,5063274024.0,2021.0,United States,NASDAQ screener
DUOT,Duos Technologies Group Inc. Common Stock,Technology,Computer Software: Prepackaged Software,429295586.0,,United States,NASDAQ screener
DV,DoubleVerify Holdings Inc. Common Stock,Technology,Computer Software: Programming Data Processing,1482464066.0,2021.0,United States,NASDAQ screener
DVLT,Datavault AI Inc. Common Stock,Technology,Semiconductors,425299868.0,2018.0,United States,NASDAQ screener
DWSN,Dawson Geophysical Company Common Stock,Energy,Oil & Gas Production,116448150.0,,United States,NASDAQ screener
DWTX,Dogwood Therapeutics Inc. Common Stock,Health Care,Biotechnology: Pharmaceutical Preparations,56161354.0,2020.0,United States,NASDAQ screener
DX,Dynex Capital Inc. Common Stock,Real Estate,Real Estate Investment Trusts,2803416318.0,,United States,NASDAQ screener
DXC,DXC Technology Company Common Stock,Technology,EDP Services,1515458284.0,,United States,NASDAQ screener
DXPE,DXP Enterprises Inc. Common Stock,Industrials,Industrial Machinery/Components,2309206116.0,,United States,NASDAQ screener
DYCQU,DT Cloud Acquisition Corp,,,60000000.0,,,Finnhub IPO
DYN,Dyne Therapeutics Inc. Common Stock,Health Care,Biotechnology: Pharmaceutical Preparations,3068224054.0,2020.0,United States,NASDAQ screener
DYNXU,Dynamix Corp,,,150000000.0,,,Finnhub IPO
DYORU,Insight Digital Partners II,,,150000000.0,,,Finnhub IPO
DZHE,"Dazhe Technology Group Co., Ltd.",,,100000000.0,,,Finnhub IPO
EAF,GrafTech International Ltd. Common Stock,Energy,Industrial Machinery/Components,260478350.0,2018.0,United States,NASDAQ screener
EAI,Entergy Arkansas LLC First Mortgage Bonds 4.875% Series Due September 1 2066,Utilities,Electric Utilities: Central,9371822473.0,2016.0,United States,NASDAQ screener
EARN,Ellington Credit Company Common Shares of Beneficial Interest,Real Estate,Real Estate Investment Trusts,184791239.0,2013.0,United States,NASDAQ screener
EAT,Brinker International Inc. Common Stock,Consumer Discretionary,Restaurants,6005148356.0,,United States,NASDAQ screener
EBC,Eastern Bankshares Inc. Common Stock,Finance,Savings Institutions,4581256222.0,2020.0,United States,NASDAQ screener
EBF,Ennis Inc. Common Stock,Consumer Discretionary,Office Equipment/Supplies/Services,519515468.0,,United States,NASDAQ screener
EBMT,Eagle Bancorp Montana Inc. Common Stock,Finance,Major Banks,177788420.0,2010.0,United States,NASDAQ screener
EBS,Emergent BioSolutions Inc. Common Stock,Health Care,Biotechnology: Pharmaceutical Preparations,473653997.0,2006.0,United States,NASDAQ screener
ECAT,BlackRock ESG Capital Allocation Term Trust Common Shares of Beneficial Interest,Finance,Trusts Except Educational Religious and Charitable,1684743300.0,2021.0,United States,NASDAQ screener
ECBK,ECB Bancorp Inc. Common Stock,Finance,Banks,160197651.0,2022.0,United States,NASDAQ screener
ECC,Eagle Point Credit Company Common Share of Beneficial Interest,Finance,Trusts Except Educational Religious and Charitable,254175976.0,2014.0,United States,NASDAQ screener
ECCC,Eagle Point Credit Company 6.50% Series C Term Preferred Stock due 2031,Finance,Trusts Except Educational Religious and Charitable,1503217345.0,,United States,NASDAQ screener
ECCV,Eagle Point Credit Company 5.375% Notes due 2029,Finance,Trusts Except Educational Religious and Charitable,1452867450.0,2022.0,United States,NASDAQ screener
ECG,Everus Construction Group Inc. Common Stock,Consumer Discretionary,Homebuilding,7733313725.0,2024.0,United States,NASDAQ screener
ECO,Okeanis Eco Tankers Corp. Common Stock,Consumer Discretionary,Marine Transportation,1878828799.0,,,NASDAQ screener
ECOR,electroCore Inc. Common Stock,Health Care,Biotechnology: Electromedical & Electrotherapeutic Apparatus,76652333.0,2018.0,United States,NASDAQ screener
ECPG,Encore Capital Group Inc Common Stock,Finance,Finance Companies,1721557882.0,,United States,NASDAQ screener
ECR,Encore Inc.,,,100000000.0,,,Finnhub IPO
ECVT,Ecovyst Inc. Common Stock,Industrials,Major Chemicals,1462298546.0,2017.0,United States,NASDAQ screener
ECX,ECARX Holdings Inc. Class A Ordinary shares,Technology,EDP Services,400112983.0,,China,NASDAQ screener
EDAP,EDAP TMS S.A. American Depositary Shares,Health Care,Biotechnology: Electromedical & Electrotherapeutic Apparatus,157433090.0,1997.0,France,NASDAQ screener
EDIT,Editas Medicine Inc. Common Stock,Health Care,Biotechnology: Biological Products (No Diagnostic Substances),335818547.0,2016.0,United States,NASDAQ screener
EDN,Empresa Distribuidora Y Comercializadora Norte S.A. (Edenor) American Depositary Shares,Utilities,Electric Utilities: Central,1209795734.0,2007.0,Argentina,NASDAQ screener
EDRY,EuroDry Ltd. Common Shares,Consumer Discretionary,Marine Transportation,65644322.0,,Greece,NASDAQ screener
EDSA,Edesa Biotech Inc. Common Shares,Health Care,Biotechnology: Pharmaceutical Preparations,69890735.0,,United States,NASDAQ screener
EE,Excelerate Energy Inc. Class A Common Stock,Utilities,Oil/Gas Transmission,3777848853.0,2022.0,United States,NASDAQ screener
EEFT,Euronet Worldwide Inc. Common Stock,Finance,Investment Bankers/Brokers/Service,2687340135.0,1997.0,United States,NASDAQ screener
EEX,Emerald Holding Inc. Common Stock,Consumer Discretionary,Business Services,989547315.0,2017.0,United States,NASDAQ screener
EFC,Ellington Financial Inc. Common Stock,Finance,Real Estate,1704099350.0,2010.0,United States,NASDAQ screener
EFOR,Everforth Inc. Common Stock,Consumer Discretionary,Professional Services,860133815.0,,United States,NASDAQ screener
EFSC,Enterprise Financial Services Corporation Common Stock,Finance,Major Banks,2205392325.0,,United States,NASDAQ screener
EFSCP,Enterprise Financial Services Corporation Depositary Shares Each Representing a 1/40th Interest in a Share of 5% Fixed Rate Non-Cumulative Perpetual Preferred Stock Series A,Finance,Major Banks,753850512.0,,United States,NASDAQ screener
EFSI,Eagle Financial Services Inc Common Stock,Finance,Major Banks,214059471.0,,United States,NASDAQ screener
EFT,Eaton Vance Floating Rate Income Trust Common Shares of Beneficial Interest,Finance,Finance Companies,317376428.0,2004.0,United States,NASDAQ screener
EFXT,Enerflex Ltd Common Shares,Industrials,Industrial Machinery/Components,3041908494.0,2022.0,Canada,NASDAQ screener
EGAN,eGain Corporation Common Stock,Technology,Computer Software: Prepackaged Software,199836590.0,1999.0,United States,NASDAQ screener
EGBN,Eagle Bancorp Inc. Common Stock,Finance,Major Banks,827346062.0,,United States,NASDAQ screener
EGHAU,EGH Acquisition Corp.,,,150000000.0,,,Finnhub IPO
EGY,VAALCO Energy Inc.  Common Stock,Energy,Oil & Gas Production,554653906.0,,United States,NASDAQ screener
EH,EHang Holdings Limited ADS,Industrials,Aerospace,738564643.0,2019.0,China,NASDAQ screener
EHTH,eHealth Inc. Common Stock,Finance,Specialty Insurers,50468219.0,2006.0,United States,NASDAQ screener
EIC,Eagle Point Income Company Inc. Common Stock,Finance,Finance/Investors Services,95405837.0,2019.0,United States,NASDAQ screener
EICA,Eagle Point Income Company Inc. 5.00% Series A Term Preferred Stock due 2026,Finance,Finance/Investors Services,222524538.0,2021.0,United States,NASDAQ screener
EIG,Employers Holdings Inc Common Stock,Finance,Property-Casualty Insurers,789188762.0,2007.0,United States,NASDAQ screener
EIKN,Eikon Therapeutics Inc. Common Stock,Health Care,Biotechnology: Biological Products (No Diagnostic Substances),557627868.0,2026.0,United States,"Finnhub IPO,NASDAQ screener"
ELA,Envela Corporation Common Stock,Consumer Discretionary,Consumer Specialties,714255225.0,,United States,NASDAQ screener
ELBM,Electra Battery Materials Corporation Common Stock,Miscellaneous,Industrial Machinery/Components,63747204.0,,Canada,NASDAQ screener
ELC,Entergy Louisiana Inc. Collateral Trust Mortgage Bonds 4.875 % Series due September 1 2066,Utilities,Electric Utilities: Central,4350046061.0,2016.0,United States,NASDAQ screener
ELDN,Eledon Pharmaceuticals Inc. Common Stock,Health Care,Biotechnology: Pharmaceutical Preparations,298716875.0,2014.0,United States,NASDAQ screener
ELE,Elemental Royalty Corporation Common Stock,Basic Materials,Precious Metals,1137648140.0,,Canada,NASDAQ screener
ELF,e.l.f. Beauty Inc. Common Stock,Consumer Discretionary,Package Goods/Cosmetics,3411886192.0,2016.0,United States,NASDAQ screener
ELLO,Ellomay Capital Ltd Ordinary Shares (Israel),Utilities,Electric Utilities: Central,337689135.0,,Israel,NASDAQ screener
ELMD,Electromed Inc. Common Stock,Health Care,Biotechnology: Electromedical & Electrotherapeutic Apparatus,325323715.0,2011.0,United States,NASDAQ screener
ELME,Elme Communities Common Stock,Real Estate,Real Estate Investment Trusts,178604345.0,2000.0,United States,NASDAQ screener
ELMT,The Elmet Group Co. Common Stock,Industrials,Metal Fabrications,471782459.0,2026.0,United States,"Finnhub IPO,NASDAQ screener"
ELPC,Companhia Paranaense de Energia (COPEL) American Depositary Shares (each representing four (4) Common Shares),Utilities,Electric Utilities: Central,8553209373.0,2023.0,Brazil,NASDAQ screener
ELTK,Eltek Ltd. Ordinary Shares,Technology,Electrical Products,62024003.0,1997.0,Israel,NASDAQ screener
ELTX,Elicio Therapeutics Inc. Common Stock,Health Care,Biotechnology: Pharmaceutical Preparations,202503319.0,2021.0,United States,NASDAQ screener
ELVA,Electrovaya Inc. Common Shares,,,579732591.0,,Canada,NASDAQ screener
ELVN,Enliven Therapeutics Inc. Common Stock,Health Care,Biotechnology: Pharmaceutical Preparations,2475786055.0,2020.0,United States,NASDAQ screener
ELVR,Elevra Lithium Limited American Depository Shares,Industrials,Mining & Quarrying of Nonmetallic Minerals (No Fuels),1503557587.0,,Australia,NASDAQ screener
EMBC,Embecta Corp. Common Stock,Health Care,Medical/Dental Instruments,197561164.0,,United States,NASDAQ screener
EMISU,Emmis Acquisition Corp.,,,100000000.0,,,Finnhub IPO
EML,Eastern Company (The) Common Stock,Consumer Discretionary,Industrial Machinery/Components,130569288.0,,United States,NASDAQ screener
EMN,Eastman Chemical Company Common Stock,Industrials,Major Chemicals,8731762946.0,,United States,NASDAQ screener
EMP,Entergy Mississippi LLC First Mortgage Bonds 4.90% Series Due October 1 2066,Utilities,Electric Utilities: Central,9587003546.0,2016.0,United States,NASDAQ screener
ENGN,enGene Therapeutics Inc. Common Stock,Health Care,Biotechnology: Biological Products (No Diagnostic Substances),119241249.0,,Canada,NASDAQ screener
ENHA,Enhanced Group Inc. Class A Common Stock,Consumer Discretionary,Services-Misc. Amusement & Recreation,1101287636.0,,Singapore,NASDAQ screener
ENIC,Enel Chile S.A. American Depositary Shares (Each representing 50 shares of Common Stock),Utilities,Electric Utilities: Central,5934490608.0,2016.0,Chile,NASDAQ screener
ENJ,Entergy New Orleans LLC First Mortgage Bonds 5.0% Series due December 1 2052,Utilities,Power Generation,9174954683.0,,United States,NASDAQ screener
ENLV,Enlivex Ltd. Ordinary Shares,Health Care,Biotechnology: Pharmaceutical Preparations,184257645.0,2014.0,Israel,NASDAQ screener
ENO,Entergy New Orleans LLC First Mortgage Bonds 5.50% Series due April 1 2066,Utilities,Power Generation,4694656224.0,2016.0,United States,NASDAQ screener
ENOV,Enovis Corporation Common Stock,Health Care,Industrial Specialties,1326242373.0,,United States,NASDAQ screener
ENPH,Enphase Energy Inc. Common Stock,Technology,Semiconductors,9159976290.0,2012.0,United States,NASDAQ screener
ENR,Energizer Holdings Inc. Common Stock,Miscellaneous,Industrial Machinery/Components,1270183147.0,2015.0,United States,NASDAQ screener
ENS,EnerSys Common Stock,Technology,Industrial Machinery/Components,8338103109.0,2004.0,United States,NASDAQ screener
ENSG,The Ensign Group Inc. Common Stock,Health Care,Hospital/Nursing Management,9990656676.0,2007.0,United States,NASDAQ screener
ENTA,Enanta Pharmaceuticals Inc. Common Stock,Health Care,Biotechnology: Pharmaceutical Preparations,384706967.0,2013.0,United States,NASDAQ screener
ENTX,Entera Bio Ltd. Ordinary Shares,Health Care,Biotechnology: Biological Products (No Diagnostic Substances),60054892.0,2018.0,Israel,NASDAQ screener
ENVA,Enova International Inc. Common Stock,Finance,Finance: Consumer Services,3954209974.0,2014.0,United States,NASDAQ screener
ENVX,Enovix Corporation Common Stock,Miscellaneous,Industrial Machinery/Components,1668873816.0,2021.0,United States,NASDAQ screener
EOLS,Evolus Inc. Common Stock,Health Care,Biotechnology: Pharmaceutical Preparations,432665714.0,2018.0,United States,NASDAQ screener
EOSE,Eos Energy Enterprises Inc. Class A Common Stock,Miscellaneous,Industrial Machinery/Components,3052231103.0,,United States,NASDAQ screener
EOT,Eaton Vance Municipal Income Trust EATON VANCE NATIONAL MUNICIPAL OPPORTUNITIES TRUST,Finance,Investment Bankers/Brokers/Service,268123644.0,2009.0,United States,NASDAQ screener
EP,Empire Petroleum Corporation Common Stock,Energy,Oil & Gas Production,109826483.0,2022.0,United States,NASDAQ screener
EPAC,Enerpac Tool Group Corp. Common Stock,Technology,Industrial Machinery/Components,1742674544.0,,United States,NASDAQ screener
EPAM,EPAM Systems Inc. Common Stock,Technology,EDP Services,5299154665.0,2012.0,United States,NASDAQ screener
EPC,Edgewell Personal Care Company Common Stock,Consumer Discretionary,Package Goods/Cosmetics,803658325.0,,United States,NASDAQ screener
EPM,Evolution Petroleum Corporation Inc. Common Stock,Energy,Oil & Gas Production,152817809.0,,United States,NASDAQ screener
EPR,EPR Properties Common Stock,Real Estate,Real Estate Investment Trusts,4425203401.0,1997.0,United States,NASDAQ screener
EPRT,Essential Properties Realty Trust Inc. Common Stock,Real Estate,Real Estate Investment Trusts,6710111984.0,2018.0,United States,NASDAQ screener
EPRX,Eupraxia Pharmaceuticals Inc. Common Stock,Health Care,Pharmaceuticals and Biotechnology,482112869.0,,Canada,NASDAQ screener
EPSN,Epsilon Energy Ltd. Common Share,Energy,Oil & Gas Production,176349437.0,,United States,NASDAQ screener
EQ,Equillium Inc. Common Stock,Health Care,Biotechnology: Pharmaceutical Preparations,179563419.0,2018.0,United States,NASDAQ screener
EQBK,Equity Bancshares Inc. Class A Common Stock,Finance,Major Banks,953603944.0,,United States,NASDAQ screener
EQPT,EquipmentShare.com Inc Class A Common Stock,Consumer Discretionary,Diversified Commercial Services,5769294717.0,2026.0,United States,"Finnhub IPO,NASDAQ screener"
EQVU,EQV Ventures Acquisition Corp.,,,350000000.0,,,Finnhub IPO
EQX,Equinox Gold Corp. Common Shares,Basic Materials,Precious Metals,9926955166.0,,Canada,NASDAQ screener
ERAS,Erasca Inc. Common Stock,Health Care,Biotechnology: Pharmaceutical Preparations,3794011412.0,2021.0,United States,NASDAQ screener
ERII,Energy Recovery Inc. Common Stock,Technology,Industrial Machinery/Components,444835585.0,2008.0,United States,NASDAQ screener
ERO,Ero Copper Corp. Common Shares,Basic Materials,Metal Mining,3113740124.0,2021.0,Canada,NASDAQ screener
EROC,"ERock, Inc.",,,100000000.0,,,Finnhub IPO
EROK,EagleRock Land LLC Class A shares representing limited liability company interests,Energy,Oil & Gas Production,2896582478.0,2026.0,,"Finnhub IPO,NASDAQ screener"
ESAB,ESAB Corporation Common Stock,Industrials,Industrial Machinery/Components,5662608033.0,2022.0,United States,NASDAQ screener
ESCA,Escalade Incorporated Common Stock,Consumer Discretionary,Recreational Games/Products/Toys,263676226.0,,United States,NASDAQ screener
ESE,ESCO Technologies Inc. Common Stock,Telecommunications,Telecommunications Equipment,7894433452.0,,United States,NASDAQ screener
ESEA,Euroseas Ltd. Common Stock (Marshall Islands),Consumer Discretionary,Marine Transportation,460114000.0,,Greece,NASDAQ screener
ESHAU,ESH Acquisition Corp.,,,100000000.0,,,Finnhub IPO
ESNT,Essent Group Ltd. Common Shares,Finance,Property-Casualty Insurers,5376197852.0,2013.0,Bermuda,NASDAQ screener
ESOA,Energy Services of America Corporation Common Stock,Industrials,Water Sewer Pipeline Comm & Power Line Construction,306391929.0,,United States,NASDAQ screener
ESP,Espey Mfg. & Electronics Corp. Common Stock,Technology,Industrial Machinery/Components,178676788.0,1960.0,United States,NASDAQ screener
ESPAU,Expectation Acquisition Corp,,,69000000.0,,,Finnhub IPO
ESPR,Esperion Therapeutics Inc. Common Stock,Health Care,Biotechnology: Pharmaceutical Preparations,805761978.0,2013.0,United States,NASDAQ screener
ESQ,Esquire Financial Holdings Inc. Common Stock,Finance,Commercial Banks,946276877.0,2017.0,United States,NASDAQ screener
ESRT,Empire State Realty Trust Inc. Class A Common Stock,Real Estate,Real Estate Investment Trusts,988025086.0,2013.0,United States,NASDAQ screener
ESTA,Establishment Labs Holdings Inc. Common Shares,Health Care,Industrial Specialties,2147829862.0,2018.0,Costa Rica,NASDAQ screener
ESTC,Elastic N.V. Ordinary Shares,Technology,Computer Software: Prepackaged Software,5962693071.0,2018.0,United States,NASDAQ screener
ETB,Eaton Vance Tax-Managed Buy-Write Income Fund Eaton Vance Tax-Managed Buy-Write Income Fund Common Shares of Beneficial Interest,Finance,Investment Bankers/Brokers/Service,457900095.0,2005.0,United States,NASDAQ screener
ETD,Ethan Allen Interiors Inc. Common Stock,Consumer Discretionary,Home Furnishings,535390973.0,,United States,NASDAQ screener
ETO,Eaton Vance Tax-Advantage Global Dividend Opp Common Stock,Finance,Investment Managers,506065701.0,2004.0,United States,NASDAQ screener
ETON,Eton Pharmaceuticals Inc. Common Stock,Health Care,Biotechnology: Pharmaceutical Preparations,872720526.0,2018.0,United States,NASDAQ screener
ETOR,eToro Group Ltd. Class A Common Shares,Finance,Investment Bankers/Brokers/Service,3217020540.0,2025.0,Israel,"Finnhub IPO,NASDAQ screener"
ETSSU,Energy Transition Special Opportunities,,,150000000.0,,,Finnhub IPO
ETSY,Etsy Inc. Common Stock,Consumer Discretionary,Business Services,6337170306.0,2025.0,United States,NASDAQ screener
ETV,Eaton Vance Corporation Eaton Vance Tax-Managed Buy-Write Opportunities Fund Common Shares of Beneficial Interest,Finance,Investment Bankers/Brokers/Service,1617171565.0,2005.0,United States,NASDAQ screener
ETW,Eaton Vance Corporation Eaton Vance Tax-Managed Global Buy-Write Opportunites Fund Common Shares of Beneficial Interest,Finance,Investment Managers,1043370923.0,2005.0,United States,NASDAQ screener
ETX,Eaton Vance Municipal Income 2028 Term Trust Common Shares of Beneficial Interest,Finance,Investment Managers,207902660.0,2013.0,,NASDAQ screener
EU,enCore Energy Corp. Common Shares,Basic Materials,Other Metals and Minerals,304945816.0,,United States,NASDAQ screener
EUDA,EUDA Health Holdings Limited Ordinary Shares,Health Care,Medical/Nursing Services,56203480.0,2021.0,Singapore,NASDAQ screener
EURKU,Eureka Acquisition Corp,,,50000000.0,2024.0,United States,"Finnhub IPO,NASDAQ screener"
EVACU,EQV Ventures Acquisition Corp. II,,,420000000.0,,,Finnhub IPO
EVC,Entravision Communications Corporation Common Stock,Industrials,Broadcasting,863327508.0,2000.0,United States,NASDAQ screener
EVCM,EverCommerce Inc. Common Stock,Technology,Computer Software: Prepackaged Software,1962383274.0,2021.0,United States,NASDAQ screener
EVER,EverQuote Inc. Class A Common Stock,Technology,Computer Software: Programming Data Processing,668201221.0,2018.0,United States,NASDAQ screener
EVEX,Eve Holding Inc. Common Stock,Industrials,Aerospace,1212099952.0,2022.0,United States,NASDAQ screener
EVF,Eaton Vance Senior Income Trust Common Stock,Finance,Investment Bankers/Brokers/Service,87343513.0,1998.0,United States,NASDAQ screener
EVGO,EVgo Inc. Class A Common Stock,Technology,EDP Services,677936228.0,,United States,NASDAQ screener
EVH,Evolent Health Inc Class A Common Stock,Consumer Discretionary,Other Consumer Services,438676161.0,2015.0,United States,NASDAQ screener
EVI,EVI Industries Inc.  Common Stock,Consumer Discretionary,Other Consumer Services,227525918.0,1999.0,United States,NASDAQ screener
EVLV,Evolv Technologies Holdings Inc. Class A Common Stock,Technology,Computer peripheral equipment,1170962879.0,2020.0,United States,NASDAQ screener
EVMN,Evommune Inc. Common Stock,Health Care,Biotechnology: Pharmaceutical Preparations,840308619.0,2025.0,United States,"Finnhub IPO,NASDAQ screener"
EVN,Eaton Vance Municipal Income Trust Common Stock,Finance,Investment Managers,427612017.0,1999.0,United States,NASDAQ screener
EVO,Evotec SE American Depositary Shares,Health Care,Biotechnology: Pharmaceutical Preparations,262531342.0,2021.0,Germany,NASDAQ screener
EVOXU,Evolution Global Acquisition Corp,Finance,Blank Checks,210000000.0,2025.0,United States,"Finnhub IPO,NASDAQ screener"
EVTC,Evertec Inc. Common Stock,Technology,EDP Services,1502303987.0,2013.0,Puerto Rico,NASDAQ screener
EVTL,Vertical Aerospace Ltd. Ordinary Shares,Industrials,Aerospace,357791691.0,2021.0,,NASDAQ screener
EWAVU,East West Ave Acquisition Corp.,,,115000000.0,,,Finnhub IPO
EWTX,Edgewise Therapeutics Inc. Common Stock,Health Care,Biotechnology: Pharmaceutical Preparations,3582847100.0,2021.0,United States,NASDAQ screener
EXFY,Expensify Inc. Class A Common Stock,Technology,Computer Software: Prepackaged Software,111868218.0,2021.0,United States,NASDAQ screener
EXK,Endeavour Silver Corporation Ordinary Shares (Canada),Basic Materials,Precious Metals,2883710131.0,,Canada,NASDAQ screener
EXLS,ExlService Holdings Inc. Common Stock,Consumer Discretionary,Business Services,4447511121.0,2006.0,United States,NASDAQ screener
EXOD,Exodus Movement Inc. Class A Common Stock,Finance,Finance: Consumer Services,207388372.0,,United States,NASDAQ screener
EXOZ,eXoZymes Inc. Common Stock,Health Care,Biotechnology: Biological Products (No Diagnostic Substances),82415802.0,2024.0,United States,NASDAQ screener
EXP,Eagle Materials Inc Common Stock,Industrials,Building Materials,6776406267.0,,United States,NASDAQ screener
EXPO,Exponent Inc. Common Stock,Consumer Discretionary,Professional Services,2834049366.0,,United States,NASDAQ screener
EXTR,Extreme Networks Inc. Common Stock,Telecommunications,Computer Communications Equipment,3427693686.0,1999.0,United States,NASDAQ screener
EYE,National Vision Holdings Inc. Common Stock,Health Care,Ophthalmic Goods,1392427638.0,2017.0,United States,NASDAQ screener
EYPT,EyePoint Inc. Common Stock,Industrials,Biotechnology: Laboratory Analytical Instruments,1131857523.0,,United States,NASDAQ screener
EZPW,EZCORP Inc. Class A Non Voting Common Stock,Consumer Discretionary,Other Specialty Stores,1978381693.0,1991.0,United States,NASDAQ screener
FA,First Advantage Corporation Common Stock,Technology,EDP Services,2727439047.0,2021.0,United States,NASDAQ screener
FACTU,FACT II Acquisition Corp.,,,175000000.0,,,Finnhub IPO
FAF,First American Corporation (New) Common Stock,Finance,Specialty Insurers,6781445000.0,,United States,NASDAQ screener
FATE,Fate Therapeutics Inc. Common Stock,Health Care,Biotechnology: Biological Products (No Diagnostic Substances),306550659.0,2013.0,United States,NASDAQ screener
FATN,FatPipe Inc. Common Stock,Technology,Computer Software: Prepackaged Software,107427425.0,2025.0,United States,"Finnhub IPO,NASDAQ screener"
FBIN,Fortune Brands Innovations Inc. Common Stock,Basic Materials,Forest Products,4698967696.0,,United States,NASDAQ screener
FBIO,Fortress Biotech Inc. Common Stock,Health Care,Biotechnology: Pharmaceutical Preparations,93345592.0,,United States,NASDAQ screener
FBIOP,Fortress Biotech Inc. 9.375% Series A Cumulative Redeemable Perpetual Preferred Stock,Health Care,Biotechnology: Pharmaceutical Preparations,644449997.0,,United States,NASDAQ screener
FBIZ,First Business Financial Services Inc. Common Stock,Finance,Major Banks,480740923.0,,United States,NASDAQ screener
FBK,FB Financial Corporation Common Stock,Finance,Major Banks,2733834894.0,2016.0,United States,NASDAQ screener
FBLA,FB Bancorp Inc. Common Stock,Finance,Banks,228361840.0,2024.0,United States,"Finnhub IPO,NASDAQ screener"
FBLG,"FibroBiologics, Inc.",Health Care,Biotechnology: Pharmaceutical Preparations,144186780.0,,United States,"Finnhub IPO,NASDAQ screener"
FBNC,First Bancorp Common Stock,Finance,Major Banks,2426254218.0,1987.0,United States,NASDAQ screener
FBP,First BanCorp. New Common Stock,Finance,Major Banks,3713971292.0,,Puerto Rico,NASDAQ screener
FBRT,Franklin BSP Realty Trust Inc. Common Stock,Real Estate,Real Estate Investment Trusts,664960398.0,2021.0,United States,NASDAQ screener
FBRX,Forte Biosciences Inc. Common Stock,Health Care,Biotechnology: Pharmaceutical Preparations,425345029.0,2017.0,United States,NASDAQ screener
FBYD,Falcon's Beyond Global Inc. Class A Common Stock,Consumer Discretionary,Services-Misc. Amusement & Recreation,1807721381.0,,United States,NASDAQ screener
FBYDW,Falcon's Beyond Global Inc. Warrants,Consumer Discretionary,Services-Misc. Amusement & Recreation,290981309.0,,United States,NASDAQ screener
FC,Franklin Covey Company Common Stock,Consumer Discretionary,Other Consumer Services,270764105.0,,United States,NASDAQ screener
FCAP,First Capital Inc. Common Stock,Finance,Savings Institutions,207121824.0,,United States,NASDAQ screener
FCBC,First Community Bankshares Inc. (VA) Common Stock,Finance,Major Banks,809382674.0,,United States,NASDAQ screener
FCBM,"First Carolina Financial Services, Inc.",,,100000000.0,,,Finnhub IPO
FCCO,First Community Corporation Common Stock,Finance,Major Banks,282408698.0,,United States,NASDAQ screener
FCEL,FuelCell Energy Inc. Common Stock,Energy,Industrial Machinery/Components,1292130152.0,,United States,NASDAQ screener
FCF,First Commonwealth Financial Corporation Common Stock,Finance,Major Banks,1921836200.0,,United States,NASDAQ screener
FCFS,FirstCash Holdings Inc. Common Stock,Consumer Discretionary,Other Specialty Stores,9786540373.0,1991.0,United States,NASDAQ screener
FCN,FTI Consulting Inc. Common Stock,Consumer Discretionary,Professional Services,4669312261.0,1999.0,United States,NASDAQ screener
FCNCN,First Citizens BancShares Inc. Depositary Shares each representing a 1/40th interest in a share of 6.625% Non-Cumulative Perpetual Preferred Stock Series E,Finance,Major Banks,291064787.0,,United States,NASDAQ screener
FCNCO,First Citizens BancShares Inc. 5.625% Non-Cumulative Perpetual Preferred Stock Series C,Finance,Major Banks,247845374.0,,United States,NASDAQ screener
FCNCP,First Citizens BancShares Inc. Depositary Shares,Finance,Major Banks,238807534.0,,United States,NASDAQ screener
FCPT,Four Corners Property Trust Inc. Common Stock,Real Estate,Real Estate Investment Trusts,2748119893.0,2015.0,United States,NASDAQ screener
FCRSU,FutureCrest Acquisition Corp.,,,250000000.0,,,Finnhub IPO
FDARU,ARC Group Securities Acquisition II,,,172500000.0,,,Finnhub IPO
FDBC,Fidelity D & D Bancorp Inc. Common Stock,Finance,Major Banks,268083212.0,,United States,NASDAQ screener
FDMMU,Freedom Metals Acquisition Corp.,,,316250000.0,,,Finnhub IPO
FDMT,4D Molecular Therapeutics Inc. Common Stock,Health Care,Biotechnology: Biological Products (No Diagnostic Substances),468917998.0,2020.0,United States,NASDAQ screener
FDP,Fresh Del Monte Produce Inc. Common Stock,Consumer Staples,Farming/Seeds/Milling,1598098296.0,1997.0,Cayman Islands,NASDAQ screener
FDS,FactSet Research Systems Inc. Common Stock,Technology,Computer Software: Programming Data Processing,8703396240.0,2000.0,United States,NASDAQ screener
FDSB,Fifth District Bancorp Inc. Common Stock,Finance,Savings Institutions,79551974.0,2024.0,United States,"Finnhub IPO,NASDAQ screener"
FDUS,Fidus Investment Corporation Common Stock,Finance,Finance/Investors Services,719614741.0,2011.0,United States,NASDAQ screener
FEAM,5E Advanced Materials Inc. Common Stock,Industrials,Mining & Quarrying of Nonmetallic Minerals (No Fuels),76388010.0,,United States,NASDAQ screener
FEIM,Frequency Electronics Inc. Common Stock,Industrials,Electrical Products,744049681.0,,United States,NASDAQ screener
FELE,Franklin Electric Co. Inc. Common Stock,Consumer Discretionary,Metal Fabrications,4378017369.0,,United States,NASDAQ screener
FENC,Fennec Pharmaceuticals Inc. Common Stock,Health Care,Biotechnology: Biological Products (No Diagnostic Substances),341610490.0,,United States,NASDAQ screener
FERAU,Fifth Era Acquisition Corp I,,,200000000.0,,,Finnhub IPO
FET,Forum Energy Technologies Inc. Common Stock,Consumer Discretionary,Oil and Gas Field Machinery,574031643.0,2012.0,United States,NASDAQ screener
FF,FutureFuel Corp.  Common shares,Industrials,Major Chemicals,182910824.0,,United States,NASDAQ screener
FFAI,Faraday Future Intelligent Electric Inc. Class A Common Stock,Industrials,Auto Manufacturing,95577854.0,2020.0,United States,NASDAQ screener
FFBC,First Financial Bancorp. Common Stock,Finance,Major Banks,3236021894.0,,United States,NASDAQ screener
FFIC,Flushing Financial Corporation Common Stock,Finance,Major Banks,540782671.0,,United States,NASDAQ screener
FFIN,First Financial Bankshares Inc. Common Stock,Finance,Major Banks,4685319111.0,,United States,NASDAQ screener
FFSHU,Flag Fish Acquisition Corp,,,69000000.0,,,Finnhub IPO
FG,F&G Annuities & Life Inc. Common Stock,Finance,Life Insurance,3656585724.0,2022.0,United States,NASDAQ screener
FGBI,First Guaranty Bancshares Inc. Common Stock,Finance,Savings Institutions,166124262.0,,United States,NASDAQ screener
FGBIP,First Guaranty Bancshares Inc. 6.75% Series A Fixed-Rate Non-Cumulative Perpetual Preferred Stock,Finance,Savings Institutions,336199944.0,,United States,NASDAQ screener
FGIIU,FG Imperii Acquisition Corp.,Finance,Blank Checks,200000000.0,2026.0,United States,"Finnhub IPO,NASDAQ screener"
FGMC,FG Merger II Corp. Common stock,,,105783311.0,2025.0,United States,NASDAQ screener
FGMCU,FG Merger II Corp.,,,80000000.0,2025.0,United States,"Finnhub IPO,NASDAQ screener"
FGN,F&G Annuities & Life Inc. 7.950% Senior Notes due 2053,Finance,Life Insurance,3160029613.0,2023.0,United States,NASDAQ screener
FGNXP,FG Nexus Inc. 8.00% Cumulative Preferred Stock,Finance,Property-Casualty Insurers,158874956.0,,United States,NASDAQ screener
FHB,First Hawaiian Inc. Common Stock,Finance,Major Banks,3297903658.0,2016.0,United States,NASDAQ screener
FHI,Federated Hermes Inc. Common Stock,Finance,Investment Managers,4210874862.0,,United States,NASDAQ screener
FHTX,Foghorn Therapeutics Inc. Common Stock,Health Care,Biotechnology: Pharmaceutical Preparations,250708447.0,2020.0,United States,NASDAQ screener
FIBK,First Interstate BancSystem Inc. Common Stock (DE),Finance,Major Banks,3458286492.0,2010.0,United States,NASDAQ screener
FIGR,Figure Technology Solutions Inc. Class A Common Stock,Finance,Finance: Consumer Services,7658513595.0,2025.0,U.S. Virgin Islands,"Finnhub IPO,NASDAQ screener"
FIGS,FIGS Inc. Class A Common Stock,Consumer Discretionary,Apparel,2047999322.0,2021.0,United States,NASDAQ screener
FIGXU,FIGX Capital Acquisition Corp.,Finance,Blank Checks,131000000.0,2025.0,United States,"Finnhub IPO,NASDAQ screener"
FIHL,Fidelis Insurance Holdings Ltd,,,210000000.0,,,Finnhub IPO
FINS,Angel Oak Financial Strategies Income Term Trust Common Shares of Beneficial Interest,Finance,Finance/Investors Services,321303019.0,2019.0,,NASDAQ screener
FINV,FinVolution Group American Depositary Shares,Finance,Finance: Consumer Services,1225327870.0,2017.0,United States,NASDAQ screener
FINW,FinWise Bancorp Common Stock,Finance,Major Banks,195173995.0,2021.0,United States,NASDAQ screener
FIP,FTAI Infrastructure Inc. Common Stock,Energy,Oil Refining/Marketing,538825811.0,,United States,NASDAQ screener
FISI,Financial Institutions Inc. Common Stock,Finance,Major Banks,704968910.0,1999.0,United States,NASDAQ screener
FISN,"DEEP FISSION, INC.",,,179400000.0,,,Finnhub IPO
FIVN,Five9 Inc. Common Stock,Technology,EDP Services,1747955846.0,2014.0,United States,NASDAQ screener
FIZZ,National Beverage Corp. Common Stock,Consumer Staples,Beverages (Production/Distribution),3486859478.0,,United States,NASDAQ screener
FJDIU,ARC Group Securities Acquisition I,,,172500000.0,,,Finnhub IPO
FJET,Starfighters Space Inc. Common Stock,Consumer Discretionary,Air Freight/Delivery Services,302149968.0,2025.0,United States,"Finnhub IPO,NASDAQ screener"
FLD,Fold Holdings Inc. Class A Common Stock,Finance,Finance: Consumer Services,50595452.0,2025.0,United States,NASDAQ screener
FLG,Flagstar Bank N.A. Common Stock,Finance,Banks,5906270279.0,,United States,NASDAQ screener
FLGT,Fulgent Genetics Inc. Common Stock,Health Care,Medical Specialities,518027364.0,2016.0,United States,NASDAQ screener
FLL,Full House Resorts Inc. Common Stock,Consumer Discretionary,Hotels/Resorts,97190690.0,,United States,NASDAQ screener
FLNA,Filana Therapeutics Inc. Common Stock,Health Care,Biotechnology: Pharmaceutical Preparations,74877239.0,,United States,NASDAQ screener
FLNC,Fluence Energy Inc. Class A Common Stock,Miscellaneous,Industrial Machinery/Components,3936226930.0,2021.0,United States,NASDAQ screener
FLNG,FLEX LNG Ltd. Ordinary Shares,Consumer Discretionary,Marine Transportation,1663340562.0,2019.0,,NASDAQ screener
FLNT,Fluent Inc. Common Stock,Consumer Discretionary,Advertising,64700095.0,,United States,NASDAQ screener
FLO,Flowers Foods Inc. Common Stock,Consumer Staples,Packaged Foods,1632347871.0,,United States,NASDAQ screener
FLOC,Flowco Holdings Inc. Class A Common Stock,Consumer Discretionary,Oil and Gas Field Machinery,2188165976.0,2025.0,United States,"Finnhub IPO,NASDAQ screener"
FLR,Fluor Corporation Common Stock,Industrials,Military/Government/Technical,6560295015.0,,United States,NASDAQ screener
FLS,Flowserve Corporation Common Stock,Industrials,Fluid Controls,9612366049.0,,United States,NASDAQ screener
FLWS,1-800-FLOWERS.COM Inc. Common Stock,Consumer Discretionary,Other Specialty Stores,288443174.0,1999.0,United States,NASDAQ screener
FLX,BingEx Limited American Depositary Shares,Industrials,Trucking Freight/Courier Services,175511784.0,2024.0,China,"Finnhub IPO,NASDAQ screener"
FLXS,Flexsteel Industries Inc. Common Stock,Consumer Discretionary,Home Furnishings,320635641.0,,United States,NASDAQ screener
FLY,Firefly Aerospace Inc. Common Stock,Industrials,Military/Government/Technical,7910812663.0,2025.0,United States,"Finnhub IPO,NASDAQ screener"
FLYW,Flywire Corporation Voting Common Stock,Consumer Discretionary,Business Services,1926481276.0,2021.0,United States,NASDAQ screener
FLYX,flyExclusive Inc. Class A Common Stock,Consumer Discretionary,Transportation Services,251609866.0,2023.0,,NASDAQ screener
FMACU,Future Money Acquisition Corp,Finance,Blank Checks,100000000.0,2026.0,United States,"Finnhub IPO,NASDAQ screener"
FMAO,Farmers & Merchants Bancorp Inc. Common Stock,Finance,Savings Institutions,382893308.0,,United States,NASDAQ screener
FMBH,First Mid Bancshares Inc. Common Stock,Finance,Major Banks,1168433444.0,,United States,NASDAQ screener
FMC,FMC Corporation Common Stock,Industrials,Major Chemicals,1696864735.0,,United States,NASDAQ screener
FMN,Federated Hermes Premier Municipal Income Fund,Finance,Investment Managers,970367063.0,2002.0,United States,NASDAQ screener
FMNB,Farmers National Banc Corp. Common Stock,Finance,Major Banks,842629749.0,,United States,NASDAQ screener
FNB,F.N.B. Corporation Common Stock,Finance,Major Banks,6250726944.0,,United States,NASDAQ screener
FND,Floor & Decor Holdings Inc. Common Stock,Consumer Discretionary,RETAIL: Building Materials,5558201193.0,2017.0,United States,NASDAQ screener
FNKO,Funko Inc. Class A Common Stock,Consumer Discretionary,Recreational Games/Products/Toys,307619730.0,2017.0,United States,NASDAQ screener
FNLC,First Bancorp Inc  (ME) Common Stock,Finance,Major Banks,329026618.0,,United States,NASDAQ screener
FNRN,First Northern Community Bancorp Common stock,Finance,Savings Institutions,282200503.0,,United States,NASDAQ screener
FNWB,First Northwest Bancorp Common Stock,Finance,Banks,92618175.0,2015.0,United States,NASDAQ screener
FNWD,Finward Bancorp Common Stock,Finance,Major Banks,142802444.0,,United States,NASDAQ screener
FOA,Finance of America Companies Inc. Class A Common Stock,Finance,Finance: Consumer Services,180058707.0,2021.0,United States,NASDAQ screener
FOF,Cohen & Steers Closed-End Opportunity Fund Inc. Common Stock,Finance,Investment Managers,683518315.0,2006.0,United States,NASDAQ screener
FONR,Fonar Corporation Common Stock,Health Care,Biotechnology: Electromedical & Electrotherapeutic Apparatus,125180461.0,1981.0,United States,NASDAQ screener
FOR,Forestar Group Inc Common Stock,Finance,Real Estate,1398659459.0,2017.0,United States,NASDAQ screener
FORR,Forrester Research Inc. Common Stock,Industrials,Diversified Commercial Services,135301640.0,1996.0,United States,NASDAQ screener
FORTY,Formula Systems (1985) Ltd. American Depositary Shares,Technology,EDP Services,2030203584.0,,Israel,NASDAQ screener
FOSL,Fossil Group Inc. Common Stock,Consumer Discretionary,Consumer Specialties,265957191.0,1993.0,United States,NASDAQ screener
FOUR,Shift4 Payments Inc. Class A Common Stock,Consumer Discretionary,Business Services,3476986739.0,2020.0,United States,NASDAQ screener
FOXF,Fox Factory Holding Corp. Common Stock,Consumer Discretionary,Motor Vehicles,789657384.0,2013.0,United States,NASDAQ screener
FPAQU,FPA ENERGY ACQUISITION CORP.,,,115000000.0,,,Finnhub IPO
FPH,Five Point Holdings LLC Class A Common Shares,Finance,Real Estate,746970573.0,2017.0,United States,NASDAQ screener
FPI,Farmland Partners Inc. Common Stock,Real Estate,Real Estate Investment Trusts,454055062.0,2014.0,United States,NASDAQ screener
FR,First Industrial Realty Trust Inc. Common Stock,Real Estate,Real Estate Investment Trusts,8293605725.0,1994.0,United States,NASDAQ screener
FRA,Blackrock Floating Rate Income Strategies Fund Inc  Common Stock,Finance,Investment Bankers/Brokers/Service,1664652050.0,2003.0,United States,NASDAQ screener
FRAF,Franklin Financial Services Corporation Common Stock,Finance,Major Banks,262752511.0,,United States,NASDAQ screener
FRBA,First Bank Common Stock,Finance,Commercial Banks,395866847.0,2013.0,United States,NASDAQ screener
FRBT,"Forbright, Inc.",,,100000000.0,,,Finnhub IPO
FRD,Friedman Industries Inc. Common Stock,Industrials,Steel/Iron Ore,168487592.0,,United States,NASDAQ screener
FRHC,Freedom Holding Corp. Common Stock,Finance,Investment Bankers/Brokers/Service,8815720377.0,,Kazakhstan,NASDAQ screener
FRME,First Merchants Corporation Common Stock,Finance,Major Banks,2553051238.0,,United States,NASDAQ screener
FRMEP,First Merchants Corporation Depository Shares,Finance,Major Banks,1581870799.0,,United States,NASDAQ screener
FRMI,Fermi Inc. Common Stock,Real Estate,Real Estate Investment Trusts,4322753340.0,2025.0,United States,"Finnhub IPO,NASDAQ screener"
FRMM,Forum Markets Incorporated Common Stock,Health Care,Biotechnology: Pharmaceutical Preparations,62098520.0,2017.0,United States,NASDAQ screener
FRO,Frontline Plc Ordinary Shares,Consumer Discretionary,Marine Transportation,7689394586.0,,Bermuda,NASDAQ screener
FROG,JFrog Ltd. Ordinary Shares,Technology,Computer Software: Prepackaged Software,8813882315.0,2020.0,United States,NASDAQ screener
FRPH,FRP Holdings Inc. Common Stock,Finance,Real Estate,448584435.0,,United States,NASDAQ screener
FRPT,Freshpet Inc. Common Stock,Consumer Staples,Packaged Foods,2608990774.0,2014.0,United States,NASDAQ screener
FRSH,Freshworks Inc. Class A Common Stock,Technology,Computer Software: Prepackaged Software,2487907503.0,2021.0,United States,NASDAQ screener
FRST,Primis Financial Corp. Common Stock,Finance,Major Banks,356717837.0,2006.0,United States,NASDAQ screener
FSBC,Five Star Bancorp Common Stock,Finance,Major Banks,902928703.0,2021.0,United States,NASDAQ screener
FSBW,FS Bancorp Inc. Common Stock,Finance,Banks,225028366.0,2012.0,United States,NASDAQ screener
FSCO,FS Credit Opportunities Corp. Common Stock,Finance,Trusts Except Educational Religious and Charitable,1005664413.0,2022.0,United States,NASDAQ screener
FSEA,First Seacoast Bancorp Inc. Common Stock,Finance,Savings Institutions,78491706.0,2019.0,United States,NASDAQ screener
FSHPU,Flag Ship Acquisition Corp,,,60000000.0,,,Finnhub IPO
FSI,Flexible Solutions International Inc. Common Stock (CDA),Industrials,Major Chemicals,84194862.0,2002.0,Canada,NASDAQ screener
FSK,FS KKR Capital Corp. Common Stock,Finance,Investment Managers,3024717476.0,2014.0,United States,NASDAQ screener
FSLY,Fastly Inc. Class A Common Stock,Technology,Computer Software: Prepackaged Software,2651110000.0,,United States,NASDAQ screener
FSM,Fortuna Mining Corp. Common Shares,Basic Materials,Precious Metals,2987707966.0,,Canada,NASDAQ screener
FSP,Franklin Street Properties Corp. Common Stock,Real Estate,Real Estate Investment Trusts,58076959.0,,United States,NASDAQ screener
FSS,Federal Signal Corporation Common Stock,Industrials,Auto Manufacturing,6913385672.0,,United States,NASDAQ screener
FSTR,L.B. Foster Company Common Stock,Industrials,Metal Fabrications,422530672.0,,United States,NASDAQ screener
FSUN,FirstSun Capital Bancorp Common Stock,Finance,Major Banks,1656816192.0,,United States,NASDAQ screener
FSV,FirstService Corporation Common Shares,Finance,Real Estate,6378589886.0,,Canada,NASDAQ screener
FT,Franklin Universal Trust Common Stock,Finance,Trusts Except Educational Religious and Charitable,202060428.0,,United States,NASDAQ screener
FTAIM,FTAI Aviation Ltd. 9.500% Fixed-Rate Reset Series D Cumulative Perpetual Redeemable Preferred Shares,Industrials,Misc Corporate Leasing Services,2793334328.0,,United States,NASDAQ screener
FTAIN,FTAI Aviation Ltd. 8.25% Fixed - Rate Reset Series C Cumulative Perpetual Redeemable Preferred Shares,Industrials,Misc Corporate Leasing Services,2611762467.0,,United States,NASDAQ screener
FTCI,FTC Solar Inc. Common Stock,Technology,Semiconductors,88189170.0,2021.0,United States,NASDAQ screener
FTDR,Frontdoor Inc. Common Stock,Consumer Discretionary,Diversified Commercial Services,4360886307.0,,United States,NASDAQ screener
FTF,Franklin Limited Duration Income Trust Common Shares of Beneficial Interest,Finance,Finance/Investors Services,237583599.0,2003.0,United States,NASDAQ screener
FTHAU,Forefront Tech Holdings Acquisition Corp,,,100000000.0,2026.0,Cayman Islands,"Finnhub IPO,NASDAQ screener"
FTHY,First Trust High Yield Opportunities 2027 Term Fund Common Stock,Finance,Investment Managers,505628599.0,2020.0,United States,NASDAQ screener
FTK,Flotek Industries Inc. Common Stock,Industrials,Major Chemicals,740914852.0,,United States,NASDAQ screener
FTLF,FitLife Brands Inc. Common Stock,Health Care,Medicinal Chemicals and Botanical Products,98981899.0,,United States,NASDAQ screener
FTRAU,FutureCorp Space Acquisition 1,,,230000000.0,,,Finnhub IPO
FTRE,Fortrea Holdings Inc. Common Stock,Health Care,Medical Specialities,1419000000.0,,United States,NASDAQ screener
FTW,Presidio Production Company Class A Common Stock,Energy,Oil & Gas Production,351653487.0,,,NASDAQ screener
FUBO,FuboTV Inc. Class A Common Stock,Consumer Discretionary,Movies/Entertainment,1130905239.0,2020.0,United States,NASDAQ screener
FUFU,BitFuFu Inc. Class A Ordinary Shares,Finance,Finance: Consumer Services,333307196.0,,Singapore,NASDAQ screener
FUL,H. B. Fuller Company Common Stock,Industrials,Home Furnishings,3464847025.0,,United States,NASDAQ screener
FULC,Fulcrum Therapeutics Inc. Common Stock,Health Care,Biotechnology: Pharmaceutical Preparations,454267215.0,2019.0,United States,NASDAQ screener
FULT,Fulton Financial Corporation Common Stock,Finance,Major Banks,4122751450.0,,United States,NASDAQ screener
FULTP,Fulton Financial Corporation Depositary Shares Each Representing a 1/40th Interest in a Share of Fixed Rate Non-Cumulative Perpetual Preferred Stock Series A,Finance,Major Banks,3541705349.0,,United States,NASDAQ screener
FUN,Six Flags Entertainment Corporation Common Stock New,Consumer Discretionary,Services-Misc. Amusement & Recreation,2074740023.0,,United States,NASDAQ screener
FUNC,First United Corporation Common Stock,Finance,Major Banks,251421963.0,,United States,NASDAQ screener
FUND,Sprott Focus Trust Inc. Common Stock,Finance,Investment Managers,302970523.0,,United States,NASDAQ screener
FURY,Fury Gold Mines Limited Common Shares,Basic Materials,Precious Metals,109230946.0,2020.0,,NASDAQ screener
FUSB,First US Bancshares Inc. Common Stock,Finance,Major Banks,87684455.0,,United States,NASDAQ screener
FVAV,Fortress Value Acquisition Corp. V,,,250000000.0,2026.0,United States,"Finnhub IPO,NASDAQ screener"
FVCB,FVCBankcorp Inc. Common Stock,Finance,Major Banks,283629442.0,,United States,NASDAQ screener
FVNNU,Future Vision II Acquisition Corp.,,,50000000.0,,,Finnhub IPO
FVR,FrontView REIT Inc. Common Stock,Real Estate,Real Estate Investment Trusts,401846977.0,2024.0,United States,"Finnhub IPO,NASDAQ screener"
FVRR,Fiverr International Ltd. Ordinary Shares no par value,Consumer Discretionary,Business Services,395458008.0,2019.0,,NASDAQ screener
FWACU,Futurewave Acquisition Corp,,,57500000.0,,,Finnhub IPO
FWDI,Forward Industries Inc. Common Stock,Industrials,Plastic Products,339792630.0,,United States,NASDAQ screener
FWRD,Forward Air Corporation Common Stock,Industrials,Integrated Freight & Logistics,327635477.0,,United States,NASDAQ screener
FWRG,First Watch Restaurant Group Inc. Common Stock,Consumer Discretionary,Restaurants,720628706.0,2021.0,United States,NASDAQ screener
FXACU,FortuneX Acquisition Corp,Finance,Blank Checks,75000000.0,2026.0,United States,"Finnhub IPO,NASDAQ screener"
FXNC,First National Corporation Common Stock,Finance,Major Banks,253508715.0,,United States,NASDAQ screener
G,Genpact Limited Common Stock,Consumer Discretionary,Professional Services,5495401054.0,2007.0,Bermuda,NASDAQ screener
GAB,Gabelli Equity Trust Inc. (The) Common Stock,Finance,Investment Managers,1654190909.0,1986.0,United States,NASDAQ screener
GABC,German American Bancorp Inc. Common Stock,Finance,Major Banks,1630666958.0,,United States,NASDAQ screener
GAIA,Gaia Inc. Class A Common Stock,Consumer Discretionary,Movies/Entertainment,62019731.0,1999.0,United States,NASDAQ screener
GAIN,Gladstone Investment Corporation Business Development Company,Finance,Finance: Consumer Services,629983518.0,2005.0,United States,NASDAQ screener
GAINZ,Gladstone Investment Corporation 4.875% Notes due 2028,Finance,Finance: Consumer Services,925096462.0,,United States,NASDAQ screener
GALT,Galectin Therapeutics Inc. Common Stock,Health Care,Biotechnology: Pharmaceutical Preparations,169252228.0,,United States,NASDAQ screener
GAM,General American Investors Inc. Common Stock,Finance,Investment Managers,1534439040.0,,United States,NASDAQ screener
GAMB,Gambling.com Group Limited Ordinary Shares,Consumer Discretionary,Services-Misc. Amusement & Recreation,85988116.0,2021.0,Jersey,NASDAQ screener
GANX,Gain Therapeutics Inc. Common Stock,Health Care,Biotechnology: Pharmaceutical Preparations,86161157.0,2021.0,United States,NASDAQ screener
GAP,Gap Inc. (The) Common Stock,Consumer Discretionary,Clothing/Shoe/Accessory Stores,9133504775.0,,United States,NASDAQ screener
GASS,StealthGas Inc. Common Stock,Consumer Discretionary,Marine Transportation,345826880.0,2005.0,Greece,NASDAQ screener
GATX,GATX Corporation Common Stock,Consumer Discretionary,Transportation Services,6053460000.0,,United States,NASDAQ screener
GAU,Galiano Gold Inc.,Industrials,Mining & Quarrying of Nonmetallic Minerals (No Fuels),590343107.0,,Canada,NASDAQ screener
GAUZ,Gauzy Ltd.,Miscellaneous,Industrial Machinery/Components,75000005.0,2024.0,Israel,"Finnhub IPO,NASDAQ screener"
GBAB,Guggenheim Taxable Municipal Bond & Investment Grade Debt Trust Common Shares of Beneficial Interest,Finance,Investment Managers,314900484.0,2010.0,United States,NASDAQ screener
GBCI,Glacier Bancorp Inc. Common Stock,Finance,Major Banks,6214311729.0,,United States,NASDAQ screener
GBDC,Golub Capital BDC Inc. Common Stock,Finance,Finance: Consumer Services,3409881919.0,2010.0,United States,NASDAQ screener
GBFH,GBank Financial Holdings Inc. Common Stock,Finance,Commercial Banks,424560128.0,,United States,NASDAQ screener
GBLI,Global Indemnity Group LLC Class A Common Stock,Finance,Property-Casualty Insurers,381446895.0,,United States,NASDAQ screener
GBTG,Global Business Travel Group Inc. Class A Common Stock,Consumer Discretionary,Transportation Services,4959046085.0,2020.0,United States,NASDAQ screener
GBX,Greenbrier Companies Inc. (The) Common Stock,Industrials,Railroads,1481958653.0,1994.0,United States,NASDAQ screener
GCBC,Greene County Bancorp Inc. Common Stock,Finance,Banks,439938532.0,,United States,NASDAQ screener
GCGRU,General Catalyst Global Resilience Merger Corp.,,,350000000.0,2026.0,United States,"Finnhub IPO,NASDAQ screener"
GCL,GCL Global Holdings Ltd Ordinary Shares,Technology,Computer Software: Prepackaged Software,75537936.0,,Singapore,NASDAQ screener
GCMG,GCM Grosvenor Inc. Class A Common Stock,Finance,Investment Managers,2176067687.0,,United States,NASDAQ screener
GCO,Genesco Inc. Common Stock,Consumer Discretionary,Clothing/Shoe/Accessory Stores,395022189.0,,United States,NASDAQ screener
GCT,GigaCloud Technology Inc Class A Ordinary Shares,Consumer Discretionary,Catalog/Specialty Distribution,1392774296.0,2022.0,United States,NASDAQ screener
GCTS,GCT Semiconductor Holding Inc. Common Stock,Technology,Semiconductors,309893342.0,2021.0,United States,NASDAQ screener
GCV,Gabelli Convertible and Income Securities Fund Inc. (The) Common Stock,Finance,Finance/Investors Services,88345735.0,,United States,NASDAQ screener
GDEV,GDEV Inc. Ordinary Shares,Technology,EDP Services,257736944.0,,Cyprus,NASDAQ screener
GDHG,Golden Heaven Group Holdings Ltd. Class A Ordinary Shares,Consumer Discretionary,Services-Misc. Amusement & Recreation,80116138.0,2023.0,China,NASDAQ screener
GDOT,Green Dot Corporation Class A Common Stock $0.001 par value,Finance,Finance: Consumer Services,733442629.0,2010.0,United States,NASDAQ screener
GDRX,GoodRx Holdings Inc. Class A Common Stock,Technology,EDP Services,1005865858.0,2020.0,United States,NASDAQ screener
GDS,GDS Holdings Limited ADS,Technology,Computer Software: Programming Data Processing,7059303306.0,2016.0,China,NASDAQ screener
GDV,Gabelli Dividend & Income Trust Common Shares of Beneficial Interest,Finance,Investment Managers,2642522786.0,2003.0,United States,NASDAQ screener
GDYN,Grid Dynamics Holdings Inc. Class A Common Stock,Technology,Computer Software: Prepackaged Software,616324018.0,2018.0,United States,NASDAQ screener
GECC,Great Elm Capital Corp. Common Stock,Finance,Finance: Consumer Services,82935509.0,,United States,NASDAQ screener
GEF,Greif Inc. Class A Common Stock,,,2943957750.0,,United States,NASDAQ screener
GEG,Great Elm Group Inc. Common Stock,Technology,Computer Software: Prepackaged Software,67731137.0,,United States,NASDAQ screener
GEGGL,Great Elm Group Inc.  7.25% Notes due 2027,Technology,Computer Software: Prepackaged Software,711874021.0,,United States,NASDAQ screener
GEL,Genesis Energy L.P. Common Units,Energy,Oil Refining/Marketing,1882276568.0,2001.0,United States,NASDAQ screener
GEMI,Gemini Space Station Inc. Class A Common Stock,Finance,Investment Bankers/Brokers/Service,620307652.0,2025.0,United States,"Finnhub IPO,NASDAQ screener"
GENB,Generate Biomedicines Inc. Common Stock,Health Care,Biotechnology: Pharmaceutical Preparations,1678039616.0,2026.0,United States,"Finnhub IPO,NASDAQ screener"
GENC,Gencor Industries Inc. Common Stock,Industrials,Construction/Ag Equipment/Trucks,211950371.0,,United States,NASDAQ screener
GENI,Genius Sports Limited Ordinary Shares,Consumer Discretionary,Services-Misc. Amusement & Recreation,1440600986.0,2021.0,Guernsey,NASDAQ screener
GENK,GEN Restaurant Group Inc. Class A Common Stock,Consumer Discretionary,Restaurants,69225698.0,2023.0,United States,"Finnhub IPO,NASDAQ screener"
GENVR,Gen Digital Inc. Contingent Value Rights,Technology,Computer Software: Prepackaged Software,1078356599.0,,United States,NASDAQ screener
GEO,Geo Group Inc (The) REIT,Consumer Discretionary,Homebuilding,3087918543.0,,United States,NASDAQ screener
GEOS,Geospace Technologies Corporation Common Stock (Texas),Industrials,Industrial Machinery/Components,112410390.0,,United States,NASDAQ screener
GERN,Geron Corporation Common Stock,Health Care,Biotechnology: Pharmaceutical Preparations,801901218.0,1996.0,United States,NASDAQ screener
GETY,Getty Images Holdings Inc. Class A Common Stock,Consumer Discretionary,Business Services,469234353.0,2022.0,United States,NASDAQ screener
GEVO,Gevo Inc. Common Stock,Industrials,Major Chemicals,462481525.0,2011.0,United States,NASDAQ screener
GFF,Griffon Corporation Common Stock,Industrials,Building Products,4039015526.0,,United States,NASDAQ screener
GFR,Greenfire Resources Ltd. Common Shares,Energy,Oil & Gas Production,726233910.0,,Canada,NASDAQ screener
GGAL,Grupo Financiero Galicia S.A. American Depositary Shares,Finance,Commercial Banks,7843336964.0,,Argentina,NASDAQ screener
GGB,Gerdau S.A. Common Stock,Industrials,Steel/Iron Ore,9184419093.0,,Brazil,NASDAQ screener
GGR,Gogoro Inc. Ordinary Shares,Industrials,Auto Manufacturing,59094052.0,,Taiwan,NASDAQ screener
GGT,Gabelli Multi-Media Trust Inc. (The) Common Stock,Finance,Trusts Except Educational Religious and Charitable,118954444.0,,United States,NASDAQ screener
GGZ,Gabelli Global Small and Mid Cap Value Trust (The) Common Shares of Beneficial Interest,Finance,Investment Managers,139511681.0,2014.0,,NASDAQ screener
GHC,Graham Holdings Company Common Stock,Real Estate,Other Consumer Services,4839095016.0,,United States,NASDAQ screener
GHG,GreenTree Hospitality Group Ltd. American depositary shares each representing one Class A ordinary share,Consumer Discretionary,Hotels/Resorts,129148576.0,2018.0,,NASDAQ screener
GHI,Greystone Housing Impact Investors LP Beneficial Unit Certificates representing assignments of limited partnership interests,Finance,Finance: Consumer Services,123467552.0,2022.0,United States,NASDAQ screener
GHM,Graham Corporation Common Stock,Industrials,Industrial Machinery/Components,1170200506.0,1978.0,United States,NASDAQ screener
GHRS,GH Research PLC Ordinary Shares,Health Care,Biotechnology: Pharmaceutical Preparations,1534309554.0,2021.0,Ireland,NASDAQ screener
GIBO,GIBO Holdings Limited Class A Ordinary Shares,Technology,Computer Software: Prepackaged Software,85955262.0,,Hong Kong,NASDAQ screener
GIC,Global Industrial Company Common Stock,Industrials,Industrial Machinery/Components,1163137410.0,,United States,NASDAQ screener
GIGGU,GigCapital7 Corp.,,,200000000.0,,,Finnhub IPO
GIII,G-III Apparel Group LTD. Common Stock,Consumer Discretionary,Apparel,1389293221.0,1989.0,United States,NASDAQ screener
GILT,Gilat Satellite Networks Ltd. Ordinary Shares,Technology,Radio And Television Broadcasting And Communications Equipment,1345647003.0,,Israel,NASDAQ screener
GIWWU,GigCapital8 Corp.,,,220000000.0,,,Finnhub IPO
GIXXU,GigCapital9 Corp.,Finance,Blank Checks,220000000.0,2026.0,United States,"Finnhub IPO,NASDAQ screener"
GJS,Goldman Sachs Group Securities STRATS Trust for Goldman Sachs Group Securities Series 2006-2,Finance,Finance: Consumer Services,7298592982.0,,United States,NASDAQ screener
GKOS,Glaukos Corporation Common Stock,Health Care,Medical/Dental Instruments,6256336200.0,2015.0,United States,NASDAQ screener
GLACU,Global Lights Acquisition Corp,,,60000000.0,,,Finnhub IPO
GLAD,Gladstone Capital Corporation Common Stock,Consumer Discretionary,Textiles,437175885.0,2001.0,United States,NASDAQ screener
GLBE,Global-E Online Ltd. Ordinary Shares,Technology,Computer Software: Prepackaged Software,5042129786.0,2021.0,Israel,NASDAQ screener
GLDG,GoldMining Inc. Common Shares,Basic Materials,Precious Metals,237539907.0,,,NASDAQ screener
GLEDU,GalaxyEdge Acquisition Corp,,,100000000.0,,,Finnhub IPO
GLIBA,Liberty Capital Corporation Series A GCI Group Common Stock,Telecommunications,Cable & Other Pay Television Services,929387310.0,,United States,NASDAQ screener
GLIBK,Liberty Capital Corporation Series C GCI Group Common Stock,Telecommunications,Cable & Other Pay Television Services,929387310.0,,United States,NASDAQ screener
GLND,Greenland Energy Company Common Stock,Energy,Oil & Gas Production,137750111.0,,United States,NASDAQ screener
GLNDW,Greenland Energy Company Warrant,Energy,Oil & Gas Production,52038931.0,,United States,NASDAQ screener
GLNG,Golar Lng Ltd,Consumer Discretionary,Marine Transportation,5010382698.0,,Bermuda,NASDAQ screener
GLOB,Globant S.A. Common Shares,Technology,EDP Services,1724159671.0,2014.0,United States,NASDAQ screener
GLOO,Gloo Holdings Inc. Class A Common Stock,Technology,EDP Services,443351392.0,2025.0,United States,"Finnhub IPO,NASDAQ screener"
GLP,Global Partners LP Common Units representing Limited Partner Interests,Energy,Oil Refining/Marketing,1635186580.0,2005.0,United States,NASDAQ screener
GLRE,Greenlight Capital Re Ltd. Class A Ordinary Shares,Finance,Property-Casualty Insurers,527014859.0,2007.0,Cayman Islands,NASDAQ screener
GLSI,Greenwich LifeSciences Inc. Common Stock,Health Care,Biotechnology: Pharmaceutical Preparations,401643086.0,2020.0,United States,NASDAQ screener
GLU,Gabelli Global Utility Common Shares of Beneficial Ownership,Finance,Finance/Investors Services,116423609.0,2004.0,United States,NASDAQ screener
GLUE,Monte Rosa Therapeutics Inc. Common Stock,Health Care,Biotechnology: Biological Products (No Diagnostic Substances),1638055915.0,2021.0,United States,NASDAQ screener
GLV,Clough Global Dividend and Income Fund Common Shares of beneficial interest,Finance,Finance/Investors Services,80578756.0,2004.0,United States,NASDAQ screener
GME,GameStop Corporation Common Stock,Consumer Discretionary,Electronics Distribution,9727625801.0,2002.0,United States,NASDAQ screener
GMRS,GMR Solutions Inc. Class A Common Stock,Consumer Discretionary,Transportation Services,2793775851.0,2026.0,,"Finnhub IPO,NASDAQ screener"
GMTL,Guardian Metal Resources PLC ADS,Basic Materials,Metal Mining,633630063.0,2026.0,,"Finnhub IPO,NASDAQ screener"
GNE,Genie Energy Ltd. Class B Common Stock Stock,Utilities,Power Generation,373084295.0,2011.0,United States,NASDAQ screener
GNK,Genco Shipping & Trading Limited Ordinary Shares New (Marshall Islands),Consumer Discretionary,Marine Transportation,1049771159.0,,United States,NASDAQ screener
GNL,Global Net Lease Inc. Common Stock,Real Estate,Real Estate Investment Trusts,2011229470.0,2015.0,United States,NASDAQ screener
GNLX,Genelux Corporation Common Stock,Health Care,Biotechnology: Pharmaceutical Preparations,137660077.0,2023.0,United States,NASDAQ screener
GNS,Genius Group Limited Ordinary Shares,Consumer Discretionary,Services-Misc. Amusement & Recreation,52563113.0,2022.0,Singapore,NASDAQ screener
GNSS,Genasys Inc. Common Stock,Consumer Staples,Consumer Electronics/Appliances,97004479.0,,United States,NASDAQ screener
GNT,GAMCO Natural Resources Gold & Income Trust,Finance,Finance/Investors Services,150020565.0,2011.0,United States,NASDAQ screener
GNTX,Gentex Corporation Common Stock,Consumer Discretionary,Auto Parts:O.E.M.,5144628164.0,,United States,NASDAQ screener
GNW,Genworth Financial Inc Common Stock,Finance,Life Insurance,3301539787.0,2004.0,United States,NASDAQ screener
GO,Grocery Outlet Holding Corp. Common Stock,Consumer Staples,Food Chains,852713433.0,2019.0,United States,NASDAQ screener
GOAI,Eva Live Inc. Common Stock,Technology,Computer Software: Programming Data Processing,123854969.0,,United States,NASDAQ screener
GOGO,Gogo Inc. Common Stock,Consumer Discretionary,Telecommunications Equipment,646440140.0,2013.0,United States,NASDAQ screener
GOLD,Gold.com Inc. Common Stock,Industrials,Other Specialty Stores,1242257338.0,,United States,NASDAQ screener
GOLF,Acushnet Holdings Corp. Common Stock,Consumer Discretionary,Recreational Games/Products/Toys,5213067339.0,2016.0,United States,NASDAQ screener
GOOD,Gladstone Commercial Corporation Real Estate Investment Trust,Real Estate,Real Estate,616221021.0,2003.0,United States,NASDAQ screener
GOODN,Gladstone Commercial Corporation 6.625% Series E Cumulative Redeemable Preferred Stock,Real Estate,Real Estate,1090604712.0,,United States,NASDAQ screener
GOODO,Gladstone Commercial Corporation 6.00% Series G Cumulative Redeemable Preferred Stock par value $0.001 per share,Real Estate,Real Estate,971528350.0,,United States,NASDAQ screener
GOOS,Canada Goose Holdings Inc. Subordinate Voting Shares,Consumer Discretionary,Apparel,969481571.0,2017.0,,NASDAQ screener
GORO,Gold Resource Corporation Common Stock,Basic Materials,Precious Metals,218541927.0,,United States,NASDAQ screener
GOTU,Gaotu Techedu Inc. American Depositary Shares,Real Estate,Other Consumer Services,431579734.0,2019.0,China,NASDAQ screener
GPACU,General Purpose Acquisition Corp.,,,200000000.0,,,Finnhub IPO
GPATU,GP-Act III Acquisition Corp.,,,250000000.0,,,Finnhub IPO
GPCR,Structure Therapeutics Inc. American Depositary Shares,Health Care,Biotechnology: Pharmaceutical Preparations,2855063308.0,2023.0,United States,NASDAQ screener
GPGI,GPGI Inc. Class A Common Stock,Finance,Finance: Consumer Services,3475433786.0,,United States,NASDAQ screener
GPI,Group 1 Automotive Inc. Common Stock,Consumer Discretionary,Retail-Auto Dealers and Gas Stations,3884046123.0,1997.0,United States,NASDAQ screener
GPJA,Georgia Power Company Series 2017A 5.00% Junior Subordinated Notes due October 1 2077,Utilities,Electric Utilities: Central,206022068.0,2017.0,United States,NASDAQ screener
GPK,Graphic Packaging Holding Company,Consumer Discretionary,Containers/Packaging,3408622698.0,,United States,NASDAQ screener
GPMT,Granite Point Mortgage Trust Inc. Common Stock,Real Estate,Real Estate Investment Trusts,71879438.0,2017.0,United States,NASDAQ screener
GPOR,Gulfport Energy Corporation Common Shares,Energy,Oil & Gas Production,3076222843.0,2021.0,United States,NASDAQ screener
GPRE,Green Plains Inc. Common Stock,Industrials,Major Chemicals,1107177051.0,,United States,NASDAQ screener
GPRK,Geopark Ltd Common Shares,Energy,Oil & Gas Production,508798828.0,2014.0,Bermuda,NASDAQ screener
GPRO,GoPro Inc. Class A Common Stock,Consumer Discretionary,Industrial Machinery/Components,208599236.0,2014.0,United States,NASDAQ screener
GPUS,Hyperscale Data Inc. Common Stock,Technology,Industrial Machinery/Components,85461903.0,1997.0,United States,NASDAQ screener
GRABW,Grab Holdings Limited Warrant,Consumer Discretionary,Business Services,164019271.0,,Singapore,NASDAQ screener
GRAFU,Graf Global Corp.,,,200000000.0,,,Finnhub IPO
GRAL,GRAIL Inc. Common Stock,Health Care,Medical Specialities,3172394555.0,,United States,NASDAQ screener
GRAY,"Grayscale Investments, Inc.",,,100000000.0,,,Finnhub IPO
GRBK,Green Brick Partners Inc. Common Stock,Consumer Discretionary,Homebuilding,2919708971.0,2021.0,United States,NASDAQ screener
GRC,Gorman-Rupp Company (The) Common Stock,Industrials,Fluid Controls,1976806689.0,1971.0,United States,NASDAQ screener
GRDN,Guardian Pharmacy Services Inc. Class A Common Stock,Consumer Staples,Retail-Drug Stores and Proprietary Stores,2453674568.0,2024.0,United States,"Finnhub IPO,NASDAQ screener"
GREEL,Greenidge Generation Holdings Inc. 8.50% Senior Notes due 2026,Finance,Finance: Consumer Services,335411124.0,,United States,NASDAQ screener
GRFS,Grifols S.A. American Depositary Shares,Health Care,Biotechnology: Pharmaceutical Preparations,5486688166.0,,Spain,NASDAQ screener
GRND,Grindr Inc. Common Stock,Technology,Computer Software: Programming Data Processing,2292665103.0,2021.0,Singapore,NASDAQ screener
GRNT,Granite Ridge Resources Inc. Common Stock,Energy,Oil & Gas Production,651566191.0,2022.0,United States,NASDAQ screener
GRO,Brazil Potash Corp. Common Shares,Industrials,Mining & Quarrying of Nonmetallic Minerals (No Fuels),152011389.0,2024.0,,"Finnhub IPO,NASDAQ screener"
GROV,Grove Collaborative Holdings Inc. Class A Common Stock,Consumer Discretionary,Catalog/Specialty Distribution,50853971.0,2021.0,,NASDAQ screener
GROY,Gold Royalty Corp. Common Shares,Basic Materials,Precious Metals,814215539.0,2021.0,Canada,NASDAQ screener
GRPN,Groupon Inc. Common Stock,Consumer Discretionary,Advertising,805260376.0,2011.0,United States,NASDAQ screener
GRRR,Gorilla Technology Group Inc. Ordinary shares,Technology,Computer Software: Prepackaged Software,490579459.0,,Taiwan,NASDAQ screener
GRVY,GRAVITY Co. Ltd. American Depository Shares,Consumer Discretionary,Business Services,438823035.0,2005.0,South Korea,NASDAQ screener
GRWG,GrowGeneration Corp. Common Stock,Consumer Discretionary,RETAIL: Building Materials,106961811.0,,United States,NASDAQ screener
GRX,The Gabelli Healthcare & Wellness Trust Common Shares of Beneficial Interest,Finance,Finance/Investors Services,155293078.0,,United States,NASDAQ screener
GSBC,Great Southern Bancorp Inc. Common Stock,Finance,Major Banks,777121102.0,1989.0,United States,NASDAQ screener
GSBD,Goldman Sachs BDC Inc. Common Stock,Finance,Investment Managers,1001864696.0,2015.0,United States,NASDAQ screener
GSHD,Goosehead Insurance Inc. Class A Common Stock,Finance,Specialty Insurers,1254401282.0,2018.0,United States,NASDAQ screener
GSHRU,Gesher Acquisition Corp. II,,,125000000.0,,,Finnhub IPO
GSIT,GSI Technology Common Stock,Technology,Semiconductors,385021200.0,2007.0,United States,NASDAQ screener
GSL,Global Ship Lease Inc New Class A Common Shares,Consumer Discretionary,Marine Transportation,1309579176.0,,United Kingdom,NASDAQ screener
GSM,Ferroglobe PLC Ordinary Shares,Basic Materials,Metal Mining,835266511.0,,United Kingdom,NASDAQ screener
GSRFU,GSR IV Acquisition Corp.,,,200000000.0,2025.0,United States,"Finnhub IPO,NASDAQ screener"
GSRTU,GSR III Acquisition Corp.,,,200000000.0,,,Finnhub IPO
GSRVU,GSR V Acquisition Corp.,,,200000000.0,2026.0,United States,"Finnhub IPO,NASDAQ screener"
GT,The Goodyear Tire & Rubber Company Common Stock,Consumer Discretionary,Automotive Aftermarket,1782119512.0,,United States,NASDAQ screener
GTE,Gran Tierra Energy Inc. Common Stock,Energy,Oil & Gas Production,283802143.0,,Canada,NASDAQ screener
GTENU,"Gores Holdings X, Inc. / CI",,,312000000.0,2025.0,United States,"Finnhub IPO,NASDAQ screener"
GTERU,Globa Terra Acquisition Corp,,,152170000.0,,,Finnhub IPO
GTES,Gates Industrial Corporation plc Ordinary Shares,Industrials,Industrial Machinery/Components,6471918165.0,2018.0,United Kingdom,NASDAQ screener
GTLB,GitLab Inc. Class A Common Stock,Technology,Computer Software: Prepackaged Software,4744683211.0,2021.0,United States,NASDAQ screener
GTLS,Chart Industries Inc. Common Stock,Industrials,Metal Fabrications,9954853045.0,2006.0,United States,NASDAQ screener
GTM,ZoomInfo Technologies Inc Common Stock,Technology,Computer Software: Prepackaged Software,946044889.0,2020.0,United States,NASDAQ screener
GTN,Gray Media Inc. Common Stock,Industrials,Broadcasting,428419357.0,,United States,NASDAQ screener
GTX,Garrett Motion Inc. Common Stock,Consumer Discretionary,Auto Parts:O.E.M.,6233377150.0,,Switzerland,NASDAQ screener
GTY,Getty Realty Corporation Common Stock,Finance,Real Estate,1983923189.0,,United States,NASDAQ screener
GUACU,Berto Acquisition Corp. II,,,274000000.0,2026.0,United States,"Finnhub IPO,NASDAQ screener"
GUT,Gabelli Utility Trust (The) Common Stock,Finance,Trusts Except Educational Religious and Charitable,457275951.0,,United States,NASDAQ screener
GUTS,Fractyl Health Inc. Common Stock,Health Care,Medical/Dental Instruments,133423778.0,2024.0,United States,"Finnhub IPO,NASDAQ screener"
GVA,Granite Construction Incorporated Common Stock,Industrials,Military/Government/Technical,6006859240.0,,United States,NASDAQ screener
GWRS,Global Water Resources Inc. Common Stock,Utilities,Water Supply,212850892.0,2016.0,United States,NASDAQ screener
GXO,GXO Logistics Inc. Common Stock,Consumer Discretionary,Transportation Services,5839866378.0,2021.0,United States,NASDAQ screener
GYRE,Gyre Therapeutics Inc. Common Stock,Health Care,Biotechnology: Pharmaceutical Preparations,556942568.0,2006.0,United States,NASDAQ screener
HACQU,HCM IV Acquisition Corp.,,,250000000.0,2026.0,United States,"Finnhub IPO,NASDAQ screener"
HAE,Haemonetics Corporation Common Stock,Health Care,Medical/Dental Instruments,3046698700.0,1991.0,United States,NASDAQ screener
HAFC,Hanmi Financial Corporation Common Stock,Finance,Major Banks,898053344.0,,United States,NASDAQ screener
HAFN,Hafnia Limited Common Shares,Consumer Discretionary,Transportation Services,3888298553.0,2024.0,,NASDAQ screener
HAIN,Hain Celestial Group Inc. (The) Common Stock,Consumer Staples,Packaged Foods,67978923.0,,United States,NASDAQ screener
HALO,Halozyme Therapeutics Inc. Common Stock,Health Care,Biotechnology: Biological Products (No Diagnostic Substances),8087034340.0,,United States,NASDAQ screener
HASI,HA Sustainable Infrastructure Capital Inc. Common Stock,Finance,Finance/Investors Services,5306841767.0,2013.0,United States,NASDAQ screener
HAVAU,Harvard Ave Acquisition Corp,,,145000000.0,,,Finnhub IPO
HAWK,HawkEye 360 Inc. Common Stock,Technology,EDP Services,2975744326.0,2026.0,,"Finnhub IPO,NASDAQ screener"
HAYW,Hayward Holdings Inc. Common Stock,Industrials,Industrial Machinery/Components,3061347817.0,2021.0,United States,NASDAQ screener
HBB,Hamilton Beach Brands Holding Company Class A Common Stock,Consumer Discretionary,Home Furnishings,274030118.0,2017.0,United States,NASDAQ screener
HBCP,Home Bancorp Inc. Common Stock,Finance,Banks,506712389.0,2008.0,United States,NASDAQ screener
HBNB,Hotel101 Global Holdings Corp. Class A Ordinary Shares,Consumer Discretionary,Hotels/Resorts,1383810095.0,,Singapore,NASDAQ screener
HBNC,Horizon Bancorp Inc. Common Stock,Finance,Major Banks,948574039.0,,United States,NASDAQ screener
HBT,HBT Financial Inc. Common Stock,Finance,Major Banks,1041226452.0,2019.0,United States,NASDAQ screener
HCACU,Hall Chadwick Acquisition Corp,Consumer Discretionary,Auto Parts:O.E.M.,180000000.0,2025.0,Cayman Islands,"Finnhub IPO,NASDAQ screener"
HCAT,Health Catalyst Inc Common Stock,Technology,Computer Software: Programming Data Processing,103451628.0,2019.0,United States,NASDAQ screener
HCAXU,Hall Chadwick Acquisition Corp II,,,300000000.0,,,Finnhub IPO
HCC,Warrior Met Coal Inc. Common Stock,Energy,Coal Mining,5522029395.0,2017.0,United States,NASDAQ screener
HCHL,Happy City Holdings Limited Class A Ordinary shares,Consumer Discretionary,Restaurants,69931680.0,2025.0,Hong Kong,"Finnhub IPO,NASDAQ screener"
HCI,HCI Group Inc. Common Stock,Finance,Property-Casualty Insurers,1972673428.0,,United States,NASDAQ screener
HCICU,Hennessy Capital Investment Corp. VIII,,,210000000.0,2026.0,United States,"Finnhub IPO,NASDAQ screener"
HCKT,Hackett Group Inc (The). Common Stock,Consumer Discretionary,Professional Services,286397645.0,,United States,NASDAQ screener
HCM,HUTCHMED (China) Limited American Depositary Shares,Health Care,Biotechnology: Pharmaceutical Preparations,1959247835.0,2016.0,Hong Kong,NASDAQ screener
HCMA,HCM III Acquisition Corp. Class A Ordinary Share,Consumer Discretionary,Hotels/Resorts,812009644.0,2025.0,United States,NASDAQ screener
HCMAU,HCM III ACQUISITION CORP.,,,220000000.0,,,Finnhub IPO
HCSG,Healthcare Services Group Inc. Common Stock,Health Care,Hospital/Nursing Management,1423015245.0,1983.0,United States,NASDAQ screener
HCXY,Hercules Capital Inc. 6.25% Notes due 2033,Finance,Investment Managers,4546978994.0,2018.0,United States,NASDAQ screener
HDL,SUPER HI INTERNATIONAL HOLDING LTD. American Depositary Shares,Consumer Discretionary,Restaurants,871407163.0,2024.0,Singapore,"Finnhub IPO,NASDAQ screener"
HDRN,Hadron Energy Inc. Common Stock,Utilities,Electric Utilities: Central,100333332.0,2024.0,United States,NASDAQ screener
HDSN,Hudson Technologies Inc. Common Stock,Consumer Discretionary,Industrial Specialties,225909392.0,,United States,NASDAQ screener
HE,Hawaiian Electric Industries Inc. Common Stock,Utilities,Electric Utilities: Central,2328854568.0,,United States,NASDAQ screener
HELE,Helen of Troy Limited Common Stock,Consumer Discretionary,Home Furnishings,630748960.0,,Bermuda,NASDAQ screener
HELP,Cybin Inc. Common Stock,Health Care,Biotechnology: Pharmaceutical Preparations,224660720.0,,Canada,NASDAQ screener
HEPS,D-Market Electronic Services & Trading American Depositary Shares,Consumer Discretionary,Catalog/Specialty Distribution,1003802812.0,2021.0,Turkey,NASDAQ screener
HERE,Here Group Limited American Depositary Shares,Real Estate,Other Consumer Services,113119999.0,2023.0,China,NASDAQ screener
HESM,Hess Midstream LP Class A Representing Limited Partner Interests,Energy,Oil & Gas Production,4920972778.0,2017.0,United States,NASDAQ screener
HFBL,Home Federal Bancorp Inc. of Louisiana Common Stock,Finance,Savings Institutions,59978380.0,2010.0,United States,NASDAQ screener
HFFG,HF Foods Group Inc. Common Stock,Consumer Discretionary,Food Distributors,108555097.0,2017.0,United States,NASDAQ screener
HFWA,Heritage Financial Corporation Common Stock,Finance,Banks,1126922457.0,,United States,NASDAQ screener
HG,Hamilton Insurance Group Ltd. Class B Common Shares,Finance,Property-Casualty Insurers,2990483130.0,2023.0,Bermuda,"Finnhub IPO,NASDAQ screener"
HGTY,Hagerty Inc. Class A Common Stock,Finance,Specialty Insurers,3491914268.0,2021.0,United States,NASDAQ screener
HGV,Hilton Grand Vacations Inc. Common Stock,Consumer Discretionary,Hotels/Resorts,4146125911.0,2016.0,United States,NASDAQ screener
HHH,Howard Hughes Holdings Inc. Common Stock,Real Estate,Real Estate Investment Trusts,3838631040.0,,United States,NASDAQ screener
HIFS,Hingham Institution for Savings Common Stock,Finance,Banks,610935300.0,,United States,NASDAQ screener
HIMS,Hims & Hers Health Inc. Class A Common Stock,Health Care,Medical/Nursing Services,5874396299.0,2019.0,United States,NASDAQ screener
HIMX,Himax Technologies Inc. American Depositary Shares,Technology,Semiconductors,3631547529.0,2006.0,Taiwan,NASDAQ screener
HIPO,Hippo Holdings Inc. Common Stock,Finance,Property-Casualty Insurers,671466299.0,2021.0,United States,NASDAQ screener
HIT,Health In Tech Inc. Class A Common Stock,Finance,Specialty Insurers,64067412.0,2024.0,United States,"Finnhub IPO,NASDAQ screener"
HITI,High Tide Inc. Common Shares,Consumer Discretionary,Other Specialty Stores,219744693.0,,Canada,NASDAQ screener
HIVE,HIVE Digital Technologies Ltd. Common Shares,Finance,Finance: Consumer Services,1176795175.0,,Canada,NASDAQ screener
HIW,Highwoods Properties Inc. Common Stock,Real Estate,Real Estate Investment Trusts,2874809211.0,1994.0,United States,NASDAQ screener
HKD,AMTD Digital Inc. American Depositary Shares (every five of which represent two Class A Ordinary Shares),Finance,Finance: Consumer Services,227095148.0,2022.0,,NASDAQ screener
HLF,Herbalife Ltd. Common Shares,Health Care,Other Pharmaceuticals,1300014477.0,2004.0,Cayman Islands,NASDAQ screener
HLIO,Helios Technologies Inc. Common Stock,Industrials,Metal Fabrications,2744169568.0,2021.0,United States,NASDAQ screener
HLIT,Harmonic Inc. Common Stock,Technology,Radio And Television Broadcasting And Communications Equipment,1844439412.0,1995.0,United States,NASDAQ screener
HLLY,Holley Inc. Common Stock,Consumer Discretionary,Auto Parts:O.E.M.,352244434.0,2020.0,United States,NASDAQ screener
HLMN,Hillman Solutions Corp. Common Stock,Consumer Discretionary,Industrial Machinery/Components,1475496237.0,2020.0,United States,NASDAQ screener
HLNE,Hamilton Lane Incorporated Class A Common Stock,Finance,Investment Managers,4784238076.0,2017.0,United States,NASDAQ screener
HLX,Helix Energy Solutions Group Inc. Common Stock,Energy,Oilfield Services/Equipment,1377218460.0,,United States,NASDAQ screener
HLXB,Helix Acquisition Corp. II,,,160000000.0,,,Finnhub IPO
HLXC,Helix Acquisition Corp. III,,,150000000.0,2026.0,United States,"Finnhub IPO,NASDAQ screener"
HMH,HMH Holding Inc. Class A Common Stock,Consumer Discretionary,Oil and Gas Field Machinery,922730831.0,2026.0,United States,"Finnhub IPO,NASDAQ screener"
HMN,Horace Mann Educators Corporation Common Stock,Finance,Property-Casualty Insurers,1871667322.0,1991.0,United States,NASDAQ screener
HMR,Heidmar Maritime Holdings Corp. Common Stock,Consumer Discretionary,Marine Transportation,67250877.0,,Greece,NASDAQ screener
HNGE,Hinge Health Inc. Class A Common Stock,Technology,EDP Services,4252038089.0,2025.0,United States,"Finnhub IPO,NASDAQ screener"
HNI,HNI Corporation Common Stock,Consumer Discretionary,Office Equipment/Supplies/Services,2286494758.0,,United States,NASDAQ screener
HNNA,Hennessy Advisors Inc. Common Stock,Finance,Investment Managers,79814179.0,,United States,NASDAQ screener
HNNAZ,Hennessy Advisors Inc. 4.875% Notes due 2026,Finance,Investment Managers,194689000.0,,United States,NASDAQ screener
HNRG,Hallador Energy Company Common Stock,Energy,Coal Mining,932239154.0,,United States,NASDAQ screener
HNST,The Honest Company Inc. Common Stock,Consumer Discretionary,Catalog/Specialty Distribution,408391662.0,2021.0,United States,NASDAQ screener
HNVR,Hanover Bancorp Inc. Common Stock,Finance,Major Banks,169684432.0,2022.0,United States,NASDAQ screener
HOFT,Hooker Furnishings Corporation Common Stock,Consumer Discretionary,Home Furnishings,140028680.0,,United States,NASDAQ screener
HOG,Harley-Davidson Inc. Common Stock,Consumer Discretionary,Motor Vehicles,2538018761.0,,United States,NASDAQ screener
HOLO,MicroCloud Hologram Inc. Ordinary Shares,Technology,Computer Software: Programming Data Processing,52011057.0,2021.0,United States,NASDAQ screener
HOMB,Home BancShares Inc. Common Stock,Finance,Major Banks,5413992810.0,2006.0,United States,NASDAQ screener
HONDU,HCM II Acquisition Corp.,,,200000000.0,,,Finnhub IPO
HOPE,Hope Bancorp Inc. Common Stock,Finance,Major Banks,1600542815.0,,United States,NASDAQ screener
HOUR,Hour Loop Inc. Common Stock,Consumer Discretionary,Catalog/Specialty Distribution,65104997.0,2022.0,United States,NASDAQ screener
HOV,Hovnanian Enterprises Inc. Class A Common Stock,Consumer Discretionary,Homebuilding,661514812.0,1983.0,United States,NASDAQ screener
HOVNP,Hovnanian Enterprises Inc Dep Shr Srs A Pfd,Consumer Discretionary,Homebuilding,123395671.0,,United States,NASDAQ screener
HOVR,New Horizon Aircraft Ltd. Class A Ordinary Share,Industrials,Aerospace,160111492.0,2023.0,United States,NASDAQ screener
HP,Helmerich & Payne Inc. Common Stock,Energy,Oil & Gas Production,3804371343.0,,United States,NASDAQ screener
HPK,HighPeak Energy Inc. Common Stock,Energy,Oil & Gas Production,884506728.0,,United States,NASDAQ screener
HPP,Hudson Pacific Properties Inc. Common Stock,Finance,Real Estate,654158809.0,2010.0,United States,NASDAQ screener
HQ,Horizon Quantum Holdings Ltd. Class A Ordinary Shares,Technology,EDP Services,674641993.0,,Singapore,NASDAQ screener
HQH,abrdn Healthcare Investors Shares of Beneficial Interest,Finance,Finance Companies,930304216.0,1987.0,United States,NASDAQ screener
HQI,HireQuest Inc. Common Stock (DE),Consumer Discretionary,Professional Services,181395000.0,,United States,NASDAQ screener
HQL,abrdn Life Sciences Investors Shares of Beneficial Interest,Finance,Investment Managers,453759168.0,1992.0,United States,NASDAQ screener
HQWWW,Horizon Quantum Holdings Ltd. Warrant,Technology,EDP Services,176402376.0,,Singapore,NASDAQ screener
HQY,HealthEquity Inc. Common Stock,Consumer Discretionary,Business Services,7588332968.0,2014.0,United States,NASDAQ screener
HR,Healthcare Realty Trust Incorporated Common Stock,Real Estate,Real Estate Investment Trusts,6968548934.0,,United States,NASDAQ screener
HRB,H&R Block Inc. Common Stock,Consumer Discretionary,Other Consumer Services,4854915928.0,,United States,NASDAQ screener
HRI,Herc Holdings Inc. Common Stock,Industrials,Misc Corporate Leasing Services,4580858736.0,2016.0,United States,NASDAQ screener
HRMY,Harmony Biosciences Holdings Inc. Common Stock,Health Care,Biotechnology: Pharmaceutical Preparations,1823040367.0,2020.0,United States,NASDAQ screener
HROW,Harrow Inc. Common Stock,Health Care,Biotechnology: Pharmaceutical Preparations,1319166037.0,,United States,NASDAQ screener
HRTG,Heritage Insurance Holdings Inc. Common Stock,Finance,Property-Casualty Insurers,667698350.0,2014.0,United States,NASDAQ screener
HRTX,Heron Therapeutics Inc. Common Stock,Health Care,Biotechnology: Pharmaceutical Preparations,168818269.0,,United States,NASDAQ screener
HRZN,Horizon Technology Finance Corporation Common Stock,Finance,Finance: Consumer Services,286014055.0,2010.0,United States,NASDAQ screener
HSACU,Hainan Sirius Acquisition Corp.,,,69000000.0,,,Finnhub IPO
HSAI,Hesai Group American Depositary Share each ADS represents one Class B ordinary share,Industrials,Industrial Machinery/Components,3111592376.0,2023.0,China,NASDAQ screener
HSDT,Solana Company Class A Common Stock (DE),Health Care,Biotechnology: Electromedical & Electrotherapeutic Apparatus,119108817.0,,United States,NASDAQ screener
HSHP,Himalaya Shipping Ltd. Common Shares,Consumer Discretionary,Marine Transportation,683952500.0,2023.0,,NASDAQ screener
HSIC,Henry Schein Inc. Common Stock,Health Care,Medical Specialities,8694126894.0,1995.0,United States,NASDAQ screener
HSLV,Highlander Silver Corp. Common Shares,,,1124931502.0,,,NASDAQ screener
HSPTU,Horizon Space Acquisition II Corp.,,,60000000.0,2024.0,United States,"Finnhub IPO,NASDAQ screener"
HSTM,HealthStream Inc. Common Stock,Technology,Computer Software: Programming Data Processing,719570080.0,2000.0,United States,NASDAQ screener
HTB,HomeTrust Bancshares Inc. Common Stock,Finance,Savings Institutions,789011183.0,,United States,NASDAQ screener
HTFC,Horizon Technology Finance Corporation 6.25% Notes due 2027,Finance,Finance: Consumer Services,1054708374.0,2022.0,United States,NASDAQ screener
HTFL,Heartflow Inc. Common Stock,Health Care,Medical/Dental Instruments,2736421472.0,2025.0,United States,"Finnhub IPO,NASDAQ screener"
HTGC,Hercules Capital Inc. Common Stock,Finance,Investment Managers,2885368658.0,2012.0,United States,NASDAQ screener
HTH,Hilltop Holdings Inc.,Finance,Major Banks,2203661917.0,,United States,NASDAQ screener
HTLD,Heartland Express Inc. Common Stock,Industrials,Trucking Freight/Courier Services,1166994822.0,1986.0,United States,NASDAQ screener
HTLM,HomesToLife Ltd Ordinary Shares,Consumer Discretionary,Other Specialty Stores,163231250.0,2024.0,Singapore,"Finnhub IPO,NASDAQ screener"
HTO,H2O America Common Stock,Utilities,Water Supply,2395772543.0,,United States,NASDAQ screener
HTT,High Templar Tech Limited American depositary shares each representing one Class A ordinary share,Finance,Finance: Consumer Services,465850512.0,2017.0,China,NASDAQ screener
HTZ,Hertz Global Holdings Inc Common Stock,Consumer Discretionary,Rental/Leasing Companies,1733547231.0,,United States,NASDAQ screener
HTZWW,Hertz Global Holdings Inc Warrant,Consumer Discretionary,Rental/Leasing Companies,839933631.0,,United States,NASDAQ screener
HUBG,Hub Group Inc. Class A Common Stock,Industrials,Integrated Freight & Logistics,2603916456.0,1996.0,United States,NASDAQ screener
HUHU,HUHUTECH International Group Inc. Ordinary Shares,Telecommunications,Metal Fabrications,233522741.0,2024.0,China,"Finnhub IPO,NASDAQ screener"
HUMA,Humacyte Inc. Common Stock,Health Care,Biotechnology: Biological Products (No Diagnostic Substances),284184458.0,2020.0,United States,NASDAQ screener
HUN,Huntsman Corporation Common Stock,Industrials,Major Chemicals,2712650763.0,2005.0,United States,NASDAQ screener
HURA,TuHURA Biosciences Inc. Common Stock,Health Care,Biotechnology: Pharmaceutical Preparations,149653941.0,,United States,NASDAQ screener
HURC,Hurco Companies Inc. Common Stock,Industrials,Industrial Machinery/Components,109074002.0,,United States,NASDAQ screener
HURN,Huron Consulting Group Inc. Common Stock,Consumer Discretionary,Professional Services,1733855112.0,2004.0,United States,NASDAQ screener
HUYA,HUYA Inc. American depositary shares each  representing one Class A ordinary share,Technology,Computer Software: Programming Data Processing,574480571.0,2018.0,United States,NASDAQ screener
HVIIU,Hennessy Capital Investment Corp. VII,,,175000000.0,,,Finnhub IPO
HVMCU,Highview Merger Corp.,,,200000000.0,,,Finnhub IPO
HVT,Haverty Furniture Companies Inc. Common Stock,Consumer Discretionary,Other Specialty Stores,383391308.0,,United States,NASDAQ screener
HWBK,Hawthorn Bancshares Inc. Common Stock,Finance,Major Banks,254552952.0,,United States,NASDAQ screener
HWC,Hancock Whitney Corporation Common Stock,Finance,Major Banks,5512249187.0,,United States,NASDAQ screener
HWCPZ,Hancock Whitney Corporation 6.25% Subordinated Notes due 2060,Finance,Major Banks,1896816408.0,,United States,NASDAQ screener
HWKN,Hawkins Inc. Common Stock,Consumer Discretionary,Specialty Chemicals,3340577614.0,,United States,NASDAQ screener
HXL,Hexcel Corporation Common Stock,Industrials,Major Chemicals,6869907919.0,,United States,NASDAQ screener
HY,Hyster-Yale Inc. Class A common stock,Industrials,Construction/Ag Equipment/Trucks,650347243.0,,United States,NASDAQ screener
HYACU,Haymaker Acquisition Corp. 4,,,200000000.0,,,Finnhub IPO
HYFT,MindWalk Holdings Corp. Common Stock,Health Care,Biotechnology: Pharmaceutical Preparations,83614240.0,,Canada,NASDAQ screener
HYHL,"Houyi Digital Internet Industry Technology Co., Ltd.",,,100000000.0,,,Finnhub IPO
HYLN,Hyliion Holdings Corp. Class A Common Stock,Consumer Discretionary,Construction/Ag Equipment/Trucks,1282172856.0,2019.0,United States,NASDAQ screener
HYMC,Hycroft Mining Holding Corporation Class A Common Stock,Basic Materials,Precious Metals,3030431135.0,2018.0,United States,NASDAQ screener
HYNE,Hoyne Bancorp Inc. Common Stock,Finance,Banks,129227130.0,2025.0,United States,"Finnhub IPO,NASDAQ screener"
HYPD,Hyperion DeFi Inc. Common Stock,Health Care,Biotechnology: Pharmaceutical Preparations,52142650.0,2018.0,United States,NASDAQ screener
HYPR,Hyperfine Inc. Class A Common Stock,Health Care,Biotechnology: Electromedical & Electrotherapeutic Apparatus,158832538.0,2021.0,United States,NASDAQ screener
HZO,MarineMax Inc.  (FL) Common Stock,Consumer Discretionary,Auto & Home Supply Stores,774509895.0,1998.0,United States,NASDAQ screener
IAC,IAC Inc. Common Stock,Technology,Computer Software: Programming Data Processing,3342639627.0,,United States,NASDAQ screener
IACOU,Idea Acquisition Corp.,Finance,Blank Checks,350000000.0,2026.0,United States,"Finnhub IPO,NASDAQ screener"
IACQU,Irenic Acquisition Corp.,Finance,Blank Checks,220000000.0,2026.0,United States,"Finnhub IPO,NASDAQ screener"
IART,Integra LifeSciences Holdings Corporation Common Stock,Health Care,Medical/Dental Instruments,1280537023.0,,United States,NASDAQ screener
IAUX,i-80 Gold Corp. Common Shares,Basic Materials,Precious Metals,1379281834.0,2022.0,Canada,NASDAQ screener
IBACU,IB Acquisition Corp.,,,100000000.0,,,Finnhub IPO
IBCP,Independent Bank Corporation Common Stock,Finance,Major Banks,703494200.0,,United States,NASDAQ screener
IBEX,IBEX Limited Common Shares,Technology,EDP Services,426577236.0,2020.0,Bermuda,NASDAQ screener
IBIO,iBio Inc. Common Stock,Health Care,Biotechnology: Pharmaceutical Preparations,95879623.0,,United States,NASDAQ screener
IBO,Impact BioMedical Inc. Common Stock,Health Care,Biotechnology: Pharmaceutical Preparations,55430895.0,2024.0,,"Finnhub IPO,NASDAQ screener"
IBOC,International Bancshares Corporation Common Stock,Finance,Major Banks,4502543878.0,,United States,NASDAQ screener
IBP,Installed Building Products Inc. Common Stock,Consumer Discretionary,Homebuilding,5652160958.0,2014.0,United States,NASDAQ screener
IBRX,ImmunityBio Inc. Common Stock,Health Care,Biotechnology: Biological Products (No Diagnostic Substances),8085572702.0,2015.0,United States,NASDAQ screener
IBTA,Ibotta Inc. Class A Common Stock,Consumer Discretionary,Advertising,804848428.0,2024.0,United States,"Finnhub IPO,NASDAQ screener"
ICCC,ImmuCell Corporation Common Stock,Health Care,Biotechnology: In Vitro & In Vivo Diagnostic Substances,89563310.0,1987.0,United States,NASDAQ screener
ICFI,ICF International Inc. Common Stock,Consumer Discretionary,Professional Services,1253895507.0,2006.0,United States,NASDAQ screener
ICG,Intchains Group Limited American Depositary Shares,Technology,Semiconductors,118367244.0,2023.0,China,NASDAQ screener
ICHR,Ichor Holdings Ordinary Shares,Technology,Semiconductors,2445923768.0,2016.0,United States,NASDAQ screener
ICL,ICL Group Ltd. Ordinary Shares,Industrials,Agricultural Chemicals,8712040921.0,2014.0,Israel,NASDAQ screener
ICUI,ICU Medical Inc. Common Stock,Health Care,Medical/Dental Instruments,3470859149.0,1992.0,United States,NASDAQ screener
IDA,IDACORP Inc. Common Stock,Utilities,Electric Utilities: Central,7789843759.0,,United States,NASDAQ screener
IDACU,Iron Dome Acquisition I Corp.,,,150000000.0,2026.0,United States,"Finnhub IPO,NASDAQ screener"
IDCC,InterDigital Inc. Common Stock,Miscellaneous,Multi-Sector Companies,6480641022.0,,United States,NASDAQ screener
IDIAU,Innovative Digital Investors Acquisition Corp.,,,230000000.0,,,Finnhub IPO
IDN,Intellicheck Inc. Common Stock,Technology,Computer Software: Prepackaged Software,87080250.0,1999.0,United States,NASDAQ screener
IDR,Idaho Strategic Resources Inc. Common Stock,Basic Materials,Precious Metals,610734853.0,2022.0,United States,NASDAQ screener
IDT,IDT Corporation Class B Common Stock,Telecommunications,Telecommunications Equipment,1355370232.0,,United States,NASDAQ screener
IDYA,IDEAYA Biosciences Inc. Common Stock,Health Care,Biotechnology: Pharmaceutical Preparations,2577839393.0,2019.0,United States,NASDAQ screener
IE,Ivanhoe Electric Inc. Common Stock,Basic Materials,Metal Mining,2171760656.0,2022.0,Canada,NASDAQ screener
IEAGU,Infinite Eagle Acquisition Corp.,,,300000000.0,,,Finnhub IPO
IEP,Icahn Enterprises L.P. Common Stock,Consumer Discretionary,Auto Parts:O.E.M.,5020217631.0,,United States,NASDAQ screener
IFRX,InflaRx N.V. Common Stock,Health Care,Biotechnology: Pharmaceutical Preparations,172057004.0,2017.0,Germany,NASDAQ screener
IFS,Intercorp Financial Services Inc. Common Shares,Finance,Commercial Banks,5648856206.0,2019.0,,NASDAQ screener
IGACU,Invest Green Acquisition Corp,Finance,Blank Checks,150000000.0,2025.0,United States,"Finnhub IPO,NASDAQ screener"
IGIC,International General Insurance Holdings Ltd. Ordinary Share,Finance,Property-Casualty Insurers,1051347981.0,2018.0,Jordan,NASDAQ screener
IH,iHuman Inc. American depositary shares each representing five Class A ordinary shares,Real Estate,Other Consumer Services,81836803.0,2020.0,United States,NASDAQ screener
IHRT,iHeartMedia Inc. Class A Common Stock,Consumer Discretionary,Broadcasting,733089125.0,,United States,NASDAQ screener
IHS,IHS Holding Limited Ordinary Shares,Telecommunications,Telecommunications Equipment,2794891779.0,2021.0,Cayman Islands,NASDAQ screener
III,Information Services Group Inc. Common Stock,Consumer Discretionary,Professional Services,216711911.0,,United States,NASDAQ screener
IIIN,Insteel Industries Inc. Common Stock,Industrials,Steel/Iron Ore,535968952.0,,United States,NASDAQ screener
IIIV,i3 Verticals Inc. Class A Common Stock,Technology,Computer Software: Prepackaged Software,560026856.0,2018.0,United States,NASDAQ screener
IIM,Invesco Value Municipal Income Trust Common Stock,Finance,Investment Managers,582707275.0,,United States,NASDAQ screener
IIPR,Innovative Industrial Properties Inc. Common Stock,Finance,Real Estate,1668919260.0,2016.0,United States,NASDAQ screener
IKT,Inhibikase Therapeutics Inc. Common Stock,Health Care,Biotechnology: Biological Products (No Diagnostic Substances),233697766.0,2020.0,United States,NASDAQ screener
ILLR,Triller Group Inc. Common Stock,Finance,Investment Managers,55517349.0,2019.0,United States,NASDAQ screener
ILLUU,Illumination Acquisition Corp. I,Finance,Blank Checks,200000000.0,2026.0,United States,"Finnhub IPO,NASDAQ screener"
ILPT,Industrial Logistics Properties Trust Common Shares of Beneficial Interest,Real Estate,Real Estate Investment Trusts,593322692.0,2018.0,United States,NASDAQ screener
IMA,ImageneBio Inc. Common Stock,Health Care,Biotechnology: Biological Products (No Diagnostic Substances),66828845.0,2021.0,United States,NASDAQ screener
IMAX,Imax Corporation Common Stock,Consumer Discretionary,Industrial Machinery/Components,2151968554.0,,Canada,NASDAQ screener
IMCR,Immunocore Holdings plc American Depositary Shares,Health Care,Biotechnology: Biological Products (No Diagnostic Substances),1393119384.0,2021.0,United Kingdom,NASDAQ screener
IMDX,Insight Molecular Diagnostics Inc. Common Stock,Health Care,Biotechnology: In Vitro & In Vivo Diagnostic Substances,210854791.0,,United States,NASDAQ screener
IMKTA,Ingles Markets Incorporated Class A Common Stock,Consumer Staples,Food Chains,1695438002.0,1987.0,United States,NASDAQ screener
IMMP,Immutep Limited American Depositary Shares,Health Care,Biotechnology: Pharmaceutical Preparations,65441578.0,,Australia,NASDAQ screener
IMMR,Immersion Corporation Common Stock,Technology,Computer peripheral equipment,212835906.0,1999.0,United States,NASDAQ screener
IMMX,Immix Biopharma Inc. Common Stock,Health Care,Biotechnology: Pharmaceutical Preparations,616949045.0,2021.0,United States,NASDAQ screener
IMNM,Immunome Inc. Common Stock,Health Care,Biotechnology: Pharmaceutical Preparations,2552663881.0,2020.0,United States,NASDAQ screener
IMOS,ChipMOS TECHNOLOGIES INC. American Depositary Shares,Technology,Semiconductors,2344593460.0,,Taiwan,NASDAQ screener
IMPP,Imperial Petroleum Inc. Common Shares,Consumer Discretionary,Marine Transportation,241440934.0,,Greece,NASDAQ screener
IMPPP,Imperial Petroleum Inc. 8.75% Series A Cumulative Redeemable Perpetual Preferred Shares,Consumer Discretionary,Marine Transportation,1167416650.0,,Greece,NASDAQ screener
IMRX,Immuneering Corporation Class A Common Stock,Health Care,Biotechnology: Pharmaceutical Preparations,327368854.0,2021.0,United States,NASDAQ screener
IMSR,Terrestrial Energy Inc. Common Stock,,,864431673.0,2024.0,United States,NASDAQ screener
IMTX,Immatics N.V. Ordinary Shares,Health Care,Biotechnology: Biological Products (No Diagnostic Substances),1535405795.0,,Germany,NASDAQ screener
IMUX,Immunic Inc. Common Stock,Health Care,Biotechnology: Pharmaceutical Preparations,203914244.0,2014.0,United States,NASDAQ screener
IMVT,Immunovant Inc. Common Stock,Health Care,Biotechnology: Biological Products (No Diagnostic Substances),6877848720.0,2019.0,United States,NASDAQ screener
IMXI,International Money Express Inc. Common Stock,Consumer Discretionary,Business Services,450213600.0,2017.0,United States,NASDAQ screener
INACU,Indigo Acquisition Corp.,,,100000000.0,2025.0,United States,"Finnhub IPO,NASDAQ screener"
INBK,First Internet Bancorp Common Stock,Finance,Major Banks,210507387.0,,United States,NASDAQ screener
INBKZ,First Internet Bancorp 6.0% Fixed-to-Floating Rate Subordinated Notes Due 2029,Finance,Major Banks,217827350.0,,United States,NASDAQ screener
INBX,Inhibrx Biosciences Inc. Common Stock,Health Care,Biotechnology: Biological Products (No Diagnostic Substances),1525509920.0,,United States,NASDAQ screener
INCR,Intercure Ltd. Ordinary Shares,Health Care,Biotechnology: Pharmaceutical Preparations,58509028.0,,Israel,NASDAQ screener
INDB,Independent Bank Corp. Common Stock,Finance,Major Banks,3822191130.0,,United States,NASDAQ screener
INDI,indie Semiconductor Inc. Class A Common Stock,Technology,Semiconductors,1211665961.0,,United States,NASDAQ screener
INDP,Indaptus Therapeutics Inc. Common Stock,Health Care,Biotechnology: Pharmaceutical Preparations,163068947.0,,United States,NASDAQ screener
INDV,Indivior Pharmaceuticals Inc. Common Stock,Health Care,Biotechnology: Pharmaceutical Preparations,4567823110.0,,United Kingdom,NASDAQ screener
INFQ,Infleqtion Inc. Common Stock,Technology,EDP Services,3877358753.0,2026.0,,NASDAQ screener
INFU,InfuSystems Holdings Inc. Common Stock,Health Care,Medical/Dental Instruments,182846229.0,,United States,NASDAQ screener
INGM,Ingram Micro Holding Corporation Common Stock,Technology,Retail: Computer Software & Peripheral Equipment,6270671675.0,2024.0,United States,"Finnhub IPO,NASDAQ screener"
INGN,Inogen Inc Common Stock,Health Care,Industrial Specialties,177067335.0,2014.0,United States,NASDAQ screener
INGR,Ingredion Incorporated Common Stock,Consumer Staples,Packaged Foods,6508325686.0,,United States,NASDAQ screener
INKT,MiNK Therapeutics Inc. Common Stock,Health Care,Biotechnology: Biological Products (No Diagnostic Substances),60779168.0,2021.0,United States,NASDAQ screener
INLF,INLIF LIMITED Class A Ordinary Shares,Industrials,Industrial Machinery/Components,53982438.0,2025.0,China,"Finnhub IPO,NASDAQ screener"
INMD,InMode Ltd. Ordinary Shares,Health Care,Biotechnology: Electromedical & Electrotherapeutic Apparatus,890190438.0,2019.0,Israel,NASDAQ screener
INN,Summit Hotel Properties Inc. Common Stock,Real Estate,Real Estate Investment Trusts,631768405.0,2011.0,United States,NASDAQ screener
INNV,InnovAge Holding Corp. Common Stock,Health Care,Medical/Nursing Services,1019380311.0,2021.0,United States,NASDAQ screener
INO,Inovio Pharmaceuticals Inc. Common Stock,Health Care,Medical/Dental Instruments,106955208.0,,United States,NASDAQ screener
INOD,Innodata Inc. Common Stock,Technology,EDP Services,3244309817.0,1993.0,United States,NASDAQ screener
INR,Infinity Natural Resources Inc. Class A Common Stock,Energy,Oil & Gas Production,876104032.0,2025.0,United States,"Finnhub IPO,NASDAQ screener"
INSE,Inspired Entertainment Inc. Common Stock,Technology,Computer Software: Prepackaged Software,203266205.0,2014.0,United States,NASDAQ screener
INSG,Inseego Corp. Common Stock,Telecommunications,Telecommunications Equipment,214038697.0,,United States,NASDAQ screener
INSP,Inspire Medical Systems Inc. Common Stock,Health Care,Medical/Dental Instruments,1240982500.0,2018.0,United States,NASDAQ screener
INSW,International Seaways Inc. Common Stock,Consumer Discretionary,Marine Transportation,3802455700.0,2016.0,United States,NASDAQ screener
INTA,Intapp Inc. Common Stock,Technology,Computer Software: Prepackaged Software,1587468857.0,2021.0,United States,NASDAQ screener
INTG,Intergroup Corporation (The) Common Stock,Real Estate,Building operators,88445102.0,,United States,NASDAQ screener
INTR,Inter & Co. Inc. Class A Common Shares,Finance,Commercial Banks,2797979343.0,,Brazil,NASDAQ screener
INTT,inTest Corporation Common Stock,Industrials,Electrical Products,213850462.0,1997.0,United States,NASDAQ screener
INV,Innventure Inc. Common Stock,Finance,Blank Checks,493342671.0,,United States,NASDAQ screener
INVA,Innoviva Inc. Common Stock,Health Care,Biotechnology: Pharmaceutical Preparations,1615673516.0,2004.0,United States,NASDAQ screener
INVE,Identiv Inc. Common Stock,Technology,Computer peripheral equipment,94824537.0,,United States,NASDAQ screener
INVX,Innovex International Inc. Common Stock,Consumer Discretionary,Oil and Gas Field Machinery,1853760865.0,,United States,NASDAQ screener
INVZ,Innoviz Technologies Ltd. Ordinary shares,Consumer Discretionary,Auto Parts:O.E.M.,157074151.0,,Israel,NASDAQ screener
IONR,ioneer Ltd American Depositary Shares,Industrials,Mining & Quarrying of Nonmetallic Minerals (No Fuels),294212023.0,,Australia,NASDAQ screener
IOR,Income Opportunity Realty Investors Inc. Common Stock,Real Estate,Real Estate Investment Trusts,72581277.0,1987.0,United States,NASDAQ screener
IOSP,Innospec Inc. Common Stock,Industrials,Major Chemicals,2026888858.0,,United States,NASDAQ screener
IOVA,Iovance Biotherapeutics Inc. Common Stock,Health Care,Biotechnology: Biological Products (No Diagnostic Substances),1919960303.0,,United States,NASDAQ screener
IPAR,Interparfums Inc. Common Stock,Consumer Discretionary,Package Goods/Cosmetics,3087285288.0,,United States,NASDAQ screener
IPCXU,Inflection Point Acquisition Corp. III,,,220000000.0,,,Finnhub IPO
IPFXU,Inflection Point Acquisition Corp. VI,Finance,Blank Checks,220000000.0,2026.0,United States,"Finnhub IPO,NASDAQ screener"
IPGP,IPG Photonics Corporation Common Stock,Technology,Semiconductors,4980758338.0,2006.0,United States,NASDAQ screener
IPHA,Innate Pharma S.A. ADS,Health Care,Biotechnology: Biological Products (No Diagnostic Substances),163194675.0,2019.0,France,NASDAQ screener
IPI,Intrepid Potash Inc Common Stock,Industrials,Mining & Quarrying of Nonmetallic Minerals (No Fuels),529664373.0,2008.0,United States,NASDAQ screener
IPODU,Dune Acquisition Corp II,,,125000000.0,,,Finnhub IPO
IPSC,Century Therapeutics Inc. Common Stock,Health Care,Biotechnology: Biological Products (No Diagnostic Substances),430146219.0,2021.0,United States,NASDAQ screener
IPVVU,"InterPrivate Investment Partners V, Inc.",,,201250000.0,,,Finnhub IPO
IPWR,Ideal Power Inc. Common Stock,Technology,Semiconductors,102552486.0,2013.0,United States,NASDAQ screener
IPX,IperionX Limited American Depositary Share,Basic Materials,Other Metals and Minerals,1341585229.0,,United States,NASDAQ screener
IQ,iQIYI Inc. American Depositary Shares,Consumer Discretionary,Consumer Electronics/Video Chains,1090477951.0,2018.0,China,NASDAQ screener
IQI,Invesco Quality Municipal Income Trust Common Stock,Finance,Finance Companies,524078428.0,,United States,NASDAQ screener
IRABU,Iris Acquisition Corp II,,,150000000.0,,,Finnhub IPO
IRD,Opus Genetics Inc. Common Stock,Health Care,Biotechnology: Pharmaceutical Preparations,341861264.0,,United States,NASDAQ screener
IRDM,Iridium Communications Inc Common Stock,Telecommunications,Telecommunications Equipment,5419604157.0,,United States,NASDAQ screener
IRHOU,Iron Horse Acquisition II Corp.,,,200000000.0,,,Finnhub IPO
IRMD,iRadimed Corporation Common Stock,Health Care,Medical/Dental Instruments,1178467997.0,2014.0,United States,NASDAQ screener
IROHU,Iron Horse Acquisitions Corp.,,,61000000.0,,,Finnhub IPO
IRON,Disc Medicine Inc. Common Stock,Health Care,Biotechnology: Pharmaceutical Preparations,2704495501.0,,United States,NASDAQ screener
IRRX,INTEGRATED RAIL & RESOURCES INC.,,,84050000.0,,,Finnhub IPO
IRS,IRSA Inversiones Y Representaciones S.A. Global Depositary Shares (Each representing ten shares of Common Stock),Real Estate,Homebuilding,1200790535.0,,Argentina,NASDAQ screener
IRT,Independence Realty Trust Inc. Common Stock,Real Estate,Real Estate Investment Trusts,3875149372.0,2013.0,United States,NASDAQ screener
IRTC,iRhythm Holdings Inc. Common Stock,Health Care,Medical/Dental Instruments,3799222989.0,2016.0,United States,NASDAQ screener
IRWD,Ironwood Pharmaceuticals Inc. Class A Common Stock,Health Care,Biotechnology: Pharmaceutical Preparations,592608262.0,2010.0,United States,NASDAQ screener
ISBA,Isabella Bank Corporation Common stock,Finance,Major Banks,301624897.0,,United States,NASDAQ screener
ISNRU,Snow Rothschild Acquisition Corp.,,,230000000.0,,,Finnhub IPO
ISOU,IsoEnergy Ltd. Common Shares,,,709358504.0,2025.0,,NASDAQ screener
ISPR,Ispire Technology Inc. Common Stock,Health Care,Medicinal Chemicals and Botanical Products,102744919.0,2023.0,United States,NASDAQ screener
ISSC,Innovative Solutions and Support Inc. Common Stock,Technology,EDP Services,300956005.0,2000.0,United States,NASDAQ screener
ISTR,Investar Holding Corporation Common Stock,Finance,Major Banks,390082584.0,2014.0,United States,NASDAQ screener
ITGR,Integer Holdings Corporation Common Stock,Health Care,Biotechnology: Electromedical & Electrotherapeutic Apparatus,3057633252.0,,United States,NASDAQ screener
ITHAU,ITHAX Acquisition Corp III,,,200000000.0,,,Finnhub IPO
ITIC,Investors Title Company Common Stock,Finance,Specialty Insurers,450230406.0,,United States,NASDAQ screener
ITRG,Integra Resources Corp. Common Shares,Basic Materials,Precious Metals,544056968.0,,,NASDAQ screener
ITRI,Itron Inc. Common Stock,Industrials,Electrical Products,3706326016.0,1993.0,United States,NASDAQ screener
ITRN,Ituran Location and Control Ltd. Ordinary Shares,Technology,Electronic Components,1290695470.0,2005.0,Israel,NASDAQ screener
IVA,Inventiva S.A. American Depository Shares,Health Care,Biotechnology: Pharmaceutical Preparations,1086310094.0,2020.0,France,NASDAQ screener
IVR,INVESCO MORTGAGE CAPITAL INC Common Stock,Real Estate,Real Estate Investment Trusts,730519127.0,2009.0,United States,NASDAQ screener
IVT,InvenTrust Properties Corp. Common Stock,Real Estate,Real Estate Investment Trusts,2588249811.0,2021.0,United States,NASDAQ screener
IVVD,Invivyd Inc. Common Stock,Health Care,Biotechnology: Biological Products (No Diagnostic Substances),332906421.0,2021.0,United States,NASDAQ screener
IZEA,IZEA Worldwide Inc. Common Stock,Consumer Discretionary,Advertising,64974532.0,,United States,NASDAQ screener
JABU,JAB Acquisition Corp I,,,172500000.0,,,Finnhub IPO
JACK,Jack In The Box Inc. Common Stock,Consumer Discretionary,Restaurants,220491001.0,,United States,NASDAQ screener
JACSU,Jackson Acquisition Co II,,,200000000.0,,,Finnhub IPO
JAKK,JAKKS Pacific Inc. Common Stock,Consumer Discretionary,Recreational Games/Products/Toys,261848124.0,1996.0,United States,NASDAQ screener
JAN,Janus Living Inc. Class A-1 Common Stock,Real Estate,Real Estate Investment Trusts,7246896971.0,2026.0,,"Finnhub IPO,NASDAQ screener"
JANX,Janux Therapeutics Inc. Common Stock,Health Care,Biotechnology: Pharmaceutical Preparations,898909378.0,2021.0,United States,NASDAQ screener
JATT,JATT II Acquisition Corp.,,,60000000.0,2026.0,United States,"Finnhub IPO,NASDAQ screener"
JBGS,JBG SMITH Properties Common Shares,Real Estate,Real Estate Investment Trusts,1101325581.0,2017.0,United States,NASDAQ screener
JBI,Janus International Group Inc. Common Stock,Industrials,Building Products,735155354.0,2021.0,United States,NASDAQ screener
JBIO,Jade Biosciences Inc. Common Stock,Health Care,Biotechnology: Pharmaceutical Preparations,1028659795.0,2021.0,United States,NASDAQ screener
JBLU,JetBlue Airways Corporation Common Stock,Consumer Discretionary,Air Freight/Delivery Services,2001461650.0,2002.0,United States,NASDAQ screener
JBSS,John B. Sanfilippo & Son Inc. Common Stock,Consumer Staples,Specialty Foods,886303577.0,1991.0,United States,NASDAQ screener
JBTM,JBT Marel Corporation Common Stock,Industrials,Industrial Machinery/Components,7027592586.0,,United States,NASDAQ screener
JCAP,Jefferson Capital Inc. Common Stock,Finance,Finance Companies,950426709.0,2025.0,United States,"Finnhub IPO,NASDAQ screener"
JDZG,JIADE LIMITED Class A Ordinary Shares,Real Estate,Other Consumer Services,78584000.0,2024.0,China,"Finnhub IPO,NASDAQ screener"
JELD,JELD-WEN Holding Inc. Common Stock,Basic Materials,Forest Products,181779287.0,2017.0,United States,NASDAQ screener
JENAU,JENA ACQUISITION Corp II,,,200000000.0,,,Finnhub IPO
JFB,JFB Construction Holdings Class A Common Stock,Consumer Discretionary,General Bldg Contractors - Nonresidential Bldgs,94436496.0,2025.0,United States,"Finnhub IPO,NASDAQ screener"
JFIN,Jiayin Group Inc. American Depositary Shares,Finance,Finance: Consumer Services,221877275.0,2019.0,China,NASDAQ screener
JHG,Janus Henderson Group plc Ordinary Shares,Finance,Investment Managers,7976494226.0,2017.0,United Kingdom,NASDAQ screener
JHI,John Hancock Investors Trust Common Stock,Finance,Trusts Except Educational Religious and Charitable,116739702.0,,United States,NASDAQ screener
JHS,John Hancock Income Securities Trust Common Stock,Finance,Finance Companies,129696371.0,,United States,NASDAQ screener
JILL,J. Jill Inc. Common Stock,Consumer Discretionary,Apparel,197656809.0,2017.0,United States,NASDAQ screener
JJSF,J & J Snack Foods Corp. Common Stock,Consumer Staples,Specialty Foods,1448138784.0,1986.0,United States,NASDAQ screener
JKHY,Jack Henry & Associates Inc. Common Stock,Technology,EDP Services,9678537252.0,1985.0,United States,NASDAQ screener
JKS,JinkoSolar Holding Company Limited American Depositary Shares (each representing 4 Common Shares),Technology,Semiconductors,1190898075.0,2010.0,China,NASDAQ screener
JLHL,Julong Holding Limited Class A Ordinary Shares,Consumer Discretionary,Military/Government/Technical,493318536.0,2025.0,China,"Finnhub IPO,NASDAQ screener"
JMIA,Jumia Technologies AG American Depositary Shares each representing two Ordinary Shares,Consumer Discretionary,Catalog/Specialty Distribution,916509262.0,2019.0,,NASDAQ screener
JMSB,John Marshall Bancorp Inc. Common Stock,Finance,Major Banks,299461372.0,,United States,NASDAQ screener
JOE,St. Joe Company (The) Common Stock,Real Estate,Homebuilding,3686853888.0,,United States,NASDAQ screener
JONEU,Jones Ventures INTL Acquisition1 Corp,,,230000000.0,,,Finnhub IPO
JOUT,Johnson Outdoors Inc. Class A Common Stock,Consumer Discretionary,Recreational Games/Products/Toys,476598486.0,,United States,NASDAQ screener
JOYY,JOYY Inc. American Depositary Shares,Technology,EDP Services,3410030933.0,2012.0,Singapore,NASDAQ screener
JRVR,James River Group Holdings Inc. Common Stock,Finance,Property-Casualty Insurers,182173213.0,2014.0,Bermuda,NASDAQ screener
JSM,Navient Corporation 6% Senior Notes due December 15 2043,Finance,Investment Bankers/Brokers/Service,1824559547.0,,United States,NASDAQ screener
JVSAU,JVSPAC Acquisition Corp.,,,50000000.0,,,Finnhub IPO
JXG,JX Luxventure Group Inc. Common Stock,Consumer Staples,Apparel,92016862.0,2013.0,China,NASDAQ screener
JXN,Jackson Financial Inc. Class A Common Stock,Finance,Life Insurance,7166103936.0,2021.0,United States,NASDAQ screener
JYNT,The Joint Corp. Common Stock,Miscellaneous,Multi-Sector Companies,130579427.0,2014.0,United States,NASDAQ screener
KAI,Kadant Inc Common Stock,Industrials,Industrial Machinery/Components,3811653449.0,1992.0,United States,NASDAQ screener
KALU,Kaiser Aluminum Corporation Common Stock,Industrials,Metal Fabrications,3006017880.0,,United States,NASDAQ screener
KALV,KalVista Pharmaceuticals Inc. Common Stock,Health Care,Biotechnology: Pharmaceutical Preparations,1425258572.0,2015.0,United Kingdom,NASDAQ screener
KARD,"Kardigan, Inc.",,,100000000.0,,,Finnhub IPO
KARO,Karooooo Ltd. Ordinary Shares,Technology,Computer Software: Prepackaged Software,1471756812.0,2021.0,Singapore,NASDAQ screener
KBDC,Kayne Anderson BDC Inc. Common Stock,,,979989530.0,2024.0,,NASDAQ screener
KBH,KB Home Common Stock,Consumer Discretionary,Homebuilding,3079161291.0,1986.0,United States,NASDAQ screener
KBONU,Karbon Capital Partners Corp.,Finance,Blank Checks,300000000.0,2025.0,United States,"Finnhub IPO,NASDAQ screener"
KBR,KBR Inc. Common Stock,Industrials,Military/Government/Technical,4366646119.0,2006.0,United States,NASDAQ screener
KBSX,FST Corp. Ordinary Shares,Consumer Discretionary,Recreational Games/Products/Toys,58647941.0,,Taiwan,NASDAQ screener
KC,Kingsoft Cloud Holdings Limited American Depositary Shares,Technology,Computer Software: Prepackaged Software,3778045160.0,2020.0,China,NASDAQ screener
KCACU,Kensington Capital Acquisition Corp. VI,,,200000000.0,,,Finnhub IPO
KCHVU,Kochav Defense Acquisition Corp.,,,220000000.0,,,Finnhub IPO
KD,Kyndryl Holdings Inc. Common Stock,Technology,EDP Services,2655767922.0,2021.0,United States,NASDAQ screener
KDK,Kodiak AI Inc. Common Stock,Technology,EDP Services,1307176451.0,,United States,NASDAQ screener
KDKRW,Kodiak AI Inc. Warrants,Technology,EDP Services,218781994.0,,United States,NASDAQ screener
KE,Kimball Electronics Inc. Common Stock,Technology,Electrical Products,637056023.0,,United States,NASDAQ screener
KEEL,Keel Infrastructure Corp. Common Stock,Finance,Finance: Consumer Services,3388023390.0,,Canada,NASDAQ screener
KELYA,Kelly Services Inc. Class A Common Stock,Consumer Discretionary,Professional Services,404242755.0,,United States,NASDAQ screener
KELYB,Kelly Services Inc. Class B Common Stock,Consumer Discretionary,Professional Services,727012914.0,,United States,NASDAQ screener
KEN,Kenon Holdings Ltd. Ordinary Shares,Utilities,Electric Utilities: Central,4784593013.0,2015.0,Singapore,NASDAQ screener
KEQU,Kewaunee Scientific Corporation Common Stock,Industrials,Medical Specialities,117292433.0,,United States,NASDAQ screener
KEX,Kirby Corporation Common Stock,Consumer Discretionary,Marine Transportation,7514610000.0,,United States,NASDAQ screener
KEYYU,Keystone Acquisition Corp.,,,287500000.0,,,Finnhub IPO
KFIIU,K&F GROWTH ACQUISITION CORP. II,Finance,Blank Checks,250000000.0,2025.0,United States,"Finnhub IPO,NASDAQ screener"
KFRC,Kforce Inc. Common Stock,Consumer Discretionary,Professional Services,797090400.0,1995.0,United States,NASDAQ screener
KFY,Korn Ferry Common Stock,Consumer Discretionary,Diversified Commercial Services,3630020607.0,1999.0,United States,NASDAQ screener
KG,Kestrel Group Ltd.,Finance,Property-Casualty Insurers,93262438.0,2008.0,Bermuda,NASDAQ screener
KGEI,Kolibri Global Energy Inc. Common stock,Energy,Oil & Gas Production,185392392.0,,United States,NASDAQ screener
KGF,"Kilcoy Global Foods, Ltd.",,,100000000.0,,,Finnhub IPO
KGS,Kodiak Gas Services Inc. Common Stock,Utilities,Natural Gas Distribution,6109972418.0,2023.0,United States,"Finnhub IPO,NASDAQ screener"
KIDS,OrthoPediatrics Corp. Common Stock,Health Care,Medical/Dental Instruments,457449743.0,2017.0,United States,NASDAQ screener
KINS,Kingstone Companies Inc. Common Stock,Finance,Property-Casualty Insurers,222342309.0,,United States,NASDAQ screener
KLC,"KinderCare Learning Companies, Inc.",Consumer Discretionary,Other Consumer Services,576000000.0,2024.0,United States,"Finnhub IPO,NASDAQ screener"
KLIC,Kulicke and Soffa Industries Inc. Common Stock,Technology,Semiconductors,5481868866.0,,Singapore,NASDAQ screener
KLK,Klook Technology Ltd,,,100000000.0,,,Finnhub IPO
KLRA,Kailera Therapeutics Inc. Common Stock,Health Care,Biotechnology: Pharmaceutical Preparations,2972235048.0,2026.0,United States,"Finnhub IPO,NASDAQ screener"
KLRS,Kalaris Therapeutics Inc. Common Stock,Health Care,Biotechnology: Biological Products (No Diagnostic Substances),123244000.0,2020.0,United States,NASDAQ screener
KLTR,Kaltura Inc. Common Stock,Technology,Computer Software: Prepackaged Software,228569608.0,2021.0,United States,NASDAQ screener
KLXE,KLX Energy Services Holdings Inc. Common Stock,Energy,Oilfield Services/Equipment,55155572.0,,United States,NASDAQ screener
KMDA,Kamada Ltd. Ordinary Shares,Health Care,Biotechnology: Pharmaceutical Preparations,453412400.0,2013.0,Israel,NASDAQ screener
KMPB,Kemper Corporation 5.875% Fixed-Rate Reset Junior Subordinated Debentures due 2062,Finance,Property-Casualty Insurers,1418280249.0,2022.0,United States,NASDAQ screener
KMPR,Kemper Corporation,Finance,Property-Casualty Insurers,1497760462.0,,United States,NASDAQ screener
KMT,Kennametal Inc. Common Stock,Industrials,Industrial Machinery/Components,2565232067.0,,United States,NASDAQ screener
KMTS,Kestra Medical Technologies Ltd. Common Stock,Health Care,Medical/Dental Instruments,1240433751.0,2025.0,United States,"Finnhub IPO,NASDAQ screener"
KMX,CarMax Inc,Consumer Discretionary,Retail-Auto Dealers and Gas Stations,6229809446.0,,United States,NASDAQ screener
KN,Knowles Corporation Common Stock,Consumer Staples,Consumer Electronics/Appliances,3248738260.0,2014.0,United States,NASDAQ screener
KNDI,Kandi Technologies Group Inc. Ordinary Shares,Industrials,Auto Manufacturing,83485334.0,,China,NASDAQ screener
KNF,Knife Riv Holding Co. Common Stock,Industrials,Mining & Quarrying of Nonmetallic Minerals (No Fuels),4469366081.0,2023.0,United States,NASDAQ screener
KNOP,KNOT Offshore Partners LP Common Units representing Limited Partner Interests,Consumer Discretionary,Marine Transportation,376659227.0,2013.0,United Kingdom,NASDAQ screener
KNSA,Kiniksa Pharmaceuticals International plc Class A Ordinary Shares,Health Care,Biotechnology: Pharmaceutical Preparations,3911528733.0,2018.0,United States,NASDAQ screener
KNSL,Kinsale Capital Group Inc. Common Stock,Finance,Property-Casualty Insurers,7102886996.0,,United States,NASDAQ screener
KNTK,Kinetik Holdings Inc. Class A Common Stock,Utilities,Natural Gas Distribution,7572467508.0,2022.0,United States,NASDAQ screener
KOD,Kodiak Sciences Inc Common Stock,Health Care,Biotechnology: Biological Products (No Diagnostic Substances),2260333289.0,2018.0,United States,NASDAQ screener
KODK,Eastman Kodak Company Common New,Consumer Discretionary,Industrial Machinery/Components,982832000.0,,United States,NASDAQ screener
KOF,Coca Cola Femsa S.A.B. de C.V.  American Depositary Shares each representing 10 Units (each Unit consists of 3 Series B Shares and 5 Series L Shares),Consumer Staples,Beverages (Production/Distribution),5635482591.0,1993.0,Mexico,NASDAQ screener
KOP,Koppers Holdings Inc. Common Stock,Basic Materials,Forest Products,794082096.0,2006.0,United States,NASDAQ screener
KOPN,Kopin Corporation Common Stock,Technology,Semiconductors,1106667876.0,1992.0,United States,NASDAQ screener
KORE,KORE Group Holdings Inc. Common Stock,Telecommunications,Telecommunications Equipment,161632351.0,,United States,NASDAQ screener
KOS,Kosmos Energy Ltd. Common Shares (DE),Energy,Oil & Gas Production,1625338611.0,2011.0,Bermuda,NASDAQ screener
KOYNU,"CSLM Digital Asset Acquisition Corp III, Ltd",,,200000000.0,2025.0,United States,"Finnhub IPO,NASDAQ screener"
KPETU,KPET Ultra Paceline Corp,,,200000000.0,,,Finnhub IPO
KPTI,Karyopharm Therapeutics Inc. Common Stock,Health Care,Biotechnology: Pharmaceutical Preparations,206459411.0,2013.0,United States,NASDAQ screener
KRAQU,KRAKacquisition Corp,,,300000000.0,2026.0,United States,"Finnhub IPO,NASDAQ screener"
KRC,Kilroy Realty Corporation Common Stock,Real Estate,Real Estate Investment Trusts,3995339809.0,1997.0,United States,NASDAQ screener
KREF,KKR Real Estate Finance Trust Inc. Common Stock,Real Estate,Real Estate Investment Trusts,430169790.0,2017.0,United States,NASDAQ screener
KRG,Kite Realty Group Trust Common Stock,Real Estate,Real Estate Investment Trusts,5582299487.0,2004.0,United States,NASDAQ screener
KRKR,36Kr Holdings Inc. American Depositary Shares,Consumer Discretionary,Business Services,138561473.0,2019.0,China,NASDAQ screener
KRMD,KORU Medical Systems Inc. Common Stock (DE),Health Care,Medical/Dental Instruments,191999940.0,,United States,NASDAQ screener
KRMN,Karman Holdings Inc. Common Stock,Industrials,Military/Government/Technical,8728182052.0,2025.0,United States,"Finnhub IPO,NASDAQ screener"
KRNT,Kornit Digital Ltd. Ordinary Shares,Industrials,Industrial Machinery/Components,734033156.0,2015.0,Israel,NASDAQ screener
KRNY,Kearny Financial Corp Common Stock,Finance,Savings Institutions,531508430.0,2005.0,United States,NASDAQ screener
KRO,Kronos Worldwide Inc Common Stock,Basic Materials,Major Chemicals,860597308.0,,United States,NASDAQ screener
KROS,Keros Therapeutics Inc. Common Stock,Health Care,Biotechnology: Pharmaceutical Preparations,225429023.0,2020.0,United States,NASDAQ screener
KRP,Kimbell Royalty Partners Common Units Representing Limited Partner Interests,Energy,Oil & Gas Production,1574586760.0,2017.0,United States,NASDAQ screener
KRRO,Korro Bio Inc. Common Stock,Health Care,Biotechnology: Pharmaceutical Preparations,193262451.0,2019.0,United States,NASDAQ screener
KRSPU,Rice Acquisition Corp 3,,,300000000.0,,,Finnhub IPO
KRT,Karat Packaging Inc. Common Stock,Industrials,Plastic Products,546008043.0,2021.0,United States,NASDAQ screener
KRUS,Kura Sushi USA Inc. Class A Common Stock,Consumer Discretionary,Restaurants,695709202.0,2019.0,United States,NASDAQ screener
KRYS,Krystal Biotech Inc. Common Stock,Health Care,Biotechnology: Biological Products (No Diagnostic Substances),9147568287.0,2017.0,United States,NASDAQ screener
KSS,Kohl's Corporation Common Stock,Consumer Discretionary,Department/Specialty Retail Stores,1750026624.0,1992.0,United States,NASDAQ screener
KT,KT Corporation Common Stock,Telecommunications,Telecommunications Equipment,8529943329.0,,South Korea,NASDAQ screener
KTB,Kontoor Brands Inc. Common Stock,Industrials,Garments and Clothing,4076336476.0,2019.0,United States,NASDAQ screener
KTF,DWS Municipal Income Trust,Finance,Finance Companies,359853545.0,1988.0,United States,NASDAQ screener
KTWO,K2 Capital Acquisition Corporation Class A Ordinary Share,,,200010777.0,2026.0,Cayman Islands,NASDAQ screener
KTWOU,K2 Capital Acquisition Corp,,,120000000.0,2026.0,Cayman Islands,"Finnhub IPO,NASDAQ screener"
KULR,KULR Technology Group Inc. Common Stock,Technology,Electrical Products,224809822.0,,United States,NASDAQ screener
KURA,Kura Oncology Inc. Common Stock,Health Care,Biotechnology: Pharmaceutical Preparations,885080419.0,,United States,NASDAQ screener
KVACU,Keen Vision Acquisition Corp.,,,130000000.0,,,Finnhub IPO
KVHI,KVH Industries Inc. Common Stock,Technology,Radio And Television Broadcasting And Communications Equipment,202776610.0,1996.0,United States,NASDAQ screener
KVYO,Klaviyo Inc. Series A Common Stock,Technology,Computer Software: Prepackaged Software,4411384444.0,2023.0,United States,"Finnhub IPO,NASDAQ screener"
KW,Kennedy-Wilson Holdings Inc. Common Stock,Finance,Real Estate,1536515123.0,,United States,NASDAQ screener
KWR,Quaker Houghton Common Stock,Industrials,Major Chemicals,2551825281.0,,United States,NASDAQ screener
KWY,Kingsway Corporation Common Stock,Finance,Property-Casualty Insurers,288308773.0,,Canada,NASDAQ screener
KYIV,Kyivstar Group Ltd. Common Shares,Telecommunications,Telecommunications Equipment,3312893004.0,,United Arab Emirates,NASDAQ screener
KYIVW,Kyivstar Group Ltd. Warrant,Telecommunications,Telecommunications Equipment,1262824023.0,,United Arab Emirates,NASDAQ screener
KYMR,Kymera Therapeutics Inc. Common Stock,Health Care,Biotechnology: Biological Products (No Diagnostic Substances),6700703118.0,2020.0,United States,NASDAQ screener
KYN,Kayne Anderson Energy Infrastructure Fund Inc.,Finance,Finance/Investors Services,1885421691.0,2004.0,United States,NASDAQ screener
KYTX,Kyverna Therapeutics Inc. Common Stock,Health Care,Biotechnology: Biological Products (No Diagnostic Substances),525878584.0,2024.0,United States,"Finnhub IPO,NASDAQ screener"
KZIA,Kazia Therapeutics Limited American Depositary Shares,Health Care,Biotechnology: Pharmaceutical Preparations,144778810.0,,Australia,NASDAQ screener
LAB,Standard BioTools Inc. Common Stock,Industrials,Biotechnology: Laboratory Analytical Instruments,445019656.0,2011.0,United States,NASDAQ screener
LAC,Lithium Americas Corp. Common Shares,Basic Materials,Metal Mining,1796430241.0,2023.0,Canada,NASDAQ screener
LAD,Lithia Motors Inc. Common Stock,Consumer Discretionary,Retail-Auto Dealers and Gas Stations,6741856508.0,,United States,NASDAQ screener
LADR,Ladder Capital Corp Class A Common Stock,Real Estate,Real Estate Investment Trusts,1303491138.0,2014.0,United States,NASDAQ screener
LAES,SEALSQ Corp Ordinary Shares,Technology,Semiconductors,828719276.0,,Switzerland,NASDAQ screener
LAFAU,LaFayette Acquisition Corp.,,,100000000.0,2025.0,France,"Finnhub IPO,NASDAQ screener"
LAKE,Lakeland Industries Inc. Common Stock,Health Care,Industrial Specialties,117204631.0,1986.0,United States,NASDAQ screener
LAND,Gladstone Land Corporation Common Stock,Real Estate,Real Estate Investment Trusts,413679735.0,2013.0,United States,NASDAQ screener
LANDO,Gladstone Land Corporation 6.00% Series B Cumulative Redeemable Preferred Stock,Real Estate,Real Estate Investment Trusts,898107764.0,,United States,NASDAQ screener
LANDP,Gladstone Land Corporation 6.00% Series C Cumulative Redeemable Preferred Stock,Real Estate,Real Estate Investment Trusts,877397895.0,,United States,NASDAQ screener
LANV,Lanvin Group Holdings Limited Ordinary Shares,Consumer Discretionary,Apparel,202209422.0,2022.0,Cayman Islands,NASDAQ screener
LAR,Lithium Argentina AG Common Shares,Basic Materials,Metal Mining,1695330000.0,2023.0,Canada,NASDAQ screener
LARK,Landmark Bancorp Inc. Common Stock,Finance,Major Banks,174412066.0,,United States,NASDAQ screener
LASR,nLIGHT Inc. Common Stock,Technology,Semiconductors,4464749317.0,2018.0,United States,NASDAQ screener
LATAU,Galata Acquisition Corp. II,,,150000000.0,2025.0,United States,"Finnhub IPO,NASDAQ screener"
LAUR,Laureate Education Inc. Common Stock,Real Estate,Other Consumer Services,4549294393.0,2017.0,United States,NASDAQ screener
LAW,CS Disco Inc. Common Stock,Technology,Computer Software: Prepackaged Software,253972248.0,2021.0,United States,NASDAQ screener
LAZ,Lazard Inc. Common Stock,Finance,Investment Managers,5464857387.0,2005.0,Bermuda,NASDAQ screener
LB,LandBridge Company LLC Class A Shares Representing Limited Liability Company Interests,Energy,Oil & Gas Production,5794759381.0,2024.0,,"Finnhub IPO,NASDAQ screener"
LBKXU,BoluoC Acquisition Corp,,,69000000.0,,,Finnhub IPO
LBRDA,Liberty Broadband Corporation Class A Common Stock,Telecommunications,Cable & Other Pay Television Services,4944931776.0,,United States,NASDAQ screener
LBRDK,Liberty Broadband Corporation Class C Common Stock,Telecommunications,Cable & Other Pay Television Services,4950671685.0,,United States,NASDAQ screener
LBRDP,Liberty Broadband Corporation Series A Cumulative Redeemable Preferred Stock,Telecommunications,Cable & Other Pay Television Services,3140261274.0,,United States,NASDAQ screener
LBRT,Liberty Energy Inc. Class A common stock,Energy,Oilfield Services/Equipment,4742342549.0,2018.0,United States,NASDAQ screener
LBRX,LB Pharmaceuticals Inc Common Stock,Health Care,Biotechnology: Pharmaceutical Preparations,789468230.0,2025.0,United States,"Finnhub IPO,NASDAQ screener"
LBTYA,Liberty Global Ltd. Class A Common Shares,Telecommunications,Cable & Other Pay Television Services,4128158253.0,,United Kingdom,NASDAQ screener
LBTYB,Liberty Global Ltd. Class B Common Shares,Telecommunications,Cable & Other Pay Television Services,4817875111.0,,United Kingdom,NASDAQ screener
LBTYK,Liberty Global Ltd. Class C Common Shares,Telecommunications,Cable & Other Pay Television Services,4013205443.0,,United Kingdom,NASDAQ screener
LBZZ,Lendbuzz Inc.,,,100000000.0,,,Finnhub IPO
LC,LendingClub Corporation Common Stock,Finance,Finance: Consumer Services,1964426253.0,2014.0,United States,NASDAQ screener
LCCCU,Lakeshore Acquisition III Corp.,Finance,Blank Checks,60000000.0,2025.0,United States,"Finnhub IPO,NASDAQ screener"
LCID,Lucid Group Inc. Common Stock,Industrials,Auto Manufacturing,2521058980.0,,United States,NASDAQ screener
LCII,LCI Industries,Consumer Discretionary,Auto Parts:O.E.M.,2740827898.0,1995.0,United States,NASDAQ screener
LCLN,Lincoln International Inc. Class A Common Stock,Finance,Investment Managers,2399657919.0,2026.0,,"Finnhub IPO,NASDAQ screener"
LCNB,LCNB Corporation Common Stock,Finance,Major Banks,240472598.0,,United States,NASDAQ screener
LCTX,Lineage Cell Therapeutics Inc. Common Stock,Health Care,Biotechnology: Biological Products (No Diagnostic Substances),331566732.0,,United States,NASDAQ screener
LCUT,Lifetime Brands Inc. Common Stock,Consumer Discretionary,Industrial Machinery/Components,196781619.0,1991.0,United States,NASDAQ screener
LDI,loanDepot Inc. Class A Common Stock,Finance,Finance: Consumer Services,442549308.0,2021.0,United States,NASDAQ screener
LE,Lands' End Inc. Common Stock,Consumer Discretionary,Clothing/Shoe/Accessory Stores,362943099.0,,United States,NASDAQ screener
LEA,Lear Corporation Common Stock,Consumer Discretionary,Auto Parts:O.E.M.,7360472896.0,,United States,NASDAQ screener
LEE,Lee Enterprises Incorporated Common Stock,Consumer Discretionary,Newspapers/Magazines,261424047.0,,United States,NASDAQ screener
LEG,Leggett & Platt Incorporated Common Stock,Consumer Discretionary,Home Furnishings,1416168893.0,,United States,NASDAQ screener
LEGH,Legacy Housing Corporation Common Stock (TX),Consumer Discretionary,Homebuilding,577417272.0,2018.0,United States,NASDAQ screener
LEGN,Legend Biotech Corporation American Depositary Shares,Health Care,Biotechnology: Pharmaceutical Preparations,5226846612.0,2020.0,United States,NASDAQ screener
LEGO,Legato Merger Corp. IV Ordinary Shares,Industrials,Steel/Iron Ore,300342727.0,2026.0,,NASDAQ screener
LEGOU,Legato Merger Corp. IV,,,200000000.0,,,Finnhub IPO
LEGTU,Legato Merger Corp. III,,,175000000.0,,,Finnhub IPO
LENZ,LENZ Therapeutics Inc. Common Stock,Health Care,Biotechnology: Biological Products (No Diagnostic Substances),250521608.0,2021.0,United States,NASDAQ screener
LEO,BNY Mellon Strategic Municipals Inc. Common Stock,Finance,Trusts Except Educational Religious and Charitable,399284374.0,1987.0,United States,NASDAQ screener
LEU,Centrus Energy Corp. Class A Common Stock,Industrials,Mining & Quarrying of Nonmetallic Minerals (No Fuels),3648516375.0,2014.0,United States,NASDAQ screener
LEVI,Levi Strauss & Co Class A Common Stock,Consumer Discretionary,Apparel,9122623074.0,2019.0,United States,NASDAQ screener
LFACU,Leapfrog Acquisition Corp,,,125000000.0,,,Finnhub IPO
LFCR,Lifecore Biomedical Inc. Common Stock,Health Care,Biotechnology: Pharmaceutical Preparations,186421753.0,,United States,NASDAQ screener
LFKG,Lianfeng Holding Acquisition,,,70000000.0,,,Finnhub IPO
LFMD,LifeMD Inc. Common Stock,Health Care,Medical/Nursing Services,221983921.0,,United States,NASDAQ screener
LFMDP,LifeMD Inc. 8.875% Series A Cumulative Perpetual Preferred Stock,Health Care,Medical/Nursing Services,1138937111.0,,United States,NASDAQ screener
LFS,LEIFRAS Co. Ltd. American Depositary Shares,Consumer Discretionary,Other Consumer Services,77435432.0,2025.0,Japan,"Finnhub IPO,NASDAQ screener"
LFST,LifeStance Health Group Inc. Common Stock,Health Care,Medical/Nursing Services,3028986914.0,2021.0,United States,NASDAQ screener
LFT,Lument Finance Trust Inc. Common Stock,Real Estate,Real Estate Investment Trusts,56110225.0,2013.0,United States,NASDAQ screener
LFTO,"Liftoff Mobile, Inc.",,,100000000.0,,,Finnhub IPO
LFVN,Lifevantage Corporation Common Stock (Delaware),Health Care,Biotechnology: Pharmaceutical Preparations,96763355.0,,United States,NASDAQ screener
LGCL,Lucas GC Limited Ordinary Shares,Technology,Computer Software: Programming Data Processing,78734343.0,2024.0,China,"Finnhub IPO,NASDAQ screener"
LGCY,Legacy Education Inc. Common Stock,Real Estate,Other Consumer Services,142461948.0,2024.0,,"Finnhub IPO,NASDAQ screener"
LGIH,LGI Homes Inc. Common Stock,Consumer Discretionary,Homebuilding,1132805924.0,2013.0,United States,NASDAQ screener
LGN,Legence Corp. Class A Common stock,Consumer Discretionary,Engineering & Construction,8995238218.0,2025.0,United States,"Finnhub IPO,NASDAQ screener"
LGND,Ligand Pharmaceuticals Incorporated Common Stock,Health Care,Biotechnology: Pharmaceutical Preparations,4702835374.0,,United States,NASDAQ screener
LGO,Largo Inc. Common Shares,Industrials,Mining & Quarrying of Nonmetallic Minerals (No Fuels),92265616.0,,Canada,NASDAQ screener
LIDR,AEye Inc. Class A Common Stock,Consumer Discretionary,Auto Parts:O.E.M.,94482233.0,2021.0,United States,NASDAQ screener
LIEN,Chicago Atlantic BDC Inc. Common Stock,Finance,Finance: Consumer Services,227749488.0,2022.0,United States,NASDAQ screener
LIF,Life360 Inc. Common Stock,Technology,EDP Services,3364840969.0,2024.0,United States,"Finnhub IPO,NASDAQ screener"
LIFE,Ethos Technologies Inc. Class A Common Stock,Finance,Specialty Insurers,1233427650.0,2026.0,United States,"Finnhub IPO,NASDAQ screener"
LILA,Liberty Latin America Ltd. Class A Common Stock,Telecommunications,Cable & Other Pay Television Services,1607172000.0,,United States,NASDAQ screener
LILAK,Liberty Latin America Ltd. Class C Common Stock,Telecommunications,Cable & Other Pay Television Services,1637382000.0,,United States,NASDAQ screener
LIME,"Neutron Holdings, Inc.",,,100000000.0,,,Finnhub IPO
LINC,Lincoln Educational Services Corporation Common Stock,Real Estate,Other Consumer Services,1509272238.0,2005.0,United States,NASDAQ screener
LIND,Lindblad Expeditions Holdings Inc. Common Stock,Consumer Discretionary,Transportation Services,1506828888.0,2013.0,United States,NASDAQ screener
LINE,Lineage Inc. Common Stock,Real Estate,Real Estate Investment Trusts,9999458111.0,2024.0,United States,"Finnhub IPO,NASDAQ screener"
LINK,Interlink Electronics Inc. Common Stock,Technology,Computer peripheral equipment,92767541.0,,United States,NASDAQ screener
LION,Lionsgate Studios Corp Common Shares,Consumer Discretionary,Movies/Entertainment,4144435279.0,2025.0,Canada,NASDAQ screener
LITB,LightInTheBox Holding Co. Ltd. American Depositary Shares each representing twelve ordinary shares,Consumer Discretionary,Catalog/Specialty Distribution,57777957.0,,China,NASDAQ screener
LIVN,LivaNova PLC Ordinary Shares,Health Care,Biotechnology: Electromedical & Electrotherapeutic Apparatus,4012345616.0,,United Kingdom,NASDAQ screener
LIXT,Lixte Biotechnology Holdings Inc. Common Stock,Health Care,Biotechnology: Pharmaceutical Preparations,74173835.0,,United States,NASDAQ screener
LKFN,Lakeland Financial Corporation Common Stock,Finance,Major Banks,1498303062.0,,United States,NASDAQ screener
LKFT,Lakefront Biotherapeutics American Depositary Shares,Health Care,Biotechnology: Pharmaceutical Preparations,1866205051.0,2015.0,Belgium,NASDAQ screener
LKQ,LKQ Corporation Common Stock,Consumer Discretionary,Motor Vehicles,6953241887.0,2003.0,United States,NASDAQ screener
LKSPU,Lake Superior Acquisition Corp,,,100000000.0,2025.0,United States,"Finnhub IPO,NASDAQ screener"
LLLLU,Love & Health Ltd,,,57500000.0,,,Finnhub IPO
LLYVA,Liberty Live Holdings Inc. Series A Liberty Live Group Common Stock,Consumer Discretionary,Services-Misc. Amusement & Recreation,8754221419.0,,United States,NASDAQ screener
LLYVK,Liberty Live Holdings Inc. Series C Liberty Live Group Common Stock,Consumer Discretionary,Services-Misc. Amusement & Recreation,9016434042.0,,United States,NASDAQ screener
LMAT,LeMaitre Vascular Inc. Common Stock,Health Care,Medical/Dental Instruments,2160308865.0,2006.0,United States,NASDAQ screener
LMB,Limbach Holdings Inc. Common Stock,Consumer Discretionary,Engineering & Construction,949036144.0,,United States,NASDAQ screener
LMND,Lemonade Inc. Common Stock,Finance,Property-Casualty Insurers,4458678594.0,2020.0,United States,NASDAQ screener
LMNR,Limoneira Co Common Stock,Consumer Staples,Farming/Seeds/Milling,232492301.0,,United States,NASDAQ screener
LMRI,Lumexa Imaging Holdings Inc. Common Stock,Health Care,Medical Specialities,739821660.0,2025.0,United States,"Finnhub IPO,NASDAQ screener"
LNC,Lincoln National Corporation Common Stock,Finance,Life Insurance,6709671083.0,,United States,NASDAQ screener
LND,Brasilagro Brazilian Agric Real Estate Co Sponsored ADR (Brazil),Consumer Staples,Farming/Seeds/Milling,391223922.0,,Brazil,NASDAQ screener
LNN,Lindsay Corporation Common Stock,Industrials,Industrial Machinery/Components,1143729963.0,,United States,NASDAQ screener
LNSR,LENSAR Inc. Common Stock,Health Care,Medical/Dental Instruments,72625968.0,,United States,NASDAQ screener
LNTH,Lantheus Holdings Inc. Common Stock,Health Care,Biotechnology: In Vitro & In Vivo Diagnostic Substances,6485867889.0,2015.0,United States,NASDAQ screener
LNZA,LanzaTech Global Inc. Common Stock,Industrials,Major Chemicals,71431274.0,2021.0,United States,NASDAQ screener
LOAR,Loar Holdings Inc. Common Stock,Industrials,Military/Government/Technical,6103379264.0,2024.0,United States,"Finnhub IPO,NASDAQ screener"
LOB,Live Oak Bancshares Inc. Common Stock,Finance,Major Banks,1740391149.0,2022.0,United States,NASDAQ screener
LOCO,El Pollo Loco Holdings Inc. Common Stock,Consumer Discretionary,Restaurants,424851407.0,2014.0,United States,NASDAQ screener
LODE,Comstock Inc. Common Stock,Industrials,Major Chemicals,309725383.0,,United States,NASDAQ screener
LOKVU,Live Oak Acquisition Corp. V,Finance,Blank Checks,200000000.0,2025.0,United States,"Finnhub IPO,NASDAQ screener"
LOMA,Loma Negra Compania Industrial Argentina Sociedad Anonima ADS,Industrials,Building Materials,1368851470.0,2017.0,Argentina,NASDAQ screener
LONA,LeonaBio Inc. Common Stock,Health Care,Biotechnology: Biological Products (No Diagnostic Substances),90553475.0,2020.0,United States,NASDAQ screener
LOOP,Loop Industries Inc. Common Stock,Industrials,Major Chemicals,63378286.0,,Canada,NASDAQ screener
LOPE,Grand Canyon Education Inc. Common Stock,Real Estate,Other Consumer Services,3991992406.0,2008.0,United States,NASDAQ screener
LOT,Lotus Technology Inc. American Depositary Shares,Industrials,Auto Manufacturing,821875040.0,,China,NASDAQ screener
LOVE,The Lovesac Company Common Stock,Consumer Discretionary,Other Specialty Stores,238104189.0,2018.0,United States,NASDAQ screener
LPA,Logistic Properties of the Americas Ordinary Shares,Finance,Real Estate,91375485.0,2024.0,,NASDAQ screener
LPAAU,Launch One Acquisition Corp.,,,200000000.0,,,Finnhub IPO
LPBBU,Launch Two Acquisition Corp.,,,200000000.0,,,Finnhub IPO
LPCVU,Launchpad Cadenza Acquisition Corp I,Finance,Blank Checks,200000000.0,2025.0,United States,"Finnhub IPO,NASDAQ screener"
LPG,Dorian LPG Ltd. Common Stock,Consumer Discretionary,Marine Transportation,1784037798.0,2014.0,United States,NASDAQ screener
LPL,LG Display Co Ltd AMERICAN DEPOSITORY SHARES,Technology,Industrial Machinery/Components,2515000000.0,2004.0,South Korea,NASDAQ screener
LPRO,Open Lending Corporation Common Stock,Finance,Finance: Consumer Services,270717118.0,,United States,NASDAQ screener
LPSLU,Launchpad Streetlight Acquisition Corp,,,230000000.0,,,Finnhub IPO
LPTH,LightPath Technologies Inc. Class A Common Stock,Technology,Semiconductors,1139627737.0,1996.0,United States,NASDAQ screener
LPX,Louisiana-Pacific Corporation Common Stock,Basic Materials,Forest Products,5316018719.0,,United States,NASDAQ screener
LQDA,Liquidia Corporation Common Stock,Health Care,Biotechnology: Pharmaceutical Preparations,5516209981.0,2018.0,United States,NASDAQ screener
LQDT,Liquidity Services Inc. Common Stock,Consumer Discretionary,Business Services,1132814122.0,2006.0,United States,NASDAQ screener
LRMR,Larimar Therapeutics Inc. Common Stock,Health Care,Biotechnology: Pharmaceutical Preparations,362551450.0,2014.0,United States,NASDAQ screener
LRN,Stride Inc. Common Stock,Real Estate,Other Consumer Services,3911009535.0,,United States,NASDAQ screener
LSAK,Lesaka Technologies Inc. Common Stock,Finance,Investment Bankers/Brokers/Service,420107493.0,,South Africa,NASDAQ screener
LSBK,Lake Shore Bancorp Inc. Common Stock,Finance,Savings Institutions,122659524.0,2006.0,United States,NASDAQ screener
LSE,Leishen Energy Holding Co. Ltd. Class A Ordinary Shares,Consumer Discretionary,Oil and Gas Field Machinery,73377750.0,2024.0,China,"Finnhub IPO,NASDAQ screener"
LSPD,Lightspeed Commerce Inc. Subordinate Voting Shares,Technology,Computer Software: Prepackaged Software,1296658650.0,,Canada,NASDAQ screener
LSTR,Landstar System Inc. Common Stock,Industrials,Trucking Freight/Courier Services,6902694325.0,1993.0,United States,NASDAQ screener
LTBR,Lightbridge Corporation Common Stock,Consumer Discretionary,Professional Services,407354437.0,,United States,NASDAQ screener
LTC,LTC Properties Inc. Common Stock,Real Estate,Real Estate Investment Trusts,1935682666.0,,United States,NASDAQ screener
LTGRU,Long Table Growth Corp.,,,230000000.0,,,Finnhub IPO
LTH,Life Time Group Holdings Inc. Common Stock,Consumer Discretionary,Hotels/Resorts,7439383504.0,2021.0,United States,NASDAQ screener
LTRX,Lantronix Inc. Common Stock,Telecommunications,Computer Communications Equipment,336453059.0,2000.0,United States,NASDAQ screener
LU,Lufax Holding Ltd American Depositary Shares each representing two (2) Ordinary Shares,Finance,Finance: Consumer Services,1430036672.0,,China,NASDAQ screener
LUCD,Lucid Diagnostics Inc. Common Stock,Health Care,Medical/Dental Instruments,213220122.0,2021.0,United States,NASDAQ screener
LUCK,Lucky Strike Entertainment Corporation Class A Common Stock,Consumer Discretionary,Services-Misc. Amusement & Recreation,1218669917.0,2021.0,United States,NASDAQ screener
LUD,Luda Technology Group Limited Ordinary Shares,Industrials,Steel/Iron Ore,127744700.0,2025.0,,"Finnhub IPO,NASDAQ screener"
LUNG,Pulmonx Corporation Common Stock,Health Care,Medical/Dental Instruments,70958501.0,2020.0,United States,NASDAQ screener
LUNR,Intuitive Machines Inc. Class A Common Stock,Industrials,Industrial Machinery/Components,9917857369.0,2021.0,United States,NASDAQ screener
LUXE,LuxExperience B.V. American Depositary Shares each representing one Ordinary Share,Consumer Discretionary,Catalog/Specialty Distribution,946437337.0,2021.0,,NASDAQ screener
LVO,LiveOne Inc. Common Stock,Consumer Discretionary,Restaurants,88910204.0,,United States,NASDAQ screener
LVWR,LiveWire Group Inc. Common Stock,Consumer Discretionary,Motor Vehicles,307142745.0,2022.0,United States,NASDAQ screener
LW,Lamb Weston Holdings Inc. Common Stock,Consumer Staples,Packaged Foods,6010309115.0,2016.0,United States,NASDAQ screener
LWACU,LightWave Acquisition Corp.,,,187500000.0,,,Finnhub IPO
LWAY,Lifeway Foods Inc. Common Stock,Consumer Staples,Packaged Foods,367070950.0,,United States,NASDAQ screener
LWLG,Lightwave Logic Inc. Common Stock,Industrials,Containers/Packaging,1765752583.0,,United States,NASDAQ screener
LX,LexinFintech Holdings Ltd. American Depositary Shares,Finance,Finance: Consumer Services,365829968.0,2017.0,China,NASDAQ screener
LXEO,Lexeo Therapeutics Inc. Common Stock,Health Care,Biotechnology: Biological Products (No Diagnostic Substances),398889901.0,2023.0,United States,"Finnhub IPO,NASDAQ screener"
LXFR,Luxfer Holdings PLC Ordinary Shares,Basic Materials,Major Chemicals,466019543.0,2012.0,United Kingdom,NASDAQ screener
LXP,LXP Industrial Trust Common Stock (Maryland REIT),Real Estate,Real Estate Investment Trusts,3087343053.0,,United States,NASDAQ screener
LXRX,Lexicon Pharmaceuticals Inc. Common Stock,Health Care,Biotechnology: Pharmaceutical Preparations,981674022.0,,United States,NASDAQ screener
LXU,LSB Industries Inc. Common Stock,Basic Materials,Major Chemicals,931608043.0,2003.0,United States,NASDAQ screener
LYEL,Lyell Immunopharma Inc. Common Stock,Health Care,Biotechnology: Pharmaceutical Preparations,392712684.0,2021.0,United States,NASDAQ screener
LYFT,Lyft Inc. Class A Common Stock,Consumer Discretionary,Business Services,5247212592.0,2019.0,United States,NASDAQ screener
LYTS,LSI Industries Inc. Common Stock,Consumer Discretionary,Building Products,893212789.0,1985.0,United States,NASDAQ screener
LZ,LegalZoom.com Inc. Common Stock,Technology,EDP Services,1079664436.0,2021.0,United States,NASDAQ screener
LZB,La-Z-Boy Incorporated Common Stock,Consumer Discretionary,Home Furnishings,1561239537.0,,United States,NASDAQ screener
LZM,Lifezone Metals Limited Ordinary Shares,Basic Materials,Metal Mining,446279271.0,,Isle of Man,NASDAQ screener
M,Macy's Inc Common Stock,Consumer Discretionary,Department/Specialty Retail Stores,5921445653.0,,United States,NASDAQ screener
MAAS,Maase Inc. Class A Ordinary Shares,Finance,Investment Managers,5208828309.0,2019.0,China,NASDAQ screener
MAC,Macerich Company (The) Common Stock,Real Estate,Real Estate Investment Trusts,5967332499.0,1994.0,United States,NASDAQ screener
MACIU,Melar Acquisition Corp. I/Cayman,Finance,Blank Checks,150000000.0,2024.0,United States,"Finnhub IPO,NASDAQ screener"
MAGN,Magnera Corporation Common Stock,Basic Materials,Paper,407404000.0,2000.0,United States,NASDAQ screener
MAIA,MAIA Biotechnology Inc. Common Stock,Health Care,Biotechnology: Pharmaceutical Preparations,78432978.0,2022.0,,NASDAQ screener
MAIN,Main Street Capital Corporation Common Stock,Finance,Finance/Investors Services,4769448791.0,2007.0,United States,NASDAQ screener
MAKO,Mako Mining Corp Common Stock,,,751304671.0,,Canada,NASDAQ screener
MAMA,Mama's Creations Inc. Common Stock,Consumer Staples,Specialty Foods,590251500.0,,United States,NASDAQ screener
MAN,ManpowerGroup Common Stock,Consumer Discretionary,Professional Services,1410567683.0,,United States,NASDAQ screener
MANE,Veradermics Incorporated Common Stock,Health Care,Biotechnology: Pharmaceutical Preparations,4298191319.0,2026.0,,"Finnhub IPO,NASDAQ screener"
MANH,Manhattan Associates Inc. Common Stock,Technology,Computer Software: Prepackaged Software,8471187714.0,1998.0,United States,NASDAQ screener
MANU,Manchester United Ltd. Class A Ordinary Shares,Consumer Discretionary,Services-Misc. Amusement & Recreation,3464095777.0,2012.0,United Kingdom,NASDAQ screener
MARA,MARA Holdings Inc. Common Stock,Technology,EDP Services,5364475977.0,,United States,NASDAQ screener
MASI,Masimo Corporation Common Stock,Health Care,Biotechnology: Electromedical & Electrotherapeutic Apparatus,9344678438.0,2007.0,United States,NASDAQ screener
MASS,908 Devices Inc. Common Stock,Industrials,Industrial Machinery/Components,337675636.0,2020.0,United States,NASDAQ screener
MAT,Mattel Inc. Common Stock,Consumer Discretionary,Recreational Games/Products/Toys,4327034000.0,,United States,NASDAQ screener
MATV,Mativ Holdings Inc. Common Stock,Basic Materials,Paper,505977989.0,,United States,NASDAQ screener
MATW,Matthews International Corporation Class A Common Stock,Telecommunications,Metal Fabrications,844649997.0,1994.0,United States,NASDAQ screener
MATX,Matson Inc. Common Stock,Consumer Discretionary,Marine Transportation,5467061713.0,,United States,NASDAQ screener
MAX,MediaAlpha Inc. Class A Common Stock,Consumer Discretionary,Business Services,554295252.0,2020.0,United States,NASDAQ screener
MAYAU,Maywood Acquisition Corp.,,,75000000.0,,,Finnhub IPO
MAYS,J. W. Mays Inc. Common Stock,Real Estate,Building operators,86174595.0,,United States,NASDAQ screener
MAZE,Maze Therapeutics Inc. Common Stock,Health Care,Biotechnology: Biological Products (No Diagnostic Substances),1461114890.0,2025.0,United States,"Finnhub IPO,NASDAQ screener"
MB,MasterBeef Group Ordinary Shares,Consumer Discretionary,Restaurants,112708350.0,2025.0,Hong Kong,"Finnhub IPO,NASDAQ screener"
MBAVU,M3-Brigade Acquisition V Corp.,Finance,Blank Checks,250000000.0,2024.0,United States,"Finnhub IPO,NASDAQ screener"
MBC,MasterBrand Inc. Common Stock,Consumer Discretionary,Home Furnishings,1162100077.0,2022.0,United States,NASDAQ screener
MBI,MBIA Inc. Common Stock,Finance,Property-Casualty Insurers,300510830.0,1987.0,United States,NASDAQ screener
MBIN,Merchants Bancorp Common Stock,Finance,Major Banks,2176419631.0,2017.0,United States,NASDAQ screener
MBINL,Merchants Bancorp Depositary Shares Each Representing a 1/40thInterest in a Share of 7.25% Fixed Rate Series E Non-CumulativePerpetual Preferred Stock without par value,Finance,Major Banks,1146547784.0,,United States,NASDAQ screener
MBINM,Merchants Bancorp Depositary Shares Each Representing a 1/40th Interest in a Share of 8.25% Fixed-Rate Reset Series D Non-Cumulative Perpetual Preferred Stock,Finance,Major Banks,1182836756.0,,United States,NASDAQ screener
MBINN,Merchants Bancorp Depositary Shares Preferred Series C,Finance,Major Banks,955915840.0,,United States,NASDAQ screener
MBLY,Mobileye Global Inc. Class A Common Stock,Technology,Computer Software: Prepackaged Software,8767157728.0,2022.0,Israel,NASDAQ screener
MBOT,Microbot Medical Inc. Common Stock,Health Care,Biotechnology: Biological Products (No Diagnostic Substances),129628066.0,,Israel,NASDAQ screener
MBUU,Malibu Boats Inc. Class A Common Stock,Industrials,Marine Transportation,546695556.0,2014.0,United States,NASDAQ screener
MBVIU,M3-Brigade Acquisition VI Corp.,,,300000000.0,,,Finnhub IPO
MBWM,Mercantile Bank Corporation Common Stock,Finance,Major Banks,912605231.0,1998.0,United States,NASDAQ screener
MBX,MBX Biosciences Inc. Common Stock,Health Care,Biotechnology: Pharmaceutical Preparations,1518361398.0,2024.0,United States,"Finnhub IPO,NASDAQ screener"
MC,Moelis & Company Class A Common Stock,Finance,Investment Managers,5252036357.0,2014.0,United States,NASDAQ screener
MCAHU,Mountain Crest Acquisition 6 Corp.,,,60000000.0,2026.0,United States,"Finnhub IPO,NASDAQ screener"
MCB,Metropolitan Bank Holding Corp. Common Stock,Finance,Major Banks,1115407782.0,2017.0,United States,NASDAQ screener
MCBS,MetroCity Bankshares Inc. Common Stock,Finance,Major Banks,937469974.0,2019.0,United States,NASDAQ screener
MCFT,MasterCraft Boat Holdings Inc. Common Stock,Industrials,Marine Transportation,391205757.0,2015.0,United States,NASDAQ screener
MCHB,Mechanics Bancorp Class A Common Stock,Finance,Major Banks,3212529671.0,2012.0,United States,NASDAQ screener
MCHX,Marchex Inc. Class B Common Stock,Technology,Computer Software: Prepackaged Software,72656590.0,2004.0,United States,NASDAQ screener
MCI,Barings Corporate Investors Common Stock,Finance,Trusts Except Educational Religious and Charitable,365521411.0,,United States,NASDAQ screener
MCR,MFS Charter Income Trust Common Stock,Finance,Trusts Except Educational Religious and Charitable,262730029.0,1989.0,United States,NASDAQ screener
MCRB,Seres Therapeutics Inc. Common Stock,Health Care,Biotechnology: Pharmaceutical Preparations,73404220.0,2015.0,United States,NASDAQ screener
MCRI,Monarch Casino & Resort Inc. Common Stock,Consumer Discretionary,Hotels/Resorts,2144141533.0,1993.0,United States,NASDAQ screener
MCRP,Micropolis AI Robotics Ordinary Shares,Consumer Discretionary,Auto Parts:O.E.M.,89558643.0,2025.0,,"Finnhub IPO,NASDAQ screener"
MCS,Marcus Corporation (The) Common Stock,Consumer Discretionary,Movies/Entertainment,582301910.0,,United States,NASDAQ screener
MCY,Mercury General Corporation Common Stock,Finance,Property-Casualty Insurers,5346664164.0,,United States,NASDAQ screener
MD,Pediatrix Medical Group Inc. Common Stock,Health Care,Hospital/Nursing Management,1774654497.0,,United States,NASDAQ screener
MDA,MDA Space Ltd. Common Shares,Consumer Discretionary,Electronic Components,6749939349.0,2026.0,,NASDAQ screener
MDAI,Spectral AI Inc. Class A Common Stock,Health Care,Medical/Dental Instruments,73513405.0,2021.0,United States,NASDAQ screener
MDIA,Mediaco Holding Inc. Class A Common Stock,Consumer Discretionary,Broadcasting,73319390.0,,United States,NASDAQ screener
MDU,MDU Resources Group Inc. Common Stock (Holding Company),Industrials,Mining & Quarrying of Nonmetallic Minerals (No Fuels),4501989757.0,,United States,NASDAQ screener
MDV,Modiv Industrial Inc. Class C Common Stock,Real Estate,Real Estate Investment Trusts,191710552.0,2022.0,United States,NASDAQ screener
MDWD,MediWound Ltd. Ordinary Shares,Health Care,Medicinal Chemicals and Botanical Products,187032868.0,2014.0,Israel,NASDAQ screener
MDXG,MiMedx Group Inc Common Stock,Health Care,Biotechnology: Pharmaceutical Preparations,546630833.0,,United States,NASDAQ screener
MEC,Mayville Engineering Company Inc. Common Stock,Industrials,Industrial Specialties,535098497.0,2019.0,United States,NASDAQ screener
MED,MEDIFAST INC Common Stock,Consumer Staples,Packaged Foods,146216362.0,,United States,NASDAQ screener
MEI,Methode Electronics Inc. Common Stock,Technology,Electrical Products,417724664.0,,United States,NASDAQ screener
MENS,Jyong Biotech Ltd. Ordinary Shares,Health Care,Biotechnology: Pharmaceutical Preparations,171062251.0,2025.0,Taiwan,"Finnhub IPO,NASDAQ screener"
MEOH,Methanex Corporation Common Stock,Industrials,Major Chemicals,4628703855.0,,Canada,NASDAQ screener
MERC,Mercer International Inc. Common Stock,Basic Materials,Paper,65267754.0,,Canada,NASDAQ screener
MESHU,Meshflow Acquisition Corp,,,300000000.0,2025.0,United States,"Finnhub IPO,NASDAQ screener"
MESO,Mesoblast Limited American Depositary Shares,Health Care,Biotechnology: Biological Products (No Diagnostic Substances),1905224032.0,2015.0,Australia,NASDAQ screener
METC,Ramaco Resources Inc. Class A Common Stock,Energy,Coal Mining,1086464966.0,2017.0,United States,NASDAQ screener
METCB,Ramaco Resources Inc. Class B Common Stock,Energy,Coal Mining,746252181.0,,United States,NASDAQ screener
MEVOU,M Evo Global Acquisition Corp II,Finance,Blank Checks,270000000.0,2026.0,United States,"Finnhub IPO,NASDAQ screener"
MFA,MFA Financial Inc.,Real Estate,Real Estate Investment Trusts,975323827.0,,United States,NASDAQ screener
MFAN,MFA Financial Inc. 8.875% Senior Notes due 2029,Real Estate,Real Estate Investment Trusts,2588277977.0,2024.0,United States,NASDAQ screener
MFAO,MFA Financial Inc. 9.000% Senior Notes due 2029,Real Estate,Real Estate Investment Trusts,2587251290.0,2024.0,United States,NASDAQ screener
MFI,mF International Limited Class A Ordinary Shares,Technology,EDP Services,488216946.0,2024.0,Hong Kong,"Finnhub IPO,NASDAQ screener"
MFIC,MidCap Financial Investment Corporation Common Stock,Finance,Finance/Investors Services,892919288.0,2004.0,United States,NASDAQ screener
MFICL,MidCap Financial Investment Corporation 8.00% Notes due 2028,Finance,Finance/Investors Services,2386604017.0,,United States,NASDAQ screener
MFIN,Medallion Financial Corp. Common Stock,Finance,Finance: Consumer Services,230629181.0,,United States,NASDAQ screener
MFM,MFS Municipal Income Trust Common Stock,Finance,Finance Companies,222413207.0,1986.0,United States,NASDAQ screener
MG,Mistras Group Inc Common Stock,Consumer Discretionary,Military/Government/Technical,559973586.0,2009.0,United States,NASDAQ screener
MGEE,MGE Energy Inc,Energy,Electric Utilities: Central,2778785503.0,,United States,NASDAQ screener
MGF,MFS Government Markets Income Trust Common Stock,Finance,Trusts Except Educational Religious and Charitable,93228544.0,1987.0,United States,NASDAQ screener
MGNI,Magnite Inc. Common Stock,Technology,Computer Software: Programming Data Processing,2066592493.0,,United States,NASDAQ screener
MGNX,MacroGenics Inc. Common Stock,Health Care,Biotechnology: Pharmaceutical Preparations,267600748.0,2013.0,United States,NASDAQ screener
MGPI,MGP Ingredients Inc.,Consumer Staples,Beverages (Production/Distribution),394513035.0,,United States,NASDAQ screener
MGR,Affiliated Managers Group Inc. 5.875% Junior Subordinated Notes due 2059,Finance,Investment Managers,574491914.0,2019.0,United States,NASDAQ screener
MGRB,Affiliated Managers Group Inc. 4.750% Junior Subordinated Notes due 2060,Finance,Investment Managers,476328236.0,2020.0,United States,NASDAQ screener
MGRC,McGrath RentCorp Common Stock,Consumer Discretionary,Diversified Commercial Services,2735444325.0,1984.0,United States,NASDAQ screener
MGRD,Affiliated Managers Group Inc. 4.200% Junior Subordinated Notes due 2061,Finance,Investment Managers,426749186.0,2021.0,United States,NASDAQ screener
MGRE,Affiliated Managers Group Inc. 6.750% Junior Subordinated Notes due 2064,Finance,Investment Managers,682741874.0,2024.0,United States,NASDAQ screener
MGRT,Mega Fortune Company Limited Ordinary Shares,Technology,EDP Services,1284112500.0,2025.0,Hong Kong,"Finnhub IPO,NASDAQ screener"
MGTX,MeiraGTx Holdings plc Ordinary Shares,Health Care,Biotechnology: Biological Products (No Diagnostic Substances),926095160.0,2018.0,United States,NASDAQ screener
MGX,"Metagenomi, Inc.",Health Care,Biotechnology: Biological Products (No Diagnostic Substances),93750000.0,2024.0,United States,"Finnhub IPO,NASDAQ screener"
MGY,Magnolia Oil & Gas Corporation Class A Common Stock,Energy,Oil & Gas Production,5136003433.0,2017.0,United States,NASDAQ screener
MGYR,Magyar Bancorp Inc. Common Stock,Finance,Savings Institutions,109672511.0,2006.0,United States,NASDAQ screener
MH,McGraw Hill Inc. Common Stock,Consumer Discretionary,Publishing,2242357833.0,2025.0,,"Finnhub IPO,NASDAQ screener"
MHD,Blackrock MuniHoldings Fund Inc. Common Stock,Finance,Investment Bankers/Brokers/Service,1727132288.0,1997.0,United States,NASDAQ screener
MHH,Mastech Digital Inc Common Stock,Consumer Discretionary,Professional Services,74868681.0,,United States,NASDAQ screener
MHK,Mohawk Industries Inc. Common Stock,Consumer Discretionary,Home Furnishings,6561606059.0,,United States,NASDAQ screener
MHLA,Maiden Holdings Ltd. 6.625% Notes due 2046,Finance,Property-Casualty Insurers,95922674.0,2016.0,Bermuda,NASDAQ screener
MHNC,Maiden Holdings North America Ltd. 7.75% Notes due 2043,Finance,Property-Casualty Insurers,101032356.0,2013.0,Bermuda,NASDAQ screener
MHO,M/I Homes Inc. Common Stock,Consumer Discretionary,Homebuilding,3391201245.0,1993.0,United States,NASDAQ screener
MIAX,Miami International Holdings Inc. Common Stock,Finance,Investment Bankers/Brokers/Service,4532762427.0,2025.0,United States,"Finnhub IPO,NASDAQ screener"
MIDD,Middleby Corporation (The) Common Stock,Industrials,Industrial Machinery/Components,6968005979.0,,United States,NASDAQ screener
MIN,MFS Intermediate Income Trust Common Stock,Finance,Trusts Except Educational Religious and Charitable,281499539.0,1988.0,United States,NASDAQ screener
MIND,MIND Technology Inc. Common Stock (DE),Industrials,Industrial Machinery/Components,62805370.0,1994.0,United States,NASDAQ screener
MINE,Mayfair Gold Corp. Common Shares,Energy,Oil & Gas Production,205266318.0,2026.0,,NASDAQ screener
MIR,Mirion Technologies Inc. Class A Common Stock,Industrials,Industrial Machinery/Components,4282186668.0,2020.0,United States,NASDAQ screener
MIRM,Mirum Pharmaceuticals Inc. Common Stock,Health Care,Biotechnology: Pharmaceutical Preparations,6073730209.0,2019.0,United States,NASDAQ screener
MISNU,Mission Control Acquisition Corp.,,,115000000.0,,,Finnhub IPO
MIST,Milestone Pharmaceuticals Inc. Common Shares,Health Care,Biotechnology: Pharmaceutical Preparations,179277091.0,2019.0,Canada,NASDAQ screener
MITK,Mitek Systems Inc. Common Stock,Technology,Computer peripheral equipment,760475051.0,,United States,NASDAQ screener
MITN,TPG Mortgage Investment Trust Inc. 9.500% Senior Notes due 2029,Real Estate,Real Estate Investment Trusts,747942074.0,2024.0,United States,NASDAQ screener
MITP,TPG Mortgage Investment Trust Inc. 9.500% Senior Notes due 2029,Real Estate,Real Estate Investment Trusts,742633337.0,2024.0,United States,NASDAQ screener
MITT,TPG Mortgage Investment Trust Inc. Common Stock,Real Estate,Real Estate Investment Trusts,247749070.0,2011.0,United States,NASDAQ screener
MIY,Blackrock MuniYield Michigan Quality Fund Inc. Common Stock,Finance,Investment Bankers/Brokers/Service,1791100151.0,1992.0,United States,NASDAQ screener
MKLYU,McKinley Acquisition Corp,Finance,Blank Checks,150000000.0,2025.0,United States,"Finnhub IPO,NASDAQ screener"
MKTW,MarketWise Inc. Class A Common Stock,Technology,Computer Software: Prepackaged Software,270165829.0,,United States,NASDAQ screener
MKTX,MarketAxess Holdings Inc. Common Stock,Finance,Investment Bankers/Brokers/Service,4675215042.0,2004.0,United States,NASDAQ screener
MLAAU,Mountain Lake Acquisition Corp. II,Finance,Blank Checks,313200000.0,2026.0,United States,"Finnhub IPO,NASDAQ screener"
MLAB,Mesa Laboratories Inc. Common Stock,Industrials,Industrial Machinery/Components,569608220.0,,United States,NASDAQ screener
MLACU,Mountain Lake Acquisition Corp.,Finance,Blank Checks,210000000.0,2024.0,United States,"Finnhub IPO,NASDAQ screener"
MLCO,Melco Resorts & Entertainment Limited American Depositary Shares,Consumer Discretionary,Hotels/Resorts,2253627708.0,2006.0,Hong Kong,NASDAQ screener
MLGO,MicroAlgo Inc. Class A Ordinary Shares,Technology,EDP Services,73505395.0,2021.0,United States,NASDAQ screener
MLKN,MillerKnoll Inc. Common Stock,Consumer Discretionary,Office Equipment/Supplies/Services,1126815583.0,,United States,NASDAQ screener
MLP,Maui Land & Pineapple Company Inc. Common Stock,Finance,Real Estate,344452268.0,1998.0,United States,NASDAQ screener
MLR,Miller Industries Inc. Common Stock,Consumer Discretionary,Construction/Ag Equipment/Trucks,556566769.0,,United States,NASDAQ screener
MLTX,MoonLake Immunotherapeutics Class A Ordinary Shares,Health Care,Biotechnology: Pharmaceutical Preparations,1375135597.0,2020.0,United States,NASDAQ screener
MLYS,Mineralys Therapeutics Inc. Common Stock,Health Care,Biotechnology: Pharmaceutical Preparations,2601990106.0,2023.0,United States,NASDAQ screener
MMED,MiniMed Group Inc. Common Stock,Health Care,Medical/Dental Instruments,3232238062.0,2026.0,United States,"Finnhub IPO,NASDAQ screener"
MMI,Marcus & Millichap Inc. Common Stock,Finance,Real Estate,1074895783.0,2013.0,United States,NASDAQ screener
MMLP,Martin Midstream Partners L.P. Limited Partnership,Energy,Oil Refining/Marketing,96051104.0,2002.0,United States,NASDAQ screener
MMS,Maximus Inc. Common Stock,Consumer Discretionary,Business Services,3303738025.0,1997.0,United States,NASDAQ screener
MMSI,Merit Medical Systems Inc. Common Stock,Health Care,Medical/Dental Instruments,3802997006.0,,United States,NASDAQ screener
MMT,MFS Multimarket Income Trust Common Stock,Finance,Trusts Except Educational Religious and Charitable,269158339.0,1987.0,United States,NASDAQ screener
MMTXU,Miluna Acquisition Corp,,,60000000.0,,,Finnhub IPO
MMYT,MakeMyTrip Limited Ordinary Shares,Consumer Discretionary,Transportation Services,5266050481.0,2010.0,India,NASDAQ screener
MNDY,monday.com Ltd. Ordinary Shares,Technology,Computer Software: Prepackaged Software,3600415623.0,2021.0,Israel,NASDAQ screener
MNKD,MannKind Corporation Common Stock,Health Care,Biotechnology: Pharmaceutical Preparations,1124578604.0,2004.0,United States,NASDAQ screener
MNOV,Medicinova Inc Common Stock,Health Care,Biotechnology: Pharmaceutical Preparations,67433107.0,,United States,NASDAQ screener
MNPR,Monopar Therapeutics Inc. Common Stock,Health Care,Biotechnology: Pharmaceutical Preparations,431620565.0,2019.0,United States,NASDAQ screener
MNR,Mach Natural Resources LP Common Units representing Limited Partner Interests,Energy,Oil & Gas Production,2245151380.0,2023.0,United States,"Finnhub IPO,NASDAQ screener"
MNRO,Monro Inc. Common Stock,Consumer Discretionary,Automotive Aftermarket,499019921.0,1991.0,United States,NASDAQ screener
MNSB,MainStreet Bancshares Inc. Common Stock,Finance,Major Banks,163985772.0,,United States,NASDAQ screener
MNSBP,MainStreet Bancshares Inc. Depositary Shares,Finance,Major Banks,178196448.0,,United States,NASDAQ screener
MNSO,MINISO Group Holding Limited American Depositary Shares each representing four Ordinary Shares,Consumer Discretionary,Department/Specialty Retail Stores,3889045423.0,2020.0,China,NASDAQ screener
MNTK,Montauk Renewables Inc. Common Stock,Utilities,Natural Gas Distribution,249096993.0,2021.0,United States,NASDAQ screener
MNTN,MNTN Inc. Class A Common Stock,Consumer Discretionary,Advertising,699822904.0,2025.0,United States,"Finnhub IPO,NASDAQ screener"
MNTS,Momentus Inc. Class A Common Stock,Industrials,Military/Government/Technical,204622528.0,2019.0,United States,NASDAQ screener
MNY,MoneyHero Limited Class A Ordinary Shares,Consumer Discretionary,Business Services,60429176.0,,Singapore,NASDAQ screener
MOB,Mobilicom Limited Ordinary Shares,Industrials,Aerospace,98413960.0,2022.0,Israel,NASDAQ screener
MOBI,Mobia Medical Inc. Common Stock,Health Care,Medical/Dental Instruments,430110083.0,2026.0,United States,"Finnhub IPO,NASDAQ screener"
MOH,Molina Healthcare Inc Common Stock,Health Care,Medical Specialities,9274842000.0,2003.0,United States,NASDAQ screener
MOLD,"Molida Holding Group Co., Ltd",,,120000000.0,,,Finnhub IPO
MOLN,Molecular Partners AG American Depositary Shares,Health Care,Biotechnology: Biological Products (No Diagnostic Substances),161565397.0,2021.0,Switzerland,NASDAQ screener
MOMO,Hello Group Inc. American Depositary Shares,Technology,Computer Software: Prepackaged Software,882051984.0,2014.0,China,NASDAQ screener
MORN,Morningstar Inc. Common Stock,Finance,Investment Managers,6849226322.0,2005.0,United States,NASDAQ screener
MOS,Mosaic Company (The) Common Stock,Industrials,Agricultural Chemicals,7647390255.0,,United States,NASDAQ screener
MOV,Movado Group Inc. Common Stock,Consumer Discretionary,Consumer Specialties,791067222.0,,United States,NASDAQ screener
MPAA,Motorcar Parts  of America Inc. Common Stock,Consumer Discretionary,Auto Parts:O.E.M.,216315342.0,,United States,NASDAQ screener
MPB,Mid Penn Bancorp Common Stock,Finance,Major Banks,831060648.0,,United States,NASDAQ screener
MPLT,MapLight Therapeutics Inc. Common Stock,Health Care,Biotechnology: Pharmaceutical Preparations,1350394231.0,2025.0,United States,"Finnhub IPO,NASDAQ screener"
MPT,Medical Properties Trust Inc. common stock,Real Estate,Real Estate Investment Trusts,3068253000.0,,United States,NASDAQ screener
MPTI,M-tron Industries Inc. Common Stock,Technology,Industrial Machinery/Components,378904122.0,2022.0,United States,NASDAQ screener
MPV,Barings Participation Investors Common Stock,Finance,Finance Companies,185317716.0,1988.0,United States,NASDAQ screener
MQ,Marqeta Inc. Class A Common Stock,Technology,Computer Software: Prepackaged Software,1670679433.0,2021.0,United States,NASDAQ screener
MQY,Blackrock MuniYield Quality Fund Inc. Common Stock,Finance,Investment Bankers/Brokers/Service,1700355044.0,1992.0,United States,NASDAQ screener
MRAM,Everspin Technologies Inc. Common Stock,Technology,Semiconductors,732971257.0,2016.0,United States,NASDAQ screener
MRBK,Meridian Corporation Common Stock,Finance,Major Banks,211646948.0,2017.0,United States,NASDAQ screener
MRCOU,Mercator Acquisition Corp.,,,287500000.0,,,Finnhub IPO
MRCY,Mercury Systems Inc Common Stock,Technology,Electrical Products,6491279325.0,1998.0,United States,NASDAQ screener
MRDN,Meridian Holdings Inc. Common Stock,Technology,Computer Software: Prepackaged Software,140251133.0,,United States,NASDAQ screener
MREO,Mereo BioPharma Group plc American Depositary Shares,Health Care,Biotechnology: Pharmaceutical Preparations,53525234.0,,United Kingdom,NASDAQ screener
MRLN,Merlin Inc. Common Stock,Technology,EDP Services,814662999.0,2024.0,United States,NASDAQ screener
MRP,Millrose Properties Inc. Class A Common Stock,Finance,Real Estate,4672588666.0,2025.0,United States,NASDAQ screener
MRT,Marti Technologies Inc. Class A Ordinary Shares,Consumer Discretionary,Rental/Leasing Companies,169504170.0,2021.0,,NASDAQ screener
MRTN,Marten Transport Ltd. Common Stock,Industrials,Trucking Freight/Courier Services,1429441645.0,1986.0,United States,NASDAQ screener
MRVI,Maravai LifeSciences Holdings Inc. Class A Common Stock,Health Care,Biotechnology: Pharmaceutical Preparations,1198002732.0,2020.0,United States,NASDAQ screener
MRX,Marex Group plc Ordinary Shares,Finance,Investment Bankers/Brokers/Service,3840080957.0,2024.0,United Kingdom,"Finnhub IPO,NASDAQ screener"
MSA,MSA Safety Incorporated Common Stock,Health Care,Industrial Specialties,6570801989.0,2000.0,United States,NASDAQ screener
MSB,Mesabi Trust Common Stock,Industrials,Precious Metals,347417865.0,,United States,NASDAQ screener
MSBI,Midland States Bancorp Inc. Common Stock,Finance,Major Banks,575251922.0,2016.0,United States,NASDAQ screener
MSBIP,Midland States Bancorp Inc. Depositary Shares Each Representing a 1/40th Interest in a Share of 7.750% Fixed-Rate Reset Non-Cumulative Perpetual Preferred Stock Series A,Finance,Major Banks,527366087.0,,United States,NASDAQ screener
MSC,Studio City International Holdings Limited American depositary shares each representing four  Class A ordinary shares,Consumer Discretionary,Hotels/Resorts,493012494.0,2018.0,,NASDAQ screener
MSEX,Middlesex Water Company Common Stock,Utilities,Water Supply,971817487.0,,United States,NASDAQ screener
MSGE,Madison Square Garden Entertainment Corp. Class A Common Stock,Consumer Discretionary,Services-Misc. Amusement & Recreation,3294809548.0,2023.0,United States,NASDAQ screener
MSGS,Madison Square Garden Sports Corp. Class A Common Stock (New),Consumer Discretionary,Services-Misc. Amusement & Recreation,8907196546.0,2015.0,United States,NASDAQ screener
MSIF,MSC Income Fund Inc. Common Stock,Finance,Finance/Investors Services,552758342.0,2025.0,,NASDAQ screener
MSLE,Satellos Bioscience Inc. Common Stock,Health Care,Biotechnology: Pharmaceutical Preparations,146443266.0,,Canada,NASDAQ screener
MSM,MSC Industrial Direct Company Inc. Common Stock,Industrials,Industrial Machinery/Components,6129490662.0,1995.0,United States,NASDAQ screener
MSMUU,MSM FRONTIER CAPITAL ACQUISITION CORP.,,,258750000.0,,,Finnhub IPO
MTA,Metalla Royalty & Streaming Ltd. Common Shares,Basic Materials,Precious Metals,713902702.0,,,NASDAQ screener
MTAL,Metals Acquisition Corp. II Class A Ordinary Shares,Basic Materials,Metal Mining,836989645.0,2026.0,,NASDAQ screener
MTALU,Metals Acquisition Corp. II,,,200000000.0,,,Finnhub IPO
MTC,MMTec Inc. Common Shares,Technology,Computer Software: Prepackaged Software,632382600.0,2019.0,China,NASDAQ screener
MTCH,Match Group Inc. Common Stock,Technology,Computer Software: Programming Data Processing,8481570885.0,,United States,NASDAQ screener
MTDR,Matador Resources Company Common Stock,Energy,Oil & Gas Production,6684513959.0,2012.0,United States,NASDAQ screener
MTG,MGIC Investment Corporation Common Stock,Finance,Property-Casualty Insurers,5395116737.0,1991.0,United States,NASDAQ screener
MTH,Meritage Homes Corporation Common Stock,Consumer Discretionary,Homebuilding,4377013653.0,,United States,NASDAQ screener
MTLS,Materialise NV American Depositary Shares,Technology,Computer Software: Prepackaged Software,382755365.0,2014.0,Belgium,NASDAQ screener
MTN,Vail Resorts Inc. Common Stock,Consumer Discretionary,Services-Misc. Amusement & Recreation,4775541495.0,1997.0,United States,NASDAQ screener
MTNEU,CH4 Natural Solutions Corp,,,200000000.0,,,Finnhub IPO
MTRN,Materion Corporation,Industrials,Industrial Specialties,4622714012.0,,United States,NASDAQ screener
MTRX,Matrix Service Company Common Stock,Consumer Discretionary,Engineering & Construction,372210836.0,1990.0,United States,NASDAQ screener
MTSR,"Metsera, Inc.",,,275000004.0,,,Finnhub IPO
MTUS,Metallus Inc. Common Shares,Industrials,Steel/Iron Ore,824646837.0,2014.0,United States,NASDAQ screener
MTVE,"Motive Technologies, Inc.",,,100000000.0,,,Finnhub IPO
MTW,Manitowoc Company Inc. (The) Common Stock,Industrials,Construction/Ag Equipment/Trucks,433069583.0,,United States,NASDAQ screener
MTX,Minerals Technologies Inc. Common Stock,Basic Materials,Major Chemicals,2416820728.0,1992.0,United States,NASDAQ screener
MUA,Blackrock MuniAssets Fund Inc Common Stock,Finance,Investment Bankers/Brokers/Service,1594733689.0,1993.0,United States,NASDAQ screener
MUC,Blackrock MuniHoldings California Quality Fund Inc.  Common Stock,Finance,Investment Bankers/Brokers/Service,1603659437.0,1998.0,United States,NASDAQ screener
MUJ,Blackrock MuniHoldings New Jersey Quality Fund Inc. Common Stock,Finance,Investment Bankers/Brokers/Service,1819365020.0,1998.0,United States,NASDAQ screener
MUR,Murphy Oil Corporation Common Stock,Energy,Oil & Gas Production,5187821155.0,,United States,NASDAQ screener
MUSA,Murphy USA Inc. Common Stock,Consumer Discretionary,Retail-Auto Dealers and Gas Stations,9449048325.0,2013.0,United States,NASDAQ screener
MUX,McEwen Inc. Common Stock,Basic Materials,Precious Metals,1301785159.0,,Canada,NASDAQ screener
MUZEU,Muzero Acquisition Corp,Finance,Blank Checks,175000000.0,2026.0,United States,"Finnhub IPO,NASDAQ screener"
MVBF,MVB Financial Corp. Common Stock,Finance,Major Banks,343220856.0,,United States,NASDAQ screener
MVIS,MicroVision Inc. Common Stock,Technology,Industrial Machinery/Components,210509383.0,1996.0,United States,NASDAQ screener
MVST,Microvast Holdings Inc. Common Stock,Miscellaneous,Industrial Machinery/Components,533051814.0,2019.0,United States,NASDAQ screener
MWA,MUELLER WATER PRODUCTS Common Stock,Industrials,Metal Fabrications,3968106563.0,2006.0,United States,NASDAQ screener
MWC,Micware Co. Ltd. American Depositary Shares,Technology,EDP Services,418252670.0,2026.0,Japan,"Finnhub IPO,NASDAQ screener"
MWH,SOLV Energy Inc. Class A Common Stock,Industrials,Military/Government/Technical,7429940016.0,2026.0,United States,"Finnhub IPO,NASDAQ screener"
MX,Magnachip Semiconductor Corporation Common Stock,Technology,Semiconductors,247433399.0,2011.0,Luxembourg,NASDAQ screener
MXCT,MaxCyte Inc. Common Stock,Health Care,Biotechnology: Commercial Physical & Biological Resarch,125332356.0,2021.0,United States,NASDAQ screener
MXL,MaxLinear Inc. Common Stock,Technology,Semiconductors,8754012952.0,2010.0,United States,NASDAQ screener
MYE,Myers Industries Inc. Common Stock,Industrials,Plastic Products,873583310.0,1983.0,United States,NASDAQ screener
MYFW,First Western Financial Inc. Common Stock,Finance,Major Banks,280875306.0,2018.0,United States,NASDAQ screener
MYGN,Myriad Genetics Inc. Common Stock,Health Care,Biotechnology: In Vitro & In Vivo Diagnostic Substances,398571446.0,1995.0,United States,NASDAQ screener
MYI,Blackrock MuniYield Quality Fund III Inc Common Stock,Finance,Investment Bankers/Brokers/Service,1628949057.0,,United States,NASDAQ screener
MYPS,PLAYSTUDIOS Inc.  Class A Common Stock,Technology,Computer Software: Prepackaged Software,62894058.0,2020.0,United States,NASDAQ screener
MYRG,MYR Group Inc. Common Stock,Industrials,Water Sewer Pipeline Comm & Power Line Construction,7457436271.0,2008.0,United States,NASDAQ screener
MYXXU,Maywood Acquisition Corp. 2,Finance,Blank Checks,100000000.0,2026.0,United States,"Finnhub IPO,NASDAQ screener"
MZTI,The Marzetti Company Common Stock,Consumer Staples,Packaged Foods,3132140840.0,,United States,NASDAQ screener
MZYXU,MOZAYYX Acquisition Corp.,,,261000000.0,,,Finnhub IPO
NA,Nano Labs Ltd Class A Ordinary Shares,Technology,Semiconductors,56874521.0,2022.0,China,NASDAQ screener
NABL,N-able Inc. Common Stock,Technology,Computer Software: Prepackaged Software,649905101.0,2021.0,United States,NASDAQ screener
NAGE,Niagen Bioscience Inc. Common Stock,Health Care,Medicinal Chemicals and Botanical Products,305834216.0,,United States,NASDAQ screener
NAK,Northern Dynasty Minerals Ltd. Common Stock,Basic Materials,Precious Metals,1227081445.0,,Canada,NASDAQ screener
NAKA,Nakamoto Inc. Common Stock,Health Care,Medical/Nursing Services,97451984.0,2024.0,United States,NASDAQ screener
NAMM,Namib Minerals Ordinary Shares,Basic Materials,Precious Metals,78999853.0,,Cayman Islands,NASDAQ screener
NAMS,NewAmsterdam Pharma Company N.V. Ordinary Shares,Health Care,Biotechnology: Pharmaceutical Preparations,4140738936.0,,Netherlands,NASDAQ screener
NAMSW,NewAmsterdam Pharma Company N.V. Warrant,Health Care,Biotechnology: Pharmaceutical Preparations,2910324557.0,,Netherlands,NASDAQ screener
NAN,Nuveen New York Quality Municipal Income Fund Common Stock,Finance,Investment Managers,3464539068.0,1999.0,United States,NASDAQ screener
NAT,Nordic American Tankers Limited Common Stock,Consumer Discretionary,Marine Transportation,1067223342.0,1995.0,Bermuda,NASDAQ screener
NATH,Nathan's Famous Inc. Common Stock,Consumer Discretionary,Restaurants,414353786.0,1993.0,United States,NASDAQ screener
NATL,NCR Atleos Corporation Common Stock,Miscellaneous,Office Equipment/Supplies/Services,3340012316.0,2023.0,United States,NASDAQ screener
NATR,Nature's Sunshine Products Inc. Common Stock,Health Care,Biotechnology: Pharmaceutical Preparations,384053583.0,,United States,NASDAQ screener
NAUT,Nautilus Biotechnology Inc. Common Stock,Industrials,Biotechnology: Laboratory Analytical Instruments,330405023.0,2020.0,United States,NASDAQ screener
NAVI,Navient Corporation Common Stock,Finance,Investment Bankers/Brokers/Service,780973667.0,,United States,NASDAQ screener
NAVN,Navan Inc. Class A Common Stock,Technology,Computer Software: Prepackaged Software,5134393728.0,2025.0,United States,"Finnhub IPO,NASDAQ screener"
NB,NioCorp Developments Ltd. Common Stock,Basic Materials,Metal Mining,867698806.0,,United States,NASDAQ screener
NBBK,NB Bancorp Inc. Common Stock,Finance,Banks,892782075.0,2023.0,United States,"Finnhub IPO,NASDAQ screener"
NBHC,National Bank Holdings Corporation Common Stock,Finance,Major Banks,1912425583.0,2012.0,United States,NASDAQ screener
NBN,Northeast Bank Common Stock,Finance,Major Banks,1008526500.0,,United States,NASDAQ screener
NBP,NovaBridge Biosciences American Depositary Shares,Health Care,Biotechnology: Pharmaceutical Preparations,215763764.0,2020.0,China,NASDAQ screener
NBR,Nabors Industries Ltd.,Energy,Oil & Gas Production,1488486870.0,1951.0,Bermuda,NASDAQ screener
NBRGU,Newbridge Acquisition Ltd,Finance,Blank Checks,50000000.0,2026.0,Hong Kong,"Finnhub IPO,NASDAQ screener"
NBTB,NBT Bancorp Inc. Common Stock,Finance,Major Banks,2405473230.0,,United States,NASDAQ screener
NBTX,Nanobiotix S.A. American Depositary Shares,Health Care,Biotechnology: Pharmaceutical Preparations,1956250848.0,2020.0,France,NASDAQ screener
NC,NACCO Industries Inc. Common Stock,Energy,Coal Mining,382535145.0,,United States,NASDAQ screener
NCDL,Nuveen Churchill Direct Lending Corp. Common Stock,,,641044104.0,2024.0,United States,NASDAQ screener
NCEW,New Century Logistics (BVI) Limited Ordinary Shares,Industrials,Integrated Freight & Logistics,58309120.0,2024.0,Hong Kong,"Finnhub IPO,NASDAQ screener"
NCLA,Nuclea Energy Inc.,,,63888890.0,,,Finnhub IPO
NCLH,Norwegian Cruise Line Holdings Ltd. Ordinary Shares,Consumer Discretionary,Marine Transportation,8392533359.0,,United States,NASDAQ screener
NCMI,National CineMedia Inc. Common Stock,Consumer Discretionary,Advertising,289781093.0,2007.0,United States,NASDAQ screener
NCNO,nCino Inc. Common Stock,Technology,Computer Software: Prepackaged Software,1736414258.0,2020.0,United States,NASDAQ screener
NCSM,NCS Multistage Holdings Inc. Common Stock,Energy,Oilfield Services/Equipment,113274413.0,2017.0,United States,NASDAQ screener
NCTY,The9 Limited American Depository Shares,Finance,Finance: Consumer Services,82065623.0,2004.0,China,NASDAQ screener
NCV,Virtus Convertible & Income Fund Common Shares of Beneficial Interest,Finance,Finance Companies,1578826250.0,2003.0,United States,NASDAQ screener
NCZ,Virtus Convertible & Income Fund II Common Shares of Beneficial Interest,Finance,Finance Companies,1209479252.0,2003.0,United States,NASDAQ screener
NDLS,Noodles & Company Class A Common Stock,Consumer Discretionary,Restaurants,67640723.0,2013.0,United States,NASDAQ screener
NDMO,Nuveen Dynamic Municipal Opportunities Fund Common Shares of Beneficial Interest,Finance,Trusts Except Educational Religious and Charitable,617843781.0,2020.0,,NASDAQ screener
NE,Noble Corporation plc A Ordinary Shares,Energy,Oil & Gas Production,7530568557.0,2022.0,United States,NASDAQ screener
NECB,NorthEast Community Bancorp Inc. Common Stock,Finance,Banks,337786701.0,2021.0,United States,NASDAQ screener
NEGG,Newegg Commerce Inc. Common Shares,Consumer Discretionary,Other Specialty Stores,390308647.0,2010.0,China,NASDAQ screener
NEN,New England Realty Associates Limited Partnership Class A Depositary Receipts Evidencing Units of Limited Partnership,Real Estate,Building operators,169832622.0,,United States,NASDAQ screener
NEO,NeoGenomics Inc. Common Stock,Health Care,Precision Instruments,1326858038.0,,United States,NASDAQ screener
NEOG,Neogen Corporation Common Stock,Health Care,Biotechnology: In Vitro & In Vivo Diagnostic Substances,2024359281.0,1989.0,United States,NASDAQ screener
NEOV,NeoVolta Inc. Common Stock,Miscellaneous,Industrial Machinery/Components,85422602.0,,United States,NASDAQ screener
NERV,Minerva Neurosciences Inc Common Stock,Health Care,Biotechnology: Pharmaceutical Preparations,232943545.0,2014.0,United States,NASDAQ screener
NESR,National Energy Services Reunited Corp Ordinary Shares,Energy,Oilfield Services/Equipment,2448571351.0,,United States,NASDAQ screener
NETDU,Nabors Energy Transition Corp. II,,,300000000.0,,,Finnhub IPO
NEU,NewMarket Corp Common Stock,Industrials,Major Chemicals,7239944715.0,,United States,NASDAQ screener
NEWP,New Pacific Metals Corp. Common Shares,Basic Materials,Precious Metals,916095782.0,2021.0,Canada,NASDAQ screener
NEWT,NewtekOne Inc. Common Stock,Finance,Major Banks,400850413.0,,United States,NASDAQ screener
NEWTG,NewtekOne Inc. 8.50% Fixed Rate Senior Notes due 2029,Finance,Major Banks,672523319.0,,United States,NASDAQ screener
NEWTI,NewtekOne Inc. 8.00% Fixed Rate Senior Notes due 2028,Finance,Major Banks,672391709.0,,United States,NASDAQ screener
NEWTP,NewtekOne Inc. Depositary Shares Non-Cumulative Perpetual Preferred Stock Series B,Finance,Major Banks,703291905.0,,United States,NASDAQ screener
NEXA,Nexa Resources S.A. Common Shares,Basic Materials,Metal Mining,1974665490.0,2017.0,Luxembourg,NASDAQ screener
NEXN,Nexxen International Ltd. Ordinary Shares,Technology,Computer Software: Programming Data Processing,554660188.0,2021.0,Israel,NASDAQ screener
NEXT,NextDecade Corporation Common Stock,Utilities,Oil & Gas Production,2133193545.0,2015.0,United States,NASDAQ screener
NFBK,Northfield Bancorp Inc. Common Stock (Delaware),Finance,Savings Institutions,595552530.0,2007.0,United States,NASDAQ screener
NFE,New Fortress Energy Inc. Class A Common Stock,Utilities,Oil/Gas Transmission,170095434.0,2019.0,United States,NASDAQ screener
NFG,National Fuel Gas Company Common Stock,Utilities,Oil/Gas Transmission,7424162479.0,,United States,NASDAQ screener
NFGC,New Found Gold Corp Common Shares,Basic Materials,Precious Metals,768165098.0,2021.0,,NASDAQ screener
NG,Novagold Resources Inc.,Basic Materials,Precious Metals,3650654708.0,2003.0,Canada,NASDAQ screener
NGEN,NervGen Pharma Corp. Common stock,,,170961723.0,,Canada,NASDAQ screener
NGL,NGL ENERGY PARTNERS LP Common Units representing Limited Partner Interests,Utilities,Natural Gas Distribution,2015696625.0,2011.0,United States,NASDAQ screener
NGNE,Neurogene Inc. Common Stock,Health Care,Biotechnology: Pharmaceutical Preparations,434552278.0,2014.0,Canada,NASDAQ screener
NGS,Natural Gas Services Group Inc. Common Stock,Energy,Oilfield Services/Equipment,519682556.0,2002.0,United States,NASDAQ screener
NGVC,Natural Grocers by Vitamin Cottage Inc. Common Stock,Consumer Staples,Food Chains,683620121.0,2012.0,United States,NASDAQ screener
NGVT,Ingevity Corporation Common Stock,Industrials,Major Chemicals,2384642500.0,2016.0,United States,NASDAQ screener
NHC,National HealthCare Corporation Common Stock,Health Care,Hospital/Nursing Management,2887134442.0,1986.0,United States,NASDAQ screener
NHI,National Health Investors Inc. Common Stock,Real Estate,Real Estate Investment Trusts,3650841670.0,,United States,NASDAQ screener
NHICU,NewHold Investment Corp. III,Finance,Blank Checks,175000000.0,2025.0,United States,"Finnhub IPO,NASDAQ screener"
NHIVU,NewHold Investment Corp IV,,,175000000.0,,,Finnhub IPO
NHP,National Healthcare Properties Inc. Class A Common Stock,,,1073159775.0,,United States,"Finnhub IPO,NASDAQ screener"
NHPAP,National Healthcare Properties Inc. 7.375% Series A Cumulative Redeemable Perpetual Preferred Stock,Real Estate,Real Estate Investment Trusts,1630153027.0,,United States,NASDAQ screener
NHPBP,National Healthcare Properties Inc. 7.125% Series B Cumulative Redeemable Perpetual Preferred Stock,Real Estate,Real Estate Investment Trusts,1607552516.0,,United States,NASDAQ screener
NIC,Nicolet Bankshares Inc. Common Stock,Finance,Major Banks,2985892653.0,2022.0,United States,NASDAQ screener
NICE,NICE Ltd American Depositary Shares,Technology,Computer Software: Prepackaged Software,5384340491.0,,Israel,NASDAQ screener
NICM,Nicola Mining Inc. American Depositary Shares,,,1455192995.0,,Canada,NASDAQ screener
NIE,Virtus Equity & Convertible Income Fund Common Shares of Beneficial Interest,Finance,Investment Managers,745371159.0,2007.0,United States,NASDAQ screener
NINE,Nine Energy Service Inc. Common Stock,Energy,Oilfield Services/Equipment,146614395.0,2026.0,,NASDAQ screener
NIOBW,NioCorp Developments Ltd. Warrant,Basic Materials,Metal Mining,285350614.0,,United States,NASDAQ screener
NIPG,NIP Group Inc. American Depositary Shares,Consumer Discretionary,Services-Misc. Amusement & Recreation,94230258.0,2024.0,Sweden,"Finnhub IPO,NASDAQ screener"
NIQ,NIQ Global Intelligence plc Ordinary Shares,Technology,Computer Software: Programming Data Processing,2461437092.0,2025.0,United States,"Finnhub IPO,NASDAQ screener"
NIU,Niu Technologies American Depositary Shares,Industrials,Auto Manufacturing,191384055.0,2018.0,China,NASDAQ screener
NJR,NewJersey Resources Corporation Common Stock,Utilities,Oil/Gas Transmission,5607202596.0,,United States,NASDAQ screener
NKLR,Terra Innovatum Global N.V. Ordinary shares,Industrials,Metal Fabrications,428835783.0,,Italy,NASDAQ screener
NKSH,National Bankshares Inc. Common Stock,Finance,Major Banks,224231716.0,,United States,NASDAQ screener
NKTR,Nektar Therapeutics  Common Stock,Health Care,Biotechnology: Pharmaceutical Preparations,2196429940.0,,United States,NASDAQ screener
NKTX,Nkarta Inc. Common Stock,Health Care,Biotechnology: Pharmaceutical Preparations,236099681.0,2020.0,United States,NASDAQ screener
NL,NLI Holdings Inc. Common Stock,Basic Materials,Major Chemicals,359629722.0,,United States,NASDAQ screener
NLOP,Net Lease Office Properties Common Shares of Beneficial Interest,Real Estate,Real Estate Investment Trusts,178509604.0,2023.0,United States,NASDAQ screener
NMAX,Newsmax Inc. Class B Common Stock,Industrials,Broadcasting,1128864037.0,2025.0,United States,"Finnhub IPO,NASDAQ screener"
NMCO,Nuveen Municipal Credit Opportunities Fund Common Shares,Finance,Finance/Investors Services,591531919.0,2019.0,,NASDAQ screener
NMFC,New Mountain Finance Corporation Common Stock,Finance,Finance/Investors Services,756563644.0,,United States,NASDAQ screener
NMFCZ,New Mountain Finance Corporation 8.250% Notes due 2028,,,2689868704.0,,United States,NASDAQ screener
NMG,Nouveau Monde Graphite Inc. Common Shares,Basic Materials,Other Metals and Minerals,307178689.0,,Canada,NASDAQ screener
NMIH,NMI Holdings Inc. Common Stock,Finance,Property-Casualty Insurers,2756260205.0,2013.0,United States,NASDAQ screener
NMM,Navios Maritime Partners LP Common Units Representing Limited Partner Interests,Consumer Discretionary,Marine Transportation,2031864266.0,2007.0,Greece,NASDAQ screener
NMPAU,NMP Acquisition Corp.,,,100000000.0,,,Finnhub IPO
NMRA,Neumora Therapeutics Inc. Common Stock,Health Care,Biotechnology: Biological Products (No Diagnostic Substances),348334379.0,2023.0,United States,"Finnhub IPO,NASDAQ screener"
NMRK,Newmark Group Inc. Class A Common Stock,Finance,Real Estate,2531545244.0,2017.0,United States,NASDAQ screener
NN,NextNav Inc. Common Stock,Industrials,Industrial Machinery/Components,3042543740.0,,United States,NASDAQ screener
NNAGU,99 Acquisition Group Inc.,,,75000000.0,,,Finnhub IPO
NNAVW,NextNav Inc. Warrant,Industrials,Industrial Machinery/Components,1466697094.0,,United States,NASDAQ screener
NNBR,NN Inc. Common Stock,Industrials,Industrial Machinery/Components,162542417.0,1994.0,United States,NASDAQ screener
NNDM,Nano Dimension Ltd. American Depositary Shares,Technology,Electrical Products,355654605.0,,Israel,NASDAQ screener
NNE,Nano Nuclear Energy Inc. Common Stock,Utilities,Electric Utilities: Central,1492186373.0,2024.0,United States,"Finnhub IPO,NASDAQ screener"
NNI,Nelnet Inc. Common Stock,Finance,Finance: Consumer Services,4675735073.0,2003.0,United States,NASDAQ screener
NNN,NNN REIT Inc. Common Stock,Real Estate,Real Estate Investment Trusts,8532630738.0,,United States,NASDAQ screener
NNNN,Anbio Biotechnology Class A Ordinary Shares,Health Care,Biotechnology: In Vitro & In Vivo Diagnostic Substances,4955612928.0,2025.0,Germany,"Finnhub IPO,NASDAQ screener"
NNOX,NANO-X IMAGING LTD Ordinary Shares,Health Care,Medical Electronics,136396847.0,2020.0,Israel,NASDAQ screener
NOA,North American Construction Group Ltd. Common Shares (no par),Energy,Oilfield Services/Equipment,392537668.0,2006.0,Canada,NASDAQ screener
NOAH,Noah Holdings Limited American Depositary Shares,Finance,Investment Managers,695996200.0,2010.0,China,NASDAQ screener
NODK,NI Holdings Inc. Common Stock,Finance,Property-Casualty Insurers,287969004.0,2017.0,United States,NASDAQ screener
NOEMU,CO2 Energy Transition Corp.,,,60000000.0,2024.0,United States,"Finnhub IPO,NASDAQ screener"
NOG,Northern Oil and Gas Inc. Common Stock,Energy,Oil & Gas Production,2299899014.0,2022.0,United States,NASDAQ screener
NOMA,NOMADAR Corp. Class A Common Stock,Consumer Discretionary,Services-Misc. Amusement & Recreation,52392553.0,,United States,"Finnhub IPO,NASDAQ screener"
NOMD,Nomad Foods Limited Ordinary Shares,Consumer Staples,Packaged Foods,1439332112.0,2016.0,United Kingdom,NASDAQ screener
NOV,NOV Inc. Common Stock,Consumer Discretionary,Oil and Gas Field Machinery,7271080605.0,,United States,NASDAQ screener
NOVT,Novanta Inc. Common Stock,Miscellaneous,Industrial Machinery/Components,5674037335.0,,United States,NASDAQ screener
NOVTU,Novanta Inc. Tangible Equity Units,Miscellaneous,Industrial Machinery/Components,2393829095.0,,United States,NASDAQ screener
NP,Neptune Insurance Holdings Inc. Class A Common Stock,Finance,Specialty Insurers,3860045829.0,2025.0,,"Finnhub IPO,NASDAQ screener"
NPACU,New Providence Acquisition Corp. III/Cayman,Finance,Blank Checks,261000000.0,2025.0,United States,"Finnhub IPO,NASDAQ screener"
NPB,Northpointe Bancshares Inc. Common Stock,Finance,Major Banks,597228411.0,2025.0,United States,"Finnhub IPO,NASDAQ screener"
NPCE,Neuropace Inc. Common Stock,Health Care,Medical/Dental Instruments,592890226.0,2021.0,United States,NASDAQ screener
NPK,National Presto Industries Inc. Common Stock,Industrials,Ordnance And Accessories,945586884.0,,United States,NASDAQ screener
NPKI,NPK International Inc. Common Stock,Consumer Discretionary,Oil and Gas Field Machinery,1272616833.0,,United States,NASDAQ screener
NPO,Enpro Inc. Common Stock,Industrials,Metal Fabrications,6637152762.0,,United States,NASDAQ screener
NPWR,NET Power Inc. Class A Common Stock,Energy,Industrial Machinery/Components,449523362.0,2021.0,United States,NASDAQ screener
NRC,NRC Health Common Stock,Health Care,Biotechnology: Commercial Physical & Biological Resarch,443071443.0,,United States,NASDAQ screener
NRDS,NerdWallet Inc. Class A Common Stock,Technology,EDP Services,563895570.0,2021.0,United States,NASDAQ screener
NRDY,Nerdy Inc. Class A Common Stock,Real Estate,Other Consumer Services,158265434.0,2020.0,United States,NASDAQ screener
NREF,NexPoint Real Estate Finance Inc. Common Stock,Real Estate,Real Estate Investment Trusts,291516935.0,2020.0,United States,NASDAQ screener
NRGV,Energy Vault Holdings Inc. Common Stock,Miscellaneous,Industrial Machinery/Components,914402996.0,2021.0,United States,NASDAQ screener
NRIM,Northrim BanCorp Inc Common Stock,Finance,Savings Institutions,550335511.0,,United States,NASDAQ screener
NRIX,Nurix Therapeutics Inc. Common stock,Health Care,Biotechnology: Pharmaceutical Preparations,1827180716.0,2020.0,United States,NASDAQ screener
NRP,Natural Resource Partners LP Limited Partnership,Energy,Coal Mining,1397918466.0,2002.0,United States,NASDAQ screener
NRT,North European Oil Royality Trust Common Stock,Energy,Oil & Gas Production,74627591.0,,United States,NASDAQ screener
NRXP,NRX Pharmaceuticals Inc. Common Stock,Health Care,Biotechnology: Pharmaceutical Preparations,160856724.0,2017.0,United States,NASDAQ screener
NRXS,Neuraxis Inc. Common Stock,Health Care,Biotechnology: Electromedical & Electrotherapeutic Apparatus,90282312.0,2023.0,,"Finnhub IPO,NASDAQ screener"
NSA,National Storage Affiliates Trust Common Shares of Beneficial Interest,Real Estate,Real Estate Investment Trusts,3352568183.0,2015.0,United States,NASDAQ screener
NSIT,Insight Enterprises Inc. Common Stock,Consumer Discretionary,Catalog/Specialty Distribution,3122480939.0,1995.0,United States,NASDAQ screener
NSP,Insperity Inc. Common Stock,Consumer Discretionary,Professional Services,1299660647.0,,United States,NASDAQ screener
NSSC,NAPCO Security Technologies Inc. Common Stock,Telecommunications,Telecommunications Equipment,1313694181.0,,United States,NASDAQ screener
NSTS,NSTS Bancorp Inc. Common Stock,Finance,Savings Institutions,72451309.0,2022.0,United States,NASDAQ screener
NTB,Bank of N.T. Butterfield & Son Limited (The) Voting Ordinary Shares,Finance,Commercial Banks,2278400000.0,2016.0,Bermuda,NASDAQ screener
NTCT,NetScout Systems Inc. Common Stock,Technology,EDP Services,2967051423.0,1999.0,United States,NASDAQ screener
NTGR,NETGEAR Inc. Common Stock,Utilities,Telecommunications Equipment,690053906.0,2003.0,United States,NASDAQ screener
NTHI,NeOnc Technologies Holdings Inc. Common Stock,Health Care,Biotechnology: Pharmaceutical Preparations,124602921.0,,United States,"Finnhub IPO,NASDAQ screener"
NTIC,Northern Technologies International Corporation Common Stock,Industrials,Industrial Specialties,76505528.0,,United States,NASDAQ screener
NTLA,Intellia Therapeutics Inc. Common Stock,Health Care,Biotechnology: In Vitro & In Vivo Diagnostic Substances,1911400749.0,2016.0,United States,NASDAQ screener
NTRSO,Northern Trust Corporation Depositary Shares Each Representing a 1/1000th Interest in a Share of Series E Non-Cumulative Perpetual Preferred Stock,Finance,Major Banks,3504795067.0,,United States,NASDAQ screener
NTSK,Netskope Inc. Class A Common Stock,Technology,Computer Software: Prepackaged Software,4654286448.0,2025.0,United States,"Finnhub IPO,NASDAQ screener"
NTST,NetSTREIT Corp. Common Stock,Real Estate,Real Estate Investment Trusts,1968554686.0,2020.0,United States,NASDAQ screener
NTWK,NetSol Technologies Inc. Common  Stock,Technology,Computer Software: Prepackaged Software,55344089.0,,United States,NASDAQ screener
NTWOU,Newbury Street II Acquisition Corp,,,150000000.0,,,Finnhub IPO
NUAI,New Era Energy & Digital Inc. Common Stock,Energy,Oil & Gas Production,471002815.0,,United States,NASDAQ screener
NUAIW,New Era Energy & Digital Inc. Warrants,Energy,Oil & Gas Production,188401126.0,,United States,NASDAQ screener
NUCL,Eagle Nuclear Energy Corp. Common stock,Basic Materials,Other Metals and Minerals,313836511.0,,United States,NASDAQ screener
NUS,Nu Skin Enterprises Inc. Common Stock,Health Care,Other Pharmaceuticals,291303258.0,1996.0,United States,NASDAQ screener
NUTX,Nutex Health Inc. Common Stock,Consumer Discretionary,Business Services,898565247.0,,United States,NASDAQ screener
NUVB,Nuvation Bio Inc. Class A Common Stock,Health Care,Biotechnology: Pharmaceutical Preparations,1653959362.0,2020.0,United States,NASDAQ screener
NUVL,Nuvalent Inc. Class A Common Stock,Health Care,Biotechnology: Pharmaceutical Preparations,8632102172.0,2021.0,United States,NASDAQ screener
NVA,Nova Minerals Limited American Depositary Shares,Basic Materials,Precious Metals,253703367.0,2024.0,Australia,"Finnhub IPO,NASDAQ screener"
NVAX,Novavax Inc. Common Stock,Health Care,Biotechnology: Biological Products (No Diagnostic Substances),1697001388.0,,United States,NASDAQ screener
NVCR,NovoCure Limited Ordinary Shares,Health Care,Medical/Dental Instruments,1997911215.0,2015.0,Jersey,NASDAQ screener
NVCT,Nuvectis Pharma Inc. Common Stock,Health Care,Biotechnology: Pharmaceutical Preparations,270295181.0,2022.0,United States,NASDAQ screener
NVEC,NVE Corporation Common Stock,Technology,Semiconductors,487900749.0,,United States,NASDAQ screener
NVGS,Navigator Holdings Ltd. Ordinary Shares (Marshall Islands),Consumer Discretionary,Marine Transportation,1425069697.0,2013.0,Marshall Islands,NASDAQ screener
NVRI,Enviri Corporation Common Stock,Miscellaneous,Diversified Commercial Services,1755012874.0,,United States,NASDAQ screener
NVST,Envista Holdings Corporation Common Stock,Health Care,Medical/Dental Instruments,3851769937.0,2019.0,United States,NASDAQ screener
NVTS,Navitas Semiconductor Corporation Common Stock,Technology,Semiconductors,6663162363.0,,United States,NASDAQ screener
NVX,NOVONIX Limited American Depository Shares,Miscellaneous,Industrial Machinery/Components,150457218.0,,Australia,NASDAQ screener
NWAXU,New America Acquisition I Corp.,,,300000000.0,,,Finnhub IPO
NWBI,Northwest Bancshares Inc. Common Stock,Finance,Major Banks,2058647140.0,2009.0,United States,NASDAQ screener
NWE,NorthWestern Energy Group Inc. Common Stock,Utilities,Power Generation,4359688174.0,,United States,NASDAQ screener
NWFL,Norwood Financial Corp. Common Stock,Finance,Major Banks,334562273.0,,United States,NASDAQ screener
NWL,Newell Brands Inc. Common Stock,Industrials,Plastic Products,1516992146.0,,United States,NASDAQ screener
NWN,Northwest Natural Holding Company Common Stock,Utilities,Oil/Gas Transmission,2068249301.0,,United States,NASDAQ screener
NWPX,NWPX Infrastructure Inc. Common Stock,Industrials,Steel/Iron Ore,1159332062.0,1995.0,United States,NASDAQ screener
NX,Quanex Building Products Corporation Common Stock,Industrials,Metal Fabrications,864933718.0,,United States,NASDAQ screener
NXDR,Nextdoor Holdings Inc. Class A Common Stock,Technology,Computer Software: Programming Data Processing,827611363.0,,United States,NASDAQ screener
NXDT,NexPoint Diversified Real Estate Trust Common Stock,Real Estate,Real Estate Investment Trusts,282929066.0,,United States,NASDAQ screener
NXE,Nexgen Energy Ltd. Common Shares,Basic Materials,Other Metals and Minerals,7479293957.0,2017.0,Canada,NASDAQ screener
NXG,NXG NextGen Infrastructure Income Fund Common Shares of Beneficial Interest,,,152902732.0,2012.0,,NASDAQ screener
NXP,Nuveen Select Tax Free Income Portfolio Common Stock,Finance,Trusts Except Educational Religious and Charitable,665951378.0,1992.0,United States,NASDAQ screener
NXRT,NexPoint Residential Trust Inc. Common Stock,Real Estate,Real Estate Investment Trusts,755056423.0,2015.0,United States,NASDAQ screener
NXST,Nexstar Media Group Inc. Common Stock,Industrials,Broadcasting,5678415152.0,2003.0,United States,NASDAQ screener
NXTT,Next Technology Holding Inc. Ordinary Shares,Technology,EDP Services,108295411.0,,China,NASDAQ screener
NXXT,NextNRG Inc. Common Stock,Consumer Discretionary,Retail-Auto Dealers and Gas Stations,112518784.0,2021.0,United States,NASDAQ screener
NYAX,Nayax Ltd. Ordinary Shares,Technology,Computer Software: Prepackaged Software,2769810717.0,,Israel,NASDAQ screener
NYXH,Nyxoah SA Ordinary Shares,Health Care,Medical/Dental Instruments,130550585.0,2021.0,Belgium,NASDAQ screener
OABI,OmniAb Inc. Common Stock,Health Care,Biotechnology: Commercial Physical & Biological Resarch,394325415.0,2021.0,United States,NASDAQ screener
OACCU,Oaktree Acquisition Corp. III Life Sciences,,,175000000.0,,,Finnhub IPO
OBAWU,Oxley Bridge Acquisition Ltd,,,220000000.0,,,Finnhub IPO
OBDC,Blue Owl Capital Corporation Common Stock,Finance,Diversified Financial Services,5513953261.0,2019.0,United States,NASDAQ screener
OBE,Obsidian Energy Ltd. Common Shares,Energy,Oil & Gas Production,754776302.0,2022.0,Canada,NASDAQ screener
OBIO,Orchestra BioMed Holdings Inc. Ordinary Shares,Health Care,Medicinal Chemicals and Botanical Products,238325246.0,2020.0,United States,NASDAQ screener
OBK,Origin Bancorp Inc. Common Stock,Finance,Major Banks,1465472090.0,,United States,NASDAQ screener
OBT,Orange County Bancorp Inc. Common Stock,Finance,Major Banks,459220712.0,,United States,NASDAQ screener
OCACU,Ocean Capital Acquisition Corp,,,69000000.0,,,Finnhub IPO
OCC,Optical Cable Corporation Common Stock,Industrials,Telecommunications Equipment,126998379.0,,United States,NASDAQ screener
OCCIN,OFS Credit Company Inc. 5.25% Series E Term Preferred Stock Due 2026,Finance,Trusts Except Educational Religious and Charitable,287624788.0,,United States,NASDAQ screener
OCFC,OceanFirst Financial Corp. Common Stock,Finance,Major Banks,1082881297.0,,United States,NASDAQ screener
OCGN,Ocugen Inc. Common Stock,Health Care,Biotechnology: Biological Products (No Diagnostic Substances),477315817.0,2014.0,United States,NASDAQ screener
OCS,Oculis Holding AG Ordinary shares,Health Care,Biotechnology: Pharmaceutical Preparations,1719238587.0,,Switzerland,NASDAQ screener
OCSAW,Oculis Holding AG Warrants,Health Care,Biotechnology: Pharmaceutical Preparations,1066333815.0,,Switzerland,NASDAQ screener
OCSL,Oaktree Specialty Lending Corporation Common Stock,Finance,Finance: Consumer Services,1042932592.0,,United States,NASDAQ screener
OCTV,Octave Intelligence plc Class B Ordinary Shares,Technology,Computer Software: Prepackaged Software,4576867900.0,,United States,NASDAQ screener
OCUL,Ocular Therapeutix Inc. Common Stock,Health Care,Biotechnology: Pharmaceutical Preparations,2003487276.0,2014.0,United States,NASDAQ screener
ODC,Oil-Dri Corporation Of America Common Stock,Consumer Discretionary,Miscellaneous manufacturing industries,1148554155.0,,United States,NASDAQ screener
ODD,ODDITY Tech Ltd. Class A Ordinary Shares,Consumer Discretionary,Package Goods/Cosmetics,742202574.0,2023.0,Israel,"Finnhub IPO,NASDAQ screener"
ODTX,Odyssey Therapeutics Inc. Common Stock,Health Care,Biotechnology: Biological Products (No Diagnostic Substances),806306260.0,2026.0,United States,"Finnhub IPO,NASDAQ screener"
ODV,Osisko Development Corp. Common Shares,Basic Materials,Precious Metals,831889362.0,2022.0,Canada,NASDAQ screener
ODYS,Odysight.ai Inc. Common Stock,Technology,Electronic Components,79021187.0,,Israel,"Finnhub IPO,NASDAQ screener"
OEC,Orion S.A. Common Shares,Industrials,Major Chemicals,433628711.0,2014.0,Luxembourg,NASDAQ screener
OFG,OFG Bancorp Common Stock,Finance,Major Banks,1936702060.0,,Puerto Rico,NASDAQ screener
OFIX,Orthofix Medical Inc. Common Stock (DE),Health Care,Medical/Dental Instruments,383601477.0,1992.0,Curacao,NASDAQ screener
OFLX,Omega Flex Inc. Common Stock,Industrials,Industrial Specialties,312823039.0,,United States,NASDAQ screener
OFRM,Once Upon a Farm PBC Common Stock,Consumer Staples,Packaged Foods,636910871.0,2026.0,,"Finnhub IPO,NASDAQ screener"
OGC,OceanaGold Corporation Common Shares,,,6576314615.0,2026.0,,NASDAQ screener
OGE,OGE Energy Corp Common Stock,Utilities,Electric Utilities: Central,9778015329.0,,United States,NASDAQ screener
OGI,Organigram Global Inc. Common Shares,Health Care,Biotechnology: Pharmaceutical Preparations,160483525.0,,Canada,NASDAQ screener
OGN,Organon & Co. Common Stock,Health Care,Biotechnology: Pharmaceutical Preparations,3505721508.0,2021.0,United States,NASDAQ screener
OGS,ONE Gas Inc. Common Stock,Utilities,Oil/Gas Transmission,4964516360.0,2014.0,United States,NASDAQ screener
OHACU,Oceanhawk Acquisition Corp.,,,160000000.0,2026.0,United States,"Finnhub IPO,NASDAQ screener"
OI,O-I Glass Inc. Common Stock,Consumer Discretionary,Containers/Packaging,1396559019.0,,United States,NASDAQ screener
OIA,Invesco Municipal Income Opportunities Trust Common Stock,Finance,Finance Companies,293726484.0,,United States,NASDAQ screener
OII,Oceaneering International Inc. Common Stock,Energy,Oilfield Services/Equipment,3819245584.0,,United States,NASDAQ screener
OIMAU,OneIM Acquisition Corp.,,,250000000.0,,,Finnhub IPO
OIO,OIO Group Ordinary Shares,Utilities,Environmental Services,668202447.0,,Singapore,NASDAQ screener
OIS,Oil States International Inc. Common Stock,Consumer Discretionary,Oil and Gas Field Machinery,502615015.0,2001.0,United States,NASDAQ screener
OKUR,OnKure Therapeutics Inc. Class A Common Stock,Health Care,Biotechnology: Pharmaceutical Preparations,166429378.0,2021.0,United States,NASDAQ screener
OKYO,OKYO Pharma Limited Ordinary Shares,Health Care,Biotechnology: Biological Products (No Diagnostic Substances),57866400.0,2022.0,Guernsey,NASDAQ screener
OLED,Universal Display Corporation Common Stock,Technology,Electrical Products,4401596388.0,,United States,NASDAQ screener
OLLI,Ollie's Bargain Outlet Holdings Inc. Common Stock,Consumer Discretionary,Department/Specialty Retail Stores,5006983207.0,2015.0,United States,NASDAQ screener
OLMA,Olema Pharmaceuticals Inc. Common Stock,Health Care,Biotechnology: Pharmaceutical Preparations,1114553730.0,2020.0,United States,NASDAQ screener
OLN,Olin Corporation Common Stock,Industrials,Major Chemicals,3046765321.0,,United States,NASDAQ screener
OLP,One Liberty Properties Inc. Common Stock,Real Estate,Real Estate Investment Trusts,517120918.0,1986.0,United States,NASDAQ screener
OLPX,Olaplex Holdings Inc. Common Stock,Consumer Discretionary,Package Goods/Cosmetics,1377686461.0,2021.0,United States,NASDAQ screener
OM,Outset Medical Inc. Common Stock,Health Care,Biotechnology: Electromedical & Electrotherapeutic Apparatus,92871577.0,2020.0,United States,NASDAQ screener
OMAB,Grupo Aeroportuario del Centro Norte S.A.B. de C.V. ADS,Consumer Discretionary,Aerospace,4861873048.0,2006.0,Mexico,NASDAQ screener
OMCL,Omnicell Inc. Common Stock ($0.001 par value),Technology,Computer Manufacturing,2033816810.0,2001.0,United States,NASDAQ screener
OMDA,Omada Health Inc. Common Stock,Health Care,Medical/Nursing Services,1059372395.0,2025.0,United States,"Finnhub IPO,NASDAQ screener"
OMER,Omeros Corporation Common Stock,Health Care,Biotechnology: Pharmaceutical Preparations,806985208.0,2009.0,United States,NASDAQ screener
OMEX,Odyssey Marine Exploration Inc. Common Stock,Consumer Discretionary,Marine Transportation,65603009.0,,United States,NASDAQ screener
OMF,OneMain Holdings Inc. Common Stock,Finance,Finance: Consumer Services,6245603265.0,2013.0,United States,NASDAQ screener
OMSE,OMS Energy Technologies Inc. Ordinary Shares,Consumer Discretionary,Oil and Gas Field Machinery,200357883.0,2025.0,Singapore,"Finnhub IPO,NASDAQ screener"
ONB,Old National Bancorp Common Stock,Finance,Major Banks,9272952000.0,,United States,NASDAQ screener
ONBPO,Old National Bancorp Depositary Shares Each Representing a 1/40th Interest in a Share of Series C Preferred Stock,Finance,Major Banks,9618755835.0,,United States,NASDAQ screener
ONBPP,Old National Bancorp Depositary Shares Each Representing a 1/40th Interest in a Share of Series A Preferred Stock,Finance,Major Banks,9570459210.0,,United States,NASDAQ screener
ONCHU,1RT Acquisition Corp.,,,150000000.0,2025.0,United States,"Finnhub IPO,NASDAQ screener"
ONCY,Oncolytics Biotech Inc. Common Stock,Health Care,Biotechnology: Pharmaceutical Preparations,111596053.0,,Canada,NASDAQ screener
ONDS,Ondas Inc. Common Stock,Technology,Radio And Television Broadcasting And Communications Equipment,6653519525.0,,United States,NASDAQ screener
ONEU,One Universe Acquisition Corp,,,69000000.0,,,Finnhub IPO
ONEW,OneWater Marine Inc. Class A Common Stock,Consumer Discretionary,Auto & Home Supply Stores,188609090.0,2020.0,United States,NASDAQ screener
ONIT,Onity Group Inc. Common Stock,Finance,Finance: Consumer Services,295883687.0,,United States,NASDAQ screener
ONL,Orion Properties Inc. Common Stock,Real Estate,Real Estate Investment Trusts,167080400.0,2021.0,United States,NASDAQ screener
ONT,Onterris Inc. Common Stock,Consumer Discretionary,Professional Services,565940295.0,2020.0,United States,NASDAQ screener
OOMA,Ooma Inc. Common Stock,Technology,EDP Services,488849288.0,2015.0,United States,NASDAQ screener
OPAL,OPAL Fuels Inc. Class A Common Stock,Utilities,Natural Gas Distribution,387959610.0,2021.0,United States,NASDAQ screener
OPBK,OP Bancorp Common Stock,Finance,Major Banks,209413000.0,2018.0,United States,NASDAQ screener
OPCH,Option Care Health Inc. Common Stock,Health Care,Medical/Nursing Services,3388653536.0,,United States,NASDAQ screener
OPEN,Opendoor Technologies Inc Common Stock,Finance,Real Estate,4891214724.0,,United States,NASDAQ screener
OPENL,Opendoor Technologies Inc  Series A Warrants each whole warrant exercisable to purchase one share of Common Stock at an exercise price of $13.00 per warrant,Finance,Real Estate,304856776.0,,United States,NASDAQ screener
OPENW,Opendoor Technologies Inc  Series K Warrants each whole warrant exercisable to purchase one share of Common Stock at an exercise price of $9.00 per warrant,Finance,Real Estate,674350906.0,,United States,NASDAQ screener
OPENZ,Opendoor Technologies Inc  Series Z Warrants each whole warrant exercisable to purchase one share of Common Stock at an exercise price of $17.00 per warrant,Finance,Real Estate,260478891.0,,United States,NASDAQ screener
OPFI,OppFi Inc. Class A Common Stock,Finance,Finance: Consumer Services,712179688.0,2020.0,United States,NASDAQ screener
OPHC,OptimumBank Holdings Inc. Common Stock,Finance,Major Banks,68089415.0,,United States,NASDAQ screener
OPK,OPKO Health Inc. Common Stock,Health Care,Biotechnology: Pharmaceutical Preparations,1079781926.0,,United States,NASDAQ screener
OPLN,OPENLANE Inc. Common Stock,Consumer Discretionary,Retail-Auto Dealers and Gas Stations,3989930352.0,,United States,NASDAQ screener
OPRA,Opera Limited American Depositary Shares,Technology,Computer Software: Prepackaged Software,1648408608.0,2018.0,Norway,NASDAQ screener
OPRT,Oportun Financial Corporation Common Stock,Finance,Finance: Consumer Services,241956892.0,2019.0,United States,NASDAQ screener
OPRX,OptimizeRx Corporation Common Stock,Consumer Discretionary,Business Services,95701883.0,,United States,NASDAQ screener
OPTT,Ocean Power Technologies Inc. Common Stock,Utilities,Electric Utilities: Central,89727223.0,2007.0,United States,NASDAQ screener
OPTU,Optimum Communications Inc. Class A common stock,Telecommunications,Cable & Other Pay Television Services,288072946.0,2017.0,United States,NASDAQ screener
OPTX,Syntec Optics Holdings Inc. Class A Common Stock,Technology,Electronic Components,444689853.0,2022.0,United States,NASDAQ screener
OPTXW,Syntec Optics Holdings Inc. Warrant,Technology,Electronic Components,67267396.0,2022.0,United States,NASDAQ screener
OPXS,Optex Systems Holdings Inc. Common Stock,Technology,Electronic Components,77950578.0,,United States,NASDAQ screener
OPY,Oppenheimer Holdings Inc. Class A Common Stock (DE),Finance,Investment Bankers/Brokers/Service,975820496.0,,United States,NASDAQ screener
OR,OR Royalties Inc. Common Shares,Basic Materials,Precious Metals,6725476642.0,2016.0,Canada,NASDAQ screener
ORA,Ormat Technologies Inc. Common Stock,Utilities,Electric Utilities: Central,8460677215.0,2004.0,United States,NASDAQ screener
ORBS,Eightco Holdings Inc. Common Stock,,,373267105.0,,United States,NASDAQ screener
ORC,Orchid Island Capital Inc. Common Stock,Real Estate,Real Estate Investment Trusts,1387916571.0,2013.0,United States,NASDAQ screener
ORGO,Organogenesis Holdings Inc. Class A Common Stock,Health Care,Biotechnology: Pharmaceutical Preparations,337127316.0,2016.0,United States,NASDAQ screener
ORI,Old Republic International Corporation Common Stock,Finance,Property-Casualty Insurers,9166712266.0,,United States,NASDAQ screener
ORIC,Oric Pharmaceuticals Inc. Common Stock,Health Care,Biotechnology: Pharmaceutical Preparations,874723399.0,2020.0,United States,NASDAQ screener
ORIQU,Origin Investment Corp I Units,,,71070000.0,2025.0,Singapore,"Finnhub IPO,NASDAQ screener"
ORKA,Oruka Therapeutics Inc. Common Stock,Health Care,Biotechnology: In Vitro & In Vivo Diagnostic Substances,3496895616.0,,United States,NASDAQ screener
ORLA,Orla Mining Ltd. Common Shares,Basic Materials,Precious Metals,4311060283.0,2020.0,,NASDAQ screener
ORMP,Oramed Pharmaceuticals Inc. Common Stock,Health Care,Biotechnology: Pharmaceutical Preparations,162067281.0,,Israel,NASDAQ screener
ORN,Orion Group Holdings Inc. Common,Industrials,Military/Government/Technical,580472847.0,,United States,NASDAQ screener
ORRF,Orrstown Financial Services Inc. Common Stock,Finance,Major Banks,729523260.0,,United States,NASDAQ screener
OS,"OneStream, Inc.",,,490000000.0,,,Finnhub IPO
OSBC,Old Second Bancorp Inc. Common Stock,Finance,Major Banks,1095509524.0,,United States,NASDAQ screener
OSCR,Oscar Health Inc. Class A Common Stock,Health Care,Medical Specialities,6732338690.0,2021.0,United States,NASDAQ screener
OSG,Octave Specialty Group Inc. Common Stock,Finance,Property-Casualty Insurers,248475028.0,,United States,NASDAQ screener
OSIS,OSI Systems Inc. Common Stock (DE),Technology,Semiconductors,3645355952.0,1997.0,United States,NASDAQ screener
OSK,Oshkosh Corporation (Holding Company)Common Stock,Industrials,Auto Manufacturing,8083847212.0,,United States,NASDAQ screener
OSPN,OneSpan Inc. Common Stock,Technology,EDP Services,515683344.0,,United States,NASDAQ screener
OSS,One Stop Systems Inc. Common Stock,Technology,Computer Manufacturing,443613094.0,2018.0,United States,NASDAQ screener
OSTX,OS Therapies Incorporated Common Stock,Health Care,Biotechnology: Pharmaceutical Preparations,88185450.0,2024.0,,"Finnhub IPO,NASDAQ screener"
OSUR,OraSure Technologies Inc. Common Stock,Health Care,Medical/Dental Instruments,291229379.0,,United States,NASDAQ screener
OSW,OneSpaWorld Holdings Limited Common Shares,Consumer Discretionary,Hotels/Resorts,2466810758.0,,Bahamas,NASDAQ screener
OTAIU,Starlink AI Acquisition Corp,,,100000000.0,,,Finnhub IPO
OTEX,Open Text Corporation Common Shares,Technology,EDP Services,5841550732.0,1996.0,Canada,NASDAQ screener
OTF,Blue Owl Technology Finance Corp. Common Stock,,,5047426446.0,2025.0,United States,NASDAQ screener
OTGAU,OTG Acquisition Corp. I,,,200000000.0,,,Finnhub IPO
OTLK,Outlook Therapeutics Inc. Common Stock,Health Care,Biotechnology: Biological Products (No Diagnostic Substances),89438806.0,2016.0,United States,NASDAQ screener
OTLY,Oatly Group AB American Depositary Shares,Consumer Staples,Packaged Foods,312250000.0,2021.0,Sweden,NASDAQ screener
OTTR,Otter Tail Corporation Common Stock,Utilities,Electric Utilities: Central,3664796454.0,,United States,NASDAQ screener
OUST,Ouster Inc. Common Stock,Industrials,Industrial Machinery/Components,2686307982.0,,United States,NASDAQ screener
OUT,OUTFRONT Media Inc. Common Stock,Real Estate,Real Estate Investment Trusts,5718542805.0,2014.0,United States,NASDAQ screener
OVBC,Ohio Valley Banc Corp. Common Stock,Finance,Major Banks,231828359.0,,United States,NASDAQ screener
OVID,Ovid Therapeutics Inc. Common Stock,Health Care,Biotechnology: Pharmaceutical Preparations,492729869.0,2017.0,United States,NASDAQ screener
OVLY,Oak Valley Bancorp (CA) Common Stock,Finance,Major Banks,276802768.0,,United States,NASDAQ screener
OWLS,OBOOK Holdings Inc. Class A Common Shares,Technology,Computer Software: Prepackaged Software,221278654.0,,Taiwan,"Finnhub IPO,NASDAQ screener"
OWLT,Owlet Inc. Class A Common Stock,Industrials,Industrial Machinery/Components,174007008.0,2020.0,United States,NASDAQ screener
OXLC,Oxford Lane Capital Corp. Common Stock,Finance,Investment Managers,1727320000.0,2011.0,United States,NASDAQ screener
OXLCL,Oxford Lane Capital Corp. 6.75% Notes due 2031,Finance,Finance Companies,4268824000.0,,United States,NASDAQ screener
OXLCM,Oxford Lane Capital Corp. Preferred Stock Shares 8.25% Series 2031,Finance,Investment Managers,4388608000.0,,United States,NASDAQ screener
OXLCN,Oxford Lane Capital Corp. 7.125% Series 2029 Term Preferred Stock,Finance,Investment Managers,4307016000.0,,United States,NASDAQ screener
OXLCO,Oxford Lane Capital Corp. Preferred Stock Shares 6.00% Series 2029,Finance,Investment Managers,4181156000.0,,United States,NASDAQ screener
OXLCP,Oxford Lane Capital Corp. 6.25% Series 2027 Term Preferred Shares,Finance,Investment Managers,4338645920.0,,United States,NASDAQ screener
OXLCZ,Oxford Lane Capital Corp. 5.00% Notes due 2027,Finance,Finance Companies,4313960000.0,,United States,NASDAQ screener
OXM,Oxford Industries Inc. Common Stock,Industrials,Garments and Clothing,700487501.0,,United States,NASDAQ screener
OXSQ,Oxford Square Capital Corp. Common Stock,Finance,Blank Checks,124391026.0,2003.0,United States,NASDAQ screener
OXSQG,Oxford Square Capital Corp. 5.50% Notes due 2028,Consumer Discretionary,Other Consumer Services,1546128105.0,,United States,NASDAQ screener
OYSEU,Oyster Enterprises II Acquisition Corp,,,220000000.0,,,Finnhub IPO
OZ,Belpointe PREP LLC Class A Units,Real Estate,Real Estate Investment Trusts,190909466.0,,,NASDAQ screener
OZK,Bank OZK Common Stock,Finance,Major Banks,5473526066.0,,United States,NASDAQ screener
OZKAP,Bank OZK 4.625% Series A Non-Cumulative Perpetual Preferred Stock,Finance,Major Banks,1868443220.0,,United States,NASDAQ screener
PAAC,Proem Acquisition Corp I Ordinary Shares,,,143367970.0,2026.0,United States,NASDAQ screener
PAACU,Proem Acquisition Corp. I,Finance,Blank Checks,130000000.0,2026.0,United States,"Finnhub IPO,NASDAQ screener"
PACB,Pacific Biosciences of California Inc. Common Stock,Industrials,Biotechnology: Laboratory Analytical Instruments,456584481.0,2010.0,United States,NASDAQ screener
PACHU,Pioneer Acquisition I Corp,,,220000000.0,2025.0,United States,"Finnhub IPO,NASDAQ screener"
PACK,Ranpak Holdings Corp Class A Common Stock,Consumer Discretionary,Containers/Packaging,599669574.0,2018.0,United States,NASDAQ screener
PACS,PACS Group Inc. Common Stock,Health Care,Hospital/Nursing Management,6014350288.0,2024.0,United States,"Finnhub IPO,NASDAQ screener"
PAGP,Plains GP Holdings L.P. Class A Units representing Limited Partner Interests,Energy,Natural Gas Distribution,4888231863.0,,United States,NASDAQ screener
PAGS,PagSeguro Digital Ltd. Class A Common Shares,Technology,EDP Services,2712023025.0,2018.0,Cayman Islands,NASDAQ screener
PAHC,Phibro Animal Health Corporation Class A Common Stock,Health Care,Biotechnology: Pharmaceutical Preparations,1291174910.0,2014.0,United States,NASDAQ screener
PAIIU,Pyrophyte Acquisition Corp. II,,,175000000.0,,,Finnhub IPO
PAL,"Proficient Auto Logistics, Inc",Consumer Discretionary,Transportation Services,214999995.0,2024.0,United States,"Finnhub IPO,NASDAQ screener"
PALI,Palisade Bio Inc. Common Stock,Health Care,Biotechnology: Biological Products (No Diagnostic Substances),357574120.0,,United States,NASDAQ screener
PALOU,PALOMA ACQUISITION CORP I,Finance,Blank Checks,150000000.0,2026.0,United States,"Finnhub IPO,NASDAQ screener"
PAM,Pampa Energia S.A.,Utilities,Electric Utilities: Central,4586337133.0,,Argentina,NASDAQ screener
PAMT,PAMT CORP Common Stock,Industrials,Trucking Freight/Courier Services,292158156.0,,United States,NASDAQ screener
PANL,Pangaea Logistics Solutions Ltd. Common Shares,Consumer Discretionary,Marine Transportation,502386609.0,2013.0,United States,NASDAQ screener
PAR,PAR Technology Corporation Common Stock,Miscellaneous,Office Equipment/Supplies/Services,633954079.0,,United States,NASDAQ screener
PARK,Park Dental Partners Inc. Common Stock,Health Care,Misc Health and Biotechnology Services,85063617.0,2025.0,United States,"Finnhub IPO,NASDAQ screener"
PARR,Par Pacific Holdings Inc.  Common Stock,Energy,Oil & Gas Production,2832148765.0,,United States,NASDAQ screener
PATH,UiPath Inc. Class A Common Stock,Technology,Computer Software: Prepackaged Software,6026734537.0,2021.0,United States,NASDAQ screener
PATK,Patrick Industries Inc. Common Stock,Consumer Discretionary,Auto Parts:O.E.M.,3065319451.0,,United States,NASDAQ screener
PAX,Patria Investments Limited Class A Common Shares,Finance,Investment Managers,1844731671.0,2021.0,Cayman Islands,NASDAQ screener
PAXGU,Pine Tree Acquisition Corp.,,,115000000.0,,,Finnhub IPO
PAY,Paymentus Holdings Inc. Class A Common Stock,Consumer Discretionary,Business Services,2924602085.0,2021.0,United States,NASDAQ screener
PAYC,Paycom Software Inc. Common Stock,Technology,Computer Software: Prepackaged Software,6515982360.0,2014.0,United States,NASDAQ screener
PAYO,Payoneer Global Inc. Common Stock,Consumer Discretionary,Business Services,1707371186.0,,United States,NASDAQ screener
PAYS,Paysign Inc. Common Stock,Technology,EDP Services,401962508.0,,United States,NASDAQ screener
PB,Prosperity Bancshares Inc. Common Stock,Finance,Major Banks,6990238495.0,,United States,NASDAQ screener
PBF,PBF Energy Inc. Class A Common Stock,Energy,Integrated oil Companies,4711043275.0,2012.0,United States,NASDAQ screener
PBFS,Pioneer Bancorp Inc. Common Stock,Finance,Banks,376152015.0,2019.0,United States,NASDAQ screener
PBH,Prestige Consumer Healthcare Inc. Common Stock,Health Care,Biotechnology: Pharmaceutical Preparations,2296128886.0,2005.0,United States,NASDAQ screener
PBHC,Pathfinder Bancorp Inc. Common Stock (MD),Finance,Major Banks,66365259.0,,United States,NASDAQ screener
PBI,Pitney Bowes Inc. Common Stock,Miscellaneous,Office Equipment/Supplies/Services,2139974515.0,,United States,NASDAQ screener
PBLS,"Parabilis Medicines, Inc.",,,100000000.0,,,Finnhub IPO
PBT,Permian Basin Royalty Trust Common Stock,Energy,Oil & Gas Production,1381484713.0,,United States,NASDAQ screener
PBYI,Puma Biotechnology Inc Common Stock,Health Care,Biotechnology: Pharmaceutical Preparations,368512061.0,,United States,NASDAQ screener
PCAPU,ProCap Acquisition Corp,,,220000000.0,2025.0,United States,"Finnhub IPO,NASDAQ screener"
PCB,PCB Bancorp Common Stock,Finance,Major Banks,350885922.0,2018.0,United States,NASDAQ screener
PCLA,PicoCELA Inc. American Depositary Shares,Consumer Discretionary,Building Products,91619562.0,2025.0,Japan,"Finnhub IPO,NASDAQ screener"
PCOR,Procore Technologies Inc. Common Stock,Technology,Computer Software: Prepackaged Software,7173320869.0,2021.0,United States,NASDAQ screener
PCRX,Pacira BioSciences Inc. Common Stock,Health Care,Biotechnology: Pharmaceutical Preparations,931758840.0,2011.0,United States,NASDAQ screener
PCSC,Perceptive Capital Solutions Corp,,,75000000.0,2024.0,United States,"Finnhub IPO,NASDAQ screener"
PCT,PureCycle Technologies Inc. Common stock,Industrials,Major Chemicals,2327713889.0,,United States,NASDAQ screener
PCTTU,PureCycle Technologies Inc. Unit,Industrials,Major Chemicals,1121354010.0,,United States,NASDAQ screener
PCTTW,PureCycle Technologies Inc. Warrant,Industrials,Major Chemicals,750583733.0,,United States,NASDAQ screener
PCTY,Paylocity Holding Corporation Common Stock,Technology,Computer Software: Prepackaged Software,5936965151.0,2014.0,United States,NASDAQ screener
PCVX,Vaxcyte Inc. Common Stock,Health Care,Biotechnology: Pharmaceutical Preparations,7372945643.0,2020.0,United States,NASDAQ screener
PCYO,Pure Cycle Corporation Common Stock,Utilities,Water Supply,256465581.0,,United States,NASDAQ screener
PD,PagerDuty Inc. Common Stock,Technology,Computer Software: Prepackaged Software,632295059.0,2019.0,United States,NASDAQ screener
PDEX,Pro-Dex Inc. Common Stock,Health Care,Medical/Dental Instruments,215511233.0,,United States,NASDAQ screener
PDFS,PDF Solutions Inc. Common Stock,Technology,Computer Software: Prepackaged Software,1953338934.0,2001.0,United States,NASDAQ screener
PDI,PIMCO Dynamic Income Fund Common Stock,Finance,Trusts Except Educational Religious and Charitable,4069326600.0,2012.0,United States,NASDAQ screener
PDLB,Ponce Financial Group Inc. Common Stock,Finance,Savings Institutions,454974418.0,2017.0,United States,NASDAQ screener
PDM,Piedmont Realty Trust Inc. Class A Common Stock,Real Estate,Building operators,1060161145.0,,United States,NASDAQ screener
PDO,PIMCO Dynamic Income Opportunities Fund Common Shares of Beneficial Interest,Finance,Trusts Except Educational Religious and Charitable,1878104657.0,2021.0,United States,NASDAQ screener
PDS,Precision Drilling Corporation Common Stock,Energy,Oil & Gas Production,1166264639.0,,Canada,NASDAQ screener
PDSB,PDS Biotechnology Corporation Common Stock,Health Care,Biotechnology: Pharmaceutical Preparations,59722749.0,2015.0,United States,NASDAQ screener
PDX,PIMCO Dynamic Income Strategy Fund Common Shares of Beneficial Interest,Finance,Finance/Investors Services,963435850.0,2019.0,,NASDAQ screener
PDYN,Palladyne AI Corp. Common Stock,Technology,Computer Software: Prepackaged Software,415749180.0,,United States,NASDAQ screener
PEB,Pebblebrook Hotel Trust Common Shares of Beneficial Interest,Real Estate,Real Estate Investment Trusts,1762891604.0,2009.0,United States,NASDAQ screener
PEBK,Peoples Bancorp of North Carolina Inc. Common Stock,Finance,Major Banks,231348716.0,,United States,NASDAQ screener
PEBO,Peoples Bancorp Inc. Common Stock,Finance,Major Banks,1251573730.0,,United States,NASDAQ screener
PECEU,Peace Acquisition Corp.,Finance,Blank Checks,60000000.0,2026.0,United States,"Finnhub IPO,NASDAQ screener"
PECO,Phillips Edison & Company Inc. Common Stock,Real Estate,Real Estate Investment Trusts,5125680000.0,2021.0,United States,NASDAQ screener
PED,Pedevco Corp. Common Stock,Energy,Oil & Gas Production,177706744.0,,United States,NASDAQ screener
PEGA,Pegasystems Inc. Common Stock,Technology,EDP Services,5655207166.0,1996.0,United States,NASDAQ screener
PELIU,Pelican Acquisition Corp,,,75000000.0,,,Finnhub IPO
PENG,Penguin Solutions Inc. Common Stock,Technology,Semiconductors,2743917758.0,2017.0,United States,NASDAQ screener
PENN,PENN Entertainment Inc. Common Stock,Consumer Discretionary,Hotels/Resorts,2601915132.0,1994.0,United States,NASDAQ screener
PEPG,PepGen Inc. Common Stock,Health Care,Biotechnology: Pharmaceutical Preparations,103753823.0,2022.0,United States,NASDAQ screener
PERF,Perfect Corp. Class A Ordinary Share,Technology,Computer Software: Prepackaged Software,172124254.0,2022.0,Taiwan,NASDAQ screener
PERI,Perion Network Ltd. Ordinary Shares,Technology,EDP Services,333127802.0,2006.0,Israel,NASDAQ screener
PESI,Perma-Fix Environmental Services Inc. Common Stock,Industrials,Environmental Services,186759685.0,,United States,NASDAQ screener
PEW,GrabAGun Digital Holdings Inc. Common Stock,Consumer Discretionary,Other Specialty Stores,80850201.0,2025.0,,NASDAQ screener
PFBC,Preferred Bank Common Stock,Finance,Major Banks,1365466688.0,,United States,NASDAQ screener
PFH,Prudential Financial Inc. 4.125% Junior Subordinated Notes due 2060,Finance,Life Insurance,5815530000.0,2020.0,United States,NASDAQ screener
PFIS,Peoples Financial Services Corp. Common Stock,Finance,Major Banks,600953186.0,,United States,NASDAQ screener
PFLT,PennantPark Floating Rate Capital Ltd. Common Stock,Finance,Finance: Consumer Services,815571105.0,2022.0,United States,NASDAQ screener
PFS,Provident Financial Services Inc Common Stock,Finance,Savings Institutions,2887751304.0,2003.0,United States,NASDAQ screener
PFSI,PennyMac Financial Services Inc. Common Stock,Finance,Finance: Consumer Services,4485270703.0,2013.0,United States,NASDAQ screener
PFX,PhenixFIN Corporation Common Stock,Finance,Finance: Consumer Services,83150115.0,,United States,NASDAQ screener
PGC,Peapack-Gladstone Financial Corporation Common Stock,Finance,Commercial Banks,766319849.0,,United States,NASDAQ screener
PGEN,Precigen Inc. Common Stock,Health Care,Biotechnology: Pharmaceutical Preparations,1607864520.0,,United States,NASDAQ screener
PGNY,Progyny Inc. Common Stock,Health Care,Misc Health and Biotechnology Services,2012358585.0,2019.0,United States,NASDAQ screener
PGY,Pagaya Technologies Ltd. Class A Ordinary Shares,Finance,Finance: Consumer Services,1185175926.0,,United States,NASDAQ screener
PHAR,Pharming Group N.V. ADS each representing 10 ordinary shares,Health Care,Biotechnology: Pharmaceutical Preparations,964740642.0,,Netherlands,NASDAQ screener
PHAT,Phathom Pharmaceuticals Inc. Common Stock,Health Care,Biotechnology: Pharmaceutical Preparations,823081435.0,2019.0,United States,NASDAQ screener
PHI,PLDT Inc. Sponsored ADR,Telecommunications,Telecommunications Equipment,3986229049.0,,Philippines,NASDAQ screener
PHIN,PHINIA Inc. Common Stock,Consumer Discretionary,Auto Parts:O.E.M.,2866131600.0,2023.0,United States,NASDAQ screener
PHOE,Phoenix Asia Holdings Limited Ordinary Shares,Consumer Discretionary,Engineering & Construction,351864000.0,2025.0,Hong Kong,"Finnhub IPO,NASDAQ screener"
PHR,Phreesia Inc. Common Stock,Consumer Discretionary,Business Services,583763950.0,2019.0,United States,NASDAQ screener
PHVS,Pharvaris N.V. Ordinary Shares,Health Care,Biotechnology: Pharmaceutical Preparations,2080240287.0,2021.0,Netherlands,NASDAQ screener
PI,Impinj Inc. Common Stock,Technology,Industrial Machinery/Components,4778436943.0,2016.0,United States,NASDAQ screener
PICS,PicS N.V. Class A Common Shares,Finance,Finance: Consumer Services,1385290835.0,2026.0,Brazil,"Finnhub IPO,NASDAQ screener"
PII,Polaris Inc. Common Stock,Consumer Discretionary,Industrial Specialties,3984307137.0,,United States,NASDAQ screener
PIII,P3 Health Partners Inc. Class A Common Stock,Health Care,Medical/Nursing Services,119324854.0,2021.0,United States,NASDAQ screener
PIM,Putnam Master Intermediate Income Trust Common Stock,Finance,Finance Companies,159303259.0,1988.0,United States,NASDAQ screener
PINE,Alpine Income Property Trust Inc. Common Stock,Real Estate,Real Estate Investment Trusts,324214791.0,2019.0,United States,NASDAQ screener
PIPR,Piper Sandler Companies Common Stock,Finance,Investment Bankers/Brokers/Service,5628811762.0,2026.0,United States,NASDAQ screener
PJT,PJT Partners Inc. Class A Common Stock,Finance,Investment Managers,6231365178.0,2015.0,United States,NASDAQ screener
PK,Park Hotels & Resorts Inc. Common Stock,Consumer Discretionary,Hotels/Resorts,2450573532.0,2016.0,United States,NASDAQ screener
PKBK,Parke Bancorp Inc. Common Stock,Finance,Major Banks,365888331.0,,United States,NASDAQ screener
PKE,Park Aerospace Corp. Common Stock,Industrials,Military/Government/Technical,725498305.0,,United States,NASDAQ screener
PKOH,Park-Ohio Holdings Corp. Common Stock,Industrials,Industrial Specialties,479603009.0,,United States,NASDAQ screener
PLAB,Photronics Inc. Common Stock,Technology,Semiconductors,2006036724.0,1987.0,United States,NASDAQ screener
PLAY,Dave & Buster's Entertainment Inc. Common Stock,Consumer Discretionary,Restaurants,468981968.0,2014.0,United States,NASDAQ screener
PLBC,Plumas Bancorp,Finance,Finance Companies,366384591.0,,United States,NASDAQ screener
PLBL,Polibeli Group Ltd Class A Ordinary Shares,Consumer Discretionary,Consumer Electronics/Appliances,2557384541.0,,Indonesia,NASDAQ screener
PLBY,Playboy Inc. Common Stock,Consumer Discretionary,Other Specialty Stores,160034544.0,2020.0,United States,NASDAQ screener
PLCE,Children's Place Inc. (The) Common Stock,Consumer Discretionary,Clothing/Shoe/Accessory Stores,96628755.0,1997.0,United States,NASDAQ screener
PLG,Platinum Group Metals Ltd. Ordinary Shares (Canada),Basic Materials,Precious Metals,220677029.0,,Canada,NASDAQ screener
PLGO,Pelagos Insurance Capital Limited Common Shares,Finance,Property-Casualty Insurers,1874024742.0,2023.0,Bermuda,NASDAQ screener
PLMKU,"Plum Acquisition Corp, IV",,,150000000.0,,,Finnhub IPO
PLMR,Palomar Holdings Inc. Common stock,Finance,Property-Casualty Insurers,2905619378.0,2019.0,United States,NASDAQ screener
PLNT,Planet Fitness Inc. Common Stock,Consumer Discretionary,Hotels/Resorts,4202522903.0,2015.0,United States,NASDAQ screener
PLOW,Douglas Dynamics Inc. Common Stock,Industrials,Construction/Ag Equipment/Trucks,1030458556.0,2010.0,United States,NASDAQ screener
PLPC,Preformed Line Products Company Common Stock,Industrials,Water Sewer Pipeline Comm & Power Line Construction,1842682764.0,,United States,NASDAQ screener
PLRX,Pliant Therapeutics Inc. Common Stock,Health Care,Biotechnology: Pharmaceutical Preparations,77400311.0,2020.0,United States,NASDAQ screener
PLSE,Pulse Biosciences Inc Common Stock (DE),Health Care,Medical/Dental Instruments,1712248275.0,2016.0,United States,NASDAQ screener
PLTK,Playtika Holding Corp. Common Stock,Technology,EDP Services,1365562567.0,2021.0,Israel,NASDAQ screener
PLUG,Plug Power Inc. Common Stock,Energy,Industrial Machinery/Components,5747684618.0,1999.0,United States,NASDAQ screener
PLUNU,Plutonian Acquisition Corp. II,,,100000000.0,,,Finnhub IPO
PLUS,ePlus inc. Common Stock,Technology,Retail: Computer Software & Peripheral Equipment,2339700533.0,1996.0,United States,NASDAQ screener
PLX,Protalix BioTherapeutics Inc. (DE) Common Stock,Health Care,Biotechnology: Biological Products (No Diagnostic Substances),169200448.0,,Israel,NASDAQ screener
PLXS,Plexus Corp. Common Stock,Technology,Electrical Products,7167777622.0,,United States,NASDAQ screener
PLYX,Polaryx Therapeutics Inc. Common Stock,Health Care,Biotechnology: Pharmaceutical Preparations,144397056.0,,United States,"Finnhub IPO,NASDAQ screener"
PMM,Putnam Managed Municipal Income Trust Common Stock,Finance,Investment Managers,305104944.0,1989.0,United States,NASDAQ screener
PMN,ProMIS Neurosciences Inc. Common Shares (ON),Health Care,Biotechnology: Pharmaceutical Preparations,97478823.0,,Canada,NASDAQ screener
PMO,Putnam Municipal Opportunities Trust Common Stock,Finance,Finance Companies,355107375.0,1993.0,United States,NASDAQ screener
PMT,PennyMac Mortgage Investment Trust Common Shares of Beneficial Interest,Real Estate,Real Estate Investment Trusts,918240872.0,2009.0,United States,NASDAQ screener
PMTRU,Perimeter Acquisition Corp. I,Finance,Blank Checks,210000000.0,2025.0,United States,"Finnhub IPO,NASDAQ screener"
PMTS,CPI Card Group Inc. Common Stock,Consumer Discretionary,Publishing,201052652.0,,United States,NASDAQ screener
PMTU,PennyMac Mortgage Investment Trust 8.50% Senior Notes due 2028,Real Estate,Real Estate Investment Trusts,2236740585.0,2023.0,United States,NASDAQ screener
PMVP,PMV Pharmaceuticals Inc. Common Stock,Health Care,Biotechnology: Pharmaceutical Preparations,63464802.0,2020.0,United States,NASDAQ screener
PN,Skycorp Solar Group Limited Class A Ordinary Shares,Technology,Retail: Computer Software & Peripheral Equipment,53955298.0,2025.0,China,"Finnhub IPO,NASDAQ screener"
PNBK,Patriot National Bancorp Inc. Common Stock,Finance,Major Banks,127083224.0,,United States,NASDAQ screener
PNNT,PennantPark Investment Corporation Common Stock,Finance,Finance: Consumer Services,255307728.0,2022.0,United States,NASDAQ screener
PNRG,PrimeEnergy Resources Corporation Common Stock,Energy,Oil & Gas Production,286369820.0,,United States,NASDAQ screener
PNTG,The Pennant Group Inc. Common Stock,Health Care,Medical/Nursing Services,1194613259.0,,United States,NASDAQ screener
POAS,Phaos Technology Holdings (Cayman) Limited Class A Ordinary Shares,Industrials,Industrial Machinery/Components,84297243.0,2025.0,,"Finnhub IPO,NASDAQ screener"
POCI,Precision Optics Corporation Inc. Common stock,Health Care,Biotechnology: Electromedical & Electrotherapeutic Apparatus,60087331.0,,United States,NASDAQ screener
PODC,PodcastOne Inc. Common Stock,Technology,Computer Software: Programming Data Processing,133041746.0,,United States,NASDAQ screener
PODD,Insulet Corporation Common Stock,Health Care,Medical/Dental Instruments,9880605746.0,2007.0,United States,NASDAQ screener
POET,POET Technologies Inc. Common Shares,Technology,Semiconductors,2027369189.0,,Canada,NASDAQ screener
POLEU,Andretti Acquisition Corp. II,,,200000000.0,2024.0,United States,"Finnhub IPO,NASDAQ screener"
PONOU,"Pono Capital Four, Inc.",,,120000000.0,,,Finnhub IPO
PONY,Pony AI Inc. American Depositary Shares,Technology,EDP Services,4318073868.0,2024.0,China,"Finnhub IPO,NASDAQ screener"
POOL,Pool Corporation Common Stock,Consumer Discretionary,Industrial Specialties,6731022654.0,1995.0,United States,NASDAQ screener
POR,Portland General Electric Co Common Stock,Utilities,Electric Utilities: Central,5864039657.0,,United States,NASDAQ screener
POST,Post Holdings Inc. Common Stock,Consumer Staples,Packaged Foods,4367737613.0,2012.0,United States,NASDAQ screener
POWI,Power Integrations Inc. Common Stock,Technology,Semiconductors,4851539007.0,1997.0,United States,NASDAQ screener
POWW,Outdoor Holding Company Common Stock,Industrials,Ordnance And Accessories,245133429.0,,United States,NASDAQ screener
POWWP,Outdoor Holding Company 8.75% Series A Cumulative Redeemable Perpetual Preferred Stock,Industrials,Ordnance And Accessories,2885302561.0,,United States,NASDAQ screener
PPC,Pilgrim's Pride Corporation Common Stock,Consumer Staples,Meat/Poultry/Fish,6790292196.0,,United States,NASDAQ screener
PPHC,Public Policy Holding Company Inc. Common Stock,,,292568828.0,2026.0,United States,"Finnhub IPO,NASDAQ screener"
PPIH,Perma-Pipe International Holdings Inc. Common Stock,Industrials,Pollution Control Equipment,258969943.0,,United States,NASDAQ screener
PPSI,Pioneer Power Solutions Inc. Common Stock,Industrials,Electrical Products,60918500.0,,United States,NASDAQ screener
PPT,Putnam Premier Income Trust Common Stock,Finance,Finance Companies,344367790.0,1988.0,United States,NASDAQ screener
PPTA,Perpetua Resources Corp. Common Shares,Basic Materials,Precious Metals,3333768505.0,,Canada,NASDAQ screener
PRA,ProAssurance Corporation Common Stock,Finance,Property-Casualty Insurers,1233424651.0,,United States,NASDAQ screener
PRAA,PRA Group Inc. Common Stock,Finance,Finance: Consumer Services,587751084.0,2002.0,United States,NASDAQ screener
PRAG,"Primeage Technology Group Co., Ltd",,,100000000.0,,,Finnhub IPO
PRAX,Praxis Precision Medicines Inc. Common Stock,Health Care,Biotechnology: Pharmaceutical Preparations,9830892076.0,2020.0,United States,NASDAQ screener
PRCH,Porch Group Inc. Common Stock,Technology,Computer Software: Prepackaged Software,1320578043.0,2020.0,United States,NASDAQ screener
PRCT,PROCEPT BioRobotics Corporation Common Stock,Health Care,Medical/Dental Instruments,1548192557.0,2021.0,United States,NASDAQ screener
PRDO,Perdoceo Education Corporation Common Stock,Real Estate,Other Consumer Services,2074846671.0,,United States,NASDAQ screener
PRE,Prenetics Global Limited Class A Ordinary Share,Finance,Blank Checks,345955083.0,,Hong Kong,NASDAQ screener
PRG,PROG Holdings Inc. Common Stock,Consumer Discretionary,Diversified Commercial Services,1490839636.0,,United States,NASDAQ screener
PRGO,Perrigo Company plc Ordinary Shares,Health Care,Biotechnology: Pharmaceutical Preparations,1582927289.0,,United States,NASDAQ screener
PRGS,Progress Software Corporation Common Stock (DE),Technology,Computer Software: Prepackaged Software,1285080749.0,1991.0,United States,NASDAQ screener
PRH,Prudential Financial Inc. 5.950% Junior Subordinated Notes due 2062,Finance,Life Insurance,8138240000.0,2022.0,United States,NASDAQ screener
PRHIZ,Presurance Holdings Inc. 9.75% Senior Unsecured Notes due 2028,Finance,Property-Casualty Insurers,213167045.0,,United States,NASDAQ screener
PRI,Primerica Inc. Common Stock,Finance,Life Insurance,8408766501.0,2010.0,United States,NASDAQ screener
PRIM,Primoris Services Corporation Common Stock,Industrials,Water Sewer Pipeline Comm & Power Line Construction,6869217320.0,,United States,NASDAQ screener
PRK,Park National Corporation Common Stock,Finance,Major Banks,3098593319.0,1994.0,United States,NASDAQ screener
PRKS,United Parks & Resorts Inc. Common Stock,Health Care,Biotechnology: Electromedical & Electrotherapeutic Apparatus,1869689883.0,2013.0,United States,NASDAQ screener
PRLB,Proto Labs Inc. Common stock,Industrials,Metal Fabrications,1778128983.0,2012.0,United States,NASDAQ screener
PRLD,Prelude Therapeutics Incorporated Common Stock,Health Care,Biotechnology: Pharmaceutical Preparations,313006057.0,2020.0,United States,NASDAQ screener
PRM,Perimeter Solutions SA Common Stock,Industrials,Major Chemicals,5298367006.0,,Luxembourg,NASDAQ screener
PRMB,Primo Brands Corporation Class A Common Stock,Consumer Staples,Beverages (Production/Distribution),9024541137.0,2024.0,United States,NASDAQ screener
PRME,Prime Medicine Inc. Common Stock,Health Care,Biotechnology: Biological Products (No Diagnostic Substances),614099333.0,2022.0,United States,NASDAQ screener
PROF,Profound Medical Corp. Common Stock,Health Care,Medical/Dental Instruments,250729695.0,,Canada,NASDAQ screener
PROK,ProKidney Corp. Class A Ordinary Shares,Health Care,Biotechnology: Biological Products (No Diagnostic Substances),546727923.0,2021.0,United States,NASDAQ screener
PROP,Prairie Operating Co. Common Stock,Finance,Finance: Consumer Services,89444485.0,,United States,NASDAQ screener
PROV,Provident Financial Holdings Inc. Common Stock,Finance,Savings Institutions,107000653.0,,United States,NASDAQ screener
PRQR,ProQR Therapeutics N.V. Ordinary Shares,Health Care,Biotechnology: Pharmaceutical Preparations,165416870.0,2014.0,Netherlands,NASDAQ screener
PRS,Prudential Financial Inc. 5.625% Junior Subordinated Notes due 2058,Finance,Life Insurance,7948160000.0,2018.0,United States,NASDAQ screener
PRSU,Pursuit Attractions and Hospitality Inc. Common Stock,Consumer Discretionary,Business Services,1242444925.0,,United States,NASDAQ screener
PRTA,Prothena Corporation plc Ordinary Shares,Health Care,Biotechnology: Pharmaceutical Preparations,522485305.0,,United States,NASDAQ screener
PRTH,Priority Technology Holdings Inc. Common Stock,Consumer Discretionary,Business Services,513072709.0,2016.0,United States,NASDAQ screener
PRVA,Privia Health Group Inc. Common Stock,Health Care,Medical/Nursing Services,2720607155.0,2021.0,United States,NASDAQ screener
PSEC,Prospect Capital Corporation Common Stock,Finance,Finance: Consumer Services,1187388138.0,2004.0,United States,NASDAQ screener
PSF,Cohen & Steers Select Preferred and Income Fund Inc. Common Stock,Finance,Investment Managers,970487903.0,2010.0,,NASDAQ screener
PSFE,Paysafe Limited Common Shares,Consumer Discretionary,Business Services,487124330.0,2021.0,,NASDAQ screener
PSIG,PS International Group Ltd. Ordinary Shares,Industrials,Integrated Freight & Logistics,122705045.0,,Hong Kong,NASDAQ screener
PSIX,Power Solutions International Inc. Common Stock,Industrials,Industrial Machinery/Components,967888396.0,,United States,NASDAQ screener
PSMT,PriceSmart Inc. Common Stock,Consumer Discretionary,Department/Specialty Retail Stores,5299570125.0,,United States,NASDAQ screener
PSN,Parsons Corporation Common Stock,Technology,EDP Services,6293546390.0,2019.0,United States,NASDAQ screener
PSNL,Personalis Inc. Common Stock,Health Care,Medical Specialities,1149837656.0,2019.0,United States,NASDAQ screener
PSNY,Polestar Automotive Holding UK PLC Class A ADS,Industrials,Auto Manufacturing,3375753104.0,,Sweden,NASDAQ screener
PSNYW,Polestar Automotive Holding UK PLC Class C-1 ADS (ADW),Industrials,Auto Manufacturing,458939244.0,,Sweden,NASDAQ screener
PSO,Pearson Plc Common Stock,Consumer Discretionary,Books,9542951799.0,,United Kingdom,NASDAQ screener
PSTL,Postal Realty Trust Inc. Class A Common Stock,Real Estate,Real Estate Investment Trusts,648055709.0,2019.0,United States,NASDAQ screener
PSUS,Pershing Square USA Ltd. Common Shares,,,1051753000.0,2026.0,,NASDAQ screener
PTA,Cohen & Steers Tax-Advantaged Preferred Securities and Income Fund Common Shares of Beneficial Interest,Finance,Trusts Except Educational Religious and Charitable,1084465226.0,2020.0,United States,NASDAQ screener
PTACU,Patriot Acquisition Corp./CI,,,160000000.0,2026.0,United States,"Finnhub IPO,NASDAQ screener"
PTCT,PTC Therapeutics Inc. Common Stock,Health Care,Biotechnology: Pharmaceutical Preparations,5893550465.0,2013.0,United States,NASDAQ screener
PTEN,Patterson-UTI Energy Inc. Common Stock,Energy,Oil & Gas Production,4289679479.0,1993.0,United States,NASDAQ screener
PTGX,Protagonist Therapeutics Inc. Common Stock,Health Care,Biotechnology: Pharmaceutical Preparations,6457504963.0,2016.0,United States,NASDAQ screener
PTHS,Pelthos Therapeutics Inc. Common Stock,Health Care,Biotechnology: Biological Products (No Diagnostic Substances),89671641.0,2024.0,,NASDAQ screener
PTLO,Portillo's Inc. Class A Common Stock,Consumer Discretionary,Restaurants,322931447.0,2021.0,United States,NASDAQ screener
PTON,Peloton Interactive Inc. Class A Common Stock,Consumer Discretionary,Recreational Games/Products/Toys,2615271227.0,2019.0,United States,NASDAQ screener
PTORU,Praetorian Acquisition Corp.,,,220000000.0,2026.0,United States,"Finnhub IPO,NASDAQ screener"
PTRN,Pattern Group Inc. Series A Common Stock,Consumer Discretionary,Catalog/Specialty Distribution,3325082398.0,2025.0,United States,"Finnhub IPO,NASDAQ screener"
PUBM,PubMatic Inc. Class A Common Stock,Technology,Computer Software: Programming Data Processing,531311638.0,2020.0,United States,NASDAQ screener
PUMP,ProPetro Holding Corp. Common Stock,Energy,Oilfield Services/Equipment,1858873356.0,2017.0,United States,NASDAQ screener
PURR,Hyperliquid Strategies Inc Common Stock,Finance,Finance: Consumer Services,1233582256.0,,United States,NASDAQ screener
PUSA,Aureus Greenway Holdings Inc. Common Stock,Consumer Discretionary,Hotels/Resorts,93332226.0,2025.0,United States,NASDAQ screener
PVH,PVH Corp. Common Stock,Industrials,Garments and Clothing,4459507009.0,,United States,NASDAQ screener
PVL,Permianville Royalty Trust Units of Beneficial Interest,Energy,Oil & Gas Production,63030000.0,2011.0,United States,NASDAQ screener
PVLA,Palvella Therapeutics Inc. Common Stock,Health Care,Biotechnology: Pharmaceutical Preparations,1661761906.0,,United States,NASDAQ screener
PWP,Perella Weinberg Partners Class A Common Stock,Finance,Finance: Consumer Services,1629141312.0,2020.0,United States,NASDAQ screener
PWRU,Yesil Global Enerji A.S.,,,86250000.0,,,Finnhub IPO
PXED,Phoenix Education Partners Inc. Common Stock,Real Estate,Other Consumer Services,1076477969.0,2025.0,,"Finnhub IPO,NASDAQ screener"
PYPD,PolyPid Ltd. Ordinary Shares,Health Care,Biotechnology: Pharmaceutical Preparations,90836203.0,2020.0,Israel,NASDAQ screener
PYXS,Pyxis Oncology Inc. Common Stock,Health Care,Biotechnology: Pharmaceutical Preparations,112772758.0,2021.0,United States,NASDAQ screener
PZG,Paramount Gold Nevada Corp. Common Stock,Basic Materials,Metal Mining,119240290.0,2015.0,United States,NASDAQ screener
PZZA,Papa John's International Inc. Common Stock,Consumer Discretionary,Restaurants,1140054785.0,1993.0,United States,NASDAQ screener
QADRU,QDRO Acquisition Corp.,Finance,Blank Checks,200000000.0,2026.0,United States,"Finnhub IPO,NASDAQ screener"
QCRH,QCR Holdings Inc. Common Stock,Finance,Major Banks,1508664519.0,,United States,NASDAQ screener
QDEL,QuidelOrtho Corporation Common Stock,Health Care,Biotechnology: In Vitro & In Vivo Diagnostic Substances,891256226.0,,United States,NASDAQ screener
QETAU,Quetta Acquisition Corp,,,60000000.0,,,Finnhub IPO
QFIN,Qfin Holdings Inc. American Depositary Shares,Finance,Finance: Consumer Services,1871326457.0,2018.0,China,NASDAQ screener
QGEN,Qiagen N.V. Common Shares,Health Care,Biotechnology: Biological Products (No Diagnostic Substances),7550578950.0,2026.0,Netherlands,NASDAQ screener
QLEPU,Quantum Leap Acquisition Corp,,,200000000.0,,,Finnhub IPO
QLYS,Qualys Inc. Common Stock,Technology,Computer Software: Prepackaged Software,3542052181.0,2012.0,United States,NASDAQ screener
QMCO,Quantum Corporation Common Stock,Technology,Electronic Components,136426430.0,,United States,NASDAQ screener
QNC,Quantum eMotion Corp. Common Shares,,,759019058.0,2026.0,,NASDAQ screener
QNST,QuinStreet Inc. Common Stock,Consumer Discretionary,Business Services,714045949.0,2010.0,United States,NASDAQ screener
QREDU,QuasarEdge Acquisition Corp,,,100000000.0,,,Finnhub IPO
QRVO,Qorvo Inc. Common Stock,Technology,Semiconductors,9366415081.0,,United States,NASDAQ screener
QS,QuantumScape Corporation Class A Common Stock,Miscellaneous,Industrial Machinery/Components,5616274544.0,,United States,NASDAQ screener
QSEAU,Quartzsea Acquisition Corp,Finance,Blank Checks,72000000.0,2025.0,United States,"Finnhub IPO,NASDAQ screener"
QSI,Quantum-Si Incorporated Class A Common Stock,Industrials,Industrial Machinery/Components,261312196.0,2020.0,United States,NASDAQ screener
QTEX,QTREX Quantum Ltd. Ordinary Shares,Health Care,Medical/Dental Instruments,131750991.0,2021.0,Israel,NASDAQ screener
QTI,QT Imaging Holdings Inc. Common Stock,Health Care,Biotechnology: Electromedical & Electrotherapeutic Apparatus,60212500.0,,United States,NASDAQ screener
QTRX,Quanterix Corporation Common Stock,Industrials,Biotechnology: Laboratory Analytical Instruments,143673242.0,2017.0,United States,NASDAQ screener
QTTB,Q32 Bio Inc. Common Stock,Health Care,Biotechnology: Pharmaceutical Preparations,174820639.0,2018.0,United States,NASDAQ screener
QTWO,Q2 Holdings Inc. Common Stock,Technology,Computer Software: Prepackaged Software,2825783094.0,2014.0,United States,NASDAQ screener
QUAD,Quad Graphics Inc Class A Common Stock,Consumer Discretionary,Publishing,385665232.0,,United States,NASDAQ screener
QUBT,Quantum Computing Inc. Common Stock,Technology,Computer Software: Prepackaged Software,2760548241.0,,United States,NASDAQ screener
QUCY,Quantum Cyber N.V. Ordinary Shares,Health Care,Biotechnology: Pharmaceutical Preparations,67846417.0,2021.0,Germany,NASDAQ screener
QUIK,QuickLogic Corporation Common Stock,Technology,Semiconductors,392926817.0,1999.0,United States,NASDAQ screener
QUMSU,Quantumsphere Acquisition Corp,,,72000000.0,2025.0,United States,"Finnhub IPO,NASDAQ screener"
QURE,uniQure N.V. Ordinary Shares,Health Care,Biotechnology: Pharmaceutical Preparations,1567227002.0,2014.0,Netherlands,NASDAQ screener
QXL,Quantum X Labs Inc. Common Stock,Technology,Computer Software: Prepackaged Software,69215874.0,,Israel,NASDAQ screener
R,Ryder System Inc. Common Stock,Consumer Discretionary,Rental/Leasing Companies,9626712189.0,,United States,NASDAQ screener
RAAQU,Real Asset Acquisition Corp.,Finance,Blank Checks,150000000.0,2025.0,United States,"Finnhub IPO,NASDAQ screener"
RACC,Research Alliance Corp III,,,75000000.0,2026.0,United States,"Finnhub IPO,NASDAQ screener"
RADX,Radiopharm Theranostics Limited American Depositary Shares,Health Care,Biotechnology: Pharmaceutical Preparations,58923729.0,,Australia,NASDAQ screener
RAIL,FreightCar America Inc. Common Stock,Industrials,Railroads,148504734.0,2005.0,United States,NASDAQ screener
RAL,Ralliant Corporation Common Stock,Industrials,Industrial Machinery/Components,6977912446.0,2025.0,United States,NASDAQ screener
RAMP,LiveRamp Holdings Inc. Common Stock,Technology,EDP Services,2258702883.0,2018.0,United States,NASDAQ screener
RANGU,Range Capital Acquisition Corp.,,,100000000.0,,,Finnhub IPO
RANI,Rani Therapeutics Holdings Inc. Class A Common Stock,Health Care,Biotechnology: Pharmaceutical Preparations,117874555.0,2021.0,United States,NASDAQ screener
RAPP,Rapport Therapeutics Inc. Common Stock,Health Care,Biotechnology: Pharmaceutical Preparations,1888685426.0,2024.0,United States,"Finnhub IPO,NASDAQ screener"
RARE,Ultragenyx Pharmaceutical Inc. Common Stock,Health Care,Biotechnology: Pharmaceutical Preparations,2290859350.0,2014.0,United States,NASDAQ screener
RBB,RBB Bancorp Common Stock,Finance,Major Banks,402566058.0,2017.0,United States,NASDAQ screener
RBBN,Ribbon Communications Inc. Common Stock,Technology,EDP Services,542508326.0,,United States,NASDAQ screener
RBCAA,Republic Bancorp Inc. Class A Common Stock,Finance,Major Banks,1576088428.0,1998.0,United States,NASDAQ screener
RBKB,Rhinebeck Bancorp Inc. Common Stock,Finance,Banks,176150600.0,2019.0,United States,NASDAQ screener
RC,Ready Capital Corporation Common Stock,Real Estate,Real Estate Investment Trusts,297394328.0,2013.0,United States,NASDAQ screener
RCAT,Red Cat Holdings Inc. Common Stock,Technology,Computer Software: Prepackaged Software,1736804408.0,,United States,NASDAQ screener
RCEL,Avita Medical Inc. Common Stock,Health Care,Medical/Dental Instruments,135109665.0,,United States,NASDAQ screener
RCKT,Rocket Pharmaceuticals Inc. Common Stock,Health Care,Biotechnology: Pharmaceutical Preparations,329764518.0,2015.0,United States,NASDAQ screener
RCKY,Rocky Brands Inc. Common Stock,Consumer Discretionary,Shoe Manufacturing,291322853.0,1993.0,United States,NASDAQ screener
RCMT,RCM Technologies Inc. Common Stock,Consumer Discretionary,Professional Services,153163339.0,,United States,NASDAQ screener
RCUS,Arcus Biosciences Inc. Common Stock,Health Care,Biotechnology: Pharmaceutical Preparations,3078927006.0,2018.0,United States,NASDAQ screener
RDACU,Rising Dragon Acquisition Corp.,Finance,Blank Checks,50000000.0,2024.0,China,"Finnhub IPO,NASDAQ screener"
RDAGU,Republic Digital Acquisition Co,Finance,Blank Checks,264000000.0,2025.0,United States,"Finnhub IPO,NASDAQ screener"
RDCM,Radcom Ltd. Ordinary Shares,Technology,Computer peripheral equipment,247519477.0,1997.0,Israel,NASDAQ screener
RDIB,Reading International Inc Class B Common Stock,Consumer Discretionary,Movies/Entertainment,194686918.0,,United States,NASDAQ screener
RDN,Radian Group Inc. Common Stock,Finance,Property-Casualty Insurers,4608920293.0,,United States,NASDAQ screener
RDNT,RadNet Inc. Common Stock,Health Care,Medical Specialities,4349259593.0,,United States,NASDAQ screener
RDNW,RideNow Group Inc. Class B Common Stock,Technology,EDP Services,312556126.0,,United States,NASDAQ screener
RDVT,Red Violet Inc. Common Stock,Technology,Computer Software: Prepackaged Software,773027782.0,,United States,NASDAQ screener
RDW,Redwire Corporation Common Stock,Industrials,Military/Government/Technical,5151995055.0,2021.0,United States,NASDAQ screener
RDWR,Radware Ltd. Ordinary Shares,Consumer Discretionary,Business Services,1243401848.0,1999.0,Israel,NASDAQ screener
RDZN,Roadzen Inc. Ordinary Shares,Finance,Specialty Insurers,149030907.0,2022.0,United States,NASDAQ screener
REA,Rare Earths Americas Inc. Common Stock,Basic Materials,Metal Mining,405665138.0,2026.0,,"Finnhub IPO,NASDAQ screener"
REAL,The RealReal Inc. Common Stock,Consumer Discretionary,Other Specialty Stores,1181984612.0,2019.0,United States,NASDAQ screener
REAX,The Real Brokerage Inc. Common Shares,Finance,Real Estate,373621848.0,,Canada,NASDAQ screener
REFI,Chicago Atlantic Real Estate Finance Inc. Common Stock,Real Estate,Real Estate Investment Trusts,243458977.0,2021.0,United States,NASDAQ screener
REGCO,Regency Centers Corporation 5.875% Series B Cumulative Redeemable Preferred Stock,Real Estate,Real Estate Investment Trusts,4159043585.0,,United States,NASDAQ screener
REGCP,Regency Centers Corporation 6.25% Series A Cumulative Redeemable Preferred Stock,Real Estate,Real Estate Investment Trusts,4257000368.0,,United States,NASDAQ screener
REI,Ring Energy Inc. Common Stock,Energy,Oil & Gas Production,278514209.0,,United States,NASDAQ screener
REKR,Rekor Systems Inc. Common Stock,Telecommunications,Telecommunications Equipment,105834401.0,,United States,NASDAQ screener
RELL,Richardson Electronics Ltd. Common Stock,Technology,Electronic Components,247904382.0,1983.0,United States,NASDAQ screener
RELY,Remitly Global Inc. Common Stock,Consumer Discretionary,Business Services,4211221580.0,2021.0,United States,NASDAQ screener
RENT,Rent the Runway Inc. Class A Common Stock,Consumer Discretionary,Other Specialty Stores,134268362.0,2021.0,United States,NASDAQ screener
REPL,Replimune Group Inc. Common Stock,Health Care,Biotechnology: Biological Products (No Diagnostic Substances),386439857.0,2018.0,United States,NASDAQ screener
REPX,Riley Exploration Permian Inc. Common Stock,Energy,Oil & Gas Production,765866929.0,1999.0,United States,NASDAQ screener
RERE,ATRenew Inc. American Depositary Shares (every three of which representing two Class A ordinary shares),Consumer Discretionary,Other Specialty Stores,1015196931.0,2021.0,Cayman Islands,NASDAQ screener
RES,RPC Inc. Common Stock,Energy,Oilfield Services/Equipment,1484974165.0,,United States,NASDAQ screener
REX,REX American Resources Corporation,Industrials,Major Chemicals,1589574271.0,,United States,NASDAQ screener
REXR,Rexford Industrial Realty Inc. Common Stock,Real Estate,Real Estate Investment Trusts,8128109465.0,2013.0,United States,NASDAQ screener
REYN,Reynolds Consumer Products Inc. Common Stock,Consumer Discretionary,Containers/Packaging,4657959032.0,2020.0,United States,NASDAQ screener
REZI,Resideo Technologies Inc. Common Stock,Industrials,Wholesale Distributors,4745698988.0,2018.0,United States,NASDAQ screener
RFAIU,RF Acquisition Corp II,Technology,Computer Software: Prepackaged Software,100000000.0,2024.0,Singapore,"Finnhub IPO,NASDAQ screener"
RFAMU,RF Acquisition Corp III,Finance,Blank Checks,100000000.0,2026.0,Singapore,"Finnhub IPO,NASDAQ screener"
RFI,Cohen & Steers Total Return Realty Fund Inc. Common Stock,Finance,Investment Managers,557232042.0,1993.0,United States,NASDAQ screener
RFIL,RF Industries Ltd. Common Stock,Technology,Electrical Products,200280225.0,,United States,NASDAQ screener
RFL,Rafael Holdings Inc. Class B Common Stock,Finance,Real Estate,72296875.0,2018.0,United States,NASDAQ screener
RFM,RiverNorth Flexible Municipal Income Fund Inc. Common Stock,Finance,Finance/Investors Services,89335752.0,2020.0,,NASDAQ screener
RFMZ,RiverNorth Flexible Municipal Income Fund II Inc. Common Stock,Finance,Trusts Except Educational Religious and Charitable,322417249.0,2021.0,,NASDAQ screener
RGCO,RGC Resources Inc. Common Stock,Utilities,Oil & Gas Production,239052373.0,,United States,NASDAQ screener
RGEN,Repligen Corporation Common Stock,Health Care,Biotechnology: Biological Products (No Diagnostic Substances),6922921930.0,1986.0,United States,NASDAQ screener
RGNX,REGENXBIO Inc. Common Stock,Health Care,Biotechnology: Biological Products (No Diagnostic Substances),356196609.0,2015.0,United States,NASDAQ screener
RGP,Resources Connection Inc. Common Stock,Consumer Discretionary,Business Services,148989353.0,,United States,NASDAQ screener
RGR,Sturm Ruger & Company Inc. Common Stock,Industrials,Ordnance And Accessories,627725241.0,,United States,NASDAQ screener
RGS,Regis Corporation Common Stock,Consumer Discretionary,Other Consumer Services,72839379.0,1991.0,United States,NASDAQ screener
RGT,Royce Global Trust Inc. Common Stock,Finance,Trusts Except Educational Religious and Charitable,90564220.0,2013.0,,NASDAQ screener
RGTI,Rigetti Computing Inc. Common Stock,Technology,EDP Services,8984739753.0,,United States,NASDAQ screener
RGTIW,Rigetti Computing Inc. Warrants,Technology,EDP Services,5248577163.0,,United States,NASDAQ screener
RH,RH Common Stock,Consumer Discretionary,Other Specialty Stores,2819049696.0,2012.0,United States,NASDAQ screener
RHI,Robert Half Inc. Common Stock,Consumer Discretionary,Professional Services,2905137928.0,,United States,NASDAQ screener
RHLD,Resolute Holdings Management Common Stock,Finance,Finance: Consumer Services,953486828.0,,United States,NASDAQ screener
RHP,Ryman Hospitality Properties Inc. (REIT),Real Estate,Real Estate Investment Trusts,7313102439.0,,United States,NASDAQ screener
RIBBU,Ribbon Acquisition Corp.,,,50000000.0,2025.0,Japan,"Finnhub IPO,NASDAQ screener"
RICK,RCI Hospitality Holdings Inc. Common Stock,Consumer Discretionary,Restaurants,192970830.0,1995.0,United States,NASDAQ screener
RIG,Transocean Ltd (Switzerland) Common Stock,Energy,Oil & Gas Production,8110940216.0,,Switzerland,NASDAQ screener
RIGL,Rigel Pharmaceuticals Inc. Common Stock,Health Care,Biotechnology: Pharmaceutical Preparations,555987504.0,2000.0,United States,NASDAQ screener
RILY,BRC Group Holdings Inc. Common Stock,Finance,Investment Managers,381331180.0,,United States,NASDAQ screener
RILYG,BRC Group Holdings Inc. 5.00% Senior Notes due 2026,Finance,Investment Managers,746873146.0,,United States,NASDAQ screener
RILYL,BRC Group Holdings Inc. Depositary Shares each representing 1/1000th in a share of 7.375% Series B Cumulative Perpetual Preferred Stock par value $0.0001,Finance,Investment Managers,621937416.0,,United States,NASDAQ screener
RILYN,BRC Group Holdings Inc. 6.50% Senior Notes Due 2026,Finance,Investment Managers,762426650.0,,United States,NASDAQ screener
RILYP,BRC Group Holdings Inc. Depositary Shares each representing a 1/1000th fractional interest in a share of Series A Cumulative Perpetual Preferred Stock,Finance,Investment Managers,623793946.0,,United States,NASDAQ screener
RILYT,BRC Group Holdings Inc. 6.00% Senior Notes Due 2028,Finance,Investment Managers,650502418.0,,United States,NASDAQ screener
RILYZ,BRC Group Holdings Inc. 5.25% Senior Notes due 2028,Finance,Investment Managers,607806525.0,,United States,NASDAQ screener
RITM,Rithm Capital Corp. Common Stock,Real Estate,Real Estate Investment Trusts,5169919088.0,,United States,NASDAQ screener
RJET,Republic Airways Holdings Inc. Common Stock,Consumer Discretionary,Air Freight/Delivery Services,1097214623.0,2018.0,United States,NASDAQ screener
RLAY,Relay Therapeutics Inc. Common Stock,Health Care,Biotechnology: Biological Products (No Diagnostic Substances),2663047694.0,2020.0,United States,NASDAQ screener
RLGT,Radiant Logistics Inc. Common Stock,Industrials,Integrated Freight & Logistics,393854311.0,,United States,NASDAQ screener
RLI,RLI Corp. Common Stock (DE),Finance,Property-Casualty Insurers,4734824047.0,,United States,NASDAQ screener
RLJ,RLJ Lodging Trust Common Shares of Beneficial Interest $0.01 par value,Real Estate,Real Estate Investment Trusts,1519297260.0,2011.0,United States,NASDAQ screener
RLMD,Relmada Therapeutics Inc. Common Stock,Health Care,Biotechnology: Pharmaceutical Preparations,760454117.0,,United States,NASDAQ screener
RLX,RLX Technology Inc. American Depositary Shares each representing the right to receive one (1) Class A ordinary share,Health Care,Medicinal Chemicals and Botanical Products,3144348823.0,2021.0,Cayman Islands,NASDAQ screener
RLYB,Rallybio Corporation Common Stock,Health Care,Biotechnology: Pharmaceutical Preparations,76928949.0,2021.0,United States,NASDAQ screener
RM,Regional Management Corp. Common Stock,Finance,Finance: Consumer Services,334071501.0,2012.0,United States,NASDAQ screener
RMAX,RE/MAX Holdings Inc. Class A Common Stock,Finance,Real Estate,201074768.0,2013.0,United States,NASDAQ screener
RMBI,Richmond Mutual Bancorporation Inc. Common Stock,Finance,Major Banks,153948472.0,2019.0,United States,NASDAQ screener
RMI,RiverNorth Opportunistic Municipal Income Fund Inc. Common Stock,Finance,Finance/Investors Services,98084595.0,2018.0,,NASDAQ screener
RMIX,Suncrete Inc. Class A Common Stock,Industrials,Building Materials,1203623770.0,,United States,NASDAQ screener
RMM,RiverNorth Managed Duration Municipal Income Fund Inc. Common Stock,Finance,Trusts Except Educational Religious and Charitable,288001173.0,2019.0,,NASDAQ screener
RMMZ,RiverNorth Managed Duration Municipal Income Fund II Inc. Common Stock,Finance,Investment Managers,293133476.0,2022.0,,NASDAQ screener
RMNI,Rimini Street Inc. (DE) Common Stock,Consumer Discretionary,Business Services,350802400.0,2015.0,United States,NASDAQ screener
RMR,The RMR Group Inc. Class A Common Stock,Consumer Discretionary,Professional Services,634304972.0,,United States,NASDAQ screener
RMT,Royce Micro-Cap Trust Inc. Common Stock,Finance,Investment Managers,647767498.0,,United States,NASDAQ screener
RNA,Atrium Therapeutics Inc. Common Stock,Health Care,Biotechnology: Pharmaceutical Preparations,228531390.0,,United States,NASDAQ screener
RNAC,Cartesian Therapeutics Inc. Common Stock,Health Care,Biotechnology: Pharmaceutical Preparations,211840716.0,2016.0,United States,NASDAQ screener
RNG,RingCentral Inc. Class A Common Stock,Technology,EDP Services,3510321163.0,2013.0,United States,NASDAQ screener
RNGR,Ranger Energy Services Inc. Class A Common Stock,Energy,Oilfield Services/Equipment,359988588.0,2017.0,United States,NASDAQ screener
RNGTU,Range Capital Acquisition Corp II,Finance,Blank Checks,200000000.0,2025.0,United States,"Finnhub IPO,NASDAQ screener"
RNP,Cohen & Steers REIT and Preferred and Income Fund Inc. Common Shares,Finance,Investment Managers,1032402574.0,2003.0,United States,NASDAQ screener
RNST,Renasant Corporation Common Stock,Finance,Major Banks,3753629842.0,2023.0,United States,NASDAQ screener
RNTX,Rein Therapeutics Inc. Common Stock,Health Care,Biotechnology: Pharmaceutical Preparations,94948326.0,2017.0,United States,NASDAQ screener
RNW,ReNew Energy Global plc Class A Ordinary Shares,Utilities,Electric Utilities: Central,2263679459.0,,United Kingdom,NASDAQ screener
ROAD,Construction Partners Inc. Class A Common Stock,Industrials,Military/Government/Technical,6791518556.0,2018.0,United States,NASDAQ screener
ROC,Rank One Computing Corporation Common stock,Technology,Computer Software: Prepackaged Software,94828231.0,2026.0,United States,"Finnhub IPO,NASDAQ screener"
ROCK,Gibraltar Industries Inc. Common Stock,Industrials,Steel/Iron Ore,1163637082.0,1993.0,United States,NASDAQ screener
ROG,Rogers Corporation Common Stock,Industrials,Major Chemicals,2586966663.0,1960.0,United States,NASDAQ screener
ROLR,High Roller Technologies Inc. Common Stock,Consumer Discretionary,Services-Misc. Amusement & Recreation,59671289.0,2024.0,,"Finnhub IPO,NASDAQ screener"
ROMA,Roma Green Finance Limited Class A Ordinary Shares,Consumer Discretionary,Professional Services,416356351.0,2024.0,Hong Kong,"Finnhub IPO,NASDAQ screener"
ROOT,Root Inc. Class A Common Stock,Finance,Property-Casualty Insurers,830880540.0,2020.0,United States,NASDAQ screener
RPAY,Repay Holdings Corporation Class A Common Stock,Consumer Discretionary,Business Services,338964235.0,2018.0,United States,NASDAQ screener
RPC,Ridgepost Capital Inc. Class A Common Stock,Finance,Investment Managers,916319042.0,2021.0,United States,NASDAQ screener
RPD,Rapid7 Inc. Common Stock,Technology,Computer Software: Prepackaged Software,497219798.0,2015.0,United States,NASDAQ screener
RPID,Rapid Micro Biosystems Inc. Class A Common Stock,Industrials,Biotechnology: Laboratory Analytical Instruments,93261788.0,2021.0,United States,NASDAQ screener
RPT,Rithm Property Trust Inc. Common stock,Real Estate,Real Estate Investment Trusts,113090806.0,2015.0,United States,NASDAQ screener
RQI,Cohen & Steers Quality Income Realty Fund Inc Common Shares,Finance,Trusts Except Educational Religious and Charitable,1796939459.0,2002.0,United States,NASDAQ screener
RR,Richtech Robotics Inc. Class B Common Stock,Industrials,Industrial Machinery/Components,1193797326.0,2023.0,United States,"Finnhub IPO,NASDAQ screener"
RRBI,Red River Bancshares Inc. Common Stock,Consumer Discretionary,Hotels/Resorts,608689298.0,2019.0,United States,NASDAQ screener
RRC,Range Resources Corporation Common Stock,Energy,Oil & Gas Production,9285872873.0,,United States,NASDAQ screener
RREVU,RRE Ventures Acquisition Corp.,Finance,Blank Checks,250000000.0,2026.0,United States,"Finnhub IPO,NASDAQ screener"
RRGB,Red Robin Gourmet Burgers Inc. Common Stock,Consumer Discretionary,Restaurants,88983321.0,2002.0,United States,NASDAQ screener
RRR,Red Rock Resorts Inc. Class A Common Stock,Consumer Discretionary,Hotels/Resorts,6029426088.0,2016.0,United States,NASDAQ screener
RSI,Rush Street Interactive Inc. Class A Common Stock,Consumer Discretionary,Services-Misc. Amusement & Recreation,6137039944.0,2020.0,United States,NASDAQ screener
RSKD,Riskified Ltd. Class A Ordinary Shares,Consumer Discretionary,Business Services,706938403.0,2021.0,,NASDAQ screener
RSSS,Research Solutions Inc Common Stock,Technology,EDP Services,72392047.0,,United States,NASDAQ screener
RSVR,Reservoir Media Inc. Common Stock,Consumer Discretionary,Services-Misc. Amusement & Recreation,665842223.0,2021.0,United States,NASDAQ screener
RTACU,Renatus Tactical Acquisition Corp I,Finance,Blank Checks,210000000.0,2025.0,United States,"Finnhub IPO,NASDAQ screener"
RTO,Rentokil Initial plc American Depositary Shares (each representing five (5) Ordinary Shares),Consumer Discretionary,Other Consumer Services,7692100000.0,2022.0,United States,NASDAQ screener
RUM,Rumble Inc. Class A Common Stock,Technology,Computer Software: Programming Data Processing,4123411452.0,2021.0,United States,NASDAQ screener
RUMBW,Rumble Inc. Warrant,Technology,Computer Software: Programming Data Processing,1142001903.0,2021.0,United States,NASDAQ screener
RUN,Sunrun Inc. Common Stock,Miscellaneous,Industrial Machinery/Components,3790548170.0,2015.0,United States,NASDAQ screener
RUSHA,Rush Enterprises Inc. Common Stock Cl A,Consumer Discretionary,Retail-Auto Dealers and Gas Stations,5518349784.0,,United States,NASDAQ screener
RUSHB,Rush Enterprises Inc. Class B,Consumer Discretionary,Retail-Auto Dealers and Gas Stations,5150770647.0,,United States,NASDAQ screener
RVLV,Revolve Group Inc. Class A Common Stock,Consumer Discretionary,Catalog/Specialty Distribution,1461879743.0,2019.0,United States,NASDAQ screener
RVMDW,Revolution Medicines Inc. Warrant,Health Care,Biotechnology: Biological Products (No Diagnostic Substances),1260697020.0,,United States,NASDAQ screener
RVSB,Riverview Bancorp Inc Common Stock,Finance,Savings Institutions,116809482.0,,United States,NASDAQ screener
RVT,Royce Small-Cap Trust Inc. Common Stock,Finance,Trusts Except Educational Religious and Charitable,2010154033.0,1986.0,United States,NASDAQ screener
RWAY,Runway Growth Finance Corp. Common Stock,Finance,Finance: Consumer Services,277293485.0,2021.0,United States,NASDAQ screener
RWAYL,Runway Growth Finance Corp. 7.50% Notes due 2027,Finance,Finance: Consumer Services,913383459.0,,United States,NASDAQ screener
RWT,Redwood Trust Inc. Common Stock,Real Estate,Real Estate Investment Trusts,671156350.0,1995.0,United States,NASDAQ screener
RWTN,Redwood Trust Inc. 9.125% Senior Notes Due 2029,Real Estate,Real Estate Investment Trusts,3253846824.0,2024.0,United States,NASDAQ screener
RWTO,Redwood Trust Inc. 9.00% Senior Notes Due 2029,Real Estate,Real Estate Investment Trusts,3185358388.0,2024.0,United States,NASDAQ screener
RXO,RXO Inc. Common Stock,Consumer Discretionary,Transportation Services,4271436081.0,2022.0,United States,NASDAQ screener
RXRX,Recursion Pharmaceuticals Inc. Class A Common Stock,Health Care,Biotechnology: Biological Products (No Diagnostic Substances),1822873885.0,2021.0,United States,NASDAQ screener
RXST,RxSight Inc. Common Stock,Health Care,Ophthalmic Goods,231407044.0,2021.0,United States,NASDAQ screener
RXT,Rackspace Technology Inc. Common Stock,Technology,Computer Software: Programming Data Processing,1208729120.0,2020.0,United States,NASDAQ screener
RYAM,Rayonier Advanced Materials Inc. Common Stock,Basic Materials,Paper,622457807.0,2014.0,United States,NASDAQ screener
RYAN,Ryan Specialty Holdings Inc. Class A Common Stock,Finance,Specialty Insurers,8381732803.0,2021.0,United States,NASDAQ screener
RYDE,Ryde Group Ltd. Class A Ordinary Shares,Consumer Discretionary,Business Services,177778687.0,2024.0,,"Finnhub IPO,NASDAQ screener"
RYM,RYTHM Inc. Common Stock,Consumer Staples,Farming/Seeds/Milling,54695308.0,2021.0,United States,NASDAQ screener
RYN,Rayonier Inc. REIT Common Stock,Real Estate,Real Estate Investment Trusts,6348773878.0,,United States,NASDAQ screener
RYTM,Rhythm Pharmaceuticals Inc. Common Stock,Health Care,Biotechnology: Pharmaceutical Preparations,6372161799.0,2017.0,United States,NASDAQ screener
RYZ,Ryerson Holding Corporation Common Stock,Industrials,Metal Fabrications,1473120874.0,2014.0,United States,"Finnhub IPO,NASDAQ screener"
RYZB,"RayzeBio, Inc.",,,310996800.0,,,Finnhub IPO
RZB,Reinsurance Group of America Incorporated 5.75% Fixed-To-Floating Rate Subordinated Debentures due 2056,Finance,Life Insurance,1656827892.0,2016.0,United States,NASDAQ screener
RZC,Reinsurance Group of America Incorporated 7.125% Fixed-Rate Reset Subordinated Debentures due 2052,Finance,Life Insurance,1665999735.0,2022.0,United States,NASDAQ screener
RZLT,Rezolute Inc. Common Stock (NV),Health Care,Biotechnology: Pharmaceutical Preparations,314875922.0,,United States,NASDAQ screener
RZLV,Rezolve AI PLC Ordinary Shares,Technology,Computer Software: Programming Data Processing,1113089109.0,,United Kingdom,NASDAQ screener
RZLVW,Rezolve AI PLC Warrants,Technology,Computer Software: Programming Data Processing,360392629.0,,United Kingdom,NASDAQ screener
S,SentinelOne Inc. Class A Common Stock,Technology,Computer Software: Prepackaged Software,6153507406.0,2021.0,United States,NASDAQ screener
SA,Seabridge Gold Inc. Ordinary Shares (Canada),Basic Materials,Precious Metals,3478373388.0,,Canada,NASDAQ screener
SAAQU,Space Asset Acquisition Corp.,Finance,Blank Checks,200000000.0,2026.0,United States,"Finnhub IPO,NASDAQ screener"
SABR,Sabre Corporation Common Stock,Technology,Computer Software: Programming Data Processing,660173166.0,2014.0,United States,NASDAQ screener
SABS,SAB Biotherapeutics Inc. Common Stock,Health Care,Biotechnology: Biological Products (No Diagnostic Substances),272976816.0,2021.0,United States,NASDAQ screener
SACH,Sachem Capital Corp. Common Shares,Real Estate,Real Estate Investment Trusts,57067220.0,2017.0,United States,NASDAQ screener
SAFE,Safehold Inc. New Common Stock,Real Estate,Real Estate Investment Trusts,1084891530.0,2023.0,United States,NASDAQ screener
SAFT,Safety Insurance Group Inc. Common Stock,Finance,Property-Casualty Insurers,1034741594.0,2002.0,United States,NASDAQ screener
SAFX,XCF Global Inc. Class A Common Stock,Industrials,Major Chemicals,149021698.0,,United States,NASDAQ screener
SAGUU,Shreya Acquisition Group,,,100000000.0,,,Finnhub IPO
SAH,Sonic Automotive Inc. Common Stock,Consumer Discretionary,Retail-Auto Dealers and Gas Stations,2646527585.0,1997.0,United States,NASDAQ screener
SAIC,Science Applications International Corporation Common Stock,Technology,EDP Services,4469717532.0,,United States,NASDAQ screener
SAIL,SailPoint Inc. Common Stock,Technology,Computer Software: Prepackaged Software,9387533815.0,2025.0,United States,"Finnhub IPO,NASDAQ screener"
SAJ,Saratoga Investment Corp 8.00% Notes due 2027,Finance,Investment Managers,399850703.0,2022.0,United States,NASDAQ screener
SAM,Boston Beer Company Inc. (The) Common Stock,Consumer Staples,Beverages (Production/Distribution),1879105609.0,,United States,NASDAQ screener
SAMG,Silvercrest Asset Management Group Inc. Class A Common Stock,Finance,Investment Managers,132339557.0,2013.0,United States,NASDAQ screener
SANA,Sana Biotechnology Inc. Common Stock,Health Care,Biotechnology: Biological Products (No Diagnostic Substances),871052677.0,2021.0,United States,NASDAQ screener
SANG,Sangoma Technologies Corporation Common Shares,Technology,Computer Software: Programming Data Processing,125128250.0,,Canada,NASDAQ screener
SAR,Saratoga Investment Corp New,Finance,Investment Managers,365373620.0,,United States,NASDAQ screener
SARO,StandardAero Inc. Common Stock,Industrials,Aerospace,9408956808.0,2024.0,United States,"Finnhub IPO,NASDAQ screener"
SAT,Saratoga Investment Corp 6.00% Notes due 2027,Finance,Investment Managers,392486682.0,2022.0,United States,NASDAQ screener
SATA,Strive Inc. Variable Rate Series A Perpetual Preferred Stock,,,7308263100.0,,United States,NASDAQ screener
SATL,Satellogic Inc. Class A Common Stock,Technology,Radio And Television Broadcasting And Communications Equipment,1460204355.0,,Uruguay,NASDAQ screener
SATLW,Satellogic Inc. Warrant,Technology,Radio And Television Broadcasting And Communications Equipment,585564183.0,,Uruguay,NASDAQ screener
SAY,Saratoga Investment Corp 8.125% Notes due 2027,Finance,Investment Managers,395620308.0,2022.0,United States,NASDAQ screener
SAZ,Saratoga Investment Corp 8.50% Notes due 2028,Finance,Investment Managers,395776989.0,2023.0,United States,NASDAQ screener
SB,Safe Bulkers Inc Common Stock ($0.001 par value),Consumer Discretionary,Marine Transportation,672770666.0,2008.0,Monaco,NASDAQ screener
SBAQU,Subversive Bitcoin Acquisition Corp.,,,115000000.0,,,Finnhub IPO
SBC,SBC Medical Group Holdings Incorporated Common Stock,Health Care,Medical/Nursing Services,328081748.0,2022.0,United States,NASDAQ screener
SBCF,Seacoast Banking Corporation of Florida Common Stock,Finance,Major Banks,2939769918.0,,United States,NASDAQ screener
SBET,Sharplink Inc. Common Stock,Technology,Computer Software: Prepackaged Software,1199045385.0,,United States,NASDAQ screener
SBFG,SB Financial Group Inc. Common Stock,Finance,Major Banks,137927072.0,,United States,NASDAQ screener
SBGI,Sinclair Inc. Class A Common Stock,Industrials,Broadcasting,1031967808.0,1995.0,United States,NASDAQ screener
SBH,Sally Beauty Holdings Inc. (Name to be changed from Sally Holdings Inc.) Common Stock,Consumer Discretionary,Other Specialty Stores,1264162440.0,,United States,NASDAQ screener
SBLK,Star Bulk Carriers Corp. Common Shares,Consumer Discretionary,Marine Transportation,3031389477.0,,Greece,NASDAQ screener
SBMT,Silver Bow Mining Corp. Common Shares,Basic Materials,Precious Metals,271071630.0,2026.0,,"Finnhub IPO,NASDAQ screener"
SBR,Sabine Royalty Trust Common Stock,Energy,Oil & Gas Production,1103656417.0,,United States,NASDAQ screener
SBRA,Sabra Health Care REIT Inc. Common Stock,Real Estate,Real Estate Investment Trusts,5114415127.0,,United States,NASDAQ screener
SBSI,Southside Bancshares Inc. Common Stock,Finance,Major Banks,982996531.0,,United States,NASDAQ screener
SBSW,D/B/A Sibanye-Stillwater Limited ADS,Basic Materials,Precious Metals,8604924483.0,,South Africa,NASDAQ screener
SBXDU,SilverBox Corp IV,,,200000000.0,,,Finnhub IPO
SBXEU,SilverBox Corp V,,,240000000.0,,,Finnhub IPO
SCCD,Sachem Capital Corp. 6.00% Notes due 2026,Real Estate,Real Estate Investment Trusts,1181923891.0,,United States,NASDAQ screener
SCCE,Sachem Capital Corp. 6.00% Notes due 2027,Real Estate,Real Estate Investment Trusts,1162726593.0,2022.0,United States,NASDAQ screener
SCCF,Sachem Capital Corp. 7.125% Notes due 2027,Real Estate,Real Estate Investment Trusts,1168407668.0,2022.0,United States,NASDAQ screener
SCCG,Sachem Capital Corp. 8.00% Notes due 2027,Real Estate,Real Estate Investment Trusts,1177876125.0,2022.0,United States,NASDAQ screener
SCHL,Scholastic Corporation Common Stock,Consumer Discretionary,Books,889263178.0,1992.0,United States,NASDAQ screener
SCIIU,SC II Acquisition Corp.,,,150000000.0,,,Finnhub IPO
SCL,Stepan Company Common Stock,Consumer Discretionary,Package Goods/Cosmetics,1223112444.0,,United States,NASDAQ screener
SCLX,Scilex Holding Company Common Stock,Health Care,Biotechnology: Biological Products (No Diagnostic Substances),61222035.0,2021.0,United States,NASDAQ screener
SCM,Stellus Capital Investment Corporation Common Stock,Finance,Finance/Investors Services,266025264.0,2012.0,United States,NASDAQ screener
SCOR,comScore Inc. Common Stock,Consumer Discretionary,Business Services,116976144.0,2018.0,United States,NASDAQ screener
SCPQU,Social Commerce Partners Corp,,,100000000.0,,,Finnhub IPO
SCSC,ScanSource Inc. Common Stock,Technology,Retail: Computer Software & Peripheral Equipment,931269919.0,,United States,NASDAQ screener
SCVL,Shoe Carnival Inc. Common Stock,Consumer Discretionary,Clothing/Shoe/Accessory Stores,483721586.0,1993.0,United States,NASDAQ screener
SCYX,SCYNEXIS Inc. Common Stock,Health Care,Biotechnology: Pharmaceutical Preparations,58414168.0,2014.0,United States,NASDAQ screener
SCZM,Santacruz Silver Mining Ltd. Common Shares,,,751024476.0,,Canada,NASDAQ screener
SD,SandRidge Energy Inc. Common Stock,Energy,Oil & Gas Production,534207208.0,2016.0,United States,NASDAQ screener
SDA,SunCar Technology Group Inc. Class A Ordinary Shares,Consumer Discretionary,Automotive Aftermarket,83461854.0,2021.0,Hong Kong,NASDAQ screener
SDGR,Schrodinger Inc. Common Stock,Health Care,Biotechnology: Pharmaceutical Preparations,1058045452.0,2020.0,United States,NASDAQ screener
SDHC,Smith Douglas Homes Corp. Class A Common Stock,Consumer Discretionary,Homebuilding,626156289.0,2024.0,United States,"Finnhub IPO,NASDAQ screener"
SDHIU,Siddhi Acquisition Corp (Cayman Islands),,,240000000.0,,,Finnhub IPO
SDHY,PGIM Short Duration High Yield Opportunities Fund Common Shares,Finance,Finance/Investors Services,396989471.0,2020.0,,NASDAQ screener
SDRL,Seadrill Limited Common Shares,Energy,Oil & Gas Production,2998337859.0,2022.0,Bermuda,NASDAQ screener
SEAT,Vivid Seats Inc. Class A Common Stock,Consumer Discretionary,Services-Misc. Amusement & Recreation,93722616.0,,United States,NASDAQ screener
SEB,Seaboard Corporation Common Stock,Industrials,Farming/Seeds/Milling,4834197033.0,1996.0,United States,NASDAQ screener
SEDG,SolarEdge Technologies Inc. Common Stock,Technology,Semiconductors,4451284204.0,2015.0,Israel,NASDAQ screener
SEER,Seer Inc. Class A Common Stock,Industrials,Biotechnology: Laboratory Analytical Instruments,106114393.0,2020.0,United States,NASDAQ screener
SEG,Seaport Entertainment Group Inc. Common Stock,Consumer Discretionary,Services-Misc. Amusement & Recreation,313646795.0,2024.0,United States,NASDAQ screener
SEI,Solaris Energy Infrastructure Inc. Class A Common Stock,Consumer Discretionary,Oil and Gas Field Machinery,5050863805.0,2017.0,United States,NASDAQ screener
SELF,Global Self Storage Inc. Common Stock,Real Estate,Real Estate Investment Trusts,58250833.0,,United States,NASDAQ screener
SEM,Select Medical Holdings Corporation Common Stock,Health Care,Hospital/Nursing Management,2047517368.0,2009.0,United States,NASDAQ screener
SENEA,Seneca Foods Corp. Class A Common Stock,Consumer Staples,Packaged Foods,984843565.0,,United States,NASDAQ screener
SENEB,Seneca Foods Corp. Class B Common Stock,Consumer Staples,Packaged Foods,986264598.0,,United States,NASDAQ screener
SENS,Senseonics Holdings Inc. Common Stock,Health Care,Medical/Dental Instruments,280915925.0,,United States,NASDAQ screener
SEPN,Septerna Inc. Common Stock,Health Care,Biotechnology: Pharmaceutical Preparations,1399595300.0,2024.0,United States,"Finnhub IPO,NASDAQ screener"
SERA,Sera Prognostics Inc. Class A Common Stock,Health Care,Medical Specialities,83799672.0,2021.0,United States,NASDAQ screener
SERV,Serve Robotics Inc. Common Stock,Consumer Discretionary,Industrial Specialties,734272579.0,,United States,"Finnhub IPO,NASDAQ screener"
SES,SES AI Corporation Class A Common Stock,Miscellaneous,Industrial Machinery/Components,509611042.0,2021.0,United States,NASDAQ screener
SEV,Aptera Motors Corp. Class B Common Stock,Industrials,Auto Manufacturing,90389808.0,,United States,"Finnhub IPO,NASDAQ screener"
SEVN,Seven Hills Realty Trust Common Stock,Real Estate,Real Estate Investment Trusts,194778184.0,,United States,NASDAQ screener
SEZL,Sezzle Inc. Common Stock,Finance,Finance: Consumer Services,4001615261.0,,United States,"Finnhub IPO,NASDAQ screener"
SFB,Stifel Financial Corporation 5.20% Senior Notes due 2047,Finance,Investment Bankers/Brokers/Service,2029163843.0,2017.0,United States,NASDAQ screener
SFBC,Sound Financial Bancorp Inc. Common Stock,Finance,Savings Institutions,111085127.0,,United States,NASDAQ screener
SFBS,ServisFirst Bancshares Inc. Common Stock,Finance,Major Banks,4242928321.0,,United States,NASDAQ screener
SFIX,Stitch Fix Inc. Class A Common Stock,Consumer Discretionary,Catalog/Specialty Distribution,503768099.0,2017.0,United States,NASDAQ screener
SFL,SFL Corporation Ltd,Consumer Discretionary,Marine Transportation,1636678734.0,,Bermuda,NASDAQ screener
SFM,Sprouts Farmers Market Inc. Common Stock,Consumer Staples,Food Chains,8152700454.0,2013.0,United States,NASDAQ screener
SFNC,Simmons First National Corporation Class A Common Stock,Finance,Major Banks,3115979209.0,,United States,NASDAQ screener
SFST,Southern First Bancshares Inc. Common Stock,Finance,Major Banks,546603089.0,,United States,NASDAQ screener
SFWL,Shengfeng Development Limited Class A Ordinary Shares,Industrials,Trucking Freight/Courier Services,73554783.0,2023.0,China,NASDAQ screener
SG,Sweetgreen Inc. Class A Common Stock,Consumer Discretionary,Restaurants,1213230378.0,2021.0,United States,NASDAQ screener
SGA,Saga Communications Inc. Class A Common Stock (FL),Consumer Discretionary,Broadcasting,61285012.0,,United States,NASDAQ screener
SGC,Superior Group of Companies Inc. Common Stock,Consumer Discretionary,Apparel,207151149.0,,United States,NASDAQ screener
SGHC,Super Group (SGHC) Limited Ordinary Shares,Consumer Discretionary,Services-Misc. Amusement & Recreation,6483059815.0,2022.0,,NASDAQ screener
SGHT,Sight Sciences Inc. Common Stock,Health Care,Medical/Dental Instruments,275314307.0,2021.0,United States,NASDAQ screener
SGML,Sigma Lithium Corporation Common Shares,Basic Materials,Metal Mining,1766851247.0,,Canada,NASDAQ screener
SGMT,Sagimet Biosciences Inc. Series A Common Stock,Health Care,Biotechnology: Pharmaceutical Preparations,448935637.0,2023.0,United States,"Finnhub IPO,NASDAQ screener"
SGP,SpyGlass Pharma Inc. Common Stock,Health Care,Medical/Dental Instruments,663317763.0,2026.0,United States,"Finnhub IPO,NASDAQ screener"
SGRY,Surgery Partners Inc. Common Stock,Health Care,Hospital/Nursing Management,1785394092.0,2015.0,United States,NASDAQ screener
SGU,Star Group L.P. Common Stock,Consumer Discretionary,Other Specialty Stores,418960985.0,,United States,NASDAQ screener
SHAK,Shake Shack Inc. Class A Common Stock,Consumer Discretionary,Restaurants,2658015900.0,2015.0,United States,NASDAQ screener
SHAZ,SharonAI Holdings Inc. Class A Common Stock,Technology,EDP Services,1252804860.0,,United States,"Finnhub IPO,NASDAQ screener"
SHBI,Shore Bancshares Inc Common Stock,Finance,Major Banks,690530416.0,,United States,NASDAQ screener
SHC,Sotera Health Company Common Stock,Health Care,Misc Health and Biotechnology Services,4491380156.0,2020.0,United States,NASDAQ screener
SHEN,Shenandoah Telecommunications Co Common Stock,Telecommunications,Telecommunications Equipment,889577776.0,,United States,NASDAQ screener
SHIM,Shimmick Corporation Common Stock,Industrials,Military/Government/Technical,131007076.0,2023.0,United States,"Finnhub IPO,NASDAQ screener"
SHIP,Seanergy Maritime Holdings Corp. Common Stock,Consumer Discretionary,Marine Transportation,306605002.0,,Greece,NASDAQ screener
SHLS,Shoals Technologies Group Inc. Class A Common Stock,Technology,Semiconductors,2046816167.0,2021.0,United States,NASDAQ screener
SHMD,SCHMID Group N.V. Class A Ordinary Shares,Technology,Industrial Machinery/Components,399403970.0,,Germany,NASDAQ screener
SHMDW,SCHMID Group N.V. Warrants,Technology,Industrial Machinery/Components,111555668.0,,Germany,NASDAQ screener
SHO,Sunstone Hotel Investors Inc. Sunstone Hotel Investors Inc. Common Shares,Consumer Discretionary,Hotels/Resorts,2032437756.0,2004.0,United States,NASDAQ screener
SHOO,Steven Madden Ltd. Common Stock,Consumer Discretionary,Shoe Manufacturing,3171907922.0,1993.0,United States,NASDAQ screener
SHOTU,RMG ML Sports Holdings,,,300150000.0,,,Finnhub IPO
SI,Shoulder Innovations Inc. Common Stock,Health Care,Medical/Dental Instruments,313769359.0,2025.0,United States,"Finnhub IPO,NASDAQ screener"
SIBN,SI-BONE Inc. Common Stock,Health Care,Medical/Dental Instruments,639073168.0,2018.0,United States,NASDAQ screener
SID,Companhia Siderurgica Nacional S.A. Common Stock,Industrials,Steel/Iron Ore,1803487768.0,,Brazil,NASDAQ screener
SIDU,Sidus Space Inc. Class A Common Stock,Telecommunications,Telecommunications Equipment,418879944.0,2021.0,United States,NASDAQ screener
SIEB,Siebert Financial Corp. Common Stock,Finance,Investment Bankers/Brokers/Service,79425416.0,,United States,NASDAQ screener
SIF,SIFCO Industries Inc. Common Stock,Industrials,Aerospace,134151046.0,1969.0,United States,NASDAQ screener
SIFY,Sify Technologies Limited American Depositary Shares,Technology,Computer Software: Programming Data Processing,1236468336.0,,India,NASDAQ screener
SIG,Signet Jewelers Limited Common Shares,Consumer Discretionary,Consumer Specialties,3485495660.0,,Bermuda,NASDAQ screener
SIGA,SIGA Technologies Inc. Common Stock,Health Care,Biotechnology: Pharmaceutical Preparations,341406702.0,,United States,NASDAQ screener
SIGI,Selective Insurance Group Inc. Common Stock,Finance,Property-Casualty Insurers,5226010401.0,,United States,NASDAQ screener
SIGIP,Selective Insurance Group Inc. Depositary Shares each representing a 1/1000th interest in a share of 4.60% Non-Cumulative Preferred Stock Series B,Finance,Property-Casualty Insurers,989493492.0,,United States,NASDAQ screener
SII,Sprott Inc. Common Shares,Finance,Finance: Consumer Services,3301626000.0,2020.0,,NASDAQ screener
SILA,Sila Realty Trust Inc. Common Stock,Real Estate,Real Estate Investment Trusts,1670650834.0,2024.0,United States,NASDAQ screener
SILC,Silicom Ltd Ordinary Shares,Telecommunications,Computer Communications Equipment,249700774.0,,Israel,NASDAQ screener
SIM,Grupo Simec S.A.B. de C.V. American Depositary Shares,Industrials,Steel/Iron Ore,4612353724.0,1998.0,Mexico,NASDAQ screener
SIMAU,SIM Acquisition Corp. I,Finance,Blank Checks,200000000.0,2024.0,United States,"Finnhub IPO,NASDAQ screener"
SIMO,Silicon Motion Technology Corporation American Depositary Shares,Technology,Semiconductors,9576928917.0,2005.0,Taiwan,NASDAQ screener
SION,Sionna Therapeutics Inc. Common Stock,Health Care,Biotechnology: Pharmaceutical Preparations,1932434124.0,2025.0,United States,"Finnhub IPO,NASDAQ screener"
SITC,SITE Centers Corp. Common Stock,Real Estate,Real Estate Investment Trusts,272869345.0,,United States,NASDAQ screener
SITE,SiteOne Landscape Supply Inc. Common Stock,Consumer Discretionary,Professional and commerical equipment,4950115344.0,2016.0,United States,NASDAQ screener
SJ,Scienjoy Holding Corporation Class A Ordinary Shares,Technology,EDP Services,50530694.0,2019.0,China,NASDAQ screener
SJHK,"Sichuan Hongyi Enterprise Management Co., Ltd.",,,100000000.0,,,Finnhub IPO
SJT,San Juan Basin Royalty Trust Common Stock,Energy,Oil & Gas Production,185503008.0,,United States,NASDAQ screener
SKAIU,Sky Acquisition Group,,,172500000.0,,,Finnhub IPO
SKBL,Skyline Builders Group Holding Limited Class A Ordinary Shares,Consumer Discretionary,Engineering & Construction,488611691.0,2025.0,Hong Kong,"Finnhub IPO,NASDAQ screener"
SKE,Skeena Resources Limited Common Shares,Basic Materials,Precious Metals,3649370002.0,2021.0,,NASDAQ screener
SKIL,Skillsoft Corp. Class A Common Stock,Technology,Computer Software: Prepackaged Software,66536222.0,2019.0,United States,NASDAQ screener
SKIN,SkinHealth Systems Inc. Class A Common Stock,Health Care,Medical/Dental Instruments,101813791.0,2020.0,United States,NASDAQ screener
SKLZ,Skillz Inc. Class A Common Stock,Technology,EDP Services,138595106.0,2020.0,United States,NASDAQ screener
SKT,Tanger Inc. Common Stock,Real Estate,Real Estate Investment Trusts,4206753664.0,1993.0,United States,NASDAQ screener
SKWD,Skyward Specialty Insurance Group Inc. Common Stock,Finance,Property-Casualty Insurers,1815113020.0,2023.0,United States,NASDAQ screener
SKY,Champion Homes Inc. Common Stock,Consumer Discretionary,Homebuilding,4009996035.0,,United States,NASDAQ screener
SKYA,SkyAI Inc. Common Stock,Health Care,Medical/Dental Instruments,74910237.0,2022.0,United States,NASDAQ screener
SKYH,Sky Harbour Group Corporation Class A Common Stock,Finance,Real Estate,700230688.0,2022.0,United States,NASDAQ screener
SKYT,SkyWater Technology Inc. Common Stock,Technology,Semiconductors,1917503340.0,2021.0,United States,NASDAQ screener
SKYW,SkyWest Inc. Common Stock,Consumer Discretionary,Air Freight/Delivery Services,3419509428.0,1986.0,United States,NASDAQ screener
SKYX,SKYX Platforms Corp. Common Stock,Consumer Discretionary,Building Products,150622176.0,2022.0,United States,NASDAQ screener
SLAB,Silicon Laboratories Inc. Common Stock,Technology,Semiconductors,7203559961.0,2000.0,United States,NASDAQ screener
SLDB,Solid Biosciences Inc. Common Stock,Health Care,Biotechnology: Biological Products (No Diagnostic Substances),696038714.0,2018.0,United States,NASDAQ screener
SLDE,Slide Insurance Holdings Inc. Common Stock,Finance,Property-Casualty Insurers,2094143017.0,2025.0,United States,"Finnhub IPO,NASDAQ screener"
SLDP,Solid Power Inc. Class A Common Stock,Miscellaneous,Industrial Machinery/Components,762694716.0,2021.0,United States,NASDAQ screener
SLG,SL Green Realty Corp Common Stock,Real Estate,Real Estate Investment Trusts,3225495304.0,1997.0,United States,NASDAQ screener
SLGL,Sol-Gel Technologies Ltd. Ordinary Shares,Health Care,Biotechnology: Pharmaceutical Preparations,211527691.0,2018.0,Israel,NASDAQ screener
SLGN,Silgan Holdings Inc. Common Stock,Industrials,Containers/Packaging,4015830804.0,2022.0,United States,NASDAQ screener
SLI,Standard Lithium Ltd. Common Shares,Industrials,Major Chemicals,969751545.0,2021.0,Canada,NASDAQ screener
SLM,SLM Corporation Common Stock,Finance,Finance: Consumer Services,4126414731.0,,United States,NASDAQ screener
SLMT,Brera Holdings PLC Class B Ordinary Shares,Consumer Discretionary,Services-Misc. Amusement & Recreation,51498869.0,2023.0,Ireland,NASDAQ screener
SLN,Silence Therapeutics Plc American Depository Share,Health Care,Biotechnology: Pharmaceutical Preparations,321048000.0,,United Kingdom,NASDAQ screener
SLND,Southland Holdings Inc. Common Stock,Industrials,Military/Government/Technical,69400169.0,,United States,NASDAQ screener
SLNG,Stabilis Solutions Inc. Common Stock,Utilities,Oil/Gas Transmission,71967685.0,,United States,NASDAQ screener
SLNH,Soluna Holdings Inc. Common Stock,Technology,EDP Services,258665111.0,,United States,NASDAQ screener
SLNHP,Soluna Holdings Inc 9.0% Series A Cumulative Perpetual Preferred Stock,Technology,EDP Services,1697578131.0,,United States,NASDAQ screener
SLP,Simulations Plus Inc. Common Stock,Technology,EDP Services,337633604.0,,United States,NASDAQ screener
SLQT,SelectQuote Inc. Common Stock,Finance,Specialty Insurers,186928640.0,2020.0,United States,NASDAQ screener
SLRA,SOLERA GLOBAL CORP.,,,100000000.0,,,Finnhub IPO
SLRC,SLR Investment Corp. Common Stock,Finance,Finance/Investors Services,719030076.0,2010.0,United States,NASDAQ screener
SLS,SELLAS Life Sciences Group Inc. Common Stock,Health Care,Biotechnology: Pharmaceutical Preparations,1707779029.0,,United States,NASDAQ screener
SLSN,Solesence Inc. Common Stock,Consumer Discretionary,Package Goods/Cosmetics,93234827.0,,United States,NASDAQ screener
SLSR,Solaris Resources Inc. Common Shares,,,1718793525.0,2024.0,,NASDAQ screener
SLVM,Sylvamo Corporation Common Stock,Basic Materials,Paper,1566398481.0,2021.0,United States,NASDAQ screener
SM,SM Energy Company Common Stock,Energy,Oil & Gas Production,7470569523.0,,United States,NASDAQ screener
SMA,SmartStop Self Storage REIT Inc. Common Stock,Real Estate,Real Estate Investment Trusts,1745667751.0,2025.0,United States,"Finnhub IPO,NASDAQ screener"
SMBC,Southern Missouri Bancorp Inc. Common Stock,Finance,Banks,762391891.0,,United States,NASDAQ screener
SMBK,SmartFinancial Inc. Common Stock,Finance,Major Banks,713519278.0,,United States,NASDAQ screener
SMC,Summit Midstream Corporation Common Stock,Utilities,Natural Gas Distribution,559519095.0,2012.0,United States,NASDAQ screener
SMG,Scotts Miracle-Gro Company (The) Common Stock,Industrials,Agricultural Chemicals,3518843550.0,1992.0,United States,NASDAQ screener
SMHI,SEACOR Marine Holdings Inc. Common Stock,Consumer Discretionary,Marine Transportation,209191401.0,2017.0,United States,NASDAQ screener
SMID,Smith-Midland Corporation Common Stock,Industrials,Building Materials,172038481.0,,United States,NASDAQ screener
SMJF,SMJ International Holdings Inc. Class A Ordinary Shares,Consumer Discretionary,RETAIL: Building Materials,120500000.0,2025.0,,"Finnhub IPO,NASDAQ screener"
SMP,Standard Motor Products Inc. Common Stock,Consumer Discretionary,Auto Parts:O.E.M.,903666495.0,,United States,NASDAQ screener
SMPL,The Simply Good Foods Company Common Stock,Consumer Staples,Packaged Foods,1067770483.0,,United States,NASDAQ screener
SMR,NuScale Power Corporation Class A Common Stock,Industrials,Metal Fabrications,4455215292.0,2022.0,United States,NASDAQ screener
SMRT,SmartRent Inc. Class A Common Stock,Technology,EDP Services,252617870.0,,United States,NASDAQ screener
SMTI,Sanara MedTech Inc. Common Stock,Health Care,Industrial Specialties,218010823.0,,United States,NASDAQ screener
SMWB,Similarweb Ltd. Ordinary Shares,Technology,Computer Software: Programming Data Processing,364389434.0,2021.0,,NASDAQ screener
SNAP,Snap Inc. Class A Common Stock,Technology,Computer Software: Programming Data Processing,9793821120.0,2017.0,United States,NASDAQ screener
SND,Smart Sand Inc. Common Stock,Industrials,Mining & Quarrying of Nonmetallic Minerals (No Fuels),199453560.0,2016.0,United States,NASDAQ screener
SNDA,Sonida Senior Living Inc. Common Stock,Health Care,Hospital/Nursing Management,1707779490.0,,United States,NASDAQ screener
SNDL,SNDL Inc. Common Shares,Health Care,Medicinal Chemicals and Botanical Products,387847000.0,2019.0,Canada,NASDAQ screener
SNDR,Schneider National Inc. Common Stock,Industrials,Trucking Freight/Courier Services,6208156719.0,2017.0,United States,NASDAQ screener
SNDX,Syndax Pharmaceuticals Inc. Common Stock,Health Care,Biotechnology: Pharmaceutical Preparations,1749769973.0,2016.0,United States,NASDAQ screener
SNEX,StoneX Group Inc. Common Stock,Finance,Investment Bankers/Brokers/Service,8884885217.0,,United States,NASDAQ screener
SNFCA,Security National Financial Corporation Class A Common Stock,Finance,Finance: Consumer Services,246058023.0,,United States,NASDAQ screener
SNT,Senstar Technologies Corporation Common Shares,Telecommunications,Telecommunications Equipment,61362247.0,,Canada,NASDAQ screener
SNWV,SANUWAVE Health Inc. Common Stock,Health Care,Medical/Dental Instruments,143258940.0,,United States,NASDAQ screener
SOBO,South Bow Corporation Common Shares,Energy,Natural Gas Distribution,7730146277.0,2024.0,Canada,NASDAQ screener
SOC,Sable Offshore Corp. Common Stock,Energy,Oil & Gas Production,2267591148.0,2021.0,United States,NASDAQ screener
SOCAU,Solarius Capital Acquisition Corp.,Finance,Blank Checks,150000000.0,2025.0,United States,"Finnhub IPO,NASDAQ screener"
SOGP,Sound Group Inc. American Depositary Shares,Technology,Computer Software: Programming Data Processing,56893610.0,2020.0,China,NASDAQ screener
SOHU,Sohu.com Limited American Depositary Shares,Technology,EDP Services,351671107.0,,China,NASDAQ screener
SON,Sonoco Products Company Common Stock,Consumer Discretionary,Containers/Packaging,4895977479.0,,United States,NASDAQ screener
SONO,Sonos Inc. Common Stock,Consumer Staples,Consumer Electronics/Appliances,1888189435.0,2018.0,United States,NASDAQ screener
SOPH,SOPHiA GENETICS SA Ordinary Shares,Health Care,Biotechnology: Biological Products (No Diagnostic Substances),364077006.0,2021.0,Switzerland,NASDAQ screener
SOR,Source Capital Inc. Cmn Shs of BI,Finance,Investment Managers,378922973.0,,United States,NASDAQ screener
SORA,AsiaStrategy Ordinary Shares,Industrials,Other Specialty Stores,69619200.0,2025.0,Hong Kong,NASDAQ screener
SORNU,Soren Acquisition Corp.,Finance,Blank Checks,220000000.0,2026.0,United States,"Finnhub IPO,NASDAQ screener"
SOTK,Sono-Tek Corporation Common Stock,Technology,Industrial Machinery/Components,76352491.0,,United States,NASDAQ screener
SOULU,Soulpower Acquisition Corp.,,,220000000.0,,,Finnhub IPO
SOUN,SoundHound AI Inc Class A Common Stock,Technology,Computer Software: Prepackaged Software,3704508076.0,,United States,NASDAQ screener
SOUNW,SoundHound AI Inc. Warrant,Technology,Computer Software: Prepackaged Software,1129528747.0,2021.0,United States,NASDAQ screener
SPAI,Safe Pro Group Inc. Common Stock,Health Care,Industrial Specialties,111547800.0,2024.0,United States,"Finnhub IPO,NASDAQ screener"
SPB,Spectrum Brands Holdings Inc. Common Stock,Miscellaneous,Industrial Machinery/Components,1819824621.0,,United States,NASDAQ screener
SPCB,SuperCom Ltd. Ordinary Shares (Israel),Technology,Semiconductors,61312374.0,,Israel,NASDAQ screener
SPCE,Virgin Galactic Holdings Inc. Common Stock,Consumer Discretionary,Transportation Services,456095974.0,2017.0,United States,NASDAQ screener
SPCX,SPACE EXPLORATION TECHNOLOGIES CORP,,,1000000000.0,,,Finnhub IPO
SPEGU,Silver Pegasus Acquisition Corp.,,,100000000.0,2025.0,United States,"Finnhub IPO,NASDAQ screener"
SPEXU,Spectre Acquisition Corp,,,69000000.0,,,Finnhub IPO
SPFI,South Plains Financial Inc. Common Stock,Finance,Major Banks,774254292.0,2019.0,United States,NASDAQ screener
SPH,Suburban Propane Partners L.P. Common Stock,Consumer Discretionary,Other Specialty Stores,1297670195.0,1996.0,United States,NASDAQ screener
SPHAU,Shepherd Ave Capital Acquisition Corp,,,75000000.0,,,Finnhub IPO
SPHR,Sphere Entertainment Co. Class A Common Stock,Consumer Discretionary,Services-Misc. Amusement & Recreation,4787207151.0,2020.0,United States,NASDAQ screener
SPIR,Spire Global Inc. Class A Common Stock,Consumer Discretionary,Telecommunications Equipment,969274863.0,2020.0,United States,NASDAQ screener
SPKLU,Spark I Acquisition Corp,,,100000000.0,2023.0,United States,"Finnhub IPO,NASDAQ screener"
SPNT,SiriusPoint Ltd. Common Shares,Finance,Property-Casualty Insurers,2543611693.0,2013.0,Bermuda,NASDAQ screener
SPOK,Spok Holdings Inc. Common Stock,Telecommunications,Telecommunications Equipment,220566826.0,,United States,NASDAQ screener
SPRB,Spruce Biosciences Inc. Common Stock,Health Care,Biotechnology: Pharmaceutical Preparations,135384555.0,2020.0,United States,NASDAQ screener
SPRO,Spero Therapeutics Inc. Common Stock,Health Care,Biotechnology: Pharmaceutical Preparations,167914330.0,2017.0,United States,NASDAQ screener
SPRU,Spruce Power Holding Corporation Class A Common Stock,Consumer Discretionary,Auto Parts:O.E.M.,52536198.0,2019.0,United States,NASDAQ screener
SPRY,ARS Pharmaceuticals Inc. Common Stock,Health Care,Biotechnology: Pharmaceutical Preparations,933450663.0,2020.0,United States,NASDAQ screener
SPSC,SPS Commerce Inc. Common Stock,Technology,Computer Software: Prepackaged Software,1964863811.0,2010.0,United States,NASDAQ screener
SPT,Sprout Social Inc Class A Common Stock,Technology,Computer Software: Prepackaged Software,420137711.0,2019.0,United States,NASDAQ screener
SPTX,Seaport Therapeutics Inc. Common Stock,Health Care,Biotechnology: Pharmaceutical Preparations,952554960.0,2026.0,United States,"Finnhub IPO,NASDAQ screener"
SPWH,Sportsman's Warehouse Holdings Inc. Common Stock,Consumer Discretionary,Other Specialty Stores,52197489.0,2014.0,United States,NASDAQ screener
SPWR,SunPower Inc. Common Stock,Technology,Semiconductors,150685888.0,,United States,NASDAQ screener
SQNS,Sequans Communications S.A. American Depositary Shares (each representing one hundred (100) Ordinary Shares),Technology,Semiconductors,66500833.0,,France,NASDAQ screener
SR,Spire Inc. Common Stock,Utilities,Oil/Gas Transmission,4945119651.0,,United States,NASDAQ screener
SRAD,Sportradar Group AG Class A Ordinary Shares,Technology,Computer Software: Programming Data Processing,4068433600.0,2021.0,Switzerland,NASDAQ screener
SRBK,SR Bancorp Inc. Common stock,Finance,Banks,156873508.0,2023.0,United States,"Finnhub IPO,NASDAQ screener"
SRCE,1st Source Corporation Common Stock,Finance,Major Banks,1770507622.0,,United States,NASDAQ screener
SRFM,SURF AIR MOBILITY INC.,Consumer Discretionary,Transportation Services,408472440.0,2023.0,United States,"Finnhub IPO,NASDAQ screener"
SRG,Seritage Growth Properties Class A Common Stock,Finance,Real Estate,153202931.0,2015.0,United States,NASDAQ screener
SRI,Stoneridge Inc. Common Stock,Consumer Discretionary,Auto Parts:O.E.M.,220799616.0,1997.0,United States,NASDAQ screener
SRPT,Sarepta Therapeutics Inc. Common Stock (DE),Health Care,Biotechnology: Pharmaceutical Preparations,1826468641.0,,United States,NASDAQ screener
SRRK,Scholar Rock Holding Corporation Common Stock,Health Care,Biotechnology: Biological Products (No Diagnostic Substances),5969847799.0,2018.0,United States,NASDAQ screener
SRTA,Strata Critical Medical Inc. Class A Common Stock,Consumer Discretionary,Transportation Services,559826908.0,2019.0,United States,NASDAQ screener
SRTS,Sensus Healthcare Inc. Common Stock,Health Care,Medical/Dental Instruments,52349348.0,2016.0,United States,NASDAQ screener
SRXH,SRX Health Solutions Inc. Common Stock,Consumer Staples,Beverages (Production/Distribution),68469553.0,2021.0,,NASDAQ screener
SRZN,Surrozen Inc. Common Stock,Health Care,Biotechnology: Biological Products (No Diagnostic Substances),303727305.0,,United States,NASDAQ screener
SSACU,SPACSphere Acquisition Corp.,,,150000000.0,,,Finnhub IPO
SSB,SouthState Bank Corporation Common Stock,Finance,Major Banks,9248186992.0,,United States,NASDAQ screener
SSBI,Summit State Bank Common Stock,Finance,Major Banks,90621105.0,2006.0,United States,NASDAQ screener
SSD,Simpson Manufacturing Company Inc. Common Stock,Consumer Discretionary,Industrial Machinery/Components,7866059123.0,,United States,NASDAQ screener
SSEAU,STARRY SEA ACQUISITION CORP,,,50000000.0,,,Finnhub IPO
SSII,SS Innovations International Inc. Common Stock,Health Care,Medical/Dental Instruments,790519563.0,,India,NASDAQ screener
SSL,Sasol Ltd. American Depositary Shares,Energy,Oil & Gas Production,8201607564.0,,South Africa,NASDAQ screener
SSP,E.W. Scripps Company (The) Class A Common Stock,Industrials,Broadcasting,320392884.0,,United States,NASDAQ screener
SSRM,SSR Mining Inc. Common Stock,Industrials,Precious Metals,6527846780.0,,Canada,NASDAQ screener
SSSS,SuRo Capital Corp. Common Stock,Finance,Finance: Consumer Services,358726062.0,2011.0,United States,NASDAQ screener
SSSSL,SuRo Capital Corp. 6.00% Notes due 2026,Finance,Finance: Consumer Services,601024772.0,,United States,NASDAQ screener
SSTI,SoundThinking Inc. Common Stock,Technology,Computer Software: Prepackaged Software,93656965.0,2017.0,United States,NASDAQ screener
SSTK,Shutterstock Inc. Common Stock,Technology,EDP Services,570908738.0,2012.0,United States,NASDAQ screener
SSYS,Stratasys Ltd. Ordinary Shares (Israel),Technology,Computer peripheral equipment,863448841.0,1994.0,United States,NASDAQ screener
ST,Sensata Technologies Holding plc Ordinary Shares,Industrials,Industrial Machinery/Components,7326866477.0,2010.0,Netherlands,NASDAQ screener
STA,"Starton Holdings, Inc.",,,53666669.0,,,Finnhub IPO
STAA,STAAR Surgical Company Common Stock,Health Care,Ophthalmic Goods,1447849435.0,,United States,NASDAQ screener
STAG,Stag Industrial Inc. Common Stock,Real Estate,Real Estate Investment Trusts,7263880039.0,2011.0,United States,NASDAQ screener
STBA,S&T Bancorp Inc. Common Stock,Finance,Major Banks,1616081719.0,,United States,NASDAQ screener
STC,Stewart Information Services Corporation Common Stock,Finance,Specialty Insurers,2011534457.0,,United States,NASDAQ screener
STEL,Stellar Bancorp Inc. Common Stock,Finance,Major Banks,1909016968.0,,United States,NASDAQ screener
STEM,Stem Inc. Class A Common Stock,Miscellaneous,Industrial Machinery/Components,91450490.0,1992.0,United States,NASDAQ screener
STEP,StepStone Group Inc. Class A Common Stock,Finance,Investment Managers,5977962449.0,2020.0,United States,NASDAQ screener
STEX,Streamex Corp. Common Stock,Health Care,Biotechnology: Electromedical & Electrotherapeutic Apparatus,157454974.0,,United States,NASDAQ screener
STGW,Stagwell Inc. Class A Common Stock,Consumer Discretionary,Advertising,1737528049.0,,Canada,NASDAQ screener
STHO,Star Holdings Shares of Beneficial Interest,Real Estate,Real Estate,106919797.0,,United States,NASDAQ screener
STIM,Neuronetics Inc. Common Stock,Health Care,Medical/Dental Instruments,107165274.0,2018.0,United States,NASDAQ screener
STKE,Sol Strategies Inc. Common Shares,,,52731437.0,,Canada,NASDAQ screener
STKS,The ONE Group Hospitality Inc. Common Stock,Consumer Discretionary,Restaurants,63759888.0,,United States,NASDAQ screener
STN,Stantec Inc Common Stock,Consumer Discretionary,Military/Government/Technical,8630308842.0,,Canada,NASDAQ screener
STNE,StoneCo Ltd. Class A Common Shares,Technology,EDP Services,2755775801.0,2018.0,Brazil,NASDAQ screener
STNG,Scorpio Tankers Inc. Common Shares,Consumer Discretionary,Marine Transportation,3861504134.0,2010.0,Monaco,NASDAQ screener
STOK,Stoke Therapeutics Inc. Common Stock,Health Care,Biotechnology: Pharmaceutical Preparations,1968723115.0,2019.0,United States,NASDAQ screener
STRA,Strategic Education Inc. Common Stock,Real Estate,Other Consumer Services,1745716575.0,1996.0,United States,NASDAQ screener
STRO,Sutro Biopharma Inc. Common Stock,Health Care,Biotechnology: Biological Products (No Diagnostic Substances),490982108.0,2018.0,United States,NASDAQ screener
STRS,Stratus Properties Inc. Common Stock,Real Estate,Homebuilding,231578794.0,,United States,NASDAQ screener
STRT,STRATTEC SECURITY CORPORATION Common Stock,Consumer Discretionary,Auto Parts:O.E.M.,331044457.0,,United States,NASDAQ screener
STRW,Strawberry Fields REIT Inc. Common Stock,Real Estate,Real Estate Investment Trusts,177902583.0,2023.0,United States,NASDAQ screener
STRZ,Starz Entertainment Corp. Common Shares,Consumer Discretionary,Movies/Entertainment,408478292.0,,United States,NASDAQ screener
STTK,Shattuck Labs Inc. Common Stock,Health Care,Biotechnology: Pharmaceutical Preparations,457782686.0,2020.0,United States,NASDAQ screener
STUB,StubHub Holdings Inc. Class A Common Stock,Consumer Discretionary,Services-Misc. Amusement & Recreation,3679285550.0,2025.0,United States,"Finnhub IPO,NASDAQ screener"
STVN,Stevanato Group S.p.A. Ordinary Shares,Health Care,Medical/Dental Instruments,5651041722.0,2021.0,,NASDAQ screener
STWD,STARWOOD PROPERTY TRUST INC. Starwood Property Trust Inc.,Real Estate,Real Estate Investment Trusts,6336093061.0,2009.0,United States,NASDAQ screener
STXS,Stereotaxis Inc. Common Stock,Health Care,Biotechnology: Electromedical & Electrotherapeutic Apparatus,203292336.0,,United States,NASDAQ screener
SUIG,Sui Group Holdings Limited Common Stock,Finance,Finance Companies,118276423.0,,United States,NASDAQ screener
SUJA,Suja Life Inc. Class A Common Stock,Consumer Staples,Beverages (Production/Distribution),596370185.0,2026.0,United States,"Finnhub IPO,NASDAQ screener"
SUMAU,SUMA Acquisition Corp,Finance,Blank Checks,150000000.0,2026.0,Canada,"Finnhub IPO,NASDAQ screener"
SUNC,SunocoCorp LLC Common Units representing limited liability company interests,Energy,Integrated oil Companies,3444439858.0,2025.0,,NASDAQ screener
SUNS,Sunrise Realty Trust Inc. Common Stock,Real Estate,Real Estate Investment Trusts,117473201.0,,United States,NASDAQ screener
SUPN,Supernus Pharmaceuticals Inc. Common Stock,Health Care,Biotechnology: Pharmaceutical Preparations,2719160929.0,2012.0,United States,NASDAQ screener
SUPV,Grupo Supervielle S.A. American Depositary Shares each Representing five Class B shares,Finance,Commercial Banks,848590071.0,2016.0,,NASDAQ screener
SUPX,SuperX AI Technology Limited Ordinary Shares,,,433029681.0,2024.0,Hong Kong,NASDAQ screener
SVACU,Spring Valley Acquisition Corp. III,Finance,Blank Checks,200000000.0,2025.0,United States,"Finnhub IPO,NASDAQ screener"
SVAQU,Silicon Valley Acquisition Corp.,,,200000000.0,,,Finnhub IPO
SVC,Service Properties Trust Common Stock,Real Estate,Real Estate Investment Trusts,1164972530.0,,United States,NASDAQ screener
SVCCU,Stellar V Capital Corp. (Cayman Islands),Finance,Blank Checks,150000000.0,2025.0,United States,"Finnhub IPO,NASDAQ screener"
SVCO,Silvaco Group Inc. Common Stock,Technology,Computer Software: Prepackaged Software,316098346.0,2024.0,United States,"Finnhub IPO,NASDAQ screener"
SVIVU,Spring Valley Acquisition Corp. IV,,,200000000.0,,,Finnhub IPO
SVM,Silvercorp Metals Inc. Common Shares,Basic Materials,Precious Metals,2746925612.0,,Canada,NASDAQ screener
SVRA,Savara Inc. Common Stock,Health Care,Biotechnology: Pharmaceutical Preparations,1043079509.0,,United States,NASDAQ screener
SVV,Savers Value Village Inc. Common Stock,Consumer Discretionary,Other Specialty Stores,1387415284.0,2023.0,United States,"Finnhub IPO,NASDAQ screener"
SWBI,Smith & Wesson Brands Inc. Common Stock,Industrials,Ordnance And Accessories,677194799.0,,United States,NASDAQ screener
SWIM,Latham Group Inc. Common Stock,Industrials,Plastic Products,637544928.0,2021.0,United States,NASDAQ screener
SWKHL,SWK Holdings Corporation 9.00% Senior Notes due 2027,,,310730262.0,,United States,NASDAQ screener
SWMR,Swarmer Inc Common Stock,Technology,Computer Software: Prepackaged Software,636630438.0,2026.0,United States,"Finnhub IPO,NASDAQ screener"
SWX,Southwest Gas Holdings Inc. Common Stock (DE),Utilities,Oil & Gas Production,6277072735.0,,United States,NASDAQ screener
SXC,SunCoke Energy Inc. Common Stock,Industrials,Steel/Iron Ore,784892082.0,2011.0,United States,NASDAQ screener
SXI,Standex International Corporation Common Stock,Industrials,Industrial Machinery/Components,3337418713.0,,United States,NASDAQ screener
SXT,Sensient Technologies Corporation Common Stock,Industrials,Major Chemicals,4963966426.0,,United States,NASDAQ screener
SY,So-Young International Inc. American Depository Shares,Technology,EDP Services,195589233.0,2019.0,China,NASDAQ screener
SYBT,Stock Yards Bancorp Inc. Common Stock,Finance,Major Banks,2104728056.0,,United States,NASDAQ screener
SYNA,Synaptics Incorporated Common Stock $0.001 Par Value,Technology,Semiconductors,5535234753.0,2002.0,United States,NASDAQ screener
SYPR,Sypris Solutions Inc. Common Stock,Industrials,Industrial Machinery/Components,81919623.0,,United States,NASDAQ screener
SYRE,Spyre Therapeutics Inc. Common Stock,Health Care,Biotechnology: Pharmaceutical Preparations,6262122754.0,2016.0,United States,NASDAQ screener
SZZLU,Sizzle Acquisition Corp. II,,,200000000.0,,,Finnhub IPO
TAC,TransAlta Corporation Ordinary Shares,Utilities,Electric Utilities: Central,4178134000.0,,Canada,NASDAQ screener
TACHU,Titan Acquisition Corp.,,,240000000.0,,,Finnhub IPO
TACO,Berto Acquisition Corp. Ordinary Shares,Finance,Blank Checks,382279014.0,2025.0,United States,NASDAQ screener
TACOU,Berto Acquisition Corp.,,,261000000.0,,,Finnhub IPO
TAL,TAL Education Group American Depositary Shares,Real Estate,Other Consumer Services,5953811685.0,,China,NASDAQ screener
TALK,Talkspace Inc. Common Stock,Health Care,Medical/Nursing Services,869390218.0,2020.0,United States,NASDAQ screener
TALO,Talos Energy Inc. Common Stock,Energy,Oil & Gas Production,2460486557.0,2018.0,United States,NASDAQ screener
TAP,Molson Coors Beverage Company Class B Common Stock,Consumer Staples,Beverages (Production/Distribution),7608958675.0,,Canada,NASDAQ screener
TARA,Protara Therapeutics Inc.  Common Stock,Health Care,Biotechnology: Biological Products (No Diagnostic Substances),266970126.0,2014.0,United States,NASDAQ screener
TARS,Tarsus Pharmaceuticals Inc. Common Stock,Health Care,Biotechnology: Biological Products (No Diagnostic Substances),2561646519.0,2020.0,United States,NASDAQ screener
TARX,Tarsier Pharma Ltd.,,,57500000.0,,,Finnhub IPO
TASK,TaskUs Inc. Class A Common Stock,Technology,EDP Services,577858474.0,2021.0,United States,NASDAQ screener
TATT,TAT Technologies Ltd. Ordinary Shares,Industrials,Aerospace,543084621.0,,Israel,NASDAQ screener
TAVIU,Tavia Acquisition Corp.,,,100000000.0,,,Finnhub IPO
TAYD,Taylor Devices Inc. Common Stock,Industrials,Industrial Machinery/Components,172866314.0,,United States,NASDAQ screener
TBBB,BBB Foods Inc. Class A Common Shares,Consumer Staples,Food Chains,3857464487.0,2024.0,Mexico,"Finnhub IPO,NASDAQ screener"
TBBK,The Bancorp Inc Common Stock,Finance,Major Banks,2292808556.0,2004.0,United States,NASDAQ screener
TBCH,Turtle Beach Corporation Common Stock,Telecommunications,Telecommunications Equipment,254046989.0,,United States,NASDAQ screener
TBI,TrueBlue Inc. Common Stock,Consumer Discretionary,Professional Services,186073037.0,,United States,NASDAQ screener
TBLA,Taboola.com Ltd. Ordinary Shares,Technology,Computer Software: Programming Data Processing,1366621760.0,,Israel,NASDAQ screener
TBLD,Thornburg Income Builder Opportunities Trust Common Stock,Finance,Investment Managers,721842368.0,2021.0,United States,NASDAQ screener
TBN,Tamboran Resources Corporation Common stock,Energy,Oil & Gas Production,972471335.0,2024.0,,"Finnhub IPO,NASDAQ screener"
TBPH,Theravance Biopharma Inc. Ordinary Shares,Health Care,Biotechnology: Pharmaceutical Preparations,835674211.0,,Cayman Islands,NASDAQ screener
TBRG,TruBridge Inc. Common Stock,Technology,EDP Services,389077588.0,2002.0,United States,NASDAQ screener
TC,Token Cat Limited American Depositary Shares,Consumer Discretionary,Business Services,235338235.0,2018.0,China,NASDAQ screener
TCBI,Texas Capital Bancshares Inc. Common Stock,Finance,Major Banks,4355302746.0,2003.0,United States,NASDAQ screener
TCBIO,Texas Capital Bancshares Inc. Depositary Shares 5.75% Fixed Rate Non-Cumulative Perpetual Preferred Stock Series B,Finance,Major Banks,928880873.0,,United States,NASDAQ screener
TCBK,TriCo Bancshares Common Stock,Finance,Major Banks,1604464465.0,,United States,NASDAQ screener
TCBX,Third Coast Bancshares Inc. Common Stock,Finance,Banks,635808161.0,,United States,NASDAQ screener
TCI,Transcontinental Realty Investors Inc. Common Stock,Real Estate,Real Estate Investment Trusts,332613666.0,,United States,NASDAQ screener
TCMD,Tactile Systems Technology Inc. Common Stock,Health Care,Medical/Dental Instruments,576312443.0,2016.0,United States,NASDAQ screener
TCPC,BlackRock TCP Capital Corp. Common Stock,Finance,Finance/Investors Services,323025684.0,2012.0,United States,NASDAQ screener
TCRT,Alaunos Therapeutics Inc. Common Stock,Health Care,Biotechnology: Pharmaceutical Preparations,74731767.0,,United States,NASDAQ screener
TCRX,TScan Therapeutics Inc. Common Stock,Health Care,Biotechnology: Biological Products (No Diagnostic Substances),70578882.0,2021.0,United States,NASDAQ screener
TCX,Tucows Inc. Class A Common Stock,Technology,EDP Services,168352512.0,,Canada,NASDAQ screener
TDACU,Translational Development Acquisition Corp.,,,150000000.0,2024.0,United States,"Finnhub IPO,NASDAQ screener"
TDAY,USA TODAY Co. Inc. Common Stock,Consumer Discretionary,Newspapers/Magazines,1132540297.0,2014.0,United States,NASDAQ screener
TDC,Teradata Corporation Common Stock,Technology,Computer Software: Prepackaged Software,2976383000.0,,United States,NASDAQ screener
TDOC,Teladoc Health Inc. Common Stock,Health Care,Medical/Nursing Services,1355653283.0,2015.0,United States,NASDAQ screener
TDS,Telephone and Data Systems Inc. Common Shares,Telecommunications,Telecommunications Equipment,4473478000.0,,United States,NASDAQ screener
TDUP,ThredUp Inc. Class A Common Stock,Consumer Discretionary,Catalog/Specialty Distribution,615524835.0,2021.0,United States,NASDAQ screener
TDW,Tidewater Inc. Common Stock,Consumer Discretionary,Marine Transportation,3715377011.0,2017.0,United States,NASDAQ screener
TDWDU,Tailwind 2.0 Acquisition Corp.,,,150000000.0,,,Finnhub IPO
TE,T1 Energy Inc. Common Stock,Miscellaneous,Industrial Machinery/Components,3021716332.0,2021.0,Luxembourg,NASDAQ screener
TEACU,Tidewise Acquisition Corp,,,86250000.0,,,Finnhub IPO
TEAD,Teads Holding Co. Common Stock,Technology,Computer Software: Programming Data Processing,121239288.0,2021.0,United States,NASDAQ screener
TECH,Bio-Techne Corp Common Stock,Health Care,Biotechnology: Biological Products (No Diagnostic Substances),7959955301.0,,United States,NASDAQ screener
TECX,Tectonic Therapeutic Inc. Common Stock,Health Care,Biotechnology: Biological Products (No Diagnostic Substances),561924359.0,2018.0,United States,NASDAQ screener
TELO,Telomir Pharmaceuticals Inc. Common Stock,Health Care,Biotechnology: Pharmaceutical Preparations,88031944.0,2024.0,United States,"Finnhub IPO,NASDAQ screener"
TEM,Tempus AI Inc. Class A Common Stock,Technology,Computer Software: Programming Data Processing,9209876899.0,2024.0,United States,"Finnhub IPO,NASDAQ screener"
TEN,Tsakos Energy Navigation Ltd Common Shares,Consumer Discretionary,Marine Transportation,1145150190.0,,Greece,NASDAQ screener
TENB,Tenable Holdings Inc. Common Stock,Technology,Computer Software: Prepackaged Software,2861557699.0,2018.0,United States,NASDAQ screener
TENX,Tenax Therapeutics Inc. Common Stock,Health Care,Biotechnology: Pharmaceutical Preparations,310079109.0,,United States,NASDAQ screener
TEO,Telecom Argentina SA,Telecommunications,Telecommunications Equipment,5948486284.0,,Argentina,NASDAQ screener
TEX,Terex Corporation Common Stock,Industrials,Construction/Ag Equipment/Trucks,6757214000.0,,United States,NASDAQ screener
TFIN,Triumph Financial Inc. Common Stock,Finance,Major Banks,1679531149.0,,United States,NASDAQ screener
TFPM,Triple Flag Precious Metals Corp. Common Shares,Industrials,Precious Metals,6326211785.0,2022.0,Canada,NASDAQ screener
TFSL,TFS Financial Corporation Common Stock,Finance,Savings Institutions,4436436471.0,2007.0,United States,NASDAQ screener
TFX,Teleflex Incorporated Common Stock,Health Care,Medical/Dental Instruments,5740075558.0,,United States,NASDAQ screener
TG,Tredegar Corporation Common Stock,Industrials,Metal Fabrications,278733879.0,,United States,NASDAQ screener
TGB,Taseko Mines Ltd. Common Stock,Basic Materials,Precious Metals,2643527675.0,,Canada,NASDAQ screener
TGE,The Generation Essentials Group Class A Ordinary Shares,Consumer Discretionary,Newspapers/Magazines,52337956.0,2025.0,,NASDAQ screener
TGEN,Tecogen Inc. Common Stock,Industrials,Industrial Machinery/Components,190577354.0,2025.0,United States,NASDAQ screener
TGLS,Tecnoglass Inc. Ordinary Shares,Consumer Discretionary,Electronic Components,1961368515.0,2022.0,Colombia,NASDAQ screener
TGS,Transportadora de Gas del Sur SA TGS Common Stock,Utilities,Natural Gas Distribution,4633997085.0,,Argentina,NASDAQ screener
TGTX,TG Therapeutics Inc. Common Stock,Health Care,Biotechnology: Pharmaceutical Preparations,5942704576.0,,United States,NASDAQ screener
TH,Target Hospitality Corp. Common Stock,Consumer Discretionary,Hotels/Resorts,1714861725.0,2018.0,United States,NASDAQ screener
THCH,TH International Limited Ordinary shares,Consumer Discretionary,Restaurants,61500627.0,,China,NASDAQ screener
THEOU,BOA Acquisition Corp. II,,,230000000.0,,,Finnhub IPO
THFF,First Financial Corporation Common Stock,Finance,Major Banks,822443527.0,,United States,NASDAQ screener
THG,Hanover Insurance Group Inc,Finance,Property-Casualty Insurers,6556174016.0,,United States,NASDAQ screener
THM,International Tower Hill Mines Ltd. Ordinary Shares (Canada),Basic Materials,Metal Mining,664559181.0,,Canada,NASDAQ screener
THO,Thor Industries Inc. Common Stock,Industrials,Homebuilding,4224505339.0,,United States,NASDAQ screener
THR,Thermon Group Holdings Inc. Common Stock,Energy,Industrial Machinery/Components,2200700956.0,2011.0,United States,NASDAQ screener
THRM,Gentherm Inc Common Stock,Consumer Discretionary,Auto Parts:O.E.M.,1069368402.0,,United States,NASDAQ screener
THRY,Thryv Holdings Inc. Common Stock,Consumer Discretionary,Advertising,173407663.0,,United States,NASDAQ screener
TIC,TIC Solutions Inc. Common Stock,Consumer Discretionary,Business Services,1850126595.0,2025.0,United States,NASDAQ screener
TIGR,UP Fintech Holding Ltd American Depositary Share representing fifteen Class A Ordinary Shares,Finance,Investment Bankers/Brokers/Service,950393673.0,2019.0,China,NASDAQ screener
TII,Titan Mining Corporation Common Shares,,,234908569.0,2025.0,,NASDAQ screener
TIL,Instil Bio Inc. Common Stock,Health Care,Biotechnology: Biological Products (No Diagnostic Substances),54934006.0,2021.0,United States,NASDAQ screener
TILE,Interface Inc. Common Stock,Consumer Discretionary,Home Furnishings,1735880141.0,,United States,NASDAQ screener
TIPT,Tiptree Inc. Common Stock,Finance,Property-Casualty Insurers,656349210.0,,United States,NASDAQ screener
TISI,Team Inc. Common Stock,Consumer Discretionary,Other Consumer Services,72273549.0,,United States,NASDAQ screener
TITN,Titan Machinery Inc. Common Stock,Consumer Discretionary,Other Specialty Stores,506508199.0,2007.0,United States,NASDAQ screener
TK,Teekay Corporation Ltd. Common Stock,Consumer Discretionary,Marine Transportation,997085333.0,,Bermuda,NASDAQ screener
TKBDU,TechyBird Acquisition Corp.,,,69000000.0,,,Finnhub IPO
TKC,Turkcell Iletisim Hizmetleri AS Common Stock,Telecommunications,Telecommunications Equipment,4989600000.0,,Turkey,NASDAQ screener
TKNO,Alpha Teknova Inc. Common Stock,Health Care,Biotechnology: In Vitro & In Vivo Diagnostic Substances,249841370.0,2021.0,United States,NASDAQ screener
TKR,Timken Company (The) Common Stock,Industrials,Metal Fabrications,8810513978.0,,United States,NASDAQ screener
TKVA,"Salspera, Inc.",,,104266656.0,,,Finnhub IPO
TLNCU,Talon Capital Corp.,Finance,Blank Checks,225000000.0,2025.0,United States,"Finnhub IPO,NASDAQ screener"
TLRY,Tilray Brands Inc. Common Stock,Health Care,Medicinal Chemicals and Botanical Products,658352690.0,2018.0,United States,NASDAQ screener
TLS,Telos Corporation Common Stock,Technology,EDP Services,359880232.0,2020.0,United States,NASDAQ screener
TLSA,Tiziana Life Sciences Ltd. Common Shares,Health Care,Biotechnology: Pharmaceutical Preparations,185798331.0,2018.0,United Kingdom,NASDAQ screener
TLSI,TriSalus Life Sciences Inc. Common Stock,Health Care,Medical Specialities,200832069.0,2021.0,United States,NASDAQ screener
TLX,Telix Pharmaceuticals Limited American Depositary Shares,Health Care,Biotechnology: Pharmaceutical Preparations,3228545277.0,,Australia,NASDAQ screener
TLYS,Tilly's Inc. Common Stock,Consumer Discretionary,Clothing/Shoe/Accessory Stores,139332079.0,2012.0,United States,NASDAQ screener
TMC,TMC the metals company Inc. Common Stock,Basic Materials,Metal Mining,2668642210.0,,Canada,NASDAQ screener
TMCI,Treace Medical Concepts Inc. Common Stock,Health Care,Medical/Dental Instruments,199808766.0,2021.0,United States,NASDAQ screener
TMCR,The Metals Royalty Company Inc. Common Stock,Basic Materials,Precious Metals,689915746.0,,Canada,"Finnhub IPO,NASDAQ screener"
TMCWW,TMC the metals company Inc. Warrants,Basic Materials,Metal Mining,166790138.0,,Canada,NASDAQ screener
TMDX,TransMedics Group Inc. Common Stock,Health Care,Biotechnology: Electromedical & Electrotherapeutic Apparatus,2344266593.0,2019.0,United States,NASDAQ screener
TMHC,Taylor Morrison Home Corporation Common Stock,Consumer Discretionary,Homebuilding,5487006119.0,2013.0,United States,NASDAQ screener
TMP,Tompkins Financial Corporation Common Stock,Finance,Major Banks,1244412055.0,1997.0,United States,NASDAQ screener
TMQ,Trilogy Metals Inc. Common Stock,Basic Materials,Precious Metals,769553550.0,,Canada,NASDAQ screener
TMRDU,Timber Road Acquisition Corp,,,230000000.0,,,Finnhub IPO
TMTSU,Spartacus Acquisition Corp. II,,,200000000.0,,,Finnhub IPO
TNC,Tennant Company Common Stock,Industrials,Industrial Machinery/Components,1490733623.0,,United States,NASDAQ screener
TNDM,Tandem Diabetes Care Inc. Common Stock,Health Care,Medical/Dental Instruments,1145806368.0,2013.0,United States,NASDAQ screener
TNET,TriNet Group Inc. Common Stock,Consumer Discretionary,Business Services,2086346239.0,2014.0,United States,NASDAQ screener
TNGX,Tango Therapeutics Inc.,Health Care,Biotechnology: Pharmaceutical Preparations,2892959640.0,2020.0,United States,NASDAQ screener
TNK,Teekay Tankers Ltd.,Consumer Discretionary,Marine Transportation,2435116779.0,2007.0,Bermuda,NASDAQ screener
TNL,Travel   Leisure Co. Common  Stock,Consumer Discretionary,Hotels/Resorts,4263396373.0,,United States,NASDAQ screener
TNXP,Tonix Pharmaceuticals Holding Corp. Common Stock,Health Care,Biotechnology: Pharmaceutical Preparations,201491725.0,,United States,NASDAQ screener
TNYA,Tenaya Therapeutics Inc. Common Stock,Health Care,Biotechnology: Biological Products (No Diagnostic Substances),173360402.0,2021.0,United States,NASDAQ screener
TOI,The Oncology Institute Inc. Common Stock,Health Care,Medical/Nursing Services,470919614.0,2020.0,United States,NASDAQ screener
TONX,TON Strategy Company Common Stock,Consumer Discretionary,Other Consumer Services,212555120.0,,United States,NASDAQ screener
TOPP,Toppoint Holdings Inc. Common Stock,Industrials,Trucking Freight/Courier Services,54175000.0,2025.0,,"Finnhub IPO,NASDAQ screener"
TORO,Toro Corp. Common Stock,Consumer Discretionary,Marine Transportation,146568587.0,,Cyprus,NASDAQ screener
TOUR,Tuniu Corporation American Depositary Shares,Consumer Discretionary,Transportation Services,66160280.0,2014.0,China,NASDAQ screener
TOWN,TowneBank Common Stock,Finance,Major Banks,2536243047.0,,United States,NASDAQ screener
TOYO,TOYO Co. Ltd Ordinary Shares,Consumer Discretionary,Miscellaneous manufacturing industries,612073341.0,,Japan,NASDAQ screener
TPB,Turning Point Brands Inc. Common Stock,Consumer Discretionary,Tobacco,1711121629.0,2016.0,United States,NASDAQ screener
TPC,Tutor Perini Corporation Common Stock,Consumer Discretionary,General Bldg Contractors - Nonresidential Bldgs,3855079289.0,1970.0,United States,NASDAQ screener
TPGXL,TPG Operating Group II L.P. 6.950% Fixed-Rate Junior Subordinated Notes due 2064,,,8774059889.0,,United States,NASDAQ screener
TPTA,Terra Property Trust Inc. 6.00% Notes due 2026,Real Estate,Real Estate Investment Trusts,556901808.0,2021.0,,NASDAQ screener
TPVG,TriplePoint Venture Growth BDC Corp. Common Stock,Consumer Discretionary,Other Consumer Services,225324345.0,2014.0,United States,NASDAQ screener
TR,Tootsie Roll Industries Inc. Common Stock,Consumer Staples,Specialty Foods,2845980913.0,,United States,NASDAQ screener
TRADU,APEX Tech Acquisition Inc.,,,100000000.0,,,Finnhub IPO
TRAK,ReposiTrak Inc. Common Stock,Technology,EDP Services,191912846.0,,United States,NASDAQ screener
TRAX,First Tracks Biotherapeutics Inc. Ordinary Shares,Health Care,Biotechnology: Pharmaceutical Preparations,551997467.0,,United States,NASDAQ screener
TRC,Tejon Ranch Co Common Stock,Finance,Real Estate,529012944.0,2000.0,United States,NASDAQ screener
TRDA,Entrada Therapeutics Inc. Common Stock,Health Care,Biotechnology: Pharmaceutical Preparations,264756601.0,2021.0,United States,NASDAQ screener
TREE,LendingTree Inc. Common Stock,Finance,Finance: Consumer Services,536493542.0,,United States,NASDAQ screener
TREX,Trex Company Inc. Common Stock,Basic Materials,Forest Products,4404267122.0,,United States,NASDAQ screener
TRGSU,TRG Latin America Acquisitions Corp.,,,200000000.0,,,Finnhub IPO
TRIN,Trinity Capital Inc. Common Stock,Finance,Finance: Consumer Services,1511910290.0,2021.0,United States,NASDAQ screener
TRINI,Trinity Capital Inc. 7.875% Notes Due 2029,Finance,Finance: Consumer Services,1787385947.0,,United States,NASDAQ screener
TRINZ,Trinity Capital Inc. 7.875% Notes due 2029,Finance,Finance: Consumer Services,1788089089.0,,United States,NASDAQ screener
TRIP,TripAdvisor Inc. Common Stock,Technology,Computer Software: Programming Data Processing,1268336742.0,,United States,NASDAQ screener
TRMD,TORM plc Class A Common Stock,Consumer Discretionary,Marine Transportation,2833262488.0,,United Kingdom,NASDAQ screener
TRMK,Trustmark Corporation Common Stock,Finance,Major Banks,2585676734.0,,United States,NASDAQ screener
TRN,Trinity Industries Inc. Common Stock,Industrials,Railroads,2556101921.0,,United States,NASDAQ screener
TRNO,Terreno Realty Corporation Common Stock,Finance,Real Estate,7106636922.0,2010.0,United States,NASDAQ screener
TRNS,Transcat Inc. Common Stock,Industrials,Electrical Products,737541514.0,,United States,NASDAQ screener
TRON,Tron Inc. Common Stock,Consumer Discretionary,Recreational Games/Products/Toys,953507949.0,2023.0,United States,NASDAQ screener
TROO,TROOPS Inc. Ordinary Shares,Finance,Diversified Financial Services,486197461.0,,China,NASDAQ screener
TROX,Tronox Holdings plc Ordinary Shares (UK),Industrials,Major Chemicals,1324049980.0,,United States,NASDAQ screener
TRS,TriMas Corporation Common Stock,Industrials,Industrial Specialties,1483624436.0,2007.0,United States,NASDAQ screener
TRST,TrustCo Bank Corp NY Common Stock,Finance,Major Banks,897506293.0,,United States,NASDAQ screener
TRT,Trio-Tech International Common Stock,Technology,Industrial Machinery/Components,135812205.0,1998.0,United States,NASDAQ screener
TRTX,TPG RE Finance Trust Inc. Common Stock,Real Estate,Real Estate Investment Trusts,652481284.0,2017.0,United States,NASDAQ screener
TRUP,Trupanion Inc. Common Stock,Health Care,Medical Specialities,966193455.0,,United States,NASDAQ screener
TRVG,trivago N.V. American Depositary Shares,Technology,EDP Services,263411384.0,2016.0,Germany,NASDAQ screener
TRVI,Trevi Therapeutics Inc. Common Stock,Health Care,Biotechnology: Pharmaceutical Preparations,2051606781.0,2019.0,United States,NASDAQ screener
TRX,TRX Gold Corporation Common Stock,Basic Materials,Precious Metals,358524834.0,,Canada,NASDAQ screener
TSAT,Telesat Corporation Class A Common Shares and Class B Variable Voting Shares,Industrials,Metal Fabrications,2115700887.0,,Canada,NASDAQ screener
TSBK,Timberland Bancorp Inc. Common Stock,Finance,Banks,320632955.0,,United States,NASDAQ screener
TSBX,Turnstone Biologics Corp.,,,80000004.0,,,Finnhub IPO
TSHA,Taysha Gene Therapies Inc. Common Stock,Health Care,Biotechnology: Biological Products (No Diagnostic Substances),1701177238.0,2020.0,United States,NASDAQ screener
TSLX,Sixth Street Specialty Lending Inc. Common Stock,Finance,Investment Managers,1648590060.0,2014.0,,NASDAQ screener
TSQ,Townsquare Media Inc. Class A Common Stock,Consumer Discretionary,Broadcasting,121367634.0,2014.0,United States,NASDAQ screener
TSSI,TSS Inc. Common Stock,Consumer Discretionary,Professional Services,380121364.0,,United States,NASDAQ screener
TTAM,Titan America SA Common Shares,Industrials,Mining & Quarrying of Nonmetallic Minerals (No Fuels),3018013552.0,2025.0,,"Finnhub IPO,NASDAQ screener"
TTAN,ServiceTitan Inc. Class A Common Stock,Technology,Computer Software: Prepackaged Software,6275572573.0,2024.0,United States,"Finnhub IPO,NASDAQ screener"
TTC,Toro Company (The) Common Stock,Consumer Discretionary,Tools/Hardware,8748197925.0,,United States,NASDAQ screener
TTD,The Trade Desk Inc. Class A Common Stock,Technology,Computer Software: Programming Data Processing,9942791835.0,2016.0,United States,NASDAQ screener
TTEC,TTEC Holdings Inc. Common Stock,Consumer Discretionary,Professional Services,131864213.0,1996.0,United States,NASDAQ screener
TTEK,Tetra Tech Inc. Common Stock,Consumer Discretionary,Military/Government/Technical,7188834162.0,1991.0,United States,NASDAQ screener
TTGT,TechTarget Inc. Common Stock,Telecommunications,Telecommunications Equipment,323901505.0,,United States,NASDAQ screener
TTI,Tetra Technologies Inc. Common Stock,Energy,Oil & Gas Production,1410763654.0,,United States,NASDAQ screener
TTRX,Turn Therapeutics Inc. Common Stock,Health Care,Biotechnology: Pharmaceutical Preparations,158174492.0,,United States,"Finnhub IPO,NASDAQ screener"
TUSK,Mammoth Energy Services Inc. Common Stock,Energy,Oilfield Services/Equipment,154627777.0,2016.0,United States,NASDAQ screener
TUYA,Tuya Inc. American Depositary Shares each representing one Class A Ordinary Share,Technology,Computer Software: Prepackaged Software,1269502235.0,2021.0,China,NASDAQ screener
TV,Grupo Televisa S.A.B. Common Stock,Industrials,Broadcasting,6021807875.0,1993.0,Mexico,NASDAQ screener
TVACU,Texas Ventures Acquisition III Corp,Finance,Blank Checks,200000000.0,2025.0,United States,"Finnhub IPO,NASDAQ screener"
TVAIU,Thayer Ventures Acquisition Corp II,Finance,Blank Checks,175000000.0,2025.0,United States,"Finnhub IPO,NASDAQ screener"
TVIVU,Texas Ventures Acquisition IV Corp,,,172500000.0,,,Finnhub IPO
TVTX,Travere Therapeutics Inc. Common Stock,Health Care,Biotechnology: Pharmaceutical Preparations,4441341143.0,,United States,NASDAQ screener
TWFG,TWFG Inc. Class A Common Stock,Finance,Specialty Insurers,1016202429.0,2024.0,United States,"Finnhub IPO,NASDAQ screener"
TWG,Top Wealth Group Holding Limited Class A Ordinary Shares,Consumer Staples,Packaged Foods,63235409.0,2024.0,Hong Kong,"Finnhub IPO,NASDAQ screener"
TWI,Titan International Inc. (DE) Common Stock,Industrials,Steel/Iron Ore,467984149.0,,United States,NASDAQ screener
TWIN,Twin Disc Incorporated Common Stock,Industrials,Industrial Machinery/Components,248505309.0,,United States,NASDAQ screener
TWLVU,Twelve Seas Investment Co III/Cayman,Finance,Blank Checks,150000000.0,2025.0,United States,"Finnhub IPO,NASDAQ screener"
TWO,Two Harbors Investment Corp,Real Estate,Real Estate Investment Trusts,1300473603.0,,United States,NASDAQ screener
TWST,Twist Bioscience Corporation Common Stock,Health Care,Biotechnology: Biological Products (No Diagnostic Substances),4298588805.0,2018.0,United States,NASDAQ screener
TX,Ternium S.A. Ternium S.A. American Depositary Shares (each representing ten shares USD1.00 par value),Industrials,Steel/Iron Ore,9626928529.0,,Luxembourg,NASDAQ screener
TXG,10x Genomics Inc. Class A Common Stock,Industrials,Biotechnology: Laboratory Analytical Instruments,3553503730.0,2019.0,United States,NASDAQ screener
TXNM,TXNM Energy Inc. Common Stock,Utilities,Electric Utilities: Central,6577118138.0,,United States,NASDAQ screener
TXO,TXO Partners L.P. Common Units Representing Limited Partner Interests,Energy,Oil & Gas Production,715942891.0,2023.0,United States,NASDAQ screener
TY,Tri Continental Corporation Common Stock,Finance,Finance Companies,1912065893.0,,United States,NASDAQ screener
TYG,Tortoise Energy Infrastructure Corporation Common Stock,Finance,Investment Managers,531268800.0,2004.0,United States,NASDAQ screener
TYGO,Tigo Energy Inc. Common Stock,Technology,Semiconductors,309716040.0,2021.0,United States,NASDAQ screener
TYRA,Tyra Biosciences Inc. Common Stock,Health Care,Biotechnology: Pharmaceutical Preparations,1943492051.0,2021.0,United States,NASDAQ screener
TZOO,Travelzoo Common Stock,Consumer Discretionary,Advertising,108039742.0,,United States,NASDAQ screener
UA,Under Armour Inc. Class C Common Stock,Consumer Discretionary,Apparel,2489737369.0,2016.0,United States,NASDAQ screener
UAA,Under Armour Inc. Class A Common Stock,Consumer Discretionary,Apparel,2553686103.0,,United States,NASDAQ screener
UACU,United Acquisition Corp. I,,,100000000.0,,,Finnhub IPO
UAMY,United States Antimony Corporation Common Stock,Industrials,Metal Fabrications,1348489160.0,,United States,NASDAQ screener
UAN,CVR Partners LP Common Units representing Limited Partner Interests,Industrials,Agricultural Chemicals,1297634334.0,2011.0,United States,NASDAQ screener
UAVS,AgEagle Aerial Systems Inc. Common Stock,Industrials,Aerospace,69730573.0,,United States,NASDAQ screener
UBCP,United Bancorp Inc. Common Stock,Finance,Major Banks,92380859.0,,United States,NASDAQ screener
UBSI,United Bankshares Inc. Common Stock,Finance,Major Banks,5963922975.0,,United States,NASDAQ screener
UCB,United Community Banks Inc. Common Stock,Finance,Major Banks,3961627883.0,2024.0,United States,NASDAQ screener
UCTT,Ultra Clean Holdings Inc. Common Stock,Technology,Semiconductors,3913066846.0,2004.0,United States,NASDAQ screener
UE,Urban Edge Properties Common Shares of Beneficial Interest,Finance,Real Estate,2854352864.0,2015.0,United States,NASDAQ screener
UEC,Uranium Energy Corp. Common Stock,Basic Materials,Other Metals and Minerals,6642491610.0,,Canada,NASDAQ screener
UEIC,Universal Electronics Inc. Common Stock,Consumer Staples,Consumer Electronics/Appliances,52289450.0,1993.0,United States,NASDAQ screener
UFCS,United Fire Group Inc. Common Stock,Finance,Property-Casualty Insurers,1148883113.0,,United States,NASDAQ screener
UFI,Unifi Inc. New Common Stock,Consumer Discretionary,Textiles,75464251.0,,United States,NASDAQ screener
UFPI,UFP Industries Inc. Common Stock,Basic Materials,Forest Products,4629759441.0,1993.0,United States,NASDAQ screener
UFPT,UFP Technologies Inc. Common Stock,Health Care,Medical/Dental Instruments,1763944723.0,1993.0,United States,NASDAQ screener
UGI,UGI Corporation Common Stock,Utilities,Natural Gas Distribution,7420166372.0,,United States,NASDAQ screener
UGP,Ultrapar Participacoes S.A. (New) American Depositary Shares (Each representing one Common Share),Utilities,Oil/Gas Transmission,5931278323.0,,Brazil,NASDAQ screener
UHAL,U-Haul Holding Company Common Stock,Consumer Discretionary,Rental/Leasing Companies,1157839881.0,2022.0,United States,NASDAQ screener
UHS,Universal Health Services Inc. Common Stock,Health Care,Hospital/Nursing Management,9087717012.0,,United States,NASDAQ screener
UHT,Universal Health Realty Income Trust Common Stock,Real Estate,Real Estate Investment Trusts,581110044.0,,United States,NASDAQ screener
UIS,Unisys Corporation New Common Stock,Technology,EDP Services,283601111.0,,United States,NASDAQ screener
ULBI,Ultralife Corporation Common Stock,Miscellaneous,Industrial Machinery/Components,129255751.0,1992.0,United States,NASDAQ screener
ULCC,Frontier Group Holdings Inc. Common Stock,Consumer Discretionary,Air Freight/Delivery Services,1330480250.0,2021.0,United States,NASDAQ screener
ULH,Universal Logistics Holdings Inc. Common Stock,Industrials,Trucking Freight/Courier Services,429562266.0,2005.0,United States,NASDAQ screener
UMAC,Unusual Machines Inc. Common Stock,Technology,Radio And Television Broadcasting And Communications Equipment,1414700121.0,2024.0,United States,"Finnhub IPO,NASDAQ screener"
UMBF,UMB Financial Corporation Common Stock,Finance,Major Banks,9976766642.0,,United States,NASDAQ screener
UMBFO,UMB Financial Corporation Depositary Shares Each Representing a 1/400th Interest in a Share of 7.750% Fixed-Rate Reset Non-Cumulative Perpetual Preferred Stock Series B,Finance,Major Banks,2048386480.0,,United States,NASDAQ screener
UMH,UMH Properties Inc. Common Stock,Real Estate,Real Estate Investment Trusts,1331999290.0,1994.0,United States,NASDAQ screener
UNB,Union Bankshares Inc. Common Stock,Finance,Major Banks,108384081.0,,United States,NASDAQ screener
UNCY,Unicycive Therapeutics Inc. Common Stock,Health Care,Biotechnology: Pharmaceutical Preparations,187434190.0,2021.0,United States,NASDAQ screener
UNF,Unifirst Corporation Common Stock,Consumer Discretionary,Other Consumer Services,4846775233.0,,United States,NASDAQ screener
UNFI,United Natural Foods Inc. Common Stock,Consumer Discretionary,Food Distributors,3187048084.0,2019.0,United States,NASDAQ screener
UNIT,Uniti Group Inc. Common Stock,Real Estate,Real Estate Investment Trusts,2775382902.0,,United States,NASDAQ screener
UNMA,Unum Group 6.250% Junior Subordinated Notes due 2058,Finance,Accident &Health Insurance,3952970300.0,2018.0,United States,NASDAQ screener
UNTY,Unity Bancorp Inc. Common Stock,Finance,Major Banks,564800738.0,,United States,NASDAQ screener
UP,Wheels Up Experience Inc. Class A Common Stock,Consumer Discretionary,Transportation Services,320990154.0,2020.0,Singapore,NASDAQ screener
UPB,Upstream Bio Inc. Common Stock,Health Care,Biotechnology: Pharmaceutical Preparations,452774284.0,2024.0,United States,"Finnhub IPO,NASDAQ screener"
UPBD,Upbound Group Inc. Common Stock,Consumer Discretionary,Diversified Commercial Services,1132064159.0,,United States,NASDAQ screener
UPST,Upstart Holdings Inc. Common stock,Finance,Finance: Consumer Services,3128811191.0,2020.0,United States,NASDAQ screener
UPWK,Upwork Inc. Common Stock,Technology,EDP Services,1061020797.0,2018.0,United States,NASDAQ screener
UPXI,Upexi Inc. Common Stock,Health Care,Medicinal Chemicals and Botanical Products,85016812.0,2021.0,United States,NASDAQ screener
URBN,Urban Outfitters Inc. Common Stock,Consumer Discretionary,Clothing/Shoe/Accessory Stores,6618508406.0,1993.0,United States,NASDAQ screener
URG,Ur Energy Inc Common Shares (Canada),Basic Materials,Precious Metals,643677602.0,,Canada,NASDAQ screener
URGN,UroGen Pharma Ltd. Ordinary Shares,Health Care,Biotechnology: Pharmaceutical Preparations,1397825602.0,2017.0,Israel,NASDAQ screener
UROY,Uranium Royalty Corp. Common Stock,Finance,Investment Bankers/Brokers/Service,512688775.0,,Canada,NASDAQ screener
USAC,USA Compression Partners LP Common Units Representing Limited Partner Interests,Utilities,Natural Gas Distribution,4163606122.0,2013.0,United States,NASDAQ screener
USAR,USA Rare Earth Inc. Class A Common Stock,Basic Materials,Metal Mining,6287366968.0,2023.0,United States,NASDAQ screener
USAS,Americas Gold and Silver Corporation Common Shares no par value,Basic Materials,Metal Mining,1981217368.0,2017.0,Canada,NASDAQ screener
USAU,U.S. Gold Corp. Common Stock,Basic Materials,Metal Mining,258738236.0,,United States,NASDAQ screener
USBC,USBC Inc. Common Stock,Industrials,Industrial Machinery/Components,143458181.0,,,NASDAQ screener
USCB,USCB Financial Holdings Inc. Class A Common Stock,Finance,Major Banks,338612706.0,2021.0,United States,NASDAQ screener
USEG,U.S. Energy Corp. Common Stock (DE),Energy,Oil & Gas Production,53366838.0,,United States,NASDAQ screener
USGO,U.S. GoldMining Inc. Common stock,Basic Materials,Precious Metals,135013186.0,2023.0,United States,NASDAQ screener
USLM,United States Lime & Minerals Inc. Common Stock,Industrials,Mining & Quarrying of Nonmetallic Minerals (No Fuels),3192312833.0,,United States,NASDAQ screener
USNA,USANA Health Sciences Inc. Common Stock,Health Care,Medicinal Chemicals and Botanical Products,347843127.0,,United States,NASDAQ screener
USPH,U.S. Physical Therapy Inc. Common Stock,Health Care,Medical/Nursing Services,972328429.0,1992.0,United States,NASDAQ screener
UTI,Universal Technical Institute Inc Common Stock,Real Estate,Other Consumer Services,2149045700.0,2003.0,United States,NASDAQ screener
UTL,UNITIL Corporation Common Stock,Utilities,Power Generation,918250993.0,1985.0,United States,NASDAQ screener
UTMD,Utah Medical Products Inc. Common Stock,Health Care,Medical/Dental Instruments,211005337.0,,United States,NASDAQ screener
UTZ,Utz Brands Inc Class A Common Stock,Consumer Staples,Packaged Foods,1079145458.0,2018.0,United States,NASDAQ screener
UUUU,Energy Fuels Inc Ordinary Shares (Canada),Industrials,Mining & Quarrying of Nonmetallic Minerals (No Fuels),4607547480.0,,Canada,NASDAQ screener
UVE,UNIVERSAL INSURANCE HOLDINGS INC Common Stock,Finance,Property-Casualty Insurers,1048620703.0,,United States,NASDAQ screener
UVSP,Univest Financial Corporation Common Stock,Finance,Major Banks,1096567683.0,,United States,NASDAQ screener
UVV,Universal Corporation Common Stock,Industrials,Farming/Seeds/Milling,1275086055.0,,United States,NASDAQ screener
UWMC,UWM Holdings Corporation Class A Common Stock,Finance,Finance: Consumer Services,5027416706.0,,United States,NASDAQ screener
UXIN,Uxin Limited ADS,Consumer Discretionary,Business Services,503754798.0,2018.0,China,NASDAQ screener
UYSCU,UY Scuti Acquisition Corp.,,,50000000.0,2025.0,United States,"Finnhub IPO,NASDAQ screener"
UZD,Array Digital Infrastructure Inc. 6.250% Senior Notes due 2069,Telecommunications,Telecommunications Equipment,1683020000.0,2020.0,United States,NASDAQ screener
UZE,Array Digital Infrastructure Inc. 5.500% Senior Notes due 2070,Telecommunications,Telecommunications Equipment,1517900000.0,2020.0,United States,NASDAQ screener
UZF,Array Digital Infrastructure Inc. 5.500% Senior Notes due 2070,Telecommunications,Telecommunications Equipment,1510160000.0,2021.0,United States,NASDAQ screener
VABK,Virginia National Bankshares Corporation Common Stock,Finance,Major Banks,233005384.0,,United States,NASDAQ screener
VAC,Marriott Vacations Worldwide Corporation Common Stock,Finance,Real Estate,2930493651.0,,United States,NASDAQ screener
VACHU,Voyager Acquisition Corp./Cayman Islands,Finance,Blank Checks,220000000.0,2024.0,United States,"Finnhub IPO,NASDAQ screener"
VACIU,Viking Acquisition Corp I,,,200000000.0,,,Finnhub IPO
VAIIU,Voyager Acquisition Corp. II,,,253000000.0,,,Finnhub IPO
VAL,Valaris Limited Common Shares,Energy,Oil & Gas Production,6415484899.0,2021.0,United States,NASDAQ screener
VALN,Valneva SE American Depositary Shares,Health Care,Biotechnology: Biological Products (No Diagnostic Substances),546258586.0,2021.0,France,NASDAQ screener
VALU,Value Line Inc. Common Stock,Finance,Investment Managers,311609365.0,1983.0,United States,NASDAQ screener
VANI,Vivani Medical Inc. Common Stock (DE),Health Care,Biotechnology: Electromedical & Electrotherapeutic Apparatus,111243284.0,2014.0,United States,NASDAQ screener
VATE,INNOVATE Corp. Common Stock,Industrials,Metal Fabrications,196442870.0,,United States,NASDAQ screener
VBNK,VersaBank Common Shares,Finance,Commercial Banks,586732409.0,,Canada,NASDAQ screener
VC,Visteon Corporation Common Stock,Consumer Discretionary,Auto Parts:O.E.M.,3179791782.0,,United States,NASDAQ screener
VCEL,Vericel Corporation Common Stock,Health Care,Biotechnology: Biological Products (No Diagnostic Substances),1748576127.0,,United States,NASDAQ screener
VCICU,Vine Hill Capital Investment Corp.,,,200000000.0,,,Finnhub IPO
VCKBU,Vickers Vantage Corp. II,,,207000000.0,,,Finnhub IPO
VCTR,Victory Capital Holdings Inc. Class A Common Stock,Finance,Investment Managers,5320771810.0,2018.0,United States,NASDAQ screener
VCV,Invesco California Value Municipal Income Trust Common Stock,Finance,Trusts Except Educational Religious and Charitable,510034091.0,,United States,NASDAQ screener
VCYT,Veracyte Inc. Common Stock,Health Care,Medical Specialities,3829249130.0,2013.0,United States,NASDAQ screener
VECAU,Vernal Capital Acquisition Corp.,,,100000000.0,,,Finnhub IPO
VECO,Veeco Instruments Inc. Common Stock,Technology,Industrial Machinery/Components,3608909968.0,1994.0,United States,NASDAQ screener
VEL,Velocity Financial Inc. Common Stock,Finance,Finance: Consumer Services,690892946.0,2020.0,United States,NASDAQ screener
VELO,Velo3D Inc. Common stock,Technology,Industrial Machinery/Components,766183761.0,,United States,NASDAQ screener
VENU,Venu Holding Corporation Common Stock,Consumer Discretionary,Services-Misc. Amusement & Recreation,229453365.0,2024.0,United States,"Finnhub IPO,NASDAQ screener"
VEON,VEON Ltd. ADS,Telecommunications,Telecommunications Equipment,4183608983.0,,Netherlands,NASDAQ screener
VERA,Vera Therapeutics Inc. Class A Common Stock,Health Care,Biotechnology: Pharmaceutical Preparations,2574134937.0,2021.0,United States,NASDAQ screener
VERI,Veritone Inc. Common Stock,Technology,EDP Services,195213827.0,2017.0,United States,NASDAQ screener
VERX,Vertex Inc. Class A Common Stock,Technology,Computer Software: Prepackaged Software,2045366008.0,2020.0,United States,NASDAQ screener
VET,Vermilion Energy Inc. Common (Canada),Energy,Oil & Gas Production,1743416000.0,,Canada,NASDAQ screener
VFC,V.F. Corporation Common Stock,Industrials,Garments and Clothing,7024430811.0,,United States,NASDAQ screener
VFF,Village Farms International Inc. Common Shares,,,294864810.0,,Canada,NASDAQ screener
VFS,VinFast Auto Ltd. Ordinary Shares,Industrials,Auto Manufacturing,8328748196.0,,Singapore,NASDAQ screener
VFSWW,VinFast Auto Ltd. Warrant,Industrials,Auto Manufacturing,843402732.0,,Singapore,NASDAQ screener
VGAS,Verde Clean Fuels Inc. Class A Common Stock,Industrials,Major Chemicals,72615882.0,2021.0,United States,NASDAQ screener
VGM,Invesco Trust for Investment Grade Municipals Common Stock (DE),Finance,Trusts Except Educational Religious and Charitable,556962311.0,,United States,NASDAQ screener
VGNT,Versigent PLC Ordinary Shares,,,3140589138.0,2026.0,United Kingdom,NASDAQ screener
VGZ,Vista Gold Corp Common Stock,Basic Materials,Precious Metals,338653523.0,1986.0,United States,NASDAQ screener
VHC,VirnetX Holding Corp Common Stock,Miscellaneous,Multi-Sector Companies,61029722.0,,United States,NASDAQ screener
VHCPU,Vine Hill Capital Investment Corp. II,Finance,Blank Checks,200000000.0,2025.0,United States,"Finnhub IPO,NASDAQ screener"
VHI,Valhi Inc. Common Stock,Basic Materials,Major Chemicals,415194638.0,,United States,NASDAQ screener
VHUB,VenHub Global Inc. Common Stock,Technology,Industrial Machinery/Components,134391414.0,,United States,"Finnhub IPO,NASDAQ screener"
VIA,Via Transportation Inc. Class A Common Stock,Technology,Computer Software: Prepackaged Software,1178790130.0,2025.0,United States,"Finnhub IPO,NASDAQ screener"
VIASP,Via Renewables Inc. 8.75% Series A Fixed-to-Floating Rate Cumulative Redeemable Perpetual Preferred Stock,Utilities,Power Generation,188158292.0,,United States,NASDAQ screener
VIDA,VIDA Global Inc. Class A Common Stock,Technology,Computer Software: Prepackaged Software,53475537.0,2026.0,,"Finnhub IPO,NASDAQ screener"
VINP,Vinci Compass Investments Ltd. Class A Common Shares,Finance,Investment Managers,662071632.0,2021.0,Brazil,NASDAQ screener
VIOT,Viomi Technology Co. Ltd American Depositary Shares,Consumer Discretionary,Consumer Electronics/Appliances,64144143.0,2018.0,China,NASDAQ screener
VIPS,Vipshop Holdings Limited American Depositary Shares each representing two ordinary shares,Consumer Discretionary,Catalog/Specialty Distribution,6968725535.0,2012.0,China,NASDAQ screener
VIR,Vir Biotechnology Inc. Common Stock,Health Care,Biotechnology: Biological Products (No Diagnostic Substances),1610626352.0,2019.0,United States,NASDAQ screener
VIRC,Virco Manufacturing Corporation Common Stock,Consumer Discretionary,Industrial Specialties,95478326.0,,United States,NASDAQ screener
VIRT,Virtu Financial Inc. Class A Common Stock,Finance,Investment Bankers/Brokers/Service,7568214173.0,,United States,NASDAQ screener
VISN,Vistance Networks Inc. Common Stock,Technology,Radio And Television Broadcasting And Communications Equipment,2790296335.0,2013.0,United States,NASDAQ screener
VIST,Vista Energy S.A.B. de C.V. American Depositary Shares each representing one series A share with no par value,Energy,Oil & Gas Production,7626394283.0,2019.0,Mexico,NASDAQ screener
VITL,Vital Farms Inc. Common Stock,Consumer Staples,Packaged Foods,447766344.0,2020.0,United States,NASDAQ screener
VIVO,VivoPower PLC Ordinary Shares,Utilities,Power Generation,155348871.0,,United Kingdom,NASDAQ screener
VKI,Invesco Advantage Municipal Income Trust II Common Shares of Beneficial Interest (DE),Finance,Finance Companies,397877939.0,1993.0,United States,NASDAQ screener
VKQ,Invesco Municipal Trust Common Stock,Finance,Trusts Except Educational Religious and Charitable,540627982.0,,United States,NASDAQ screener
VKTX,Viking Therapeutics Inc. Common Stock,Health Care,Biotechnology: Pharmaceutical Preparations,3737440648.0,2015.0,United States,NASDAQ screener
VLGEA,Village Super Market Inc. Class A Common Stock,Consumer Staples,Food Chains,695850425.0,,United States,NASDAQ screener
VLN,Valens Semiconductor Ltd. Ordinary Shares,Technology,Semiconductors,368524450.0,,,NASDAQ screener
VLRS,Controladora Vuela Compania de Aviacion S.A.B. de C.V. American Depositary Shares each representing ten (10) Ordinary Participation Certificates,Consumer Discretionary,Air Freight/Delivery Services,897032510.0,2013.0,,NASDAQ screener
VLY,Valley National Bancorp Common Stock,Finance,Major Banks,7602683878.0,,United States,NASDAQ screener
VMD,Viemed Healthcare Inc. Common Shares,Health Care,Misc Health and Biotechnology Services,383751388.0,,United States,NASDAQ screener
VMET,Versamet Royalties Corporation Common Stock,,,1408384084.0,,Canada,NASDAQ screener
VMO,Invesco Municipal Opportunity Trust Common Stock,Finance,Trusts Except Educational Religious and Charitable,658895492.0,,United States,NASDAQ screener
VNCE,Vince Holding Corp. Common Stock,Consumer Discretionary,Clothing/Shoe/Accessory Stores,55243364.0,,United States,NASDAQ screener
VNDA,Vanda Pharmaceuticals Inc. Common Stock,Health Care,Biotechnology: Pharmaceutical Preparations,399300132.0,2006.0,United States,NASDAQ screener
VNET,VNET Group Inc. American Depositary Shares,Technology,Computer Software: Programming Data Processing,3023425249.0,2011.0,China,NASDAQ screener
VNMEU,Vendome Acquisition Corp I,,,200000000.0,,,Finnhub IPO
VNO,Vornado Realty Trust Common Stock,Real Estate,Real Estate Investment Trusts,6367109041.0,,United States,NASDAQ screener
VNT,Vontier Corporation Common Stock,Industrials,Industrial Machinery/Components,4067712000.0,2020.0,United States,NASDAQ screener
VOC,VOC Energy Trust Units of Beneficial Interest,Energy,Oil & Gas Production,52700000.0,2011.0,United States,NASDAQ screener
VOR,Vor Biopharma Inc. Common Stock,Health Care,Biotechnology: Biological Products (No Diagnostic Substances),813330014.0,2021.0,United States,NASDAQ screener
VOXR,Vox Royalty Corp. Common Stock,Basic Materials,Precious Metals,401008162.0,,Canada,NASDAQ screener
VOYA,Voya Financial Inc. Common Stock,Finance,Life Insurance,7260558505.0,2013.0,United States,NASDAQ screener
VOYG,Voyager Technologies Inc. Class A Common Stock,Industrials,Military/Government/Technical,3068001350.0,2025.0,United States,"Finnhub IPO,NASDAQ screener"
VPG,Vishay Precision Group Inc. Common Stock,Technology,Electrical Products,1665950250.0,,United States,NASDAQ screener
VPV,Invesco Pennsylvania Value Municipal Income Trust Common Stock (DE),Finance,Trusts Except Educational Religious and Charitable,263078166.0,,United States,NASDAQ screener
VRA,Vera Bradley Inc. Common Stock,Consumer Discretionary,Apparel,97258822.0,2010.0,United States,NASDAQ screener
VRCA,Verrica Pharmaceuticals Inc. Common Stock,Health Care,Biotechnology: Pharmaceutical Preparations,103673974.0,2018.0,United States,NASDAQ screener
VRDN,Viridian Therapeutics Inc. Common Stock,Health Care,Medical Specialities,1798654213.0,2014.0,United States,NASDAQ screener
VREX,Varex Imaging Corporation Common Stock,Technology,Industrial Machinery/Components,442892000.0,,United States,NASDAQ screener
VRM,Vroom Inc. Common Stock,Consumer Discretionary,Retail-Auto Dealers and Gas Stations,61189617.0,,United States,NASDAQ screener
VRNS,Varonis Systems Inc. Common Stock,Technology,Computer Software: Prepackaged Software,3652238112.0,2014.0,United States,NASDAQ screener
VRRM,Verra Mobility Corporation Class A Common Stock,Consumer Discretionary,Transportation Services,627374477.0,2017.0,United States,NASDAQ screener
VRTS,Virtus Investment Partners Inc. Common Stock,Finance,Investment Managers,949863642.0,,United States,NASDAQ screener
VSCO,Victorias Secret & Co. Common Stock,Consumer Discretionary,Clothing/Shoe/Accessory Stores,4733769813.0,2021.0,United States,NASDAQ screener
VSEC,VSE Corporation Common Stock,Consumer Discretionary,Military/Government/Technical,4963871332.0,,United States,NASDAQ screener
VSH,Vishay Intertechnology Inc. Common Stock,Technology,Electrical Products,7110168402.0,,United States,NASDAQ screener
VSNT,Versant Media Group Inc. Class A Common Stock,Industrials,Broadcasting,6131108990.0,,United States,NASDAQ screener
VSTM,Verastem Inc. Common Stock,Health Care,Biotechnology: Pharmaceutical Preparations,376977911.0,2012.0,United States,NASDAQ screener
VSTS,Vestis Corporation Common Stock,Consumer Discretionary,Consumer Specialties,1690945050.0,2023.0,United States,NASDAQ screener
VTEX,VTEX Class A Common Shares,Technology,Computer Software: Prepackaged Software,710056437.0,2021.0,United Kingdom,NASDAQ screener
VTIX,Virtuix Holdings Inc. Class A Common Stock,Technology,Computer peripheral equipment,118118495.0,,United States,"Finnhub IPO,NASDAQ screener"
VTMX,Corporacion Inmobiliaria Vesta S.A.B de C.V. American Depositary Shares each representing ten (10) Common Shares,Finance,Real Estate,3085973189.0,2023.0,,"Finnhub IPO,NASDAQ screener"
VTN,Invesco Trust for Investment Grade New York Municipals Common Stock,Finance,Finance Companies,214345769.0,,United States,NASDAQ screener
VTOL,Bristow Group Inc. Common Stock,Consumer Discretionary,Transportation Services,1242563820.0,,United States,NASDAQ screener
VTS,Vitesse Energy Inc. Common Stock,Energy,Oil & Gas Production,722042059.0,2023.0,United States,NASDAQ screener
VTVT,vTv Therapeutics Inc. Class A Common Stock,Health Care,Biotechnology: Pharmaceutical Preparations,131952983.0,2015.0,United States,NASDAQ screener
VUZI,Vuzix Corporation Common Stock,Technology,Radio And Television Broadcasting And Communications Equipment,374212161.0,,United States,NASDAQ screener
VVV,Valvoline Inc. Common Stock,Industrials,Major Chemicals,4359183180.0,2016.0,United States,NASDAQ screener
VVX,V2X Inc. Common Stock,Consumer Discretionary,Diversified Commercial Services,2525794560.0,2014.0,United States,NASDAQ screener
VWAV,VisionWave Holdings Inc. Common Stock,Technology,Computer Software: Prepackaged Software,154103503.0,,United States,NASDAQ screener
VYGR,Voyager Therapeutics Inc. Common Stock,Health Care,Biotechnology: Biological Products (No Diagnostic Substances),235643019.0,2015.0,United States,NASDAQ screener
VYX,NCR Voyix Corporation Common Stock,Miscellaneous,Office Equipment/Supplies/Services,934332647.0,,United States,NASDAQ screener
VZLA,Vizsla Silver Corp. Common Shares,Basic Materials,Precious Metals,1321105596.0,2024.0,Canada,NASDAQ screener
W,Wayfair Inc. Class A Common Stock,Consumer Discretionary,Catalog/Specialty Distribution,9602745302.0,2014.0,United States,NASDAQ screener
WABC,Westamerica Bancorporation Common Stock,Finance,Major Banks,1300058309.0,,United States,NASDAQ screener
WAFD,WaFd Inc. Common Stock,Finance,Major Banks,2629691003.0,,United States,NASDAQ screener
WAFDP,WaFd Inc. Depositary Shares,Finance,Major Banks,1215790605.0,,United States,NASDAQ screener
WAL,Western Alliance Bancorporation Common Stock (DE),Finance,Major Banks,8586336710.0,2005.0,United States,NASDAQ screener
WALD,Waldencast plc Class A Ordinary Share,Consumer Discretionary,Package Goods/Cosmetics,174433426.0,2021.0,United States,NASDAQ screener
WASH,Washington Trust Bancorp Inc. Common Stock,Finance,Major Banks,617343901.0,,United States,NASDAQ screener
WATT,Energous Corporation Common Stock,Technology,Radio And Television Broadcasting And Communications Equipment,151005222.0,2014.0,United States,NASDAQ screener
WAVE,Eco Wave Power Global AB (publ) American Depositary Shares,Utilities,Electric Utilities: Central,404104714.0,2021.0,Israel,NASDAQ screener
WAY,Waystar Holding Corp. Common Stock,Technology,EDP Services,3719251956.0,2024.0,United States,"Finnhub IPO,NASDAQ screener"
WB,Weibo Corporation American Depositary Share,Technology,Computer Software: Programming Data Processing,1926072964.0,2014.0,China,NASDAQ screener
WBI,WaterBridge Infrastructure LLC Class A Shares Representing Limited Liability Company Interests,Energy,Oilfield Services/Equipment,3637019917.0,2025.0,,"Finnhub IPO,NASDAQ screener"
WBTN,WEBTOON Entertainment Inc. Common stock,Consumer Discretionary,Publishing,1620112065.0,2024.0,United States,"Finnhub IPO,NASDAQ screener"
WBX,Wallbox N.V. Class A Ordinary Shares,Consumer Discretionary,Industrial Specialties,50946201.0,,Spain,NASDAQ screener
WD,Walker & Dunlop Inc Common Stock,Finance,Finance: Consumer Services,1744370355.0,2010.0,United States,NASDAQ screener
WDFC,WD-40 Company Common Stock,Industrials,Major Chemicals,2713820029.0,1973.0,United States,NASDAQ screener
WDH,Waterdrop Inc. American Depositary Shares (each representing the right to receive 10 Class A Ordinary Shares),Finance,Specialty Insurers,549731988.0,2021.0,Cayman Islands,NASDAQ screener
WEAV,Weave Communications Inc. Common Stock,Technology,Computer Software: Prepackaged Software,458298058.0,2021.0,United States,NASDAQ screener
WEN,Wendy's Company (The) Common Stock,Consumer Discretionary,Restaurants,1428604800.0,,United States,NASDAQ screener
WENCU,West Enclave Merger Corp.,,,100000000.0,,,Finnhub IPO
WENNU,WEN Acquisition Corp,Finance,Blank Checks,261000000.0,2025.0,United States,"Finnhub IPO,NASDAQ screener"
WERN,Werner Enterprises Inc. Common Stock,Industrials,Trucking Freight/Courier Services,2489128775.0,1986.0,United States,NASDAQ screener
WEST,Westrock Coffee Company Common Stock,Consumer Staples,Beverages (Production/Distribution),781439276.0,,United States,NASDAQ screener
WETO,Wetour Robotics Limited Ordinary Shares,Industrials,Other Transportation,85280000.0,2025.0,China,"Finnhub IPO,NASDAQ screener"
WEX,WEX Inc. common stock,Consumer Discretionary,Business Services,5005386486.0,,United States,NASDAQ screener
WEYS,Weyco Group Inc. Common Stock,Consumer Staples,Apparel,341443476.0,,United States,NASDAQ screener
WFCF,Where Food Comes From Inc. Common Stock,Technology,Computer Software: Prepackaged Software,58757958.0,,United States,NASDAQ screener
WFG,West Fraser Timber Co. Ltd Common stock,Basic Materials,Forest Products,5315263437.0,2021.0,Canada,NASDAQ screener
WFRD,Weatherford International plc Ordinary Shares,Consumer Discretionary,Oil and Gas Field Machinery,7471603488.0,,United States,NASDAQ screener
WGO,Winnebago Industries Inc. Common Stock,Industrials,Homebuilding,857301320.0,,United States,NASDAQ screener
WGS,GeneDx Holdings Corp. Class A Common Stock,Technology,Retail: Computer Software & Peripheral Equipment,1488854554.0,2020.0,United States,NASDAQ screener
WH,Wyndham Hotels & Resorts Inc. Common Stock,Consumer Discretionary,Hotels/Resorts,6184224418.0,2018.0,United States,NASDAQ screener
WHD,Cactus Inc. Class A Common Stock,Consumer Discretionary,Oil and Gas Field Machinery,4672707692.0,2018.0,United States,NASDAQ screener
WHF,WhiteHorse Finance Inc. Common Stock,Finance,Finance Companies,144796326.0,,United States,NASDAQ screener
WHFCL,WhiteHorse Finance Inc. 7.875% Notes due 2028,,,593860898.0,,United States,NASDAQ screener
WHG,Westwood Holdings Group Inc Common Stock,Finance,Investment Managers,155982358.0,,United States,NASDAQ screener
WHLRD,Wheeler Real Estate Investment Trust Inc. Series D Cumulative Preferred Stock,Real Estate,Real Estate Investment Trusts,67517363.0,,United States,NASDAQ screener
WHLRL,Wheeler Real Estate Investment Trust Inc. 7.00% Senior Subordinated Convertible Notes Due 2031,Real Estate,Real Estate Investment Trusts,144037040.0,,United States,NASDAQ screener
WHR,Whirlpool Corporation Common Stock,Consumer Discretionary,Consumer Electronics/Appliances,2856754942.0,,United States,NASDAQ screener
WHWK,Whitehawk Therapeutics Inc. Common Stock,Health Care,Biotechnology: Pharmaceutical Preparations,236382773.0,,United States,NASDAQ screener
WILC,G. Willi-Food International  Ltd. Ordinary Shares,Consumer Discretionary,Food Distributors,507759800.0,,Israel,NASDAQ screener
WINA,Winmark Corporation Common Stock,Consumer Discretionary,Other Specialty Stores,1400264653.0,,United States,NASDAQ screener
WING,Wingstop Inc. Common Stock,Consumer Discretionary,Restaurants,4292122678.0,2015.0,United States,NASDAQ screener
WIX,Wix.com Ltd. Ordinary Shares,Technology,Computer Software: Programming Data Processing,2898248400.0,2013.0,Israel,NASDAQ screener
WK,Workiva Inc. Class A Common Stock,Technology,Computer Software: Prepackaged Software,2613477478.0,2014.0,United States,NASDAQ screener
WKC,World Kinect Corporation Common Stock,Energy,Oil Refining/Marketing,1461576135.0,,United States,NASDAQ screener
WKEY,WISeKey International Holding Ltd American Depositary Shares,Technology,EDP Services,116059007.0,,Switzerland,NASDAQ screener
WLACU,Willow Lane Acquisition Corp.,,,110000000.0,,,Finnhub IPO
WLDN,Willdan Group Inc. Common Stock,Consumer Discretionary,Military/Government/Technical,1393197873.0,2006.0,United States,NASDAQ screener
WLFC,Willis Lease Finance Corporation Common Stock,Consumer Discretionary,Industrial Specialties,1400731739.0,1996.0,United States,NASDAQ screener
WLIIU,Willow Lane Acquisition Corp. II,,,125000000.0,2026.0,United States,"Finnhub IPO,NASDAQ screener"
WLKP,Westlake Chemical Partners LP Common Units representing limited partner interests,Industrials,Major Chemicals,802548665.0,2014.0,United States,NASDAQ screener
WLTH,Wealthfront Corporation Common Stock,Finance,Finance: Consumer Services,1785058883.0,2025.0,United States,"Finnhub IPO,NASDAQ screener"
WLY,John Wiley & Sons Inc. Common Stock,Consumer Discretionary,Books,2138116013.0,,United States,NASDAQ screener
WLYB,John Wiley & Sons Inc. Common Stock,Consumer Discretionary,Books,2137602783.0,,United States,NASDAQ screener
WMBT,"Sichuan Wanma Benteng Technology Co., LTD",,,70000000.0,,,Finnhub IPO
WMK,Weis Markets Inc. Common Stock,Consumer Staples,Food Chains,1838276111.0,,United States,NASDAQ screener
WNC,Wabash National Corporation Common Stock,Industrials,Construction/Ag Equipment/Trucks,333526529.0,1991.0,United States,NASDAQ screener
WNEB,Western New England Bancorp Inc. Common Stock,Finance,Savings Institutions,268067704.0,,United States,NASDAQ screener
WOLF,Wolfspeed Inc. Common Stock New,Technology,Semiconductors,3144457219.0,2025.0,United States,NASDAQ screener
WOOF,Petco Health and Wellness Company Inc. Class A Common Stock,Consumer Discretionary,Other Specialty Stores,972882207.0,2021.0,United States,NASDAQ screener
WOR,Worthington Enterprises Inc. Common Shares,Industrials,Steel/Iron Ore,2772451032.0,,United States,NASDAQ screener
WPACU,White Pearl Acquisition Corp.,,,100000000.0,,,Finnhub IPO
WPP,WPP plc American Depositary Shares,Consumer Discretionary,Advertising,4051981664.0,,Ireland,NASDAQ screener
WRAP,Wrap Technologies Inc. Common Stock,Industrials,Ordnance And Accessories,78033550.0,,United States,NASDAQ screener
WRBY,Warby Parker Inc. Class A Common Stock,Health Care,Ophthalmic Goods,3156235870.0,2021.0,United States,NASDAQ screener
WRD,WeRide Inc. American Depositary Shares,Technology,EDP Services,2487603045.0,2024.0,China,"Finnhub IPO,NASDAQ screener"
WRLD,World Acceptance Corporation Common Stock,Finance,Finance: Consumer Services,797355327.0,1991.0,United States,NASDAQ screener
WRN,Western Copper and Gold Corporation Common Stock,Basic Materials,Metal Mining,661106009.0,2011.0,Canada,NASDAQ screener
WS,Worthington Steel Inc. Common Shares,Industrials,Steel/Iron Ore,2143011337.0,2023.0,United States,NASDAQ screener
WSBC,WesBanco Inc. Common Stock,Finance,Major Banks,3336503626.0,,United States,NASDAQ screener
WSBCO,WesBanco Inc. Depositary Shares each representing 1/40th interest in a share of 7.375% Fixed-Rate Reset Non-Cumulative Perpetual Preferred Stock Series B,Finance,Major Banks,2489749212.0,,United States,NASDAQ screener
WSBF,Waterstone Financial Inc. Common Stock (MD),Finance,Savings Institutions,337231572.0,2005.0,United States,NASDAQ screener
WSC,WillScot Holdings Corporation Class A Common Stock,Industrials,Misc Corporate Leasing Services,4676902505.0,2015.0,United States,NASDAQ screener
WSFS,WSFS Financial Corporation Common Stock,Finance,Major Banks,3757059681.0,,United States,NASDAQ screener
WSHP,WeShop Holdings Limited Class A Ordinary Shares,Consumer Discretionary,Other Specialty Stores,160589229.0,,Jersey,"Finnhub IPO,NASDAQ screener"
WSR,Whitestone REIT Common Shares,Real Estate,Real Estate Investment Trusts,976999503.0,2010.0,United States,NASDAQ screener
WSTN,Westin Acquisition Corp Class A Ordinary Share,,,81194400.0,2025.0,Singapore,NASDAQ screener
WSTNU,Westin Acquisition Corp,,,50000000.0,2026.0,Singapore,"Finnhub IPO,NASDAQ screener"
WT,WisdomTree Inc. Common Stock,Finance,Investment Bankers/Brokers/Service,2812589900.0,2022.0,United States,NASDAQ screener
WTBA,West Bancorporation Common Stock,Finance,Major Banks,407993300.0,,United States,NASDAQ screener
WTF,Waton Financial Limited Ordinary Shares,Finance,Investment Bankers/Brokers/Service,137476795.0,2025.0,Hong Kong,"Finnhub IPO,NASDAQ screener"
WTFCN,Wintrust Financial Corporation Depositary Shares Each Representing a 1/1000th Interest in a Share of 7.875% Fixed-Rate Reset Non-Cumulative Perpetual Preferred StocK,Finance,Major Banks,1768817401.0,,United States,NASDAQ screener
WTGUU,Wintergreen Acquisition Corp.,,,50000000.0,,,Finnhub IPO
WTI,W&T Offshore Inc. Common Stock,Energy,Oil & Gas Production,553453037.0,2005.0,United States,NASDAQ screener
WTM,White Mountains Insurance Group Ltd. Common Stock,Finance,Property-Casualty Insurers,5162148048.0,,United States,NASDAQ screener
WTO,UTime Limited Class A Ordinary Shares,Technology,Consumer Electronics/Appliances,53447690.0,2021.0,China,NASDAQ screener
WTTR,Select Water Solutions Inc. Class A common stock,Energy,Oilfield Services/Equipment,2505946890.0,2017.0,United States,NASDAQ screener
WU,Western Union Company (The) Common Stock,Consumer Discretionary,Business Services,2533848693.0,,United States,NASDAQ screener
WVE,Wave Life Sciences Ltd. Ordinary Shares,Health Care,Biotechnology: Pharmaceutical Preparations,1244842247.0,2015.0,Singapore,NASDAQ screener
WW,WW International Inc.  Common Stock,Consumer Discretionary,Other Consumer Services,170978796.0,,United States,NASDAQ screener
WWR,Westwater Resources Inc. Common Stock,Basic Materials,Metal Mining,72793895.0,,United States,NASDAQ screener
WWW,Wolverine World Wide Inc. Common Stock,Consumer Discretionary,Shoe Manufacturing,1455314353.0,,United States,NASDAQ screener
WYFI,WhiteFiber Inc. Ordinary Shares,Finance,Finance: Consumer Services,1242605471.0,2025.0,United States,"Finnhub IPO,NASDAQ screener"
WYY,WidePoint Corporation Common Stock,Technology,EDP Services,107572529.0,,United States,NASDAQ screener
XBIT,XBiotech Inc. Common Stock,Health Care,Biotechnology: Pharmaceutical Preparations,74390064.0,2015.0,United States,NASDAQ screener
XCBEU,X3 Acquisition Corp. Ltd.,,,200000000.0,,,Finnhub IPO
XCH,XCHG Limited American Depositary Share,Industrials,Electrical Products,56311862.0,2024.0,Germany,"Finnhub IPO,NASDAQ screener"
XENE,Xenon Pharmaceuticals Inc. Common Shares,Health Care,Biotechnology: Pharmaceutical Preparations,5296305485.0,2014.0,Canada,NASDAQ screener
XERS,Xeris Biopharma Holdings Inc. Common Stock,Health Care,Biotechnology: Pharmaceutical Preparations,1091097788.0,2018.0,United States,NASDAQ screener
XFLHU,XFLH Capital Corp,,,100000000.0,,,Finnhub IPO
XFLT,XAI Octagon Floating Rate & Alternative Income Trust Common Shares of Beneficial Interest,Finance,Investment Managers,654039730.0,2017.0,United States,NASDAQ screener
XFOR,X4 Pharmaceuticals Inc. Common Stock,Health Care,Biotechnology: Biological Products (No Diagnostic Substances),390483541.0,2017.0,United States,NASDAQ screener
XGN,Exagen Inc. Common Stock,Health Care,Medical Specialities,122731982.0,2019.0,United States,NASDAQ screener
XHG,XChange TEC.INC American Depositary Shares,Finance,Real Estate,51290186.0,2019.0,China,NASDAQ screener
XHR,Xenia Hotels & Resorts Inc. Common Stock,Consumer Discretionary,Hotels/Resorts,1618914404.0,2015.0,United States,NASDAQ screener
XIFR,XPLR Infrastructure LP Common Units representing limited partner interests,Utilities,Electric Utilities: Central,1117132621.0,2014.0,United States,NASDAQ screener
XLO,Xilio Therapeutics Inc. Common Stock,Health Care,Biotechnology: Pharmaceutical Preparations,56020184.0,2021.0,United States,NASDAQ screener
XMAX,XMAX Inc. Common Stock,Consumer Discretionary,Home Furnishings,542527841.0,,United States,NASDAQ screener
XMTR,Xometry Inc. Class A Common Stock,Consumer Discretionary,Business Services,5013717425.0,2021.0,United States,NASDAQ screener
XNCR,Xencor Inc. Common Stock,Health Care,Biotechnology: Pharmaceutical Preparations,887474904.0,2013.0,United States,NASDAQ screener
XNDU,Xanadu Quantum Technologies Limited Class B Subordinate Voting Shares,Technology,Computer Manufacturing,5170218123.0,,Canada,NASDAQ screener
XNET,Xunlei Limited American Depositary Shares,Technology,Computer Software: Prepackaged Software,1887334702.0,2014.0,China,NASDAQ screener
XOMA,XOMA Royalty Corporation Common Stock,Health Care,Biotechnology: Pharmaceutical Preparations,522960951.0,1986.0,United States,NASDAQ screener
XOMAO,XOMA Royalty Corporation Depositary Shares Rep Series B 8.375% Cumulative Preferred Stock,Health Care,Biotechnology: Pharmaceutical Preparations,318040521.0,,United States,NASDAQ screener
XOMAP,XOMA Royalty Corporation 8.625% Series A Cumulative Perpetual Preferred Stock,Health Care,Biotechnology: Pharmaceutical Preparations,319169214.0,,United States,NASDAQ screener
XP,XP Inc. Class A Common Stock,Finance,Investment Bankers/Brokers/Service,8790570485.0,2019.0,Brazil,NASDAQ screener
XPEL,XPEL Inc. Common Stock,Industrials,Industrial Specialties,1293437026.0,,United States,NASDAQ screener
XPER,Xperi Inc. Common Stock,Technology,Computer Software: Prepackaged Software,386654363.0,2022.0,United States,NASDAQ screener
XPL,Solitario Resources Corp. Common Stock,Basic Materials,Precious Metals,78344427.0,,United States,NASDAQ screener
XPOF,Xponential Fitness Inc. Class A Common Stock,Consumer Discretionary,Services-Misc. Amusement & Recreation,286198500.0,2021.0,United States,NASDAQ screener
XPRO,Expro Group Holdings N.V. Common Stock,Energy,Oilfield Services/Equipment,1679384141.0,2013.0,United States,NASDAQ screener
XRAY,DENTSPLY SIRONA Inc. Common Stock,Health Care,Medical/Dental Instruments,2061361568.0,1987.0,United States,NASDAQ screener
XRN,Chiron Real Estate Inc. Common Stock,Real Estate,Real Estate Investment Trusts,483733037.0,2016.0,United States,NASDAQ screener
XRX,Xerox Holdings Corporation Common Stock,Technology,Computer peripheral equipment,397559809.0,,United States,NASDAQ screener
XSLLU,Xsolla SPAC 1,,,200000000.0,,,Finnhub IPO
XTIA,XTI Aerospace Inc. Common Stock,Technology,EDP Services,79649023.0,2014.0,United States,NASDAQ screener
XTNT,Xtant Medical Holdings Inc. Common Stock,Health Care,Biotechnology: Biological Products (No Diagnostic Substances),65923591.0,,United States,NASDAQ screener
XXI,Twenty One Capital Inc. Class A Common Stock,Finance,Finance: Consumer Services,4776598861.0,2025.0,,NASDAQ screener
XYF,X Financial American Depositary Shares each representing six Class A Ordinary Shares,Finance,Finance: Consumer Services,259122833.0,2018.0,Cayman Islands,NASDAQ screener
XZO,Exzeo Group Inc. Common Stock,Finance,Property-Casualty Insurers,1240127385.0,2025.0,,"Finnhub IPO,NASDAQ screener"
YALA,Yalla Group Limited American Depositary Shares each representing one Class A Ordinary Share,Technology,Computer Software: Programming Data Processing,901864183.0,2020.0,United Arab Emirates,NASDAQ screener
YB,Yuanbao Inc. American Depositary Shares,Finance,Specialty Insurers,656642864.0,2025.0,China,"Finnhub IPO,NASDAQ screener"
YCYU,AA Mission Acquisition Corp. II,,,100000000.0,,,Finnhub IPO
YDDL,One and One Green Technologies. Inc Class A Ordinary Shares,Consumer Discretionary,Industrial Specialties,190513332.0,2025.0,Philippines,"Finnhub IPO,NASDAQ screener"
YDES,YD Bio Limited Ordinary Shares,Health Care,Medical Specialities,248618024.0,,United States,NASDAQ screener
YELP,Yelp Inc. Common Stock,Consumer Discretionary,Other Consumer Services,1281283403.0,2012.0,United States,NASDAQ screener
YETI,YETI Holdings Inc. Common Stock,Consumer Discretionary,Recreational Games/Products/Toys,3539428851.0,2018.0,United States,NASDAQ screener
YEXT,Yext Inc. Common Stock,Technology,EDP Services,402538399.0,2017.0,United States,NASDAQ screener
YHNAU,YHN Acquisition I Ltd,,,60000000.0,2024.0,Hong Kong,"Finnhub IPO,NASDAQ screener"
YIBO,Planet Image International Limited Class A Ordinary Shares,Industrials,Industrial Machinery/Components,60418905.0,2024.0,China,"Finnhub IPO,NASDAQ screener"
YICCU,Yorkville International Capital Corp.,,,230000000.0,,,Finnhub IPO
YMM,Full Truck Alliance Co. Ltd. American Depositary Shares (each representing 20 Class A Ordinary Shares),Technology,Computer Software: Prepackaged Software,9182267312.0,2021.0,China,NASDAQ screener
YMT,Yimutian Inc. American Depositary Shares,Technology,EDP Services,384432660.0,2025.0,China,"Finnhub IPO,NASDAQ screener"
YOOV,Concorde International Group Ltd Class A Ordinary Shares,Consumer Discretionary,Diversified Commercial Services,147540554.0,2025.0,Singapore,NASDAQ screener
YORKU,Yorkville Acquisition Corp.,,,150000000.0,,,Finnhub IPO
YORW,York Water Company (The) Common Stock,Utilities,Water Supply,482876209.0,,United States,NASDAQ screener
YOU,Clear Secure Inc. Class A Common Stock,Technology,Computer Software: Prepackaged Software,7580133855.0,2021.0,United States,NASDAQ screener
YRD,Yiren Digital Ltd. American Depositary Shares each representing two ordinary shares,Finance,Finance: Consumer Services,128608038.0,2015.0,China,NASDAQ screener
YSG,Yatsen Holding Limited American Depositary Shares each representing twenty (20) Class A Ordinary Shares,Consumer Discretionary,Package Goods/Cosmetics,321958329.0,,China,NASDAQ screener
YSS,York Space Systems Inc. Common Stock,Industrials,Military/Government/Technical,4148925711.0,2026.0,,"Finnhub IPO,NASDAQ screener"
YSWY,Yesway Inc. Class A Common Stock,Consumer Staples,Food Chains,1315238996.0,2026.0,United States,"Finnhub IPO,NASDAQ screener"
YTRA,Yatra Online Inc. Ordinary Shares,Consumer Discretionary,Transportation Services,54900722.0,,India,NASDAQ screener
YXCA,Yuanxiang Acquisition Corp.,,,100000000.0,,,Finnhub IPO
YZRY,"Gansu Yunzhao Ruyi Technology Development Co., Ltd.",,,60000000.0,,,Finnhub IPO
Z,Zillow Group Inc. Class C Capital Stock,Consumer Discretionary,Business Services,8108736146.0,,United States,NASDAQ screener
ZBIO,Zenas BioPharma Inc. Common Stock,Health Care,Biotechnology: Pharmaceutical Preparations,1171755477.0,2024.0,United States,"Finnhub IPO,NASDAQ screener"
ZD,Ziff Davis Inc. Common Stock,Telecommunications,Telecommunications Equipment,1660171478.0,,United States,NASDAQ screener
ZENA,ZenaTech Inc. Common Stock,Technology,Computer Software: Prepackaged Software,140039869.0,,Canada,"Finnhub IPO,NASDAQ screener"
ZEO,Zeo Energy Corporation Class A Common Stock,Miscellaneous,Industrial Machinery/Components,50321204.0,2021.0,United States,NASDAQ screener
ZEPP,Zepp Health Corporation American depositary shares each representing sixteen Class A ordinary shares,Technology,Computer Manufacturing,124505689.0,,China,NASDAQ screener
ZETA,Zeta Global Holdings Corp. Class A Common Stock,Technology,Computer Software: Prepackaged Software,5030018792.0,2021.0,United States,NASDAQ screener
ZG,Zillow Group Inc. Class A Common Stock,Consumer Discretionary,Business Services,8191104798.0,2011.0,United States,NASDAQ screener
ZGN,Ermenegildo Zegna N.V. Ordinary Shares,Consumer Discretionary,Apparel,4003215786.0,2021.0,,NASDAQ screener
ZH,Zhihu Inc. American Depositary Shares each representing three (3) Class A Ordinary Shares,Consumer Discretionary,Business Services,257500323.0,,China,NASDAQ screener
ZIM,ZIM Integrated Shipping Services Ltd. Ordinary Shares,Consumer Discretionary,Marine Transportation,2914070315.0,2021.0,,NASDAQ screener
ZION,Zions Bancorporation N.A. Common Stock,Finance,Major Banks,9154994690.0,,United States,NASDAQ screener
ZIONP,Zions Bancorporation N.A. Depositary Shares (Each representing 1/40th Interest in a Share of Series A Floating-Rate Non-Cumulative Perpetual Preferred Stock),Finance,Major Banks,2850639413.0,,United States,NASDAQ screener
ZIP,ZipRecruiter Inc. Class A Common Stock,Technology,Computer Software: Programming Data Processing,263317837.0,2021.0,United States,NASDAQ screener
ZJK,ZJK Industrial Co. Ltd. Class A Ordinary Shares,Industrials,Metal Fabrications,164661402.0,2024.0,China,"Finnhub IPO,NASDAQ screener"
ZK,ZEEKR Intelligent Technology Holding Ltd,,,441000000.0,,,Finnhub IPO
ZKH,ZKH Group Limited American Depositary Shares each representing thirty-five (35) Class A Ordinary Shares,Consumer Discretionary,RETAIL: Building Materials,438617315.0,2023.0,Cayman Islands,"Finnhub IPO,NASDAQ screener"
ZKPU,Lafayette Digital Acquisition Corp. I,Finance,Blank Checks,250000000.0,2026.0,United States,"Finnhub IPO,NASDAQ screener"
ZLAB,Zai Lab Limited American Depositary Shares,Health Care,Biotechnology: Pharmaceutical Preparations,2076317776.0,2017.0,China,NASDAQ screener
ZNTL,Zentalis Pharmaceuticals Inc. Common Stock,Health Care,Biotechnology: Pharmaceutical Preparations,288304709.0,2020.0,United States,NASDAQ screener
ZONE,CleanCore Solutions Inc. Class B Common Stock,Industrials,Industrial Machinery/Components,175154145.0,2024.0,,"Finnhub IPO,NASDAQ screener"
ZSQR,Z Squared Inc. Common Stock,Finance,Finance: Consumer Services,458254603.0,2020.0,United States,NASDAQ screener
ZTEK,Zentek Ltd. Common Stock,Industrials,Major Chemicals,66692393.0,,Canada,NASDAQ screener
ZUMZ,Zumiez Inc. Common Stock,Consumer Discretionary,Clothing/Shoe/Accessory Stores,436914881.0,2005.0,United States,NASDAQ screener
ZURA,Zura Bio Limited Class A Ordinary Shares,Health Care,Biotechnology: Biological Products (No Diagnostic Substances),398990382.0,,Cayman Islands,NASDAQ screener
ZVIA,Zevia PBC Class A Common Stock,Consumer Staples,Beverages (Production/Distribution),122404760.0,2021.0,United States,NASDAQ screener
ZVRA,Zevra Therapeutics Inc. Common Stock,Health Care,Biotechnology: Pharmaceutical Preparations,673911958.0,,United States,NASDAQ screener
ZWS,Zurn Elkay Water Solutions Corporation Common Stock,Industrials,Industrial Machinery/Components,7844648630.0,2012.0,United States,NASDAQ screener
ZYME,Zymeworks Inc. Common Stock,Health Care,Biotechnology: Pharmaceutical Preparations,1860627594.0,,United States,NASDAQ screener
