ticker,exchange,name,sector,industry,market_cap_usd,avg_dollar_volume_30d,ipo_year,country
NVDA,,NVIDIA Corporation Common Stock,Technology,Semiconductors,5109588000000.0,36331695975.300385,1999.0,United States
TSLA,,Tesla Inc. Common Stock,Industrials,Auto Manufacturing,1636706905743.0,22035081930.41847,2010.0,United States
SNDK,,Sandisk Corporation Common Stock,Technology,Electronic Components,251009178015.0,20716884161.761765,,United States
AMD,,Advanced Micro Devices Inc. Common Stock,Technology,Semiconductors,841552989788.0,17164982283.092972,,United States
INTC,,Intel Corporation Common Stock,Technology,Semiconductors,576381680000.0,16303432028.117443,,United States
MSFT,,Microsoft Corporation Common Stock,Technology,Computer Software: Prepackaged Software,3344578441129.0,15360354146.612694,1986.0,United States
GOOGL,,Alphabet Inc. Class A Common Stock,Technology,Computer Software: Programming Data Processing,4608199440000.0,11490659973.265148,2004.0,United States
AMZN,,Amazon.com Inc. Common Stock,Consumer Discretionary,Catalog/Specialty Distribution,2911304097759.0,11394832765.32898,1997.0,United States
META,,Meta Platforms Inc. Class A Common Stock,Technology,Computer Software: Programming Data Processing,1605578124013.0,10325721004.005941,2012.0,United States
AVGO,,Broadcom Inc. Common Stock,Technology,Semiconductors,2115307704566.0,8344074648.304385,2009.0,United States
GOOG,,Alphabet Inc. Class C Capital Stock,Technology,Computer Software: Programming Data Processing,4560825880000.0,7946054093.810018,2004.0,United States
QCOM,,QUALCOMM Incorporated Common Stock,Technology,Radio And Television Broadcasting And Communications Equipment,264575080000.0,6445626405.959792,1991.0,United States
LITE,,Lumentum Holdings Inc. Common Stock,Telecommunications,Telecommunications Equipment,66515888000.0,5832844879.31722,,United States
TSM,,Taiwan Semiconductor Manufacturing Company Ltd.,Technology,Semiconductors,2170292977079.0,5245639065.798079,1997.0,Taiwan
MRVL,,Marvell Technology Inc. Common Stock,Technology,Semiconductors,179488400465.0,5040850781.729198,2000.0,United States
ORCL,,Oracle Corporation Common Stock,Technology,Computer Software: Prepackaged Software,649353665880.0,4055904295.400129,1986.0,United States
WDC,,Western Digital Corporation Common Stock,Technology,Electronic Components,183098594809.0,3747967907.0937386,,United States
NBIS,,Nebius Group N.V. Class A Ordinary Shares,Technology,Computer Software: Programming Data Processing,58673333651.0,3744548146.959868,2011.0,Netherlands
LLY,,Eli Lilly and Company Common Stock,Health Care,Biotechnology: Pharmaceutical Preparations,1040624253630.0,3584312944.7044735,,United States
RKLB,,Rocket Lab Corporation Common Stock,Industrials,Military/Government/Technical,83055905313.0,3524672841.7976017,2020.0,United States
STX,,Seagate Technology Holdings PLC Ordinary Shares (Ireland),Technology,Electronic Components,197276667162.0,3390960384.648786,2002.0,Ireland
AMAT,,Applied Materials Inc. Common Stock,Technology,Semiconductors,357329381066.0,3281800272.9763937,1972.0,United States
CBRS,,Cerebras Systems Inc. Class A Common Stock,Technology,Semiconductors,51007011932.0,3254486116.4749146,2026.0,United States
IREN,,IREN Limited Ordinary Shares,Technology,EDP Services,22707840946.0,3214945423.5268,2021.0,Australia
CSCO,,Cisco Systems Inc. Common Stock (DE),Telecommunications,Computer Communications Equipment,474627562359.0,3048480731.898644,1990.0,United States
NFLX,,Netflix Inc. Common Stock,Consumer Discretionary,Consumer Electronics/Video Chains,362212889379.0,2969486740.3659277,2002.0,United States
BE,,Bloom Energy Corporation Class A Common Stock,Energy,Industrial Machinery/Components,81066502380.0,2897847611.0694523,2018.0,United States
DELL,,Dell Technologies Inc. Class C Common Stock,Technology,Computer Manufacturing,273409787681.0,2820963855.2186513,2018.0,United States
XOM,,Exxon Mobil Corporation Common Stock,Energy,Integrated oil Companies,602095024752.0,2715803514.071873,,United States
LRCX,,Lam Research Corporation Common Stock,Technology,Industrial Machinery/Components,397906680780.0,2693817029.1495185,1984.0,United States
WMT,,Walmart Inc. Common Stock,Consumer Discretionary,Department/Specialty Retail Stores,922805589491.0,2685325630.0284615,,United States
V,,Visa Inc.,Consumer Discretionary,Business Services,618278562447.0,2570764332.1549187,,United States
CRM,,Salesforce Inc. Common Stock,Technology,Computer Software: Prepackaged Software,176385300000.0,2535355641.782343,2004.0,United States
UNH,,UnitedHealth Group Incorporated Common Stock (DE),Health Care,Medical Specialities,345376398285.0,2527795545.081729,,United States
GEV,,GE Vernova Inc. Common Stock,,,260206945558.0,2482164739.5830426,2024.0,United States
ASML,,ASML Holding N.V. New York Registry Shares,Technology,Industrial Machinery/Components,621586193405.0,2464256305.8169413,1995.0,Netherlands
CAT,,Caterpillar Inc. Common Stock,Industrials,Construction/Ag Equipment/Trucks,403458151963.0,2456738908.199056,,United States
ASTS,,AST SpaceMobile Inc. Class A Common Stock,Consumer Discretionary,Telecommunications Equipment,44017207711.0,2398318900.854583,2019.0,United States
BRK/B,,Berkshire Hathaway Inc.,,,1046850619312.0,2386332353.315953,,United States
COST,,Costco Wholesale Corporation Common Stock,Consumer Discretionary,Department/Specialty Retail Stores,424273797053.0,2368990012.2622538,,United States
TXN,,Texas Instruments Incorporated Common Stock,Technology,Semiconductors,278197164353.0,2311764632.204619,,United States
IBM,,International Business Machines Corporation Common Stock,Technology,Computer Manufacturing,279897836384.0,2246372544.0846033,,United States
CRCL,,Circle Internet Group Inc. Class A Common Stock,Finance,Finance: Consumer Services,28089091390.0,2140629742.8188143,2025.0,United States
AAOI,,Applied Optoelectronics Inc. Common Stock,Technology,Semiconductors,12711256720.0,2139577501.6114008,2013.0,United States
HOOD,,Robinhood Markets Inc. Class A Common Stock,Finance,Investment Bankers/Brokers/Service,84917626875.0,2002565396.274712,2021.0,United States
ANET,,Arista Networks Inc. Common Stock,Telecommunications,Computer Communications Equipment,200805037506.0,1947727784.0886433,,United States
IONQ,,IonQ Inc. Common Stock,Technology,EDP Services,26901565152.0,1946780840.6081607,2021.0,United States
CVX,,Chevron Corporation Common Stock,Energy,Integrated oil Companies,363386922181.0,1944520424.6967134,,United States
VRT,,Vertiv Holdings LLC Class A Common Stock,Technology,Industrial Machinery/Components,121266994299.0,1940282362.4880836,2018.0,United States
GS,,Goldman Sachs Group Inc. (The) Common Stock,Finance,Investment Bankers/Brokers/Service,302547810681.0,1936537630.8317637,1999.0,United States
KLAC,,KLA Corporation Common Stock,Technology,Electronic Components,251028213381.0,1927857190.9383137,1980.0,United States
COIN,,Coinbase Global Inc. Class A Common Stock,Finance,Finance: Consumer Services,49792602879.0,1883137537.39842,,United States
MA,,Mastercard Incorporated Common Stock,Consumer Discretionary,Business Services,436472752693.0,1873522644.9843633,2006.0,United States
BAC,,Bank of America Corporation Common Stock,Finance,Major Banks,366184077592.0,1854725374.9748049,,United States
ADI,,Analog Devices Inc. Common Stock,Technology,Semiconductors,201580971504.0,1852586358.1178212,,United States
JNJ,,Johnson & Johnson Common Stock,Health Care,Biotechnology: Pharmaceutical Preparations,542418200075.0,1760171480.6248257,,United States
HD,,Home Depot Inc. (The) Common Stock,Consumer Discretionary,RETAIL: Building Materials,316225584529.0,1740483776.7531621,,United States
GE,,GE Aerospace Common Stock,Technology,Consumer Electronics/Appliances,337790863204.0,1626356470.299421,,United States
BA,,Boeing Company (The) Common Stock,Industrials,Aerospace,182216083811.0,1617064078.0539377,,United States
ALAB,,Astera Labs Inc. Common Stock,Technology,Semiconductors,58767211886.0,1596346481.1044602,2024.0,United States
SMCI,,Super Micro Computer Inc. Common Stock,Technology,Computer Manufacturing,27719377835.0,1551748293.7654405,2020.0,United States
ON,,ON Semiconductor Corporation Common Stock,Technology,Semiconductors,47271362898.0,1454857740.661839,,United States
C,,Citigroup Inc. Common Stock,Finance,Major Banks,214732138635.0,1391298110.3280203,,United States
DDOG,,Datadog Inc. Class A Common Stock,Technology,Computer Software: Prepackaged Software,88046752749.0,1381862282.6870873,2019.0,United States
WFC,,Wells Fargo & Company Common Stock,Finance,Major Banks,237287093365.0,1304128747.0187232,,United States
BKNG,,Booking Holdings Inc. Common Stock,Consumer Discretionary,Transportation Services,129737896539.0,1246998102.527364,,United States
CRDO,,Credo Technology Group Holding Ltd Ordinary Shares,Technology,Semiconductors,43535719338.0,1235208742.4053373,2022.0,United States
ETN,,Eaton Corporation PLC Ordinary Shares,Technology,Industrial Machinery/Components,155552980000.0,1224163058.9948382,,Ireland
MELI,,MercadoLibre Inc. Common Stock,Consumer Discretionary,Business Services,85964676658.0,1222510189.5228794,2007.0,Argentina
MCD,,McDonald's Corporation Common Stock,Consumer Discretionary,Restaurants,198373235833.0,1222124724.9517531,,United States
ABBV,,AbbVie Inc. Common Stock,Health Care,Biotechnology: Pharmaceutical Preparations,384666132988.0,1215495229.9303327,2012.0,United States
TMO,,Thermo Fisher Scientific Inc Common Stock,Industrials,Industrial Machinery/Components,183027287727.0,1209933155.1099505,,United States
PG,,Procter & Gamble Company (The) Common Stock,Consumer Discretionary,Package Goods/Cosmetics,334293669282.0,1198307285.9391713,,United States
KO,,Coca-Cola Company (The) Common Stock,Consumer Staples,Beverages (Production/Distribution),340071118812.0,1179083634.0720403,,United States
SPOT,,Spotify Technology S.A. Ordinary Shares,Consumer Discretionary,Broadcasting,102438732037.0,1175972930.7588124,2018.0,Luxembourg
ADBE,,Adobe Inc. Common Stock,Technology,Computer Software: Prepackaged Software,104772682000.0,1174581100.2265568,1986.0,United States
AXTI,,AXT Inc Common Stock,Technology,Semiconductors,6749055661.0,1162374595.9784372,1998.0,United States
NEE,,NextEra Energy Inc. Common Stock,Technology,EDP Services,181445560087.0,1154611417.364175,,United States
F,,Ford Motor Company Common Stock,Industrials,Auto Manufacturing,69493039467.0,1153474161.3088107,,United States
RGTI,,Rigetti Computing Inc. Common Stock,Technology,EDP Services,8489465531.0,1150969094.4553375,,United States
BSX,,Boston Scientific Corporation Common Stock,Health Care,Medical/Dental Instruments,71805818697.0,1142109122.805005,,United States
CIEN,,Ciena Corporation Common Stock,Utilities,Telecommunications Equipment,82043609298.0,1125094019.7640555,1997.0,United States
MCK,,McKesson Corporation Common Stock,Health Care,Other Pharmaceuticals,89244295624.0,1124058645.9234328,,United States
ABT,,Abbott Laboratories Common Stock,Health Care,Biotechnology: Pharmaceutical Preparations,149099143922.0,1121631750.0124977,,United States
SOFI,,SoFi Technologies Inc. Common Stock,Finance,Finance: Consumer Services,23371544664.0,1101252664.7163708,,United States
AZO,,AutoZone Inc. Common Stock,Consumer Discretionary,Auto & Home Supply Stores,48362597296.0,1086691036.3374257,,United States
MS,,Morgan Stanley Common Stock,Finance,Investment Bankers/Brokers/Service,328075241936.0,1083947073.3396258,,United States
LIN,,Linde plc Ordinary Shares,Basic Materials,Major Chemicals,230231164565.0,1083800241.280256,,United States
NET,,Cloudflare Inc. Class A Common Stock,Technology,Computer Software: Prepackaged Software,85475207850.0,1065999828.7489392,2019.0,United States
MRK,,Merck & Company Inc. Common Stock (new),Health Care,Biotechnology: Pharmaceutical Preparations,293217554549.0,1065922258.9395432,,United States
ACN,,Accenture plc Class A Ordinary Shares (Ireland),Consumer Discretionary,Business Services,124428121423.0,1043677456.0116723,2001.0,Ireland
AKAM,,Akamai Technologies Inc. Common Stock,Consumer Discretionary,Business Services,21740940343.0,1032605419.325874,1999.0,United States
RTX,,RTX Corporation Common Stock,Industrials,Aerospace,241945144674.0,1023801758.0845424,,United States
QBTS,,D-Wave Quantum Inc. Common Shares,Technology,EDP Services,11053471294.0,1008004324.124863,2022.0,United States
ISRG,,Intuitive Surgical Inc. Common Stock,Health Care,Industrial Specialties,150391709227.0,1004594104.6186174,2000.0,United States
VZ,,Verizon Communications Inc. Common Stock,Telecommunications,Telecommunications Equipment,199633471487.0,1000081252.374976,,United States
APLD,,Applied Digital Corporation Common Stock,Finance,Finance: Consumer Services,13511183804.0,996671576.8697648,2022.0,United States
TJX,,TJX Companies Inc. (The) Common Stock,Consumer Discretionary,Clothing/Shoe/Accessory Stores,171124757199.0,995623947.4055699,,United States
RDDT,,Reddit Inc. Class A Common Stock,Technology,EDP Services,33868586224.0,990603308.7918236,2024.0,United States
SYK,,Stryker Corporation Common Stock,Health Care,Medical/Dental Instruments,116959534879.0,984491104.6013242,,United States
CEG,,Constellation Energy Corporation Common Stock,Utilities,Electric Utilities: Central,103932440628.0,984438308.080764,,United States
DIS,,Walt Disney Company (The) Common Stock,Consumer Discretionary,Services-Misc. Amusement & Recreation,176828958306.0,983494411.2248739,,United States
OKLO,,Oklo Inc. Class A common stock,Utilities,Electric Utilities: Central,11636517211.0,966142989.7965386,2021.0,United States
NKE,,Nike Inc. Common Stock,Consumer Discretionary,Shoe Manufacturing,68461407536.0,958729089.5199549,,United States
FLEX,,Flex Ltd. Ordinary Shares,Technology,Electrical Products,55242463230.0,957554778.4984044,1994.0,Singapore
HON,,Honeywell International Inc. Common Stock,Industrials,Aerospace,150720730885.0,938918706.0337611,,United States
PFE,,Pfizer Inc. Common Stock,Health Care,Biotechnology: Pharmaceutical Preparations,149211448344.0,935574718.9517975,,United States
T,,AT&T Inc.,Telecommunications,Telecommunications Equipment,172318803108.0,934223220.9659213,,United States
AMGN,,Amgen Inc. Common Stock,Health Care,Biotechnology: Biological Products (No Diagnostic Substances),181768349600.0,905581784.0538388,1983.0,United States
COF,,Capital One Financial Corporation Common Stock,Finance,Major Banks,116947482709.0,890228104.6561831,1994.0,United States
PM,,Philip Morris International Inc Common Stock,Health Care,Medicinal Chemicals and Botanical Products,276457168103.0,888051811.9908651,,United States
GILD,,Gilead Sciences Inc. Common Stock,Health Care,Biotechnology: Biological Products (No Diagnostic Substances),166904238162.0,887148845.8985828,1992.0,United States
ZS,,Zscaler Inc. Common Stock,Technology,EDP Services,22595671928.0,882798256.4165388,2018.0,United States
DASH,,DoorDash Inc. Class A Common Stock,Technology,EDP Services,69405635227.0,878872202.0345052,,United States
SPGI,,S&P Global Inc. Common Stock,Finance,Finance: Consumer Services,125504000000.0,878696733.7114607,,United States
VST,,Vistra Corp. Common Stock,Utilities,Electric Utilities: Central,54026746848.0,874275443.0286226,,United States
ONDS,,Ondas Inc. Common Stock,Technology,Radio And Television Broadcasting And Communications Equipment,6638454953.0,866768676.5518143,,United States
TMUS,,T-Mobile US Inc. Common Stock,Telecommunications,Telecommunications Equipment,202945850579.0,866227210.7607161,,United States
CVNA,,Carvana Co. Class A Common Stock,Consumer Discretionary,Retail-Auto Dealers and Gas Stations,80069009020.0,863684819.0260751,2017.0,United States
AAL,,American Airlines Group Inc. Common Stock,Consumer Discretionary,Air Freight/Delivery Services,9682678406.0,853246447.1707163,,United States
RCL,,Royal Caribbean Cruises Ltd. Common Stock,Consumer Discretionary,Marine Transportation,76336336588.0,852257415.4599144,1993.0,United States
CCL,,Carnival Corporation Ltd. Common Shares,Consumer Discretionary,Marine Transportation,40070124723.0,843816934.4360352,1987.0,United States
MDT,,Medtronic plc. Ordinary Shares,Health Care,Biotechnology: Electromedical & Electrotherapeutic Apparatus,94763549193.0,829638156.4445859,,United States
FCX,,Freeport-McMoRan Inc. Common Stock,Basic Materials,Metal Mining,94462058729.0,826181136.9507744,,United States
MDB,,MongoDB Inc. Class A Common Stock,Technology,Computer Software: Prepackaged Software,27011752854.0,825584881.8825132,2017.0,United States
CMCSA,,Comcast Corporation Class A Common Stock,Telecommunications,Cable & Other Pay Television Services,88880939959.0,821214446.2391263,,United States
CLS,,Celestica Inc. Common Stock,Technology,Electrical Products,44309485707.0,820026242.213658,1998.0,Canada
NVTS,,Navitas Semiconductor Corporation Common Stock,Technology,Semiconductors,6216770216.0,805453824.4426727,,United States
EBAY,,eBay Inc. Common Stock,Consumer Discretionary,Business Services,48626371748.0,801496609.3677702,1998.0,United States
CVS,,CVS Health Corporation Common Stock,Consumer Staples,Retail-Drug Stores and Proprietary Stores,116083866391.0,801037753.9144243,,United States
NEM,,Newmont Corporation,Basic Materials,Precious Metals,117227969015.0,795338856.6570463,,United States
WELL,,Welltower Inc. Common Stock,Real Estate,Real Estate Investment Trusts,144945414019.0,791838713.7120565,,United States
ZTS,,Zoetis Inc. Class A Common Stock,Health Care,Biotechnology: Pharmaceutical Preparations,32569832487.0,790234468.4318906,2013.0,United States
FIX,,Comfort Systems USA Inc. Common Stock,Industrials,Engineering & Construction,64357423581.0,789371867.2520229,1997.0,United States
SATS,,EchoStar  Corporation Common Stock,Consumer Discretionary,Telecommunications Equipment,37441004515.0,781160877.8925577,,United States
SBUX,,Starbucks Corporation Common Stock,Consumer Discretionary,Restaurants,113012652000.0,779203468.8681829,1992.0,United States
POET,,POET Technologies Inc. Common Shares,Technology,Semiconductors,1879062393.0,779147589.8251079,,Canada
ROST,,Ross Stores Inc. Common Stock,Consumer Discretionary,Clothing/Shoe/Accessory Stores,74651390336.0,776415716.3829985,1985.0,United States
FTNT,,Fortinet Inc. Common Stock,Technology,Computer peripheral equipment,101083498506.0,768863921.8478975,2009.0,United States
VLO,,Valero Energy Corporation Common Stock,Energy,Integrated oil Companies,72695083689.0,766927874.89951,,United States
TEAM,,Atlassian Corporation Class A Common Stock,Technology,Computer Software: Prepackaged Software,27307959630.0,766424033.6313521,2015.0,Australia
TGT,,Target Corporation Common Stock,Consumer Discretionary,Department/Specialty Retail Stores,57712175706.0,765770805.4865882,,United States
CDNS,,Cadence Design Systems Inc. Common Stock,Technology,Computer Software: Prepackaged Software,103411692880.0,763941210.9236944,,United States
PH,,Parker-Hannifin Corporation Common Stock,Industrials,Metal Fabrications,106496346741.0,751903735.6145949,,United States
REGN,,Regeneron Pharmaceuticals Inc. Common Stock,Health Care,Biotechnology: Pharmaceutical Preparations,64452940093.0,743811056.8153018,1991.0,United States
VEEV,,Veeva Systems Inc. Class A Common Stock,Technology,Computer Software: Prepackaged Software,28435473779.0,737137114.4412813,2013.0,United States
DVN,,Devon Energy Corporation Common Stock,Energy,Oil & Gas Production,27648541314.0,733147529.3437049,1985.0,United States
CME,,CME Group Inc. Class A Common Stock,Finance,Investment Bankers/Brokers/Service,99119775778.0,721294655.4922922,2002.0,United States
DE,,Deere & Company Common Stock,Industrials,Industrial Machinery/Components,146446766155.0,720926749.7884115,,United States
OXY,,Occidental Petroleum Corporation Common Stock,Energy,Oil & Gas Production,56326163118.0,717025564.4824073,,United States
SLB,,SLB Limited Common Shares,Energy,Oilfield Services/Equipment,81555395408.0,710589679.8456283,,France
STM,,STMicroelectronics N.V. Common Stock,Technology,Semiconductors,61600520615.0,707410256.9054013,,Switzerland
NVO,,Novo Nordisk A/S Common Stock,Health Care,Biotechnology: Pharmaceutical Preparations,203514700000.0,701790287.6311711,,Denmark
LMT,,Lockheed Martin Corporation Common Stock,Industrials,Military/Government/Technical,122302465864.0,698238090.5093238,,United States
WDAY,,Workday Inc. Class A Common Stock,Technology,EDP Services,36108930000.0,694916922.2785223,,United States
RBLX,,Roblox Corporation Class A Common Stock,Technology,Computer Software: Prepackaged Software,33758397827.0,691659374.3149712,2021.0,United States
MO,,Altria Group Inc.,Health Care,Medicinal Chemicals and Botanical Products,116191032131.0,688544334.983862,,United States
FN,,Fabrinet Ordinary Shares,Utilities,Telecommunications Equipment,23438382718.0,686646286.2656367,2010.0,Cayman Islands
WULF,,TeraWulf Inc. Common Stock,Technology,EDP Services,12665814406.0,686009796.4978899,,United States
CMI,,Cummins Inc. Common Stock,Industrials,Industrial Machinery/Components,89227870394.0,684336174.03361,,United States
TT,,Trane Technologies plc,Industrials,Auto Parts:O.E.M.,99762336770.0,674398850.8075533,,Ireland
BMY,,Bristol-Myers Squibb Company Common Stock,Health Care,Biotechnology: Pharmaceutical Preparations,116765633903.0,657020543.365533,,United States
BLK,,BlackRock Inc. Common Stock,Finance,Investment Bankers/Brokers/Service,162511358404.0,648130221.1140951,1999.0,United States
FDX,,FedEx Corporation Common Stock,Consumer Discretionary,Air Freight/Delivery Services,98246331783.0,644098675.6443568,,United States
WOLF,,Wolfspeed Inc. Common Stock New,Technology,Semiconductors,2865540722.0,627917405.660602,2025.0,United States
ELV,,Elevance Health Inc. Common Stock,Health Care,Medical Specialities,85386076192.0,622577222.4645705,,United States
EQIX,,Equinix Inc. Common Stock REIT,Real Estate,Real Estate Investment Trusts,105334641834.0,619738798.2369559,2000.0,United States
STRL,,Sterling Infrastructure Inc. Common Stock,Industrials,Military/Government/Technical,26415696641.0,614443153.318278,,United States
KEYS,,Keysight Technologies Inc. Common Stock,Industrials,Industrial Machinery/Components,58024439133.0,610141092.4384707,2014.0,United States
D,,Dominion Energy Inc. Common Stock,Utilities,Electric Utilities: Central,58870744677.0,609693347.5546701,,United States
TEL,,TE Connectivity plc Ordinary Shares,Technology,Electronic Components,62293482465.0,606975274.6175857,,Ireland
HCA,,HCA Healthcare Inc. Common Stock,Health Care,Hospital/Nursing Management,83975237892.0,604023313.0481539,2011.0,United States
TWLO,,Twilio Inc. Class A Common Stock,Technology,Computer Software: Prepackaged Software,28934168670.0,602541692.7066622,2016.0,United States
UAL,,United Airlines Holdings Inc. Common Stock,Consumer Discretionary,Air Freight/Delivery Services,37260719574.0,602363247.921208,,United States
ORLY,,O'Reilly Automotive Inc. Common Stock,Consumer Discretionary,Auto & Home Supply Stores,71998766064.0,600905423.4781901,1993.0,United States
TSEM,,Tower Semiconductor Ltd. Ordinary Shares,Technology,Semiconductors,28796310457.0,600039104.1525705,1994.0,Israel
MMM,,3M Company Common Stock,Health Care,Medical/Dental Instruments,79867594677.0,598798923.9227295,,United States
BX,,Blackstone Inc. Common Stock,Finance,Investment Managers,86894651025.0,593525938.6434282,2007.0,United States
DOCN,,DigitalOcean Holdings Inc. Common Stock,Technology,Computer Software: Programming Data Processing,16275594027.0,593351415.7003493,2021.0,United States
CRH,,CRH PLC Ordinary Shares,Industrials,Building Materials,72817436807.0,591419501.5102931,,Ireland
HIMS,,Hims & Hers Health Inc. Class A Common Stock,Health Care,Medical/Nursing Services,6052618724.0,585031368.6998912,2019.0,United States
LNG,,Cheniere Energy Inc. Common Stock,Utilities,Oil/Gas Transmission,47119833038.0,579159532.2941371,2001.0,United States
MARA,,MARA Holdings Inc. Common Stock,Technology,EDP Services,5482669833.0,578542353.9217222,,United States
CSX,,CSX Corporation Common Stock,Industrials,Railroads,84099364623.0,577884094.0727053,,United States
GM,,General Motors Company Common Stock,Industrials,Auto Manufacturing,75054610832.0,574257649.5711191,2010.0,United States
VRTX,,Vertex Pharmaceuticals Incorporated Common Stock,Health Care,Biotechnology: Pharmaceutical Preparations,113588076324.0,573387740.7537551,1991.0,United States
ZM,,Zoom Communications Inc. Class A Common Stock,Technology,Computer Software: Programming Data Processing,29789461027.0,570434502.0153954,2019.0,United States
B,,Barrick Mining Corporation Common Shares,Basic Materials,Precious Metals,71292880718.0,570111726.3185592,,Canada
DAL,,Delta Air Lines Inc. Common Stock,Consumer Discretionary,Air Freight/Delivery Services,54188893163.0,568849044.4735209,,United States
CMG,,Chipotle Mexican Grill Inc. Common Stock,Consumer Discretionary,Restaurants,40867905240.0,568383552.6460738,2006.0,United States
MTSI,,MACOM Technology Solutions Holdings Inc. Common Stock,Technology,Semiconductors,27820491031.0,565008526.891218,2012.0,United States
ABNB,,Airbnb Inc. Class A Common Stock,Consumer Discretionary,Diversified Commercial Services,80346593285.0,555473778.8330078,2020.0,United States
HUT,,Hut 8 Corp. Common Stock,Finance,Finance: Consumer Services,14055123001.0,555102864.1391573,,United States
ICE,,Intercontinental Exchange Inc. Common Stock,Finance,Investment Bankers/Brokers/Service,83611022386.0,550922975.0935146,2005.0,United States
MSI,,Motorola Solutions Inc. Common Stock,Technology,Radio And Television Broadcasting And Communications Equipment,66942698309.0,549616875.6921678,,United States
SO,,Southern Company (The) Common Stock,Utilities,Electric Utilities: Central,103861839891.0,545215440.5476525,,United States
ADSK,,Autodesk Inc. Common Stock,Technology,Computer Software: Prepackaged Software,48840008009.0,544177031.0174124,,United States
AMT,,American Tower Corporation (REIT) Common Stock,Real Estate,Real Estate Investment Trusts,87103368180.0,528953334.3130929,,United States
WMB,,Williams Companies Inc. (The) Common Stock,Utilities,Natural Gas Distribution,87309846138.0,526075106.9577172,,United States
GFS,,GlobalFoundries Inc. Ordinary Shares,Technology,Semiconductors,44496687962.0,521734324.76664954,2021.0,United States
JCI,,Johnson Controls International plc Ordinary Share,Industrials,Industrial Machinery/Components,81792097738.0,517551778.64154637,,Switzerland
AXON,,Axon Enterprise Inc. Common Stock,Industrials,Ordnance And Accessories,36167763991.0,514980353.1324114,2001.0,United States
HLT,,Hilton Worldwide Holdings Inc. Common Stock,Consumer Discretionary,Hotels/Resorts,74591265570.0,513282207.25344706,2016.0,United States
CB,,Chubb Limited  Common Stock,Finance,Property-Casualty Insurers,120907630843.0,513149238.42279345,,Switzerland
MTZ,,MasTec Inc. Common Stock,Industrials,Water Sewer Pipeline Comm & Power Line Construction,29898251034.0,512961378.25346446,,United States
SMTC,,Semtech Corporation Common Stock,Technology,Semiconductors,14209279167.0,505189178.4294492,,United States
AON,,Aon plc Class A Ordinary Shares (Ireland),Finance,Specialty Insurers,67503130501.0,503423030.41512626,,United States
CAH,,Cardinal Health Inc. Common Stock,Health Care,Other Pharmaceuticals,46091712264.0,502544464.37901086,,United States
CI,,The Cigna Group Common Stock,Health Care,Medical Specialities,73381288870.0,501680867.0341855,,United States
FIG,,Figma Inc. Class A Common Stock,Technology,Computer Software: Prepackaged Software,13473602612.0,501435039.8470924,2025.0,United States
BNY,,The Bank of New York Mellon Corporation Common Stock,Finance,Major Banks,95701830244.0,500025968.81183445,,United States
TDG,,Transdigm Group Incorporated Common Stock,Industrials,Military/Government/Technical,70382346161.0,497383109.9836077,2006.0,United States
BDX,,Becton Dickinson and Company Common Stock,Health Care,Medical/Dental Instruments,40537507620.0,497155946.95347375,,United States
EOG,,EOG Resources Inc. Common Stock,Energy,Oil & Gas Production,71041993331.0,494356129.39736503,,United States
MXL,,MaxLinear Inc. Common Stock,Technology,Semiconductors,8321505970.0,493817792.6768712,2010.0,United States
URI,,United Rentals Inc. Common Stock,Consumer Discretionary,Diversified Commercial Services,62375297408.0,489990902.4010068,1997.0,United States
MNST,,Monster Beverage Corporation,Consumer Staples,Beverages (Production/Distribution),86142954329.0,486515856.330145,,United States
WM,,Waste Management Inc. Common Stock,Utilities,Environmental Services,84917208518.0,485176476.2104579,,United States
HUBS,,HubSpot Inc. Common Stock,Technology,Computer Software: Prepackaged Software,11300169976.0,484949007.87484306,2014.0,United States
TTMI,,TTM Technologies Inc. Common Stock,Technology,Electrical Products,18040832249.0,478911007.6411656,2000.0,United States
DXCM,,DexCom Inc. Common Stock,Health Care,Medical/Dental Instruments,28454273324.0,478144500.79396564,2005.0,United States
CL,,Colgate-Palmolive Company Common Stock,Consumer Discretionary,Package Goods/Cosmetics,72121062510.0,474717722.48520625,,United States
MCO,,Moody's Corporation Common Stock,Finance,Finance: Consumer Services,79182775000.0,472561629.48099774,,United States
TTD,,The Trade Desk Inc. Class A Common Stock,Technology,Computer Software: Programming Data Processing,10135536263.0,472290255.5047353,2016.0,United States
MRSH,,Marsh Common Stock,Finance,Specialty Insurers,77072666325.0,471521022.2076416,,United States
FANG,,Diamondback Energy Inc. Common Stock,Energy,Oil & Gas Production,53865870110.0,470694321.4918591,2012.0,United States
RIVN,,Rivian Automotive Inc. Class A Common Stock,Industrials,Auto Manufacturing,20544810042.0,470010883.5918063,2021.0,United States
INSM,,Insmed Incorporated Common Stock,Health Care,Biotechnology: Pharmaceutical Preparations,23173004536.0,468581751.44348145,,United States
WBD,,Warner Bros. Discovery Inc. Series A Common Stock,Consumer Discretionary,Services-Misc. Amusement & Recreation,67717762321.0,466243423.20569354,,United States
XEL,,Xcel Energy Inc. Common Stock,Utilities,Power Generation,49629430020.0,465872226.2305487,,United States
HUM,,Humana Inc. Common Stock,Health Care,Medical Specialities,36669183330.0,465108460.71428573,,United States
JBL,,Jabil Inc. Common Stock,Technology,Electrical Products,38462035876.0,457991207.58696055,1993.0,United States
PINS,,Pinterest Inc. Class A Common Stock,Technology,Computer Software: Programming Data Processing,11231154406.0,457345205.35248345,2019.0,United States
SITM,,SiTime Corporation Common Stock,Technology,Semiconductors,18747027246.0,456659289.4624256,2019.0,United States
LYV,,Live Nation Entertainment Inc. Common Stock,Consumer Discretionary,Services-Misc. Amusement & Recreation,39668481217.0,456340679.17851037,,United States
USB,,U.S. Bancorp Common Stock,Finance,Major Banks,85143641013.0,455952743.18404424,,United States
PLD,,Prologis Inc. Common Stock,Real Estate,Real Estate Investment Trusts,133762532860.0,452999347.7204096,,United States
NOC,,Northrop Grumman Corporation Common Stock,Industrials,Industrial Machinery/Components,80061429752.0,452527572.3568871,,United States
NCLH,,Norwegian Cruise Line Holdings Ltd. Ordinary Shares,Consumer Discretionary,Marine Transportation,8420079968.0,452397967.7817617,,United States
CTSH,,Cognizant Technology Solutions Corporation Class A Common Stock,Technology,EDP Services,26420592244.0,451357723.2889266,1998.0,United States
HAL,,Halliburton Company Common Stock,Energy,Oilfield Services/Equipment,32455202005.0,450621059.3605586,,United States
MDLN,,Medline Inc. Class A Common Stock,Health Care,Medical/Dental Instruments,48028439276.0,449114041.38862973,2025.0,United States
PL,,Planet Labs PBC Class A Common Stock,Technology,Radio And Television Broadcasting And Communications Equipment,18225948043.0,448558693.1683313,2021.0,United States
MDLZ,,Mondelez International Inc. Class A Common Stock,Consumer Staples,Packaged Foods,78520856186.0,445323575.48599243,,United States
ENTG,,Entegris Inc. Common Stock,Industrials,Plastic Products,21165475000.0,445284948.6464001,2000.0,United States
XYZ,,Block Inc. Class A Common Stock,Technology,Computer Software: Prepackaged Software,45067105320.0,444649758.9211237,2015.0,United States
ECL,,Ecolab Inc. Common Stock,Consumer Discretionary,Package Goods/Cosmetics,72048000512.0,441308840.6460717,,United States
RIOT,,Riot Platforms Inc. Common Stock,Finance,Finance: Consumer Services,10242543152.0,439854719.56057775,,United States
PSX,,Phillips 66 Common Stock,Energy,Integrated oil Companies,70516451318.0,439245514.4300915,,United States
TSCO,,Tractor Supply Company Common Stock,Consumer Discretionary,RETAIL: Building Materials,16535896392.0,438496688.8313838,1994.0,United States
LHX,,L3Harris Technologies Inc. Common Stock,Industrials,Industrial Machinery/Components,58716442656.0,434732857.820638,,United States
FTI,,TechnipFMC plc Ordinary Share,Consumer Discretionary,Oil and Gas Field Machinery,27279183793.0,434471712.5892639,,
KMB,,Kimberly-Clark Corporation Common Stock,Consumer Discretionary,Containers/Packaging,32397378843.0,433129279.3155852,,United States
CPNG,,Coupang Inc. Class A Common Stock,Consumer Discretionary,Catalog/Specialty Distribution,29798065737.0,426938807.3998224,2021.0,United States
DG,,Dollar General Corporation Common Stock,Consumer Discretionary,Department/Specialty Retail Stores,24359233255.0,424561140.11234105,2009.0,United States
WAT,,Waters Corporation Common Stock,Industrials,Biotechnology: Laboratory Analytical Instruments,37661148402.0,422307468.2714553,1995.0,United States
MKSI,,MKS Inc. Common Stock,Industrials,Industrial Machinery/Components,21901859270.0,420479887.2526623,1999.0,United States
PATH,,UiPath Inc. Class A Common Stock,Technology,Computer Software: Prepackaged Software,6099596613.0,418971323.6492566,2021.0,United States
DUK,,Duke Energy Corporation (Holding Company) Common Stock,Utilities,Power Generation,95679843712.0,415093280.6201753,,United States
FICO,,Fair Isaac Corporation Common Stock,Consumer Discretionary,Business Services,29002315135.0,412517785.17601377,,United States
GD,,General Dynamics Corporation Common Stock,Industrials,Marine Transportation,93790597455.0,411230581.20567685,,United States
AEM,,Agnico Eagle Mines Limited Common Stock,Basic Materials,Precious Metals,91664627932.0,410296125.76199484,,Canada
TRV,,The Travelers Companies Inc. Common Stock,Finance,Property-Casualty Insurers,62068859440.0,408033118.99341404,,United States
SWKS,,Skyworks Solutions Inc. Common Stock,Technology,Semiconductors,11709104220.0,406588684.6756708,,United States
RSG,,Republic Services Inc. Common Stock,Utilities,Environmental Services,61668189598.0,405920447.0705305,1998.0,United States
NRG,,NRG Energy Inc. Common Stock,Utilities,Electric Utilities: Central,28289065898.0,405534305.90151834,,United States
FISV,,Fiserv Inc. Common Stock,Consumer Discretionary,Business Services,30160845448.0,405488666.34054637,1986.0,United States
CASY,,Casey's General Stores Inc. Common Stock,Consumer Discretionary,Retail-Auto Dealers and Gas Stations,28352750274.0,404119633.5463751,1983.0,United States
EA,,Electronic Arts Inc. Common Stock,Consumer Discretionary,Services-Misc. Amusement & Recreation,50581589352.0,403499089.1347976,,United States
NSC,,Norfolk Southern Corporation Common Stock,Industrials,Railroads,68492186545.0,402327999.66227216,,United States
ALB,,Albemarle Corporation Common Stock,Industrials,Major Chemicals,20806031129.0,401665772.82286143,,United States
EXC,,Exelon Corporation Common Stock,Utilities,Power Generation,46699219601.0,400531126.4196668,,United States
ODFL,,Old Dominion Freight Line Inc. Common Stock,Industrials,Trucking Freight/Courier Services,46824058917.0,398479507.69253683,1991.0,United States
LYB,,LyondellBasell Industries NV Ordinary Shares Class A (Netherlands),Industrials,Major Chemicals,21513605120.0,397836351.27752393,,Netherlands
AJG,,Arthur J. Gallagher & Co. Common Stock,Finance,Specialty Insurers,51665159000.0,396835506.2258039,,United States
MSCI,,MSCI Inc. Common Stock,Consumer Discretionary,Business Services,45964464000.0,394561396.0763114,,United States
MRNA,,Moderna Inc. Common Stock,Health Care,Biotechnology: Biological Products (No Diagnostic Substances),18724343562.0,389432671.8800136,2018.0,United States
ALL,,Allstate Corporation (The) Common Stock,Finance,Property-Casualty Insurers,53051879464.0,389423409.53841436,,United States
VIAV,,Viavi Solutions Inc. Common Stock,Technology,Semiconductors,11358566167.0,386984276.4894758,,United States
CORZ,,Core Scientific Inc. Common Stock,Finance,Finance: Consumer Services,8535220090.0,385404398.6901601,,United States
CF,,CF Industries Holdings Inc. Common Stock,Industrials,Agricultural Chemicals,17260248934.0,384050775.92842466,2005.0,United States
FLY,,Firefly Aerospace Inc. Common Stock,Industrials,Military/Government/Technical,7449335238.0,381965470.22327244,2025.0,United States
EQT,,EQT Corporation Common Stock,Energy,Oil & Gas Production,34357506540.0,381694314.41971916,,United States
RVMD,,Revolution Medicines Inc. Common Stock,Health Care,Biotechnology: Biological Products (No Diagnostic Substances),33479690836.0,380652444.9919928,2020.0,United States
CDE,,Coeur Mining Inc. Common Stock,Basic Materials,Precious Metals,19986747999.0,379467509.23664457,,United States
O,,Realty Income Corporation Common Stock,Real Estate,Real Estate Investment Trusts,57143142238.0,378614606.0530345,,United States
HSY,,The Hershey Company Common Stock,Consumer Staples,Specialty Foods,39357699469.0,377539813.72397286,,United States
OKE,,ONEOK Inc. Common Stock,Utilities,Oil & Gas Production,52884957597.0,375221011.7829096,,United States
ROK,,Rockwell Automation Inc. Common Stock,Industrials,Industrial Machinery/Components,50191229240.0,373416056.09697616,,United States
IDXX,,IDEXX Laboratories Inc. Common Stock,Health Care,Biotechnology: In Vitro & In Vivo Diagnostic Substances,44452935299.0,372010656.07096356,1991.0,United States
NVT,,nVent Electric plc Ordinary Shares,Industrials,Industrial Machinery/Components,27005698279.0,371195914.75110734,2018.0,United Kingdom
HUBB,,Hubbell Inc Common Stock,Technology,Electrical Products,25026394005.0,370883598.6131824,2015.0,United States
AFRM,,Affirm Holdings Inc. Class A Common Stock,Finance,Finance: Consumer Services,24665279312.0,369687933.6164565,2021.0,United States
GEHC,,GE HealthCare Technologies Inc. Common Stock,Health Care,Medical Electronics,28357953939.0,367250475.76611835,,United States
OKTA,,Okta Inc. Class A Common Stock,Technology,Computer Software: Prepackaged Software,21671001104.0,365433536.097354,2017.0,United States
NTRA,,Natera Inc. Common Stock,Health Care,Medical Specialities,31990019877.0,365075051.55385333,2015.0,United States
MOD,,Modine Manufacturing Company Common Stock,Consumer Discretionary,Auto Parts:O.E.M.,14730850594.0,364235923.8108317,,United States
KVUE,,Kenvue Inc. Common Stock,Consumer Discretionary,Specialty Chemicals,33177749783.0,363534196.7367263,2023.0,United States
PNC,,PNC Financial Services Group Inc. (The) Common Stock,Finance,Major Banks,88793971428.0,362209996.69320244,,United States
CBOE,,Cboe Global Markets Inc. Common Stock,Finance,Investment Bankers/Brokers/Service,37298262250.0,361946451.39494395,2010.0,
AEIS,,Advanced Energy Industries Inc. Common Stock,Technology,Industrial Machinery/Components,11492103932.0,360908497.9022798,1995.0,United States
CTAS,,Cintas Corporation Common Stock,Industrials,Garments and Clothing,68527442240.0,359841228.3426921,1983.0,United States
ARES,,Ares Management Corporation Class A Common Stock,Finance,Investment Managers,42385419941.0,357871021.26417613,2014.0,United States
STRC,,Strategy Inc Variable Rate Series A Perpetual Stretch Preferred Stock,Technology,Computer Software: Prepackaged Software,34690834849.0,354905017.3946199,,United States
ULTA,,Ulta Beauty Inc. Common Stock,Consumer Discretionary,Other Specialty Stores,22165717682.0,353781864.24676806,2007.0,United States
KHC,,The Kraft Heinz Company Common Stock,Consumer Staples,Packaged Foods,28470521088.0,353234319.3506241,,United States
CCJ,,Cameco Corporation Common Stock,Basic Materials,Other Metals and Minerals,49084566621.0,352988520.6073216,1996.0,Canada
CNQ,,Canadian Natural Resources Limited Common Stock,Energy,Oil & Gas Production,94640549640.0,352477604.91122293,,Canada
CLSK,,CleanSpark Inc. Common Stock,Finance,Finance: Consumer Services,4693371404.0,351875854.6780586,,United States
DXYZ,,Destiny Tech100 Inc. Common Stock,,,,350646222.50195456,2024.0,
CBRE,,CBRE Group Inc Common Stock Class A,Finance,Real Estate,36613785038.0,349948214.7254217,,United States
KMI,,Kinder Morgan Inc. Common Stock,Utilities,Natural Gas Distribution,69147584528.0,349371230.56334543,2011.0,United States
LSCC,,Lattice Semiconductor Corporation Common Stock,Technology,Semiconductors,20151115608.0,348925977.7630397,,United States
TOST,,Toast Inc. Class A Common Stock,Technology,EDP Services,15097400000.0,347527755.86822146,2021.0,United States
FTAI,,FTAI Aviation Ltd. Common Stock,Industrials,Misc Corporate Leasing Services,26706450930.0,347412049.22427225,,United States
FERG,,Ferguson Enterprises Inc. Common Stock,Miscellaneous,Miscellaneous,44187519903.0,346419413.80542576,2021.0,United Kingdom
JOBY,,Joby Aviation Inc. Common Stock,Industrials,Aerospace,11705349939.0,344666936.7546172,2020.0,United States
NXT,,Nextpower Inc. Class A Common Stock,Industrials,Industrial Machinery/Components,23502927421.0,344131475.81794375,2023.0,United States
VIK,,Viking Holdings Ltd Ordinary Shares,Consumer Discretionary,Marine Transportation,41061352052.0,342253918.2508559,2024.0,United States
DHI,,D.R. Horton Inc. Common Stock,Consumer Discretionary,Homebuilding,41711725276.0,342044132.3223296,,United States
AZN,,AstraZeneca PLC Ordinary Shares,Health Care,Biotechnology: Pharmaceutical Preparations,575846544194.0,341177294.6341378,2026.0,United Kingdom
CELH,,Celsius Holdings Inc. Common Stock,Consumer Staples,Beverages (Production/Distribution),8505154777.0,341116627.8430757,,United States
TFC,,Truist Financial Corporation Common Stock,Finance,Major Banks,60063839848.0,340845721.54326665,,United States
HBAN,,Huntington Bancshares Incorporated Common Stock,Finance,Major Banks,33163856403.0,339284638.7722515,,United States
NUE,,Nucor Corporation Common Stock,Industrials,Steel/Iron Ore,56935237500.0,337731035.63297814,,United States
SRE,,DBA Sempra Common Stock,Utilities,Natural Gas Distribution,58264940651.0,337555941.85540336,,United States
ONTO,,Onto Innovation Inc. Common Stock,Industrials,Industrial Machinery/Components,12845778742.0,337522868.65495956,,United States
ADM,,Archer-Daniels-Midland Company Common Stock,Consumer Staples,Packaged Foods,38450491724.0,337453698.79346573,,United States
GIS,,General Mills Inc. Common Stock,Consumer Staples,Packaged Foods,18043761981.0,337237629.81609166,,United States
QUBT,,Quantum Computing Inc. Common Stock,Technology,Computer Software: Prepackaged Software,2697398445.0,336935642.9021608,,United States
RKT,,Rocket Companies Inc. Class A Common Stock,Finance,Finance: Consumer Services,41055025266.0,336577947.62857074,2020.0,United States
AIG,,American International Group Inc. New Common Stock,Finance,Life Insurance,39357207785.0,335409355.8965047,,United States
RMD,,ResMed Inc. Common Stock,Health Care,Medical/Dental Instruments,27643395099.0,333860627.99857,,United States
IQV,,IQVIA Holdings Inc. Common Stock,Health Care,Biotechnology: Commercial Physical & Biological Resarch,30410849000.0,333728745.0509208,2013.0,United States
KNX,,Knight-Swift Transportation Holdings Inc.,Industrials,Trucking Freight/Courier Services,12289421220.0,333400499.5012374,2017.0,United States
MLM,,Martin Marietta Materials Inc. Common Stock,Industrials,Mining & Quarrying of Nonmetallic Minerals (No Fuels),35047420821.0,332343134.89263624,1994.0,United States
TEM,,Tempus AI Inc. Class A Common Stock,Technology,Computer Software: Programming Data Processing,9062633790.0,331659426.0858808,2024.0,United States
PLUG,,Plug Power Inc. Common Stock,Energy,Industrial Machinery/Components,5510522874.0,331537570.2979292,1999.0,United States
FIS,,Fidelity National Information Services Inc. Common Stock,Consumer Discretionary,Business Services,22220634701.0,331195869.9123201,,United States
CLX,,Clorox Company (The) Common Stock,Consumer Discretionary,Specialty Chemicals,10885340017.0,331030801.5494574,,United States
EL,,Estee Lauder Companies Inc. (The) Common Stock,Consumer Discretionary,Package Goods/Cosmetics,32181657689.0,329272570.9059216,1995.0,United States
W,,Wayfair Inc. Class A Common Stock,Consumer Discretionary,Catalog/Specialty Distribution,9538067018.0,328875682.8047071,2014.0,United States
PRIM,,Primoris Services Corporation Common Stock,Industrials,Water Sewer Pipeline Comm & Power Line Construction,6824185724.0,328566279.8645383,,United States
EME,,EMCOR Group Inc. Common Stock,Industrials,Engineering & Construction,36744110656.0,326992813.3085705,,United States
P,,Everpure Inc. Class A common stock,Technology,Electronic Components,26409453544.0,326756358.2190377,2015.0,United States
VRSK,,Verisk Analytics Inc. Common Stock,Industrials,Diversified Commercial Services,22927511782.0,325183667.76479083,2009.0,United States
DKNG,,DraftKings Inc. Class A Common Stock,Consumer Discretionary,Services-Misc. Amusement & Recreation,12150194728.0,324622346.04795545,2019.0,United States
LPLA,,LPL Financial Holdings Inc. Common Stock,Finance,Investment Bankers/Brokers/Service,21896907856.0,322298752.5056385,2010.0,United States
AME,,AMETEK Inc.,Industrials,Industrial Machinery/Components,51765498002.0,321861235.28304327,,United States
CNC,,Centene Corporation Common Stock,Health Care,Medical Specialities,29430301200.0,321002296.56955177,,United States
TE,,T1 Energy Inc. Common Stock,Miscellaneous,Industrial Machinery/Components,2949105773.0,319697653.3953757,2021.0,Luxembourg
SN,,SharkNinja Inc. Ordinary Shares,Consumer Discretionary,Consumer Electronics/Appliances,17249918996.0,319141988.3450463,2023.0,United States
CCI,,Crown Castle Inc. Common Stock,Real Estate,Real Estate Investment Trusts,39935356445.0,318096528.20558095,,United States
ALNY,,Alnylam Pharmaceuticals Inc. Common Stock,Health Care,Biotechnology: Pharmaceutical Preparations,40318126795.0,315641802.2715251,2004.0,United States
CPRT,,Copart Inc. (DE) Common Stock,Consumer Discretionary,Retail-Auto Dealers and Gas Stations,31567615875.0,313661479.716964,1994.0,United States
PCG,,Pacific Gas & Electric Co. Common Stock,Utilities,Power Generation,43790682316.0,312830486.66449046,,United States
U,,Unity Software Inc. Common Stock,Technology,Computer Software: Prepackaged Software,13301221359.0,312143259.45739746,2020.0,United States
VMC,,Vulcan Materials Company (Holding Company) Common Stock,Industrials,Mining & Quarrying of Nonmetallic Minerals (No Fuels),36710252064.0,311501329.63983446,,United States
A,,Agilent Technologies Inc. Common Stock,Industrials,Biotechnology: Laboratory Analytical Instruments,38301092023.0,310269121.96869624,1999.0,United States
IT,,Gartner Inc. Common Stock,Consumer Discretionary,Other Consumer Services,10859596396.0,309898452.86945164,1993.0,United States
FLUT,,Flutter Entertainment plc Ordinary Shares,Technology,Computer Software: Programming Data Processing,16989064436.0,309777803.17074,2024.0,Ireland
Q,,Qnity Electronics Inc. Common Stock,Technology,Semiconductors,32656916292.0,306280796.8610491,2025.0,United States
CTVA,,Corteva Inc. Common Stock,Consumer Staples,Farming/Seeds/Milling,52355229600.0,306248667.91316444,2019.0,United States
ZBRA,,Zebra Technologies Corporation Class A Common Stock,Industrials,Industrial Machinery/Components,11604923293.0,304308610.0488572,1991.0,United States
BLD,,TopBuild Corp. Common Stock,Consumer Discretionary,Engineering & Construction,11748789374.0,302872791.76752,2015.0,United States
FAST,,Fastenal Company Common Stock,Consumer Discretionary,RETAIL: Building Materials,50743149696.0,302739641.76052636,1987.0,United States
THC,,Tenet Healthcare Corporation Common Stock,Health Care,Hospital/Nursing Management,15101538840.0,302692790.69351923,,United States
OMC,,Omnicom Group Inc. Common Stock,Consumer Discretionary,Advertising,20722800511.0,301731780.09131294,,United States
BURL,,Burlington Stores Inc. Common Stock,Consumer Discretionary,Department/Specialty Retail Stores,20346326658.0,300287454.89443827,2013.0,United States
STT,,State Street Corporation Common Stock,Finance,Major Banks,43076021016.0,298268748.63106865,,United States
ET,,Energy Transfer LP Common Units,Utilities,Natural Gas Distribution,65967023340.0,298182427.33431315,,United States
PAAS,,Pan American Silver Corp. Common Stock,Basic Materials,Precious Metals,24016957407.0,298088197.8048597,,Canada
RF,,Regions Financial Corporation Common Stock,Finance,Major Banks,23894627064.0,296885956.42204285,,United States
PAYX,,Paychex Inc. Common Stock,Industrials,Diversified Commercial Services,34747049639.0,296085402.7424767,1983.0,United States
ED,,Consolidated Edison Inc. Common Stock,Utilities,Power Generation,38927792739.0,295837036.1962818,,United States
FRVO,,Fervo Energy Company Class A common stock,Utilities,Electric Utilities: Central,10395395128.0,295491403.451093,2026.0,United States
FITB,,Fifth Third Bancorp Common Stock,Finance,Major Banks,45252135592.0,294913187.7791087,,United States
BBY,,Best Buy Co. Inc. Common Stock,Consumer Discretionary,Consumer Electronics/Video Chains,16423689827.0,294887030.7627723,,United States
UMC,,United Microelectronics Corporation (NEW) Common Stock,Technology,Semiconductors,55841061546.0,294591698.79795253,,Taiwan
RMBS,,Rambus Inc. Common Stock,Technology,Semiconductors,15729603220.0,294339730.1640465,1997.0,United States
FORM,,FormFactor Inc. FormFactor Inc. Common Stock,Technology,Semiconductors,9712385043.0,293561927.5118873,2003.0,United States
FLNC,,Fluence Energy Inc. Class A Common Stock,Miscellaneous,Industrial Machinery/Components,3479211819.0,292542925.8472261,2021.0,United States
ATI,,ATI Inc. Common Stock,Industrials,Steel/Iron Ore,23904159993.0,292317585.2608817,,United States
STZ,,Constellation Brands Inc. Common Stock,Consumer Staples,Beverages (Production/Distribution),23904591189.0,292125226.10037667,,United States
OTIS,,Otis Worldwide Corporation Common Stock,Technology,Consumer Electronics/Appliances,27182446824.0,289744885.0920904,2020.0,United States
YUM,,Yum! Brands Inc.,Consumer Discretionary,Restaurants,40778156836.0,289273216.42419726,,United States
KTOS,,Kratos Defense & Security Solutions Inc. Common Stock,Industrials,Military/Government/Technical,12025656574.0,288007158.3429064,,United States
AFL,,AFLAC Incorporated Common Stock,Finance,Accident &Health Insurance,57220082908.0,287507268.0916196,,United States
AG,,First Majestic Silver Corp. Ordinary Shares (Canada),Basic Materials,Precious Metals,10408662493.0,287450884.9762871,,Canada
TLN,,Talen Energy Corporation Common Stock,Utilities,Electric Utilities: Central,17558788708.0,287184805.5302211,,United States
SYF,,Synchrony Financial Common Stock,Finance,Finance: Consumer Services,24030290088.0,286465756.12851095,2014.0,United States
CAVA,,CAVA Group Inc. Common Stock,Consumer Discretionary,Restaurants,9045359657.0,285621365.5181158,2023.0,United States
DKS,,Dick's Sporting Goods Inc Common Stock,Consumer Discretionary,Other Specialty Stores,20355886401.0,284188554.4789632,2002.0,United States
SEDG,,SolarEdge Technologies Inc. Common Stock,Technology,Semiconductors,4643469723.0,284109959.2799777,2015.0,Israel
ATO,,Atmos Energy Corporation Common Stock,Utilities,Oil/Gas Transmission,28231149495.0,282663073.76854306,,United States
AA,,Alcoa Corporation Common Stock,Industrials,Aluminum,20488409895.0,282278958.67035276,2016.0,United States
INFQ,,Infleqtion Inc. Common Stock,Technology,EDP Services,3539153572.0,282036602.1415847,2026.0,
PODD,,Insulet Corporation Common Stock,Health Care,Medical/Dental Instruments,10039221850.0,281886239.3921625,2007.0,United States
FE,,FirstEnergy Corp. Common Stock,Utilities,Electric Utilities: Central,26833422208.0,281863800.6214142,,United States
INOD,,Innodata Inc. Common Stock,Technology,EDP Services,3428159483.0,280854566.832497,1993.0,United States
NDAQ,,Nasdaq Inc. Common Stock,Finance,Investment Bankers/Brokers/Service,52323834631.0,279595668.29249066,,United States
RL,,Ralph Lauren Corporation Common Stock,Industrials,Garments and Clothing,21657998309.0,278783514.72356886,1997.0,United States
MET,,MetLife Inc. Common Stock,Finance,Life Insurance,53205787256.0,278601560.7889085,2000.0,United States
ENB,,Enbridge Inc Common Stock,Energy,Natural Gas Distribution,119530148991.0,278145898.647926,,Canada
FFIV,,F5 Inc. Common Stock,Telecommunications,Computer Communications Equipment,21633960262.0,278136486.2156459,1999.0,United States
QXO,,QXO Inc. Common Stock,Consumer Discretionary,RETAIL: Building Materials,12509148518.0,276952919.4860322,,United States
TKO,,TKO Group Holdings Inc. Class A Common Stock,Consumer Discretionary,Services-Misc. Amusement & Recreation,39215291772.0,275848062.52245224,2023.0,United States
EXE,,Expand Energy Corporation Common Stock,Energy,Oil & Gas Production,22243498380.0,275057780.53196496,,United States
SOUN,,SoundHound AI Inc Class A Common Stock,Technology,Computer Software: Prepackaged Software,3894926715.0,274991936.3577979,,United States
HL,,Hecla Mining Company Common Stock,Industrials,Mining & Quarrying of Nonmetallic Minerals (No Fuels),11918559401.0,270553197.55263555,,United States
LUV,,Southwest Airlines Company Common Stock,Consumer Discretionary,Air Freight/Delivery Services,20992830973.0,269805007.5929006,,United States
HEI,,Heico Corporation Common Stock,Industrials,Aerospace,48577516164.0,269135705.6726365,2000.0,United States
CYTK,,Cytokinetics Incorporated Common Stock,Health Care,Biotechnology: Pharmaceutical Preparations,9551443689.0,268640667.17035204,2004.0,United States
RIO,,Rio Tinto Plc Common Stock,Basic Materials,Metal Mining,133626937306.0,268529098.2856387,2002.0,Australia
ONON,,On Holding AG Class A Ordinary Shares,Consumer Discretionary,Shoe Manufacturing,26047855647.0,268363294.0234956,2021.0,
SYY,,Sysco Corporation Common Stock,Consumer Discretionary,Food Distributors,36251023512.0,266931610.13706753,,United States
RACE,,Ferrari N.V. Common Shares,Industrials,Auto Manufacturing,79594948803.0,262999771.97469077,2015.0,Italy
ILMN,,Illumina Inc. Common Stock,Health Care,Medical Specialities,24655848000.0,262936013.08695474,2000.0,United States
PSA,,Public Storage Common Stock,Real Estate,Real Estate Investment Trusts,53311488210.0,262476644.4379534,,United States
MTD,,Mettler-Toledo International Inc. Common Stock,Industrials,Biotechnology: Laboratory Analytical Instruments,23856689589.0,262180045.06777808,1997.0,Switzerland
EFX,,Equifax Inc. Common Stock,Finance,Finance: Consumer Services,19741014688.0,261714565.8950079,,United States
CVE,,Cenovus Energy Inc Common Stock,Energy,Oil & Gas Production,51693750000.0,259321232.55964008,,Canada
CRS,,Carpenter Technology Corporation Common Stock,Industrials,Steel/Iron Ore,23301558316.0,258147548.68992397,,United States
GH,,Guardant Health Inc. Common Stock,Health Care,Medical Specialities,17196884792.0,257289351.16123018,2018.0,United States
DT,,Dynatrace Inc. Common Stock,Technology,Computer Software: Prepackaged Software,12413951468.0,256665695.5822536,2019.0,United States
STLD,,Steel Dynamics Inc.,Industrials,Steel/Iron Ore,37516954977.0,256209366.59204394,1996.0,United States
VG,,Venture Global Inc. Class A common stock,Utilities,Oil/Gas Transmission,29911670681.0,256172630.79374403,2025.0,United States
WAB,,Westinghouse Air Brake Technologies Corporation Common Stock,Industrials,Railroads,44312935681.0,255838109.6780686,,United States
TYL,,Tyler Technologies Inc. Common Stock,Technology,Computer Software: Prepackaged Software,13204738533.0,255729311.82628813,,United States
DY,,Dycom Industries Inc. Common Stock,Industrials,Water Sewer Pipeline Comm & Power Line Construction,15309485490.0,255541369.01230586,,United States
PEG,,Public Service Enterprise Group Incorporated Common Stock,Utilities,Power Generation,39192978267.0,254389565.64374653,,United States
GDDY,,GoDaddy Inc. Class A Common Stock,Technology,EDP Services,11364737168.0,251676832.38111225,2015.0,United States
WST,,West Pharmaceutical Services Inc. Common Stock,Health Care,Medical/Dental Instruments,22805750142.0,251168276.73150927,,United States
VSH,,Vishay Intertechnology Inc. Common Stock,Technology,Electrical Products,7084308295.0,250839427.68210456,,United States
ACGL,,Arch Capital Group Ltd. Common Stock,Finance,Property-Casualty Insurers,31214465792.0,250491022.8717259,,Bermuda
BROS,,Dutch Bros Inc. Class A Common Stock,Consumer Discretionary,Restaurants,10129598674.0,248551925.61876208,2021.0,United States
BTI,,British American Tobacco  Industries p.l.c. Common Stock ADR,Health Care,Medicinal Chemicals and Botanical Products,134816207122.0,248077647.25122,1998.0,United Kingdom
WCN,,Waste Connections Inc. Common Shares,Utilities,Environmental Services,38033633673.0,246902875.83138603,,Canada
OVV,,Ovintiv Inc. (DE),Energy,Oil & Gas Production,15842508000.0,246446696.94199336,,Canada
JBHT,,J.B. Hunt Transport Services Inc. Common Stock,Industrials,Trucking Freight/Courier Services,26067128685.0,246395140.20618257,,United States
CFG,,Citizens Financial Group Inc. Common Stock,Finance,Major Banks,26328629709.0,246153772.43410745,2014.0,United States
DTE,,DTE Energy Company Common Stock,Utilities,Electric Utilities: Central,29721005078.0,246146340.72243828,,United States
RRX,,Regal Rexnord Corporation Common Stock,Consumer Discretionary,Metal Fabrications,13431077048.0,245933661.40332904,1976.0,United States
AVAV,,AeroVironment Inc. Common Stock,Industrials,Aerospace,10348320709.0,244865871.6365269,2007.0,United States
SGI,,Somnigroup International Inc. Common Stock,Consumer Discretionary,Home Furnishings,14894219585.0,244711546.33431208,,United States
MRAM,,Everspin Technologies Inc. Common Stock,Technology,Semiconductors,618547081.0,243510745.26452565,2016.0,United States
EOSE,,Eos Energy Enterprises Inc. Class A Common Stock,Miscellaneous,Industrial Machinery/Components,2862103248.0,243107738.8305755,,United States
LVS,,Las Vegas Sands Corp. Common Stock,Consumer Discretionary,Hotels/Resorts,33509569525.0,242742808.16597712,2004.0,United States
DECK,,Deckers Outdoor Corporation Common Stock,Consumer Discretionary,Shoe Manufacturing,15811596954.0,242376912.76197886,1993.0,United States
VRSN,,VeriSign Inc. Common Stock,Technology,EDP Services,25969580000.0,242159372.99804688,1998.0,United States
BN,,Brookfield Corporation Class A Limited Voting Shares,Real Estate,Building operators,111729677227.0,241813925.39169675,1925.0,Canada
JKHY,,Jack Henry & Associates Inc. Common Stock,Technology,EDP Services,9685642330.0,240638902.4089995,1985.0,United States
VICI,,VICI Properties Inc. Common Stock,Real Estate,Real Estate Investment Trusts,30168031877.0,240057088.50866047,2018.0,United States
WEC,,WEC Energy Group Inc. Common Stock,Utilities,Power Generation,36171836542.0,239849290.22016978,,United States
WSM,,Williams-Sonoma Inc. Common Stock (DE),Consumer Discretionary,Home Furnishings,23969677601.0,239695905.12753442,,United States
RIG,,Transocean Ltd (Switzerland) Common Stock,Energy,Oil & Gas Production,8071819925.0,238338318.30599874,,Switzerland
SCCO,,Southern Copper Corporation Common Stock,Basic Materials,Metal Mining,158026242343.0,238235079.76013547,,United States
USFD,,US Foods Holding Corp. Common Stock,Consumer Discretionary,Food Distributors,18025142544.0,237109100.07985434,2016.0,United States
APTV,,Aptiv PLC Ordinary Shares,Consumer Discretionary,Auto Parts:O.E.M.,14377498604.0,236951171.46691823,,United Kingdom
ASTC,,Astrotech Corporation (DE) Common Stock,Industrials,Biotechnology: Laboratory Analytical Instruments,87595859.0,234802947.37116155,,United States
FCEL,,FuelCell Energy Inc. Common Stock,Energy,Industrial Machinery/Components,1147500578.0,231850408.4617978,,United States
PTC,,PTC Inc. Common Stock,Technology,Computer Software: Prepackaged Software,16024118385.0,231280223.68774414,,United States
ELF,,e.l.f. Beauty Inc. Common Stock,Consumer Discretionary,Package Goods/Cosmetics,3328669456.0,230963688.69630724,2016.0,United States
GTLS,,Chart Industries Inc. Common Stock,Industrials,Metal Fabrications,9948151374.0,228694716.9275193,2006.0,United States
TXRH,,Texas Roadhouse Inc. Common Stock,Consumer Discretionary,Restaurants,11872083061.0,228160385.2465675,2004.0,United States
HIG,,The Hartford Insurance Group Inc. Common Stock,Finance,Property-Casualty Insurers,34850251147.0,227990524.2910476,,United States
NI,,NiSource Inc Common Stock,Utilities,Power Generation,22055977350.0,227517251.33717856,,United States
WCC,,WESCO International Inc. Common Stock,Consumer Discretionary,Telecommunications Equipment,17590745844.0,227357140.69591704,1999.0,United States
KEY,,KeyCorp Common Stock,Finance,Major Banks,23126533925.0,226709900.51699138,,United States
BB,,BlackBerry Limited Common Stock,Technology,Computer Software: Prepackaged Software,5274552663.0,226367633.94520396,,Canada
FSLY,,Fastly Inc. Class A Common Stock,Technology,Computer Software: Prepackaged Software,2780222500.0,225836673.2928594,,United States
GME,,GameStop Corporation Common Stock,Consumer Discretionary,Electronics Distribution,9503280188.0,225774687.48168945,2002.0,United States
RPRX,,Royalty Pharma plc Class A Ordinary Shares,Health Care,Biotechnology: Pharmaceutical Preparations,32108403695.0,225276662.82372248,2020.0,United States
XYL,,Xylem Inc. Common Stock New,Industrials,Fluid Controls,26036945223.0,224963262.76270548,2011.0,United States
LII,,Lennox International Inc. Common Stock,Industrials,Industrial Machinery/Components,17475151931.0,223819316.25642323,1999.0,United States
BJ,,BJ's Wholesale Club Holdings Inc. Common Stock,Consumer Discretionary,Department/Specialty Retail Stores,10889610260.0,222376489.59851947,2018.0,United States
LEN,,Lennar Corporation Class A Common Stock,Consumer Discretionary,Homebuilding,22112661015.0,221800568.98534864,,United States
WBS,,Webster Financial Corporation Common Stock,Finance,Major Banks,11782566935.0,221429226.87799364,,United States
LYFT,,Lyft Inc. Class A Common Stock,Consumer Discretionary,Business Services,5357320527.0,221057120.5298787,2019.0,United States
FIVE,,Five Below Inc. Common Stock,Consumer Discretionary,Department/Specialty Retail Stores,12571855057.0,220147057.39637104,2012.0,United States
VTRS,,Viatris Inc. Common Stock,Health Care,Biotechnology: Pharmaceutical Preparations,18935626154.0,219550107.5818198,,United States
KGC,,Kinross Gold Corporation Common Stock,Basic Materials,Precious Metals,36037938000.0,219425742.69725254,2001.0,Canada
DOC,,Healthpeak Properties Inc. Common Stock,Real Estate,Real Estate Investment Trusts,13202387293.0,219342105.1561628,,United States
SANM,,Sanmina Corporation Common Stock,Technology,Electrical Products,13920939712.0,219328196.77647182,1993.0,United States
BIIB,,Biogen Inc. Common Stock,Health Care,Biotechnology: Biological Products (No Diagnostic Substances),28936874932.0,219025948.54329428,,United States
EQH,,Equitable Holdings Inc. Common Stock,Finance,Specialty Insurers,11640826777.0,218785939.51833814,2018.0,United States
CRBG,,Corebridge Financial Inc. Common Stock,Finance,Life Insurance,12331794267.0,218459338.76021248,2022.0,United States
GNRC,,Generac Holdlings Inc. Common Stock,Consumer Discretionary,Metal Fabrications,16360195137.0,217688948.18732852,2010.0,United States
FLS,,Flowserve Corporation Common Stock,Industrials,Fluid Controls,9650708156.0,215935691.11030215,,United States
PHM,,PulteGroup Inc. Common Stock,Consumer Discretionary,Homebuilding,22511677198.0,215856234.7706386,,United States
SHAK,,Shake Shack Inc. Class A Common Stock,Consumer Discretionary,Restaurants,2751279616.0,214664194.75700742,2015.0,United States
JAZZ,,Jazz Pharmaceuticals plc Common Stock (Ireland),Health Care,Biotechnology: Pharmaceutical Preparations,14838049502.0,214113156.83085123,2007.0,Ireland
AEE,,Ameren Corporation Common Stock,Utilities,Power Generation,29880871980.0,210862596.32386708,,United States
IRM,,Iron Mountain Incorporated (Delaware)Common Stock REIT,Real Estate,Real Estate Investment Trusts,38157540338.0,209843932.54565284,,United States
HDB,,HDFC Bank Limited Common Stock,Finance,Commercial Banks,121706670336.0,208743222.2058069,2001.0,India
SFM,,Sprouts Farmers Market Inc. Common Stock,Consumer Staples,Food Chains,7769940149.0,208507677.2210984,2013.0,United States
DD,,DuPont de Nemours Inc. Common Stock,Industrials,Major Chemicals,19848389637.0,208368084.9938892,2017.0,United States
RBRK,,Rubrik Inc. Class A Common Stock,Technology,Computer Software: Prepackaged Software,16182827405.0,208122305.4215204,2024.0,United States
BG,,Bunge Limited Common Shares,Consumer Staples,Packaged Foods,23922433580.0,207982258.6618696,,United States
GEN,,Gen Digital Inc. Common Stock,Technology,Computer Software: Prepackaged Software,15536769095.0,207311625.26004428,,United States
QS,,QuantumScape Corporation Class A Common Stock,Miscellaneous,Industrial Machinery/Components,5524002782.0,206967619.5250602,,United States
BWXT,,BWX Technologies Inc. Common Stock,Industrials,Industrial Machinery/Components,17945477446.0,206830469.9698312,,United States
BRO,,Brown & Brown Inc. Common Stock,Finance,Specialty Insurers,19065816056.0,206520052.45893568,,United States
DUOL,,Duolingo Inc. Class A Common Stock,Technology,Computer Software: Prepackaged Software,5188609509.0,206095578.38588896,2021.0,United States
AVB,,AvalonBay Communities Inc. Common Stock,Real Estate,Real Estate Investment Trusts,25389343713.0,205952917.8011213,,United States
VLTO,,Veralto Corp Common Stock,Industrials,Electrical Products,20195627643.0,205939376.0417393,2023.0,United States
MGM,,MGM Resorts International Common Stock,Consumer Discretionary,Hotels/Resorts,11173023432.0,205705265.2789343,,United States
BBAI,,BigBear.ai Inc. Common Stock,Technology,Computer Software: Prepackaged Software,2413905228.0,205550709.4192573,2021.0,United States
WING,,Wingstop Inc. Common Stock,Consumer Discretionary,Restaurants,4274421519.0,203835592.50114077,2015.0,United States
NTNX,,Nutanix Inc. Class A Common Stock,Technology,Computer Software: Prepackaged Software,13809593891.0,203833460.60282388,2016.0,United States
CHD,,Church & Dwight Company Inc. Common Stock,Consumer Discretionary,Package Goods/Cosmetics,22658916659.0,203046530.85047403,,United States
DVA,,DaVita Inc. Common Stock,Health Care,Misc Health and Biotechnology Services,12477912000.0,202831416.49722144,,United States
RJF,,Raymond James Financial Inc. Common Stock,Finance,Investment Bankers/Brokers/Service,27948175906.0,202442425.35037085,,United States
AXSM,,Axsome Therapeutics Inc. Common Stock,Health Care,Biotechnology: Pharmaceutical Preparations,12066285932.0,200988376.77575976,2015.0,United States
NVMI,,Nova Ltd. Ordinary Shares,Technology,Electronic Components,15965540325.0,200698994.65273902,2000.0,Israel
MTB,,M&T Bank Corporation Common Stock,Finance,Major Banks,31648241917.0,200598915.15989757,,United States
TECK,,Teck Resources Ltd Ordinary Shares,Industrials,Mining & Quarrying of Nonmetallic Minerals (No Fuels),32388153633.0,199857466.73473176,,Canada
TSN,,Tyson Foods Inc. Common Stock,Consumer Staples,Meat/Poultry/Fish,21486936110.0,199433982.5935909,,United States
MOS,,Mosaic Company (The) Common Stock,Industrials,Agricultural Chemicals,7596534792.0,199005342.32206798,,United States
PLNT,,Planet Fitness Inc. Common Stock,Consumer Discretionary,Hotels/Resorts,4250982997.0,198231216.3317181,2015.0,United States
EIX,,Edison International Common Stock,Utilities,Electric Utilities: Central,26912488234.0,198072696.10512143,,United States
OUST,,Ouster Inc. Common Stock,Industrials,Industrial Machinery/Components,2922383241.0,198037664.3705277,,United States
DRI,,Darden Restaurants Inc. Common Stock,Consumer Discretionary,Restaurants,23354832462.0,197963413.10577393,,United States
ROIV,,Roivant Sciences Ltd. Common Shares,Health Care,Biotechnology: Pharmaceutical Preparations,21570918846.0,197849375.0756854,,United Kingdom
TRI,,Thomson Reuters Corporation Common Shares,Consumer Discretionary,Publishing,37736134431.0,197561690.364329,,United States
RY,,Royal Bank Of Canada Common Stock,Finance,Commercial Banks,264906619834.0,197513573.4512329,,Canada
ETSY,,Etsy Inc. Common Stock,Consumer Discretionary,Business Services,6445352010.0,197211151.25441778,2025.0,United States
LNT,,Alliant Energy Corporation Common Stock,Utilities,Power Generation,18495218620.0,197134203.16165742,,United States
CMS,,CMS Energy Corporation Common Stock,Utilities,Power Generation,22418295517.0,197027312.27144513,,United States
ZBH,,Zimmer Biomet Holdings Inc. Common Stock,Health Care,Industrial Specialties,15927766143.0,196730210.05917504,,United States
HII,,Huntington Ingalls Industries Inc. Common Stock,Industrials,Marine Transportation,12143139617.0,196437603.12776113,,United States
CPAY,,Corpay Inc. Common Stock,Consumer Discretionary,Business Services,23647942294.0,195555305.97388858,,United States
LDOS,,Leidos Holdings Inc. Common Stock,Technology,EDP Services,16075382555.0,195182527.0531064,,United States
CAG,,ConAgra Brands Inc. Common Stock,Consumer Staples,Packaged Foods,6353645432.0,194733105.48717862,,United States
FDS,,FactSet Research Systems Inc. Common Stock,Technology,Computer Software: Programming Data Processing,8942748745.0,194554243.83988154,2000.0,United States
GRMN,,Garmin Ltd. Common Stock (Switzerland),Industrials,Industrial Machinery/Components,45112923708.0,194391767.46448335,2000.0,Switzerland
AGX,,Argan Inc. Common Stock,Consumer Discretionary,Engineering & Construction,9311909364.0,193921036.57953173,,United States
FOXA,,Fox Corporation Class A Common Stock,Industrials,Broadcasting,26858309255.0,193528914.25737652,,United States
FTV,,Fortive Corporation Common Stock,Industrials,Industrial Machinery/Components,17779494745.0,193293868.45997402,2016.0,United States
EPAM,,EPAM Systems Inc. Common Stock,Technology,EDP Services,5352966449.0,192888687.53574917,2012.0,United States
NBIX,,Neurocrine Biosciences Inc. Common Stock,Health Care,Biotechnology: Biological Products (No Diagnostic Substances),15917062309.0,192753139.25199962,1996.0,United States
HAS,,Hasbro Inc. Common Stock,Consumer Discretionary,Recreational Games/Products/Toys,12192252930.0,192752966.72494072,,United States
J,,Jacobs Solutions Inc. Common Stock,Industrials,Military/Government/Technical,14153174157.0,192156590.44825235,2022.0,United States
SOLS,,Solstice Advanced Materials Inc. Common Stock,Industrials,Aerospace,13376083915.0,191915262.72622973,,United States
UHS,,Universal Health Services Inc. Common Stock,Health Care,Hospital/Nursing Management,8844966245.0,191491059.3606858,,United States
TDY,,Teledyne Technologies Incorporated Common Stock,Industrials,Industrial Machinery/Components,28716189607.0,191209235.74480328,,United States
RXT,,Rackspace Technology Inc. Common Stock,Technology,Computer Software: Programming Data Processing,1288480320.0,191182882.21534887,2020.0,United States
CLH,,Clean Harbors Inc. Common Stock,Industrials,Environmental Services,14851320373.0,191004970.04496256,,United States
GRAB,,Grab Holdings Limited Class A Ordinary Shares,Consumer Discretionary,Business Services,14515705512.0,190927648.67509547,,Singapore
FWONK,,Liberty Media Corporation Series C Liberty Formula One Common Stock,Industrials,Broadcasting,22752492229.0,190669373.9049639,,United States
CART,,Maplebear Inc. Common Stock,Consumer Discretionary,Business Services,9354186597.0,190579382.47491747,2023.0,United States
FROG,,JFrog Ltd. Ordinary Shares,Technology,Computer Software: Prepackaged Software,9626595664.0,189603924.71809387,2020.0,United States
NVS,,Novartis AG Common Stock,Health Care,Biotechnology: Pharmaceutical Preparations,286547137635.0,187595139.68229747,,Switzerland
MAS,,Masco Corporation Common Stock,Industrials,Industrial Specialties,14171844199.0,187513642.63134912,,United States
AAON,,AAON Inc. Common Stock,Industrials,Industrial Machinery/Components,11484021742.0,187079351.66393462,,United States
ZETA,,Zeta Global Holdings Corp. Class A Common Stock,Technology,Computer Software: Prepackaged Software,5705506945.0,186832550.4141853,2021.0,United States
IBN,,ICICI Bank Limited Common Stock,Finance,Commercial Banks,93582600700.0,186220200.92085883,,India
CLF,,Cleveland-Cliffs Inc. Common Stock,Basic Materials,Metal Mining,7757639335.0,185967893.00601596,,United States
LFUS,,Littelfuse Inc. Common Stock,Energy,Electrical Products,11806630610.0,185857626.13685244,,United States
STE,,STERIS plc (Ireland) Ordinary Shares,Health Care,Industrial Specialties,20863500068.0,185091582.8448341,,United States
ES,,Eversource Energy (D/B/A) Common Stock,Utilities,Electric Utilities: Central,25674983307.0,184258037.3185294,,United States
SUNB,,Sunbelt Rentals Holdings Inc. Common Stock,Consumer Discretionary,Diversified Commercial Services,32258049624.0,183780163.81280082,2026.0,
ACM,,AECOM Common Stock,Consumer Discretionary,Military/Government/Technical,8915634960.0,183371015.89377266,2007.0,United States
MUSA,,Murphy USA Inc. Common Stock,Consumer Discretionary,Retail-Auto Dealers and Gas Stations,9346720731.0,183315340.99673316,2013.0,United States
SEI,,Solaris Energy Infrastructure Inc. Class A Common Stock,Consumer Discretionary,Oil and Gas Field Machinery,5114109915.0,183096220.7984561,2017.0,United States
HST,,Host Hotels & Resorts Inc. Common Stock,Real Estate,Real Estate Investment Trusts,15738525877.0,182734197.34697795,,United States
BBIO,,BridgeBio Pharma Inc. Common Stock,Health Care,Biotechnology: Pharmaceutical Preparations,12967592335.0,182695200.57583764,2019.0,United States
ALC,,Alcon Inc. Ordinary Shares,Health Care,Ophthalmic Goods,33125113000.0,182683312.49366033,2019.0,Switzerland
MKC,,McCormick & Company Incorporated Common Stock,Consumer Staples,Packaged Foods,12729501829.0,182133095.62726703,,United States
CGNX,,Cognex Corporation Common Stock,Industrials,Industrial Machinery/Components,10958720848.0,181853550.21562123,1989.0,United States
GWRE,,Guidewire Software Inc. Common Stock,Technology,Computer Software: Prepackaged Software,12924655945.0,181418833.8502793,2012.0,United States
DOV,,Dover Corporation Common Stock,Industrials,Industrial Machinery/Components,28462036463.0,180850102.818371,,United States
EVRG,,Evergy Inc. Common Stock,Utilities,Power Generation,18911288571.0,180820821.5132577,,United States
SJM,,The J.M. Smucker Company Common Stock,Consumer Staples,Packaged Foods,11006106521.0,180461964.16208178,,United States
LH,,Labcorp Holdings Inc. Common Stock,Health Care,Medical Specialities,21324920000.0,179921556.60451254,,United States
PFGC,,Performance Food Group Company Common Stock,Consumer Discretionary,Food Distributors,15424652470.0,179050775.18081665,2015.0,United States
DINO,,HF Sinclair Corporation Common Stock,Energy,Natural Gas Distribution,12599450292.0,178937935.87195987,1960.0,United States
ROL,,Rollins Inc. Common Stock,Consumer Discretionary,Diversified Commercial Services,22917670359.0,178678428.82112774,,United States
MOH,,Molina Healthcare Inc Common Stock,Health Care,Medical Specialities,9044560000.0,177908246.98232016,2003.0,United States
OPEN,,Opendoor Technologies Inc Common Stock,Finance,Real Estate,4862272625.0,177887115.21171615,,United States
RCAT,,Red Cat Holdings Inc. Common Stock,Technology,Computer Software: Prepackaged Software,1779764235.0,177724041.76511765,,United States
BALL,,Ball Corporation Common Stock,Industrials,Containers/Packaging,14555696756.0,177045131.37337822,,United States
TD,,Toronto Dominion Bank (The) Common Stock,Finance,Commercial Banks,189545674941.0,175815813.88015747,,Canada
MNDY,,monday.com Ltd. Ordinary Shares,Technology,Computer Software: Prepackaged Software,3885233635.0,175758746.73381987,2021.0,Israel
AS,,Amer Sports Inc. Ordinary Shares,Consumer Discretionary,Apparel,19841805629.0,174696868.1343442,2024.0,
Z,,Zillow Group Inc. Class C Capital Stock,Consumer Discretionary,Business Services,8008063350.0,173890319.3505242,,United States
NTRS,,Northern Trust Corporation Common Stock,Finance,Major Banks,30616068836.0,173533076.1148362,,United States
ARMK,,Aramark Common Stock,Consumer Discretionary,Restaurants,14036461246.0,172713656.76838103,2013.0,United States
TIGO,,Millicom International Cellular S.A. Common Stock,Telecommunications,Telecommunications Equipment,14301285163.0,172577317.49194917,,Luxembourg
KRMN,,Karman Holdings Inc. Common Stock,Industrials,Military/Government/Technical,7620262193.0,172491166.7793819,2025.0,United States
KGS,,Kodiak Gas Services Inc. Common Stock,Utilities,Natural Gas Distribution,5932485928.0,172455676.1669704,2023.0,United States
SAIA,,Saia Inc. Common Stock,Industrials,Trucking Freight/Courier Services,12598681357.0,172065308.07727632,,United States
ELAN,,Elanco Animal Health Incorporated Common Stock,Health Care,Biotechnology: Pharmaceutical Preparations,11911872555.0,172038200.87080455,2018.0,United States
SBAC,,SBA Communications Corporation Class A Common Stock,Real Estate,Real Estate Investment Trusts,21547762534.0,172013512.1614002,1999.0,United States
ALGN,,Align Technology Inc. Common Stock,Health Care,Industrial Specialties,12529591319.0,171588278.56191,2001.0,United States
PENG,,Penguin Solutions Inc. Common Stock,Technology,Semiconductors,2833233372.0,171443647.50101906,2017.0,United States
FNV,,Franco-Nevada Corporation,Basic Materials,Precious Metals,44502030000.0,171297757.87651426,,Canada
POOL,,Pool Corporation Common Stock,Consumer Discretionary,Industrial Specialties,6610760744.0,171181230.9699649,1995.0,United States
SSNC,,SS&C Technologies Holdings Inc. Common Stock,Technology,Computer Software: Prepackaged Software,16261114313.0,171053774.17613438,2010.0,United States
TECH,,Bio-Techne Corp Common Stock,Health Care,Biotechnology: Biological Products (No Diagnostic Substances),8091473052.0,170176834.57990375,,United States
BTSG,,BrightSpring Health Services Inc. Common Stock,Health Care,Medical/Nursing Services,11960886789.0,170127700.70037842,2024.0,United States
SOLV,,Solventum Corporation Common Stock,Health Care,Medical/Dental Instruments,12979444664.0,169889320.55257162,2024.0,United States
IFF,,International Flavors & Fragrances Inc. Common Stock,Industrials,Major Chemicals,19415829122.0,169415525.26626587,,United States
KEEL,,Keel Infrastructure Corp. Common Stock,Finance,Finance: Consumer Services,3424194458.0,169038726.55243647,,Canada
AMRZ,,Amrize Ltd Ordinary Shares,Industrials,Building Materials,30106856164.0,168929430.69970268,2025.0,Switzerland
FND,,Floor & Decor Holdings Inc. Common Stock,Consumer Discretionary,RETAIL: Building Materials,5556039310.0,168759491.25086465,2017.0,United States
UMAC,,Unusual Machines Inc. Common Stock,Technology,Radio And Television Broadcasting And Communications Equipment,1518890873.0,167263387.6899038,2024.0,United States
RGLD,,Royal Gold Inc. Common Stock,Industrials,Precious Metals,19050854817.0,167106915.86383638,,United States
AES,,The AES Corporation Common Stock,Utilities,Electric Utilities: Central,10462023650.0,165752262.2390611,,United States
CG,,The Carlyle Group Inc. Common Stock,Finance,Investment Managers,16353638219.0,165722001.75677708,2012.0,United States
CRL,,Charles River Laboratories International Inc. Common Stock,Health Care,Biotechnology: Commercial Physical & Biological Resarch,8704390488.0,165576986.5483602,2000.0,United States
GMED,,Globus Medical Inc. Class A Common Stock,Health Care,Medical/Dental Instruments,11114769977.0,165337982.5551351,2012.0,United States
CELC,,Celcuity Inc. Common Stock,Health Care,Medical Specialities,6480064349.0,165148772.5064959,2017.0,United States
MASI,,Masimo Corporation Common Stock,Health Care,Biotechnology: Electromedical & Electrotherapeutic Apparatus,9344678438.0,165028318.56275287,2007.0,United States
CACI,,CACI International Inc. Class A Common Stock,Technology,EDP Services,11344106031.0,163736853.31595284,,United States
INVH,,Invitation Homes Inc. Common Stock,Finance,Real Estate,17375727213.0,162881159.121804,2017.0,United States
S,,SentinelOne Inc. Class A Common Stock,Technology,Computer Software: Prepackaged Software,5651528722.0,162782839.09400758,2021.0,United States
TRMB,,Trimble Inc. Common Stock,Industrials,Industrial Machinery/Components,13149820787.0,162768560.4507083,1990.0,United States
RVTY,,Revvity Inc. Common Stock,Industrials,Biotechnology: Laboratory Analytical Instruments,11663574267.0,162586249.37656948,,United States
SNX,,TD SYNNEX Corporation Common Stock,Technology,Retail: Computer Software & Peripheral Equipment,21004584779.0,161420079.29433188,2003.0,United States
BNS,,Bank Nova Scotia Halifax Pfd 3 Ordinary Shares,Finance,Major Banks,98660307377.0,161417389.1603379,,Canada
VSAT,,ViaSat Inc. Common Stock,Technology,Radio And Television Broadcasting And Communications Equipment,10950727549.0,161336931.99357533,1996.0,United States
RGEN,,Repligen Corporation Common Stock,Health Care,Biotechnology: Biological Products (No Diagnostic Substances),6991739373.0,160696150.91055006,1986.0,United States
EAT,,Brinker International Inc. Common Stock,Consumer Discretionary,Restaurants,6106363540.0,160660888.60277447,,United States
NYT,,New York Times Company (The) Common Stock,Consumer Discretionary,Newspapers/Magazines,12173693592.0,156713388.35383824,,United States
PKG,,Packaging Corporation of America Common Stock,Consumer Discretionary,Containers/Packaging,19504584815.0,156485314.95695567,2000.0,United States
JHX,,James Hardie Industries plc. Ordinary Shares,Industrials,Building Materials,13509723399.0,156461528.51586115,2025.0,Ireland
H,,Hyatt Hotels Corporation Class A Common Stock,Consumer Discretionary,Hotels/Resorts,17077308642.0,156004096.13102505,2009.0,United States
BAM,,Brookfield Asset Management Inc Class A Limited Voting Shares,Consumer Discretionary,Other Consumer Services,79616557082.0,155929860.22560483,2022.0,
WYNN,,Wynn Resorts Limited Common stock,Consumer Discretionary,Hotels/Resorts,10505292709.0,154844373.06318736,2002.0,United States
VFC,,V.F. Corporation Common Stock,Industrials,Garments and Clothing,6730603532.0,154817042.77226585,,United States
IOT,,Samsara Inc. Class A Common Stock,Technology,EDP Services,20389025769.0,154316726.8350238,2021.0,United States
AGNC,,AGNC Investment Corp. Common Stock,Real Estate,Real Estate Investment Trusts,11949943722.0,153868396.49905705,2008.0,United States
MDGL,,Madrigal Pharmaceuticals Inc. Common Stock,Health Care,Biotechnology: Pharmaceutical Preparations,11464887551.0,153523293.52489653,2007.0,United States
UPST,,Upstart Holdings Inc. Common stock,Finance,Finance: Consumer Services,3234093917.0,152905545.0879324,2020.0,United States
GKOS,,Glaukos Corporation Common Stock,Health Care,Medical/Dental Instruments,6070149702.0,152751851.56373525,2015.0,United States
TOL,,Toll Brothers Inc. Common Stock,Consumer Discretionary,Homebuilding,13120707780.0,152737133.81260464,,United States
DGX,,Quest Diagnostics Incorporated Common Stock,Health Care,Medical Specialities,21574734012.0,152364276.53764996,,United States
BUD,,Anheuser-Busch Inbev SA Sponsored ADR (Belgium),Consumer Staples,Beverages (Production/Distribution),143758027520.0,152207424.94219825,,Belgium
CNH,,CNH Industrial N.V. Common Shares,Industrials,Construction/Ag Equipment/Trucks,12659894983.0,151604669.81152126,2013.0,United Kingdom
DAVE,,Dave Inc. Class A Common Stock,Finance,Finance: Consumer Services,3620545262.0,151541680.8444795,,United States
COO,,The Cooper Companies Inc. Common Stock,Health Care,Ophthalmic Goods,11942952302.0,151541308.7968554,,United States
WSO,,Watsco Inc. Common Stock,Consumer Discretionary,Industrial Machinery/Components,14925380731.0,150876989.8944673,,United States
RBC,,RBC Bearings Incorporated Common Stock,Industrials,Metal Fabrications,18094159934.0,150342844.71609932,2022.0,United States
HRL,,Hormel Foods Corporation Common Stock,Consumer Staples,Meat/Poultry/Fish,12783102129.0,150312163.39589074,,United States
IESC,,IES Holdings Inc. Common Stock,Industrials,Engineering & Construction,13515368746.0,150155699.6146066,,United States
LOGI,,Logitech International S.A. Ordinary Shares,Technology,Computer peripheral equipment,17492681744.0,149472471.27990723,1997.0,United States
MT,,Arcelor Mittal NY Registry Shares NEW,Industrials,Steel/Iron Ore,52829743097.0,149460363.78918603,,Luxembourg
IEX,,IDEX Corporation Common Stock,Industrials,Fluid Controls,15604593413.0,149258170.33887592,1989.0,United States
OC,,Owens Corning Inc Common Stock New,Industrials,Industrial Machinery/Components,10132073097.0,149210990.0290353,,United States
MKL,,Markel Group Inc. Common Stock,Finance,Property-Casualty Insurers,22719766739.0,148869734.7377232,1986.0,United States
STLA,,Stellantis N.V. Common Shares,Industrials,Auto Manufacturing,23121915904.0,148700812.49843553,2014.0,United Kingdom
HBM,,Hudbay Minerals Inc. Ordinary Shares (Canada),Basic Materials,Metal Mining,11582849820.0,148699658.33744776,,Canada
TDIC,,Dreamland Limited Class A Ordinary Shares,Consumer Discretionary,Other Consumer Services,10926069.0,148127614.80486548,2025.0,Hong Kong
HSBC,,HSBC Holdings plc. Common Stock,Finance,Savings Institutions,322001396895.0,147858860.76994395,,United Kingdom
LGN,,Legence Corp. Class A Common stock,Consumer Discretionary,Engineering & Construction,9047096426.0,147698507.6242356,2025.0,United States
ITT,,ITT Inc. Common Stock,Industrials,Fluid Controls,17433000000.0,147250729.33894566,2011.0,United States
LUMN,,Lumen Technologies Inc. Common Stock,Telecommunications,Telecommunications Equipment,11323118659.0,147028237.9463014,,United States
CRML,,Critical Metals Corp. Ordinary Shares,Basic Materials,Metal Mining,1645154034.0,146720722.3803702,,British Virgin Islands
DGXX,,Digi Power X Inc. Subordinate Voting Shares,Finance,Finance: Consumer Services,545196177.0,146293063.01232067,,Canada
WIX,,Wix.com Ltd. Ordinary Shares,Technology,Computer Software: Programming Data Processing,3085960215.0,145263611.06251308,2013.0,Israel
KVYO,,Klaviyo Inc. Series A Common Stock,Technology,Computer Software: Prepackaged Software,4740592238.0,144949153.39097977,2023.0,United States
MYRG,,MYR Group Inc. Common Stock,Industrials,Water Sewer Pipeline Comm & Power Line Construction,7241466002.0,144271905.67554292,2008.0,United States
ASND,,Ascendis Pharma A/S Ordinary Share,Health Care,Biotechnology: Pharmaceutical Preparations,13889756907.0,142664355.91372535,2015.0,Denmark
BIO,,Bio-Rad Laboratories Inc. Class A Common Stock,Industrials,Biotechnology: Laboratory Analytical Instruments,8362464143.0,142326973.1278919,1980.0,United States
CNI,,Canadian National Railway Company Common Stock,Industrials,Railroads,72044627002.0,141921496.3774545,,Canada
NLY,,Annaly Capital Management Inc. Common Stock,Real Estate,Real Estate Investment Trusts,16004703426.0,141779394.60575467,,United States
WRB,,W.R. Berkley Corporation Common Stock,Finance,Property-Casualty Insurers,23654463551.0,141711239.46198964,,United States
GLXY,,Galaxy Digital Inc. Class A Common Stock,Finance,Investment Bankers/Brokers/Service,11554253561.0,141557553.40834117,,United States
EXEL,,Exelixis Inc. Common Stock,Health Care,Biotechnology: Biological Products (No Diagnostic Substances),12688404590.0,141057828.02932376,2000.0,United States
BAH,,Booz Allen Hamilton Holding Corporation Common Stock,Consumer Discretionary,Professional Services,9481498573.0,140969216.2093753,2010.0,United States
XE,,X-Energy Inc. Class A Common Stock,Industrials,Metal Fabrications,10636141118.0,140433379.0686017,2026.0,United States
GTLB,,GitLab Inc. Class A Common Stock,Technology,Computer Software: Prepackaged Software,5274701529.0,139638264.84245118,2021.0,United States
TMDX,,TransMedics Group Inc. Common Stock,Health Care,Biotechnology: Electromedical & Electrotherapeutic Apparatus,2322493219.0,139224279.13440523,2019.0,United States
RELY,,Remitly Global Inc. Common Stock,Consumer Discretionary,Business Services,4215432802.0,139146161.11239478,2021.0,United States
MTCH,,Match Group Inc. Common Stock,Technology,Computer Software: Programming Data Processing,8427919584.0,139055998.37217784,,United States
BAX,,Baxter International Inc. Common Stock,Health Care,Medical/Dental Instruments,9699287970.0,139005396.61795297,,United States
PEN,,Penumbra Inc. Common Stock,Health Care,Medical/Dental Instruments,12519192578.0,138966205.1355271,2015.0,United States
PAYC,,Paycom Software Inc. Common Stock,Technology,Computer Software: Prepackaged Software,6652684622.0,137659095.8859035,2014.0,United States
BRK/A,,Berkshire Hathaway Inc.,,,1045644326600.0,136973790.47619048,,United States
LWLG,,Lightwave Logic Inc. Common Stock,Industrials,Containers/Packaging,1673304804.0,136672206.18159884,,United States
BEN,,Franklin Resources Inc. Common Stock,Finance,Investment Managers,16119144765.0,136554763.7209847,,United States
UAMY,,United States Antimony Corporation Common Stock,Industrials,Metal Fabrications,1330706886.0,136029928.5740966,,United States
MNTS,,Momentus Inc. Class A Common Stock,Industrials,Military/Government/Technical,177726268.0,135485600.19237655,2019.0,United States
ALLE,,Allegion plc Ordinary Shares,Consumer Discretionary,Diversified Commercial Services,11177677440.0,135405848.5981896,2013.0,United States
OLLI,,Ollie's Bargain Outlet Holdings Inc. Common Stock,Consumer Discretionary,Department/Specialty Retail Stores,4951781429.0,135405706.2948681,2015.0,United States
HSIC,,Henry Schein Inc. Common Stock,Health Care,Medical Specialities,8723745251.0,135172707.3919024,1995.0,United States
JHG,,Janus Henderson Group plc Ordinary Shares,Finance,Investment Managers,7967249690.0,135073621.24918982,2017.0,United Kingdom
BCS,,Barclays PLC Common Stock,Finance,Commercial Banks,85279110073.0,135001877.06655774,,United Kingdom
CSL,,Carlisle Companies Incorporated Common Stock,Industrials,Specialty Chemicals,13952762856.0,134714055.6846982,,United States
ORA,,Ormat Technologies Inc. Common Stock,Utilities,Electric Utilities: Central,8433023927.0,134671676.35160175,2004.0,United States
MIRM,,Mirum Pharmaceuticals Inc. Common Stock,Health Care,Biotechnology: Pharmaceutical Preparations,6189594541.0,134605272.6136707,2019.0,United States
WY,,Weyerhaeuser Company Common Stock,Real Estate,Real Estate Investment Trusts,17672763930.0,133849666.4488293,,United States
ALK,,Alaska Air Group Inc. Common Stock,Consumer Discretionary,Air Freight/Delivery Services,5127961568.0,133541338.48579043,,United States
SM,,SM Energy Company Common Stock,Energy,Oil & Gas Production,7362682608.0,133504107.29202089,,United States
SYNA,,Synaptics Incorporated Common Stock $0.001 Par Value,Technology,Semiconductors,5304181397.0,133486568.09172857,2002.0,United States
PBF,,PBF Energy Inc. Class A Common Stock,Energy,Integrated oil Companies,4815154729.0,133409473.90016828,2012.0,United States
ALLY,,Ally Financial Inc. Common Stock,Finance,Major Banks,13122252284.0,132818989.34660412,2014.0,United States
ESI,,Element Solutions Inc. Common Stock,Industrials,Major Chemicals,10336253411.0,132448345.3973316,2014.0,United States
ALGM,,Allegro MicroSystems Inc. Common Stock,Technology,Semiconductors,8914466575.0,131884104.14049058,2020.0,United States
BMO,,Bank Of Montreal Common Stock,Finance,Commercial Banks,114204075105.0,131486360.67926316,,Canada
CROX,,Crocs Inc. Common Stock,Consumer Discretionary,Shoe Manufacturing,5896670528.0,131461030.03401983,2006.0,United States
BMRN,,BioMarin Pharmaceutical Inc. Common Stock,Health Care,Biotechnology: Pharmaceutical Preparations,11073265453.0,131368596.00188845,1999.0,United States
BOOT,,Boot Barn Holdings Inc. Common Stock,Consumer Discretionary,Clothing/Shoe/Accessory Stores,5155125239.0,131256688.58054025,2014.0,United States
EQX,,Equinox Gold Corp. Common Shares,Basic Materials,Precious Metals,10684497054.0,131157599.05205227,,Canada
SYM,,Symbotic Inc. Class A Common Stock,Industrials,Industrial Machinery/Components,27980663886.0,130601567.8831918,2021.0,United States
SPXC,,SPX Technologies Inc. Common Stock,Industrials,Industrial Machinery/Components,10871298988.0,129255361.66454497,,United States
INCY,,Incyte Corp. Common Stock,Health Care,Biotechnology: Commercial Physical & Biological Resarch,19324564542.0,129065100.2264477,,United States
TXT,,Textron Inc. Common Stock,Industrials,Aerospace,15956052897.0,128927028.01339285,,United States
IONS,,Ionis Pharmaceuticals Inc. Common Stock,Health Care,Biotechnology: Pharmaceutical Preparations,12642585534.0,128910815.01486643,,United States
MPLX,,MPLX LP Common Units Representing Limited Partner Interests,Energy,Natural Gas Distribution,55455197743.0,128775612.84223284,2012.0,United States
PRAX,,Praxis Precision Medicines Inc. Common Stock,Health Care,Biotechnology: Pharmaceutical Preparations,9756734537.0,128551683.7990897,2020.0,United States
ALSN,,Allison Transmission Holdings Inc. Common Stock,Consumer Discretionary,Auto Parts:O.E.M.,9415721923.0,128492175.42172387,2012.0,United States
ESS,,Essex Property Trust Inc. Common Stock,Real Estate,Real Estate Investment Trusts,17520627786.0,127733570.47773089,1994.0,United States
AGI,,Alamos Gold Inc. Class A Common Shares,Basic Materials,Precious Metals,17134588769.0,127625073.58561924,2015.0,Canada
COKE,,Coca-Cola Consolidated Inc. Common Stock,Consumer Staples,Beverages (Production/Distribution),11532929578.0,127111683.54005359,1972.0,United States
QRVO,,Qorvo Inc. Common Stock,Technology,Semiconductors,9114695976.0,126988781.29882812,,United States
SNA,,Snap-On Incorporated Common Stock,Consumer Discretionary,Industrial Machinery/Components,19229389238.0,126529253.03984143,,United States
UEC,,Uranium Energy Corp. Common Stock,Basic Materials,Other Metals and Minerals,6750340182.0,126250235.82665579,,Canada
NWSA,,News Corporation Class A Common Stock,Consumer Discretionary,Newspapers/Magazines,14288360436.0,125558826.95267995,,United States
SIRI,,SiriusXM Holdings Inc. Common Stock,Consumer Discretionary,Broadcasting,9937020511.0,125121348.68693578,,United States
HALO,,Halozyme Therapeutics Inc. Common Stock,Health Care,Biotechnology: Biological Products (No Diagnostic Substances),7892509020.0,124931444.61324783,,United States
HLI,,Houlihan Lokey Inc. Class A Common Stock,Finance,Investment Managers,9782952762.0,124898037.40227109,2015.0,United States
BFAM,,Bright Horizons Family Solutions Inc. Common Stock,Consumer Discretionary,Other Consumer Services,3294229989.0,124833849.39141047,2013.0,United States
IVZ,,Invesco Ltd Common Stock,Finance,Investment Managers,12616222061.0,123849751.50502522,,United States
CE,,Celanese Corporation Common Stock,Industrials,Major Chemicals,5826370697.0,123554523.80563645,2005.0,United States
OSK,,Oshkosh Corporation (Holding Company)Common Stock,Industrials,Auto Manufacturing,8105670170.0,123421504.20681182,,United States
ESTC,,Elastic N.V. Ordinary Shares,Technology,Computer Software: Prepackaged Software,6696515218.0,122876596.3608333,2018.0,United States
JLL,,Jones Lang LaSalle Incorporated Common Stock,Finance,Real Estate,13097370158.0,122111316.77173433,,United States
BTG,,B2Gold Corp Common shares (Canada),Basic Materials,Precious Metals,6348924043.0,121857852.15702966,,Canada
EG,,Everest Group Ltd. Common Stock,Finance,Property-Casualty Insurers,12822386196.0,121672823.26994397,,Bermuda
RUN,,Sunrun Inc. Common Stock,Miscellaneous,Industrial Machinery/Components,3988544079.0,120756209.70847265,2015.0,United States
LTH,,Life Time Group Holdings Inc. Common Stock,Consumer Discretionary,Hotels/Resorts,7363698573.0,120284610.45992716,2021.0,United States
NDSN,,Nordson Corporation Common Stock,Industrials,Industrial Machinery/Components,16009437999.0,120035202.58847192,,United States
REG,,Regency Centers Corporation Common Stock,Real Estate,Real Estate Investment Trusts,14162536707.0,119581103.24209304,1993.0,United States
WMS,,Advanced Drainage Systems Inc. Common Stock,Consumer Discretionary,Containers/Packaging,10659058725.0,119342523.95826067,2014.0,United States
ALHC,,Alignment Healthcare Inc. Common Stock,Health Care,Medical Specialities,3167162168.0,119289648.5146568,2021.0,United States
MAA,,Mid-America Apartment Communities Inc. Common Stock,Real Estate,Real Estate Investment Trusts,15021786394.0,118010866.12636021,1994.0,United States
BIRK,,Birkenstock Holding plc Ordinary Shares,Consumer Discretionary,Shoe Manufacturing,8288645944.0,117990112.29374295,2023.0,
ANF,,Abercrombie & Fitch Company Common Stock,Consumer Discretionary,Clothing/Shoe/Accessory Stores,3454708901.0,117884882.74874006,,United States
FCNCA,,First Citizens BancShares Inc. Class A Common Stock,Finance,Major Banks,23063987617.0,117258156.23895554,,United States
RAL,,Ralliant Corporation Common Stock,Industrials,Industrial Machinery/Components,6925303867.0,117216811.31922404,2025.0,United States
RBA,,RB Global Inc. Common Stock,Consumer Discretionary,Business Services,19772494690.0,117154901.75301687,,Canada
WLK,,Westlake Corporation Common Stock,Industrials,Major Chemicals,11124915228.0,117062271.82573591,2004.0,United States
DOCS,,Doximity Inc. Class A Common Stock,Technology,EDP Services,3913461806.0,117009976.7834073,2021.0,United States
AIZ,,Assurant Inc. Common Stock,Finance,Property-Casualty Insurers,12330920420.0,117003285.52878244,2004.0,United States
GGG,,Graco Inc. Common Stock,Industrials,Fluid Controls,12522298955.0,116933258.42543103,,United States
TTE,,TotalEnergies SE Ordinary Shares,Energy,Oil & Gas Production,190520172725.0,116797892.38092332,,France
RS,,Reliance Inc. Common Stock,Industrials,Metal Fabrications,19437745722.0,116669587.20020112,1994.0,United States
AMH,,American Homes 4 Rent Common Shares of Beneficial Interest,Real Estate,Real Estate Investment Trusts,11567906591.0,116532645.02278283,2013.0,United States
ST,,Sensata Technologies Holding plc Ordinary Shares,Industrials,Industrial Machinery/Components,7182888752.0,116226614.90307763,2010.0,Netherlands
FRT,,Federal Realty Investment Trust Common Stock,Real Estate,Real Estate Investment Trusts,10334739637.0,115901029.67623755,,United States
JBS,,JBS N.V. Class A Common Shares,Consumer Staples,Meat/Poultry/Fish,13353834482.0,115814644.3673361,2025.0,
CCK,,Crown Holdings Inc.,Industrials,Containers/Packaging,10624868344.0,115411259.09521921,,United States
DBX,,Dropbox Inc. Class A Common Stock,Technology,Computer Software: Prepackaged Software,6271121445.0,115357490.19719079,2018.0,United States
EMBJ,,Embraer S.A. Common Stock,Industrials,Aerospace,10434936146.0,115176486.37993222,,Brazil
CM,,Canadian Imperial Bank of Commerce Common Stock,Finance,Commercial Banks,100098897933.0,114475229.97204009,,Canada
VSCO,,Victorias Secret & Co. Common Stock,Consumer Discretionary,Clothing/Shoe/Accessory Stores,4368411740.0,114350994.70438276,2021.0,United States
PFG,,Principal Financial Group Inc Common Stock,Finance,Accident &Health Insurance,22383203230.0,114034465.50743467,2001.0,United States
AMBA,,Ambarella Inc. Ordinary Shares,Technology,Semiconductors,3165921915.0,113900429.23453195,2012.0,United States
SITE,,SiteOne Landscape Supply Inc. Common Stock,Consumer Discretionary,Professional and commerical equipment,4811873669.0,113791064.98413086,2016.0,United States
WFRD,,Weatherford International plc Ordinary Shares,Consumer Discretionary,Oil and Gas Field Machinery,7454341408.0,113540057.80479795,,United States
SNY,,Sanofi ADS,Health Care,Biotechnology: Pharmaceutical Preparations,106504762565.0,113487057.79146467,,France
AVT,,Avnet Inc. Common Stock,Technology,Electronic Components,7130353361.0,113428570.95543997,,United States
IBRX,,ImmunityBio Inc. Common Stock,Health Care,Biotechnology: Biological Products (No Diagnostic Substances),7876101907.0,113376263.31098193,2015.0,United States
KALV,,KalVista Pharmaceuticals Inc. Common Stock,Health Care,Biotechnology: Pharmaceutical Preparations,1430582661.0,113293632.7602659,2015.0,United Kingdom
RH,,RH Common Stock,Consumer Discretionary,Other Specialty Stores,2806575189.0,113240008.60904512,2012.0,United States
FBIN,,Fortune Brands Innovations Inc. Common Stock,Basic Materials,Forest Products,4645285658.0,112844224.51569693,,United States
GVA,,Granite Construction Incorporated Common Stock,Industrials,Military/Government/Technical,5986298291.0,112827310.677156,,United States
M,,Macy's Inc Common Stock,Consumer Discretionary,Department/Specialty Retail Stores,5739450218.0,112237285.68136124,,United States
TVTX,,Travere Therapeutics Inc. Common Stock,Health Care,Biotechnology: Pharmaceutical Preparations,4387405258.0,111526160.93526568,,United States
BILL,,BILL Holdings Inc. Common Stock,Technology,EDP Services,3687070834.0,111391488.84691511,2019.0,United States
CHRD,,Chord Energy Corporation Common Stock,Energy,Oil & Gas Production,7424173262.0,110826166.65700276,,United States
KMX,,CarMax Inc,Consumer Discretionary,Retail-Auto Dealers and Gas Stations,6331983997.0,110726749.64852107,,United States
LNTH,,Lantheus Holdings Inc. Common Stock,Health Care,Biotechnology: In Vitro & In Vivo Diagnostic Substances,6465033943.0,110541321.5099153,2015.0,United States
TTEK,,Tetra Tech Inc. Common Stock,Consumer Discretionary,Military/Government/Technical,7134333976.0,110462562.97226861,1991.0,United States
ECG,,Everus Construction Group Inc. Common Stock,Consumer Discretionary,Homebuilding,7593459725.0,109913163.17981538,2024.0,United States
G,,Genpact Limited Common Stock,Consumer Discretionary,Professional Services,5585239505.0,109735731.80837177,2007.0,Bermuda
AVY,,Avery Dennison Corporation Common Stock,Consumer Discretionary,Containers/Packaging,12167325542.0,109478148.23325022,,United States
DTM,,DT Midstream Inc. Common Stock,Utilities,Natural Gas Distribution,14279936238.0,109325178.46541631,2021.0,United States
SUI,,Sun Communities Inc. Common Stock,Real Estate,Real Estate Investment Trusts,15238715411.0,109147794.60420154,1993.0,United States
ENS,,EnerSys Common Stock,Technology,Industrial Machinery/Components,8324956711.0,108208887.34872,2004.0,United States
IDCC,,InterDigital Inc. Common Stock,Miscellaneous,Multi-Sector Companies,6515273361.0,108155348.5118321,,United States
HESM,,Hess Midstream LP Class A Representing Limited Partner Interests,Energy,Oil & Gas Production,4813158038.0,108151720.12966701,2017.0,United States
CRUS,,Cirrus Logic Inc. Common Stock,Technology,Semiconductors,8596562665.0,108140998.03277878,1989.0,United States
HIVE,,HIVE Digital Technologies Ltd. Common Shares,Finance,Finance: Consumer Services,1195306560.0,108052052.44493711,,Canada
QUCY,,Quantum Cyber N.V. Ordinary Shares,Health Care,Biotechnology: Pharmaceutical Preparations,58284170.0,107855668.74443263,2021.0,Germany
LBRT,,Liberty Energy Inc. Class A common stock,Energy,Oilfield Services/Equipment,4774980832.0,107842724.5943887,2018.0,United States
OLED,,Universal Display Corporation Common Stock,Technology,Electrical Products,4306692079.0,107815523.38885352,,United States
ESLT,,Elbit Systems Ltd. Ordinary Shares,Industrials,Military/Government/Technical,40969253990.0,107780785.46578543,,Israel
CHYM,,Chime Financial Inc. Class A Common Stock,Finance,Finance: Consumer Services,7086955985.0,107780315.8517111,2025.0,United States
VISN,,Vistance Networks Inc. Common Stock,Technology,Radio And Television Broadcasting And Communications Equipment,2815108995.0,106859121.3153612,2013.0,United States
HRB,,H&R Block Inc. Common Stock,Consumer Discretionary,Other Consumer Services,4879000367.0,106637301.0152181,,United States
CENX,,Century Aluminum Company Common Stock,Industrials,Aluminum,6529317881.0,106568687.75022598,1996.0,United States
BKSY,,BlackSky Technology Inc. Class A Common Stock,Technology,Radio And Television Broadcasting And Communications Equipment,1798674490.0,106412821.1273375,2019.0,United States
SARO,,StandardAero Inc. Common Stock,Industrials,Aerospace,9521997278.0,106236142.3502695,2024.0,United States
DEO,,Diageo plc Common Stock,Consumer Staples,Beverages (Production/Distribution),45897495337.0,106216738.46468244,,United Kingdom
AOS,,A.O. Smith Corporation Common Stock,Consumer Discretionary,Consumer Electronics/Appliances,7817639553.0,106160929.96466501,,United States
JEF,,Jefferies Financial Group Inc. Common Stock,Finance,Investment Bankers/Brokers/Service,10777671225.0,106128618.22391692,,United States
ORKA,,Oruka Therapeutics Inc. Common Stock,Health Care,Biotechnology: In Vitro & In Vivo Diagnostic Substances,3530067272.0,106107343.1350708,,United States
ADT,,ADT Inc. Common Stock,Consumer Discretionary,Diversified Commercial Services,5298848840.0,105764473.90161696,2018.0,United States
KIM,,Kimco Realty Corporation (HC) Common Stock,Real Estate,Real Estate Investment Trusts,16239306191.0,105581944.09512112,,United States
OHI,,Omega Healthcare Investors Inc. Common Stock,Real Estate,Real Estate Investment Trusts,13925221520.0,105514805.49042112,1992.0,United States
FRO,,Frontline Plc Ordinary Shares,Consumer Discretionary,Marine Transportation,7718335562.0,105279787.82473972,,Bermuda
PSKY,,Paramount Skydance Corporation Class B Common Stock,Industrials,Broadcasting,11874426145.0,105190960.81569308,,United States
ACLS,,Axcelis Technologies Inc. Common Stock,Technology,Industrial Machinery/Components,4622685448.0,105026569.60049585,2000.0,United States
OPCH,,Option Care Health Inc. Common Stock,Health Care,Medical/Nursing Services,3277164008.0,104992900.6782895,,United States
WEN,,Wendy's Company (The) Common Stock,Consumer Discretionary,Restaurants,1466700928.0,104896393.1034406,,United States
IAG,,Iamgold Corporation Ordinary Shares,Basic Materials,Precious Metals,10372188000.0,104559394.22651018,,Canada
GDS,,GDS Holdings Limited ADS,Technology,Computer Software: Programming Data Processing,7103386381.0,104502215.3401511,2016.0,China
GSAT,,Globalstar Inc. Common Stock,Consumer Discretionary,Telecommunications Equipment,10845315880.0,104480699.8978751,2025.0,United States
UI,,Ubiquiti Inc. Common Stock,Technology,Radio And Television Broadcasting And Communications Equipment,35336424548.0,104127895.68597703,,United States
UBS,,UBS Group AG Registered Ordinary Shares,Finance,Major Banks,145557197912.0,104113652.33464922,2014.0,Switzerland
VMI,,Valmont Industries Inc. Common Stock,Industrials,Metal Fabrications,10091409926.0,104046533.89543806,,United States
PTON,,Peloton Interactive Inc. Class A Common Stock,Consumer Discretionary,Recreational Games/Products/Toys,2771148320.0,104000180.71955045,2019.0,United States
PRMB,,Primo Brands Corporation Class A Common Stock,Consumer Staples,Beverages (Production/Distribution),8999140338.0,103938850.81276667,2024.0,United States
ENSG,,The Ensign Group Inc. Common Stock,Health Care,Hospital/Nursing Management,9798371310.0,103806845.95460437,2007.0,United States
GTX,,Garrett Motion Inc. Common Stock,Consumer Discretionary,Auto Parts:O.E.M.,6132295358.0,103315665.71777889,,Switzerland
KNSL,,Kinsale Capital Group Inc. Common Stock,Finance,Property-Casualty Insurers,7028855347.0,103295048.76708984,,United States
URBN,,Urban Outfitters Inc. Common Stock,Consumer Discretionary,Clothing/Shoe/Accessory Stores,6423976429.0,103229473.96792457,1993.0,United States
SAN,,Banco Santander S.A. Sponsored ADR (Spain),Finance,Commercial Banks,183695908481.0,102869574.60870288,,Spain
CINF,,Cincinnati Financial Corporation Common Stock,Finance,Property-Casualty Insurers,24350786926.0,102433173.36287725,,United States
SQM,,Sociedad Quimica y Minera S.A. Common Stock,Industrials,Mining & Quarrying of Nonmetallic Minerals (No Fuels),24527718573.0,102299725.41932605,1993.0,Chile
LCID,,Lucid Group Inc. Common Stock,Industrials,Auto Manufacturing,2556182092.0,101951362.92782284,,United States
VOYG,,Voyager Technologies Inc. Class A Common Stock,Industrials,Military/Government/Technical,2935254141.0,101731062.834885,2025.0,United States
SF,,Stifel Financial Corporation Common Stock,Finance,Investment Bankers/Brokers/Service,10761134095.0,101600964.965566,,United States
FIVN,,Five9 Inc. Common Stock,Technology,EDP Services,1864333108.0,101357368.05945805,2014.0,United States
TFX,,Teleflex Incorporated Common Stock,Health Care,Medical/Dental Instruments,5694919943.0,101236339.90580241,,United States
LKQ,,LKQ Corporation Common Stock,Consumer Discretionary,Motor Vehicles,6909927445.0,101153307.00381143,2003.0,United States
MFC,,Manulife Financial Corporation Common Stock,Finance,Life Insurance,63734928730.0,101099436.49175735,,Canada
SCI,,Service Corporation International Common Stock,Consumer Discretionary,Other Consumer Services,10374039340.0,100878983.93623716,,United States
NVST,,Envista Holdings Corporation Common Stock,Health Care,Medical/Dental Instruments,3832242587.0,100796503.08784303,2019.0,United States
MIDD,,Middleby Corporation (The) Common Stock,Industrials,Industrial Machinery/Components,7008699025.0,100714872.09283738,,United States
EHC,,Encompass Health Corporation Common Stock,Health Care,Hospital/Nursing Management,10500222618.0,100412556.29170735,,United States
L,,Loews Corporation Common Stock,Finance,Property-Casualty Insurers,21307366799.0,100157963.7408302,,United States
VOYA,,Voya Financial Inc. Common Stock,Finance,Life Insurance,7363918104.0,100137850.38968042,2013.0,United States
EWBC,,East West Bancorp Inc. Common Stock,Finance,Major Banks,16787521945.0,100072653.10229346,,United States
ACI,,Albertsons Companies Inc. Class A Common Stock,Consumer Staples,Food Chains,7719688884.0,99967029.34003557,2020.0,United States
CRGY,,Crescent Energy Company Class A Common Stock,Energy,Oil & Gas Production,3817708820.0,99801548.96841504,2021.0,United States
RRC,,Range Resources Corporation Common Stock,Energy,Oil & Gas Production,9177486638.0,99785007.27806091,,United States
WMG,,Warner Music Group Corp. Class A Common Stock,Consumer Discretionary,Services-Misc. Amusement & Recreation,16451753753.0,99741702.32970828,2020.0,United States
FRSH,,Freshworks Inc. Class A Common Stock,Technology,Computer Software: Prepackaged Software,2684175762.0,99308804.39435868,2021.0,United States
WTS,,Watts Water Technologies Inc. Class A Common Stock,Industrials,Metal Fabrications,10317117192.0,99307731.61388579,1986.0,United States
SPCE,,Virgin Galactic Holdings Inc. Common Stock,Consumer Discretionary,Transportation Services,622223647.0,99293068.48889987,2017.0,United States
CPRX,,Catalyst Pharmaceuticals Inc. Common Stock,Health Care,Biotechnology: Pharmaceutical Preparations,3821958380.0,99279598.99052212,2006.0,United States
FRMI,,Fermi Inc. Common Stock,Real Estate,Real Estate Investment Trusts,4450268188.0,99137664.24663408,2025.0,United States
FCN,,FTI Consulting Inc. Common Stock,Consumer Discretionary,Professional Services,4617464507.0,99090336.04772659,1999.0,United States
KLIC,,Kulicke and Soffa Industries Inc. Common Stock,Technology,Semiconductors,5332196838.0,98680280.17610823,,Singapore
PTCT,,PTC Therapeutics Inc. Common Stock,Health Care,Biotechnology: Pharmaceutical Preparations,6125808611.0,98602072.04135713,2013.0,United States
HNGE,,Hinge Health Inc. Class A Common Stock,Technology,EDP Services,4349537051.0,98568240.51146734,2025.0,United States
MORN,,Morningstar Inc. Common Stock,Finance,Investment Managers,6921859836.0,98412034.85180083,2005.0,United States
BTE,,Baytex Energy Corp Common Shares,Energy,Oil & Gas Production,3585681674.0,97978332.81006587,2023.0,Canada
COCO,,The Vita Coco Company Inc. Common Stock,Consumer Staples,Beverages (Production/Distribution),4290872869.0,97035797.32949392,2021.0,United States
CNM,,Core & Main Inc. Class A Common Stock,Consumer Discretionary,Durable Goods,9617527681.0,96945351.20896839,2021.0,United States
WH,,Wyndham Hotels & Resorts Inc. Common Stock,Consumer Discretionary,Hotels/Resorts,6008302285.0,96747036.51242937,2018.0,United States
GLNG,,Golar Lng Ltd,Consumer Discretionary,Marine Transportation,5054066083.0,96623981.18716648,,Bermuda
AMG,,Affiliated Managers Group Inc. Common Stock,Finance,Investment Managers,7998899942.0,96489416.90513974,,United States
ARCC,,Ares Capital Corporation Common Stock,Finance,Finance: Consumer Services,13635253827.0,96304036.6089957,2004.0,United States
MGA,,Magna International Inc. Common Stock,Consumer Discretionary,Auto Parts:O.E.M.,17765257858.0,96257656.41830081,,Canada
STNG,,Scorpio Tankers Inc. Common Shares,Consumer Discretionary,Marine Transportation,3856845483.0,96163010.86156936,2010.0,Monaco
UNM,,Unum Group Common Stock,Finance,Accident &Health Insurance,13298176039.0,96083202.53506616,,United States
AIIO,,Robo.ai Inc. Class B Ordinary Shares,Industrials,Auto Manufacturing,46886964.0,95828645.50173879,,United Arab Emirates
SSRM,,SSR Mining Inc. Common Stock,Industrials,Precious Metals,6759514974.0,95679778.92904736,,Canada
TWST,,Twist Bioscience Corporation Common Stock,Health Care,Biotechnology: Biological Products (No Diagnostic Substances),4164082767.0,95512664.1368866,2018.0,United States
CTRE,,CareTrust REIT Inc. Common Stock,Real Estate,Real Estate Investment Trusts,9643326393.0,95324215.4350644,2022.0,United States
WOK,,WORK Medical Technology Group LTD Class A Ordinary Shares,Health Care,Medical/Dental Instruments,162803.0,95148550.59549256,2024.0,China
RYAN,,Ryan Specialty Holdings Inc. Class A Common Stock,Finance,Specialty Insurers,8397552368.0,95141228.23958623,2021.0,United States
IRDM,,Iridium Communications Inc Common Stock,Telecommunications,Telecommunications Equipment,5474582584.0,94525200.61870757,,United States
SATL,,Satellogic Inc. Class A Common Stock,Technology,Radio And Television Broadcasting And Communications Equipment,1409801362.0,94204529.95916775,,Uruguay
MHK,,Mohawk Industries Inc. Common Stock,Consumer Discretionary,Home Furnishings,6547586836.0,94157045.49589612,,United States
EMN,,Eastman Chemical Company Common Stock,Industrials,Major Chemicals,8675731465.0,93766919.31700933,,United States
CHE,,Chemed Corp,Health Care,Medical/Nursing Services,5660210687.0,93552887.0120094,,United States
DB,,Deutsche Bank AG Common Stock,Finance,Major Banks,60769220000.0,93539416.7379016,,Germany
R,,Ryder System Inc. Common Stock,Consumer Discretionary,Rental/Leasing Companies,9705641865.0,93420589.8097447,,United States
AEO,,American Eagle Outfitters Inc. Common Stock,Consumer Discretionary,Clothing/Shoe/Accessory Stores,2646889723.0,93180217.58816583,,United States
WGS,,GeneDx Holdings Corp. Class A Common Stock,Technology,Retail: Computer Software & Peripheral Equipment,1543480524.0,93151073.1913612,2020.0,United States
WRBY,,Warby Parker Inc. Class A Common Stock,Health Care,Ophthalmic Goods,3008977587.0,92565711.23513721,2021.0,United States
BF/B,,Brown Forman Corporation,,,,92527369.67393784,,United States
LQDA,,Liquidia Corporation Common Stock,Health Care,Biotechnology: Pharmaceutical Preparations,5501092204.0,92290155.45381819,2018.0,United States
ARE,,Alexandria Real Estate Equities Inc. Common Stock,Real Estate,Real Estate Investment Trusts,8657707766.0,92055832.81613305,,United States
INDV,,Indivior Pharmaceuticals Inc. Common Stock,Health Care,Biotechnology: Pharmaceutical Preparations,4494208916.0,92036433.50272405,,United Kingdom
WAL,,Western Alliance Bancorporation Common Stock (DE),Finance,Major Banks,8696613924.0,92030623.609779,2005.0,United States
ELS,,Equity Lifestyle Properties Inc. Common Stock,Real Estate,Real Estate Investment Trusts,11979522649.0,91625467.02105205,,United States
PTEN,,Patterson-UTI Energy Inc. Common Stock,Energy,Oil & Gas Production,4255513890.0,91384540.57833354,1993.0,United States
KEX,,Kirby Corporation Common Stock,Consumer Discretionary,Marine Transportation,7521565000.0,91334249.96722993,,United States
SLAB,,Silicon Laboratories Inc. Common Stock,Technology,Semiconductors,7176844685.0,91279852.9846918,2000.0,United States
VECO,,Veeco Instruments Inc. Common Stock,Technology,Industrial Machinery/Components,3517970075.0,91238723.28747341,1994.0,United States
PCVX,,Vaxcyte Inc. Common Stock,Health Care,Biotechnology: Pharmaceutical Preparations,7422040855.0,90988782.29562669,2020.0,United States
BELFB,,Bel Fuse Inc. Class B Common Stock,,,3492637526.0,90748885.773795,,United States
OSIS,,OSI Systems Inc. Common Stock (DE),Technology,Semiconductors,3572666408.0,90706004.41494897,1997.0,United States
AYI,,Acuity Inc. Common Stock,Consumer Discretionary,Building Products,9249460908.0,90417706.20233445,,United States
KRYS,,Krystal Biotech Inc. Common Stock,Health Care,Biotechnology: Biological Products (No Diagnostic Substances),9110128997.0,90404890.35048711,2017.0,United States
TENB,,Tenable Holdings Inc. Common Stock,Technology,Computer Software: Prepackaged Software,3112977798.0,90271689.3769673,2018.0,United States
RNG,,RingCentral Inc. Class A Common Stock,Technology,EDP Services,3631916139.0,90144946.2832678,2013.0,United States
UCTT,,Ultra Clean Holdings Inc. Common Stock,Technology,Semiconductors,3835962081.0,90136944.63711694,2004.0,United States
PCTY,,Paylocity Holding Corporation Common Stock,Technology,Computer Software: Prepackaged Software,6153818586.0,90130920.82228887,2014.0,United States
MKTX,,MarketAxess Holdings Inc. Common Stock,Finance,Investment Bankers/Brokers/Service,4621550468.0,89980765.3903053,2004.0,United States
HEI/A,,Heico Corporation,,,,89810870.58519636,,United States
VAL,,Valaris Limited Common Shares,Energy,Oil & Gas Production,6414792381.0,89514993.38996524,2021.0,United States
LEA,,Lear Corporation Common Stock,Consumer Discretionary,Auto Parts:O.E.M.,7169610569.0,89503006.38583955,,United States
GL,,Globe Life Inc. Common Stock,Finance,Life Insurance,11898283176.0,89453248.30845425,,United States
BSY,,Bentley Systems Incorporated Class B Common Stock,Technology,Computer Software: Prepackaged Software,9915923439.0,88890199.85139029,2020.0,United States
ESE,,ESCO Technologies Inc. Common Stock,Telecommunications,Telecommunications Equipment,7562303507.0,88569522.59913853,,United States
SKM,,SK Telecom Co. Ltd. Common Stock,Telecommunications,Telecommunications Equipment,14322877200.0,88307726.28887722,,South Korea
CAMT,,Camtek Ltd. Ordinary Shares,Technology,Electronic Components,7990533878.0,88049599.5577131,2000.0,Israel
TXNM,,TXNM Energy Inc. Common Stock,Utilities,Electric Utilities: Central,6554976687.0,88031547.04535349,,United States
LECO,,Lincoln Electric Holdings Inc. Common Shares,Industrials,Industrial Machinery/Components,14161920064.0,88009025.52780879,,United States
TM,,Toyota Motor Corporation Common Stock,Industrials,Auto Manufacturing,247864420981.0,87984559.28163074,,Japan
UMBF,,UMB Financial Corporation Common Stock,Finance,Major Banks,9972967706.0,87925077.10720244,,United States
HCC,,Warrior Met Coal Inc. Common Stock,Energy,Coal Mining,4991897677.0,87518136.52874175,2017.0,United States
MSGS,,Madison Square Garden Sports Corp. Class A Common Stock (New),Consumer Discretionary,Services-Misc. Amusement & Recreation,9011446089.0,87438400.42811802,2015.0,United States
POST,,Post Holdings Inc. Common Stock,Consumer Staples,Packaged Foods,4162426298.0,87363427.24602109,2012.0,United States
LAD,,Lithia Motors Inc. Common Stock,Consumer Discretionary,Retail-Auto Dealers and Gas Stations,6633984980.0,87188558.9997791,,United States
BULL,,Webull Corporation Class A Ordinary Shares,Finance,Investment Bankers/Brokers/Service,3403639456.0,87020180.49597286,,United States
VCX,,Fundrise Innovation Fund LLC Common Shares of Limited Liability Company Interests,,,,87003494.53397478,2026.0,
NTLA,,Intellia Therapeutics Inc. Common Stock,Health Care,Biotechnology: In Vitro & In Vivo Diagnostic Substances,1965892437.0,86998000.3845351,2016.0,United States
NNN,,NNN REIT Inc. Common Stock,Real Estate,Real Estate Investment Trusts,8467946358.0,86909768.82923672,,United States
VSEC,,VSE Corporation Common Stock,Consumer Discretionary,Military/Government/Technical,5194781693.0,86824236.55119397,,United States
LMND,,Lemonade Inc. Common Stock,Finance,Property-Casualty Insurers,4455605762.0,86725018.5063135,2020.0,United States
ALV,,Autoliv Inc. Common Stock,Consumer Discretionary,Auto Parts:O.E.M.,9516627527.0,86525689.90790957,,Sweden
HXL,,Hexcel Corporation Common Stock,Industrials,Major Chemicals,6772606851.0,86508739.46442378,,United States
TDC,,Teradata Corporation Common Stock,Technology,Computer Software: Prepackaged Software,3204105000.0,86424667.6089423,,United States
GXO,,GXO Logistics Inc. Common Stock,Consumer Discretionary,Transportation Services,5765084795.0,85694066.44105457,2021.0,United States
ZION,,Zions Bancorporation N.A. Common Stock,Finance,Major Banks,9185883972.0,85623390.32816206,,United States
ALM,,Almonty Industries Inc. Common Shares,Basic Materials,Other Metals and Minerals,5578364751.0,85558705.79913004,,Canada
VVV,,Valvoline Inc. Common Stock,Industrials,Major Chemicals,4304342666.0,85493847.60308039,2016.0,United States
UGI,,UGI Corporation Common Stock,Utilities,Natural Gas Distribution,7486628423.0,85381936.5160261,,United States
AGCO,,AGCO Corporation Common Stock,Industrials,Industrial Machinery/Components,8130029412.0,85279424.08192952,,United States
GGB,,Gerdau S.A. Common Stock,Industrials,Steel/Iron Ore,8888147510.0,85224060.84463255,,Brazil
TREX,,Trex Company Inc. Common Stock,Basic Materials,Forest Products,4301407381.0,84827894.84387353,,United States
TGTX,,TG Therapeutics Inc. Common Stock,Health Care,Biotechnology: Pharmaceutical Preparations,5807991025.0,84613626.01928711,,United States
NOV,,NOV Inc. Common Stock,Consumer Discretionary,Oil and Gas Field Machinery,7163414061.0,84522511.09925225,,United States
MTN,,Vail Resorts Inc. Common Stock,Consumer Discretionary,Services-Misc. Amusement & Recreation,4760575614.0,84460760.65768287,1997.0,United States
HQY,,HealthEquity Inc. Common Stock,Consumer Discretionary,Business Services,7376241911.0,84320827.02266148,2014.0,United States
FHN,,First Horizon Corporation Common Stock,Finance,Major Banks,11499989609.0,84311460.99037898,,United States
ALKS,,Alkermes plc Ordinary Shares,Health Care,Biotechnology: Pharmaceutical Preparations,7032052297.0,83941093.09846787,1991.0,Ireland
CACC,,Credit Acceptance Corporation Common Stock,Finance,Finance: Consumer Services,6000315128.0,83798976.02335612,1992.0,United States
DIOD,,Diodes Incorporated Common Stock,Technology,Semiconductors,4838899385.0,83636179.97251238,,United States
RGA,,Reinsurance Group of America Incorporated Common Stock,Finance,Life Insurance,13151112341.0,83411415.96643357,,United States
AKAN,,Akanda Corp. Common Shares,Health Care,Medicinal Chemicals and Botanical Products,11751852.0,83241695.90863727,2022.0,United Kingdom
CHDN,,Churchill Downs Incorporated Common Stock,Consumer Discretionary,Services-Misc. Amusement & Recreation,6078267347.0,83220667.22557431,,United States
MANH,,Manhattan Associates Inc. Common Stock,Technology,Computer Software: Prepackaged Software,8877648530.0,83175368.98534866,1998.0,United States
GFL,,GFL Environmental Inc. Subordinate voting shares no par value,Utilities,Environmental Services,12030429060.0,83012397.44466145,2020.0,Canada
ADC,,Agree Realty Corporation Common Stock,Real Estate,Real Estate Investment Trusts,8905626995.0,82730399.00178455,,United States
PVH,,PVH Corp. Common Stock,Industrials,Garments and Clothing,4297787104.0,82507906.49751936,,United States
CUBE,,CubeSmart Common Shares,Real Estate,Real Estate Investment Trusts,9056545200.0,82492829.80951582,,United States
SMMT,,Summit Therapeutics Inc. Common Stock,Health Care,Biotechnology: Pharmaceutical Preparations,13613892793.0,82414112.2870309,2015.0,United States
HLNE,,Hamilton Lane Incorporated Class A Common Stock,Finance,Investment Managers,4838661214.0,82302170.26705061,2017.0,United States
HMY,,Harmony Gold Mining Company Limited,Basic Materials,Precious Metals,11597206317.0,82210027.54505703,,South Africa
QTEX,,QTREX Quantum Ltd. Ordinary Shares,Health Care,Medical/Dental Instruments,134825181.0,81822953.34725593,2021.0,Israel
AN,,AutoNation Inc. Common Stock,Consumer Discretionary,Retail-Auto Dealers and Gas Stations,6281391841.0,81769222.27877662,,United States
COLB,,Columbia Banking System Inc. Common Stock,Finance,Major Banks,8580494448.0,81511785.65177917,1992.0,United States
FLO,,Flowers Foods Inc. Common Stock,Consumer Staples,Packaged Foods,1619628277.0,81412490.5458859,,United States
VSNT,,Versant Media Group Inc. Class A Common Stock,Industrials,Broadcasting,6104224367.0,80839304.38873655,,United States
EXK,,Endeavour Silver Corporation Ordinary Shares (Canada),Basic Materials,Precious Metals,2951805956.0,80697521.43914358,,Canada
HYMC,,Hycroft Mining Holding Corporation Class A Common Stock,Basic Materials,Precious Metals,3019467863.0,80564989.39935593,2018.0,United States
FNB,,F.N.B. Corporation Common Stock,Finance,Major Banks,6222249829.0,80474594.13444883,,United States
TEX,,Terex Corporation Common Stock,Industrials,Construction/Ag Equipment/Trucks,6644156000.0,80335701.54366267,,United States
WEX,,WEX Inc. common stock,Consumer Discretionary,Business Services,5025494009.0,80114188.22036016,,United States
IMVT,,Immunovant Inc. Common Stock,Health Care,Biotechnology: Biological Products (No Diagnostic Substances),6836786936.0,80094947.62823923,2019.0,United States
BRX,,Brixmor Property Group Inc. Common Stock,Real Estate,Real Estate Investment Trusts,9376927016.0,79750007.41422744,2013.0,United States
BYD,,Boyd Gaming Corporation Common Stock,Consumer Discretionary,Hotels/Resorts,6145617298.0,79537168.44449724,1993.0,United States
AXTA,,Axalta Coating Systems Ltd. Common Shares,Consumer Discretionary,Paints/Coatings,6585357491.0,79378341.30646841,2014.0,United States
IMO,,Imperial Oil Limited Common Stock,Energy,Integrated oil Companies,57412160960.0,79305470.2196757,1929.0,Canada
HUN,,Huntsman Corporation Common Stock,Industrials,Major Chemicals,2691608869.0,79146547.74619511,2005.0,United States
DNN,,Denison Mines Corp Ordinary Shares (Canada),Basic Materials,Other Metals and Minerals,3149459028.0,79111772.71451156,,Canada
JBTM,,JBT Marel Corporation Common Stock,Industrials,Industrial Machinery/Components,6997393255.0,78562407.02402024,,United States
AESI,,Atlas Energy Solutions Inc. Common Stock,Industrials,Mining & Quarrying of Nonmetallic Minerals (No Fuels),2084674197.0,78544317.0673007,2023.0,United States
BCE,,BCE Inc. Common Stock,Telecommunications,Telecommunications Equipment,23415723265.0,78494292.19087873,,Canada
QGEN,,Qiagen N.V. Common Shares,Health Care,Biotechnology: Biological Products (No Diagnostic Substances),7540275212.0,78441744.88009498,2026.0,Netherlands
PLXS,,Plexus Corp. Common Stock,Technology,Electrical Products,7180353140.0,78398540.11564709,,United States
FCFS,,FirstCash Holdings Inc. Common Stock,Consumer Discretionary,Other Specialty Stores,9640125838.0,78242507.20178513,1991.0,United States
NFG,,National Fuel Gas Company Common Stock,Utilities,Oil/Gas Transmission,7341481715.0,78232657.93119158,,United States
EXLS,,ExlService Holdings Inc. Common Stock,Consumer Discretionary,Business Services,4435288487.0,78184855.67500705,2006.0,United States
NOVT,,Novanta Inc. Common Stock,Miscellaneous,Industrial Machinery/Components,5674037335.0,78115718.46575056,,United States
PI,,Impinj Inc. Common Stock,Technology,Industrial Machinery/Components,4599336935.0,78068248.29806373,2016.0,United States
FNF,,Fidelity National Financial Inc. Common Stock,Finance,Specialty Insurers,12744609519.0,77847333.93560137,2014.0,United States
CVCO,,Cavco Industries Inc. Common Stock When Issued,Consumer Discretionary,Homebuilding,4122608413.0,77421594.08046177,,United States
WSC,,WillScot Holdings Corporation Class A Common Stock,Industrials,Misc Corporate Leasing Services,4656993091.0,77386329.10372417,2015.0,United States
CSTM,,Constellium SE Ordinary Shares (France),Industrials,Metal Fabrications,4664514417.0,77304057.44028546,2013.0,Netherlands
ACHC,,Acadia Healthcare Company Inc. Common Stock,Health Care,Medical Specialities,2133635026.0,77233709.71276419,,United States
SLS,,SELLAS Life Sciences Group Inc. Common Stock,Health Care,Biotechnology: Pharmaceutical Preparations,1731963264.0,77139709.69254176,,United States
CC,,Chemours Company (The) Common Stock,Industrials,Major Chemicals,3332370031.0,77138600.45321329,2015.0,United States
QLYS,,Qualys Inc. Common Stock,Technology,Computer Software: Prepackaged Software,3856838526.0,77128434.56348237,2012.0,United States
IDA,,IDACORP Inc. Common Stock,Utilities,Electric Utilities: Central,7772113123.0,77072207.06808908,,United States
CECO,,CECO Environmental Corp. Common Stock,Industrials,Pollution Control Equipment,2681509067.0,76980097.55281721,1998.0,United States
VNOM,,Viper Energy Inc. Class A Common Stock,Energy,Oil & Gas Production,16335663071.0,76959333.68820918,2014.0,United States
BRZE,,Braze Inc. Class A Common Stock,Technology,Computer Software: Prepackaged Software,3119987367.0,76816968.4610821,2021.0,United States
GLOB,,Globant S.A. Common Shares,Technology,EDP Services,1742726880.0,76288089.1936166,2014.0,United States
ROAD,,Construction Partners Inc. Class A Common Stock,Industrials,Military/Government/Technical,6584601401.0,75906914.94638352,2018.0,United States
MAC,,Macerich Company (The) Common Stock,Real Estate,Real Estate Investment Trusts,5886304331.0,75827478.6651248,1994.0,United States
YSS,,York Space Systems Inc. Common Stock,Industrials,Military/Government/Technical,4233227109.0,75805915.06130582,2026.0,
MLI,,Mueller Industries Inc. Common Stock,Industrials,Metal Fabrications,14219380832.0,75725474.65587798,,United States
SYRE,,Spyre Therapeutics Inc. Common Stock,Health Care,Biotechnology: Pharmaceutical Preparations,6382832096.0,75268693.40159099,2016.0,United States
OTEX,,Open Text Corporation Common Shares,Technology,EDP Services,5974370204.0,74916183.87728192,1996.0,Canada
KSS,,Kohl's Corporation Common Stock,Consumer Discretionary,Department/Specialty Retail Stores,1611955248.0,74844685.95521563,1992.0,United States
SEZL,,Sezzle Inc. Common Stock,Finance,Finance: Consumer Services,3973032295.0,74807937.93443953,,United States
YETI,,YETI Holdings Inc. Common Stock,Consumer Discretionary,Recreational Games/Products/Toys,3634126754.0,74143614.72055344,2018.0,United States
VNT,,Vontier Corporation Common Stock,Industrials,Industrial Machinery/Components,3995904000.0,74125929.91188595,2020.0,United States
TTAN,,ServiceTitan Inc. Class A Common Stock,Technology,Computer Software: Prepackaged Software,6902271338.0,73902462.07854861,2024.0,United States
BAND,,Bandwidth Inc. Class A Common Stock,Technology,Computer Software: Prepackaged Software,2080164436.0,73570790.3044746,2017.0,United States
CWAN,,Clearwater Analytics Holdings Inc. Class A Common Stock,Technology,Computer Software: Prepackaged Software,7265205003.0,73493973.75302996,2021.0,United States
STNE,,StoneCo Ltd. Class A Common Shares,Technology,EDP Services,2784963188.0,73335425.89636758,2018.0,Brazil
CVLT,,Commvault Systems Inc. Common Stock,Technology,Computer Software: Prepackaged Software,4898511956.0,73214016.47295271,2006.0,United States
CHH,,Choice Hotels International Inc. Common Stock,Consumer Discretionary,Hotels/Resorts,4953549278.0,73150421.07958113,,United States
PSN,,Parsons Corporation Common Stock,Technology,EDP Services,6322430591.0,73092301.29819597,2019.0,United States
ULS,,UL Solutions Inc. Class A Common Stock,Health Care,Precision Instruments,20055529943.0,72810612.13589624,2024.0,United States
NE,,Noble Corporation plc A Ordinary Shares,Energy,Oil & Gas Production,7415695477.0,72719442.75205703,2022.0,United States
MSM,,MSC Industrial Direct Company Inc. Common Stock,Industrials,Industrial Machinery/Components,6112182025.0,72678891.88446772,1995.0,United States
WES,,Western Midstream Partners LP Common Units Representing Limited Partner Interests,Utilities,Natural Gas Distribution,16881406003.0,72615099.56666856,2012.0,United States
DDS,,Dillard's Inc. Common Stock,Consumer Discretionary,Department/Specialty Retail Stores,9217351475.0,72583458.9370001,,United States
CORT,,Corcept Therapeutics Incorporated Common Stock,Health Care,Biotechnology: Pharmaceutical Preparations,7459862267.0,72533876.195072,2004.0,United States
OGN,,Organon & Co. Common Stock,Health Care,Biotechnology: Pharmaceutical Preparations,3503095499.0,72470116.43984205,2021.0,United States
ING,,ING Group N.V. Common Stock,Finance,Commercial Banks,89801422067.0,72290868.834986,1997.0,Netherlands
COLD,,Americold Realty Trust Inc. Common Stock,Real Estate,Real Estate Investment Trusts,4476451956.0,72246870.49006054,2018.0,United States
SNEX,,StoneX Group Inc. Common Stock,Finance,Investment Bankers/Brokers/Service,8983157072.0,72156153.99591355,,United States
ASST,,Strive Inc. Class A Common Stock,Technology,Computer Software: Prepackaged Software,1291370090.0,72073160.76641537,2023.0,United States
NXE,,Nexgen Energy Ltd. Common Shares,Basic Materials,Other Metals and Minerals,7651383907.0,71819811.58560345,2017.0,Canada
AUGO,,Aura Minerals Inc. Common Shares,,,6474393261.0,71792360.33183506,,United States
VLY,,Valley National Bancorp Common Stock,Finance,Major Banks,7630390452.0,71676453.42032115,,United States
CAKE,,Cheesecake Factory Incorporated (The) Common Stock,Consumer Discretionary,Restaurants,3281221373.0,71573380.57023911,1992.0,United States
HOG,,Harley-Davidson Inc. Common Stock,Consumer Discretionary,Motor Vehicles,2545387542.0,71500911.5168526,,United States
RYTM,,Rhythm Pharmaceuticals Inc. Common Stock,Health Care,Biotechnology: Pharmaceutical Preparations,6052799850.0,71435962.76662917,2017.0,United States
PAA,,Plains All American Pipeline L.P. Common Units representing Limited Partner Interests,Energy,Natural Gas Distribution,15825075650.0,71407775.63729967,1998.0,United States
AIT,,Applied Industrial Technologies Inc. Common Stock,Consumer Discretionary,Industrial Specialties,11228678151.0,70893855.46250117,,United States
NNE,,Nano Nuclear Energy Inc. Common Stock,Utilities,Electric Utilities: Central,1504165531.0,70830791.00006649,2024.0,United States
IRTC,,iRhythm Holdings Inc. Common Stock,Health Care,Medical/Dental Instruments,3743028271.0,70821489.17254493,2016.0,United States
YUMC,,Yum China Holdings Inc. Common Stock,Consumer Discretionary,Restaurants,14901356937.0,70691772.7258228,2016.0,United States
SGML,,Sigma Lithium Corporation Common Shares,Basic Materials,Metal Mining,1868227958.0,70340973.8723119,,Canada
VRNS,,Varonis Systems Inc. Common Stock,Technology,Computer Software: Prepackaged Software,3920903223.0,70162289.04304504,2014.0,United States
ADEA,,Adeia Inc. Common Stock,Technology,Computer Software: Prepackaged Software,2947048973.0,70128344.19555964,2003.0,United States
SHC,,Sotera Health Company Common Stock,Health Care,Misc Health and Biotechnology Services,4460011786.0,70051182.93134144,2020.0,United States
AMSC,,American Superconductor Corporation Common Stock,Consumer Discretionary,Metal Fabrications,2429555028.0,70011925.95748901,1991.0,United States
XRAY,,DENTSPLY SIRONA Inc. Common Stock,Health Care,Medical/Dental Instruments,2097420371.0,69774370.24628322,1987.0,United States
MAT,,Mattel Inc. Common Stock,Consumer Discretionary,Recreational Games/Products/Toys,4341564000.0,69650085.52003588,,United States
MGY,,Magnolia Oil & Gas Corporation Class A Common Stock,Energy,Oil & Gas Production,5060174790.0,69275185.71844555,2017.0,United States
CODX,,Co-Diagnostics Inc. Common Stock,Health Care,Medical/Dental Instruments,30729026.0,69228015.69442806,2026.0,United States
VIRT,,Virtu Financial Inc. Class A Common Stock,Finance,Investment Bankers/Brokers/Service,7777580753.0,69141287.06632341,,United States
OGE,,OGE Energy Corp Common Stock,Utilities,Electric Utilities: Central,9747059181.0,69080973.05670239,,United States
AROC,,Archrock Inc. Common Stock,Utilities,Natural Gas Distribution,5869510850.0,69031960.07363455,,United States
LNC,,Lincoln National Corporation Common Stock,Finance,Life Insurance,6747913722.0,68783375.21293277,,United States
CMC,,Commercial Metals Company Common Stock,Industrials,Steel/Iron Ore,8432985553.0,68763015.50845191,,United States
BLLN,,BillionToOne Inc. Class A Common Stock,Health Care,Medical Specialities,4553092961.0,68608232.77780442,2025.0,United States
SSB,,SouthState Bank Corporation Common Stock,Finance,Major Banks,9254047074.0,68509502.39163354,,United States
RXO,,RXO Inc. Common Stock,Consumer Discretionary,Transportation Services,4218661581.0,68284833.66111574,2022.0,United States
NAVN,,Navan Inc. Class A Common Stock,Technology,Computer Software: Prepackaged Software,5397048400.0,68206457.57083893,2025.0,United States
HRI,,Herc Holdings Inc. Common Stock,Industrials,Misc Corporate Leasing Services,4441275783.0,68102932.12774368,2016.0,United States
VKTX,,Viking Therapeutics Inc. Common Stock,Health Care,Biotechnology: Pharmaceutical Preparations,3801298752.0,68026181.03391556,2015.0,United States
DOX,,Amdocs Limited Ordinary Shares,Technology,EDP Services,6797582471.0,67973139.28526016,,Guernsey
TXG,,10x Genomics Inc. Class A Common Stock,Industrials,Biotechnology: Laboratory Analytical Instruments,3593494930.0,67484055.05468278,2019.0,United States
NXST,,Nexstar Media Group Inc. Common Stock,Industrials,Broadcasting,5449067525.0,67243475.11734736,2003.0,United States
OMF,,OneMain Holdings Inc. Common Stock,Finance,Finance: Consumer Services,6390016955.0,67154415.27410235,2013.0,United States
APGE,,Apogee Therapeutics Inc. Common Stock,Health Care,Biotechnology: Biological Products (No Diagnostic Substances),6192483263.0,67049388.85327294,2023.0,United States
HLIT,,Harmonic Inc. Common Stock,Technology,Radio And Television Broadcasting And Communications Equipment,1639381148.0,67026495.93945004,1995.0,United States
BDC,,Belden Inc Common Stock,Industrials,Telecommunications Equipment,4092239723.0,66887938.37698074,,United States
MIAX,,Miami International Holdings Inc. Common Stock,Finance,Investment Bankers/Brokers/Service,4484359814.0,66886881.0135251,2025.0,United States
GBTG,,Global Business Travel Group Inc. Class A Common Stock,Consumer Discretionary,Transportation Services,4870398573.0,66865934.296805516,2020.0,United States
ASO,,Academy Sports and Outdoors Inc. Common Stock,Consumer Discretionary,Other Specialty Stores,3406029475.0,66824525.016821,2020.0,United States
CX,,Cemex S.A.B. de C.V. Sponsored ADR,Industrials,Building Materials,19843341945.0,66748231.45692462,,Mexico
WK,,Workiva Inc. Class A Common Stock,Technology,Computer Software: Prepackaged Software,2793620546.0,66601844.7265625,2014.0,United States
TNGX,,Tango Therapeutics Inc.,Health Care,Biotechnology: Pharmaceutical Preparations,3179362644.0,66336101.89047314,2020.0,United States
JXN,,Jackson Financial Inc. Class A Common Stock,Finance,Life Insurance,7191211453.0,66323112.10319883,2021.0,United States
TTC,,Toro Company (The) Common Stock,Consumer Discretionary,Tools/Hardware,8712332737.0,66317190.57922363,,United States
WTRG,,Essential Utilities Inc. Common Stock,Utilities,Water Supply,10463220743.0,66223689.94087946,,United States
BOX,,Box Inc. Class A Common Stock,Technology,Computer Software: Prepackaged Software,3732607282.0,66124041.44101824,2015.0,United States
LAC,,Lithium Americas Corp. Common Shares,Basic Materials,Metal Mining,1817359525.0,65988115.23981094,2023.0,Canada
ONB,,Old National Bancorp Common Stock,Finance,Major Banks,9276815730.0,65074899.86632211,,United States
MANE,,Veradermics Incorporated Common Stock,Health Care,Biotechnology: Pharmaceutical Preparations,4215887305.0,65066108.13860212,2026.0,
CPRI,,Capri Holdings Limited Ordinary Shares,Consumer Discretionary,Apparel,2132063910.0,65022475.4929043,2011.0,Hong Kong
NOG,,Northern Oil and Gas Inc. Common Stock,Energy,Oil & Gas Production,2303072748.0,64843860.229228795,2022.0,United States
SIG,,Signet Jewelers Limited Common Shares,Consumer Discretionary,Consumer Specialties,3501522770.0,64828217.2201974,,Bermuda
UWMC,,UWM Holdings Corporation Class A Common Stock,Finance,Finance: Consumer Services,4899329656.0,64827842.11937586,,United States
LBRDK,,Liberty Broadband Corporation Class C Common Stock,Telecommunications,Cable & Other Pay Television Services,4844483365.0,64674420.69129944,,United States
XENE,,Xenon Pharmaceuticals Inc. Common Shares,Health Care,Biotechnology: Pharmaceutical Preparations,5290505552.0,64662231.91782633,2014.0,Canada
COGT,,Cogent Biosciences Inc. Common Stock,Health Care,Biotechnology: Pharmaceutical Preparations,5973545420.0,64646249.10240173,2018.0,United States
CSIQ,,Canadian Solar Inc. Common Shares (ON),Technology,Semiconductors,1287839589.0,64542446.04592096,2006.0,Canada
FMX,,Fomento Economico Mexicano S.A.B. de C.V. Common Stock,Consumer Staples,Beverages (Production/Distribution),40551315136.0,64536982.46532622,,Mexico
PEGA,,Pegasystems Inc. Common Stock,Technology,EDP Services,5971056502.0,64274385.02302624,1996.0,United States
CNX,,CNX Resources Corporation Common Stock,Energy,Oil & Gas Production,4766380142.0,64116882.10625421,1999.0,United States
BKH,,Black Hills Corporation Common Stock,Utilities,Electric Utilities: Central,5543649553.0,63890688.23950631,,United States
CTRI,,Centuri Holdings Inc. Common Stock,Utilities,Oil & Gas Production,3102731510.0,63866330.645797364,2024.0,United States
PLAB,,Photronics Inc. Common Stock,Technology,Semiconductors,1907562846.0,63452389.502679735,1987.0,United States
BMI,,Badger Meter Inc. Common Stock,Industrials,Industrial Machinery/Components,3616092123.0,63376976.430511475,1971.0,United States
SLF,,Sun Life Financial Inc. Common Stock,Finance,Life Insurance,39778135482.0,63074464.99808175,,Canada
SEIC,,SEI Investments Company Common Stock,Finance,Investment Bankers/Brokers/Service,10569589131.0,62779539.22384353,1981.0,United States
MTRN,,Materion Corporation,Industrials,Industrial Specialties,4577158759.0,62765486.366489954,,United States
RVI,,Robinhood Ventures Fund I Common Shares of Beneficial Interest,,,,62752540.3931754,2026.0,
WTFC,,Wintrust Financial Corporation Common Stock,Finance,Major Banks,10132676384.0,62395762.33135405,,United States
CGON,,CG Oncology Inc. Common stock,Health Care,Biotechnology: Biological Products (No Diagnostic Substances),5494132043.0,62365859.848076954,2024.0,United States
LEVI,,Levi Strauss & Co Class A Common Stock,Consumer Discretionary,Apparel,8922633023.0,62317796.22873579,2019.0,United States
CWST,,Casella Waste Systems Inc. Class A Common Stock,Utilities,Environmental Services,5226828852.0,62297522.19398135,1997.0,United States
DXC,,DXC Technology Company Common Stock,Technology,EDP Services,1620085393.0,62271545.358185545,,United States
NVAX,,Novavax Inc. Common Stock,Health Care,Biotechnology: Biological Products (No Diagnostic Substances),1803886165.0,62088245.874604724,,United States
INBX,,Inhibrx Biosciences Inc. Common Stock,Health Care,Biotechnology: Biological Products (No Diagnostic Substances),1525950056.0,61960508.10793922,,United States
VELO,,Velo3D Inc. Common stock,Technology,Industrial Machinery/Components,715522058.0,61867409.632619224,,United States
SON,,Sonoco Products Company Common Stock,Consumer Discretionary,Containers/Packaging,4812927781.0,61778555.08780707,,United States
SRRK,,Scholar Rock Holding Corporation Common Stock,Health Care,Biotechnology: Biological Products (No Diagnostic Substances),5907537063.0,61739216.0731906,2018.0,United States
ASH,,Ashland Inc. Common Stock,Consumer Discretionary,Specialty Chemicals,2651112288.0,61670856.677173436,,United States
LAZ,,Lazard Inc. Common Stock,Finance,Investment Managers,5286157779.0,61668421.48421151,2005.0,Bermuda
SAM,,Boston Beer Company Inc. (The) Common Stock,Consumer Staples,Beverages (Production/Distribution),1846094998.0,61523591.66942778,,United States
KTB,,Kontoor Brands Inc. Common Stock,Industrials,Garments and Clothing,3966897205.0,61472183.70931716,2019.0,United States
SMG,,Scotts Miracle-Gro Company (The) Common Stock,Industrials,Agricultural Chemicals,3432734283.0,61345492.7016667,1992.0,United States
TMHC,,Taylor Morrison Home Corporation Common Stock,Consumer Discretionary,Homebuilding,5465517759.0,61200183.32850138,2013.0,United States
AXS,,Axis Capital Holdings Limited Common Stock,Finance,Property-Casualty Insurers,6998546793.0,61095445.88593982,2003.0,Bermuda
KMT,,Kennametal Inc. Common Stock,Industrials,Industrial Machinery/Components,2499691378.0,61043874.45346288,,United States
LIVN,,LivaNova PLC Ordinary Shares,Health Care,Biotechnology: Electromedical & Electrotherapeutic Apparatus,4054095104.0,61032219.633774534,,United Kingdom
GIL,,Gildan Activewear Inc. Class A Sub. Vot. Common Stock,Consumer Discretionary,Apparel,11292334514.0,60756442.34611875,2000.0,Canada
KAI,,Kadant Inc Common Stock,Industrials,Industrial Machinery/Components,3769024901.0,60447614.623878114,1992.0,United States
RSI,,Rush Street Interactive Inc. Class A Common Stock,Consumer Discretionary,Services-Misc. Amusement & Recreation,5897330003.0,60367283.83683704,2020.0,United States
BEAM,,Beam Therapeutics Inc. Common Stock,Health Care,Biotechnology: Biological Products (No Diagnostic Substances),3387812517.0,60075363.65826017,2020.0,United States
KD,,Kyndryl Holdings Inc. Common Stock,Technology,EDP Services,2811326484.0,59861331.62233262,2021.0,United States
LRN,,Stride Inc. Common Stock,Real Estate,Other Consumer Services,3928444719.0,59738057.35727946,,United States
AMBQ,,Ambiq Micro Inc. Common Stock,Technology,Semiconductors,1702792564.0,59730135.096159436,2025.0,United States
AEVA,,Aeva Technologies Inc. Common Stock,Consumer Discretionary,Auto Parts:O.E.M.,1776490336.0,59660862.514718376,,United States
FOX,,Fox Corporation Class B Common Stock,Industrials,Broadcasting,24114492618.0,59622354.89296686,,United States
GTM,,ZoomInfo Technologies Inc Common Stock,Technology,Computer Software: Prepackaged Software,981411053.0,59531647.32278756,2020.0,United States
SHLS,,Shoals Technologies Group Inc. Class A Common Stock,Technology,Semiconductors,2088759122.0,59399038.64005407,2021.0,United States
MC,,Moelis & Company Class A Common Stock,Finance,Investment Managers,5286604734.0,59367273.76223973,2014.0,United States
PENN,,PENN Entertainment Inc. Common Stock,Consumer Discretionary,Hotels/Resorts,2520270676.0,59297933.48543076,1994.0,United States
OUT,,OUTFRONT Media Inc. Common Stock,Real Estate,Real Estate Investment Trusts,5676287562.0,59286524.93245261,2014.0,United States
IOVA,,Iovance Biotherapeutics Inc. Common Stock,Health Care,Biotechnology: Biological Products (No Diagnostic Substances),1830659824.0,59083566.38798033,,United States
CCC,,CCC Intelligent Solutions Holdings Inc. Common Stock,Technology,Computer Software: Prepackaged Software,2758620519.0,58978526.973619916,,United States
MBLY,,Mobileye Global Inc. Class A Common Stock,Technology,Computer Software: Prepackaged Software,8708204698.0,58963272.421432674,2022.0,Israel
AFG,,American Financial Group Inc. Common Stock,Finance,Property-Casualty Insurers,10784573573.0,58962845.55555071,,United States
SKY,,Champion Homes Inc. Common Stock,Consumer Discretionary,Homebuilding,4041834470.0,58901199.27815028,,United States
IAC,,IAC Inc. Common Stock,Technology,Computer Software: Programming Data Processing,3338920624.0,58868987.87284125,,United States
VRDN,,Viridian Therapeutics Inc. Common Stock,Health Care,Medical Specialities,1816176919.0,58813248.70775314,2014.0,United States
ITRI,,Itron Inc. Common Stock,Industrials,Electrical Products,3657109341.0,58693601.13950457,1993.0,United States
NCNO,,nCino Inc. Common Stock,Technology,Computer Software: Prepackaged Software,1761611436.0,58537526.38890403,2020.0,United States
HAE,,Haemonetics Corporation Common Stock,Health Care,Medical/Dental Instruments,3081692107.0,58536034.80230059,1991.0,United States
OLN,,Olin Corporation Common Stock,Industrials,Major Chemicals,2946535284.0,58533004.526646934,,United States
GMAB,,Genmab A/S ADS,Health Care,Biotechnology: Pharmaceutical Preparations,16913972826.0,58511634.425826296,2019.0,Denmark
MMSI,,Merit Medical Systems Inc. Common Stock,Health Care,Medical/Dental Instruments,3761835156.0,58383700.91623579,,United States
MUFG,,Mitsubishi UFJ Financial Group Inc. Common Stock,Finance,Commercial Banks,222044871313.0,58310332.6268514,,Japan
CALM,,Cal-Maine Foods Inc. Common Stock,Consumer Staples,Farming/Seeds/Milling,3539978655.0,58309627.10077195,1996.0,United States
MRCY,,Mercury Systems Inc Common Stock,Technology,Electrical Products,6706834711.0,58281267.217872255,1998.0,United States
VNO,,Vornado Realty Trust Common Stock,Real Estate,Real Estate Investment Trusts,6348299265.0,58239791.75390516,,United States
CBSH,,Commerce Bancshares Inc. Common Stock,Finance,Major Banks,7612483191.0,58168233.39186169,,United States
VGNT,,Versigent PLC Ordinary Shares,,,3127828279.0,58106190.19043332,2026.0,United Kingdom
GT,,The Goodyear Tire & Rubber Company Common Stock,Consumer Discretionary,Automotive Aftermarket,1753375649.0,57901139.15959313,,United States
RYN,,Rayonier Inc. REIT Common Stock,Real Estate,Real Estate Investment Trusts,6282609488.0,57862623.501423426,,United States
NAMS,,NewAmsterdam Pharma Company N.V. Ordinary Shares,Health Care,Biotechnology: Pharmaceutical Preparations,3937326013.0,57787586.58393678,,Netherlands
ADMA,,ADMA Biologics Inc Common Stock,Health Care,Biotechnology: Biological Products (No Diagnostic Substances),1849546266.0,57747931.85786974,,United States
THG,,Hanover Insurance Group Inc,Finance,Property-Casualty Insurers,6514539739.0,57303608.30732073,,United States
BZ,,KANZHUN LIMITED American Depository Shares,Technology,Computer Software: Programming Data Processing,6280273390.0,57296058.24653989,2021.0,China
DX,,Dynex Capital Inc. Common Stock,Real Estate,Real Estate Investment Trusts,2816325373.0,57281346.3960148,,United States
LPTH,,LightPath Technologies Inc. Class A Common Stock,Technology,Semiconductors,1066164131.0,57219654.73019736,1996.0,United States
BLSH,,Bullish Ordinary Shares,Finance,Finance: Consumer Services,5247050081.0,57203561.35838827,2025.0,Cayman Islands
NUVL,,Nuvalent Inc. Class A Common Stock,Health Care,Biotechnology: Pharmaceutical Preparations,8720579837.0,57104094.86410958,2021.0,United States
ABG,,Asbury Automotive Group Inc Common Stock,Consumer Discretionary,Retail-Auto Dealers and Gas Stations,3494934948.0,56903647.106424965,2002.0,United States
LFST,,LifeStance Health Group Inc. Common Stock,Health Care,Medical/Nursing Services,2990203471.0,56866259.13233076,2021.0,United States
ESAB,,ESAB Corporation Common Stock,Industrials,Industrial Machinery/Components,5627296640.0,56786910.46451387,2022.0,United States
WT,,WisdomTree Inc. Common Stock,Finance,Investment Bankers/Brokers/Service,2913531136.0,56762365.60915084,2022.0,United States
PSIX,,Power Solutions International Inc. Common Stock,Industrials,Industrial Machinery/Components,960742756.0,56725529.69445728,,United States
PGY,,Pagaya Technologies Ltd. Class A Ordinary Shares,Finance,Finance: Consumer Services,1283657594.0,56702195.0678235,,United States
HTZ,,Hertz Global Holdings Inc Common Stock,Consumer Discretionary,Rental/Leasing Companies,1705128424.0,56692606.20604924,,United States
PCT,,PureCycle Technologies Inc. Common stock,Industrials,Major Chemicals,2240899385.0,56635126.0028226,,United States
FAF,,First American Corporation (New) Common Stock,Finance,Specialty Insurers,6748837000.0,56508052.1682376,,United States
AMTM,,Amentum Holdings Inc. Common Stock,Consumer Discretionary,Business Services,5675468090.0,56493496.440133594,2024.0,United States
WAY,,Waystar Holding Corp. Common Stock,Technology,EDP Services,3818994660.0,56407065.92600686,2024.0,United States
WYFI,,WhiteFiber Inc. Ordinary Shares,Finance,Finance: Consumer Services,1148386784.0,56359715.91963087,2025.0,United States
PJT,,PJT Partners Inc. Class A Common Stock,Finance,Investment Managers,6120483945.0,56233438.200233094,2015.0,United States
PII,,Polaris Inc. Common Stock,Consumer Discretionary,Industrial Specialties,4014456805.0,56171395.81667582,,United States
NVRI,,Enviri Corporation Common Stock,Miscellaneous,Diversified Commercial Services,1716141242.0,56079414.978835694,,United States
GLBE,,Global-E Online Ltd. Ordinary Shares,Technology,Computer Software: Prepackaged Software,5134292344.0,55987038.12601907,2021.0,Israel
SSD,,Simpson Manufacturing Company Inc. Common Stock,Consumer Discretionary,Industrial Machinery/Components,7805585786.0,55942408.73057047,,United States
NSIT,,Insight Enterprises Inc. Common Stock,Consumer Discretionary,Catalog/Specialty Distribution,3213092690.0,55908952.03683036,1995.0,United States
MTG,,MGIC Investment Corporation Common Stock,Finance,Property-Casualty Insurers,5333784559.0,55893811.354846045,1991.0,United States
PB,,Prosperity Bancshares Inc. Common Stock,Finance,Major Banks,6954939353.0,55839393.377976194,,United States
DHT,,DHT Holdings Inc.,Consumer Discretionary,Marine Transportation,2628199516.0,55819560.50479525,2005.0,Jersey
CRC,,California Resources Corporation Common Stock,Energy,Oil & Gas Production,5264649680.0,55515132.874080114,2020.0,United States
DK,,Delek US Holdings Inc. Common Stock,Energy,Integrated oil Companies,2727908494.0,55343611.70094808,2017.0,United States
AVTX,,Avalo Therapeutics Inc. Common Stock,Health Care,Biotechnology: Pharmaceutical Preparations,838420873.0,55236023.527722135,2015.0,United States
FSM,,Fortuna Mining Corp. Common Shares,Basic Materials,Precious Metals,3063847313.0,55190090.16132809,,Canada
VC,,Visteon Corporation Common Stock,Consumer Discretionary,Auto Parts:O.E.M.,3157635744.0,55055112.42980957,,United States
MSA,,MSA Safety Incorporated Common Stock,Health Care,Industrial Specialties,6400557956.0,55053155.380975634,2000.0,United States
RLAY,,Relay Therapeutics Inc. Common Stock,Health Care,Biotechnology: Biological Products (No Diagnostic Substances),2691785618.0,55037610.63337326,2020.0,United States
GTES,,Gates Industrial Corporation plc Ordinary Shares,Industrials,Industrial Machinery/Components,6583678134.0,54873889.64135306,2018.0,United Kingdom
ALGT,,Allegiant Travel Company Common Stock,Consumer Discretionary,Air Freight/Delivery Services,1689040137.0,54851643.278031126,2006.0,United States
AM,,Antero Midstream Corporation Common Stock,Utilities,Natural Gas Distribution,9955580800.0,54831552.288209826,2017.0,United States
BXSL,,Blackstone Secured Lending Fund Common Shares of Beneficial Interest,Finance,Trusts Except Educational Religious and Charitable,,54804471.25302269,2021.0,
BXDC,,Blackstone Digital Infrastructure Trust Inc. Common Stock,Finance,Real Estate,1892625108.0,54663747.844800085,2026.0,
KNTK,,Kinetik Holdings Inc. Class A Common Stock,Utilities,Natural Gas Distribution,7460439151.0,54568180.47105698,2022.0,United States
TNL,,Travel   Leisure Co. Common  Stock,Consumer Discretionary,Hotels/Resorts,4244669888.0,54542798.78923325,,United States
BTBT,,Bit Digital Inc. Ordinary Shares,Finance,Finance: Consumer Services,705364648.0,54514220.12596187,2018.0,United States
ENVX,,Enovix Corporation Common Stock,Miscellaneous,Industrial Machinery/Components,1740864451.0,54505757.19811576,2021.0,United States
UAA,,Under Armour Inc. Class A Common Stock,Consumer Discretionary,Apparel,2502527116.0,54448294.321684614,,United States
UTI,,Universal Technical Institute Inc Common Stock,Real Estate,Other Consumer Services,2059846263.0,54391497.86126273,2003.0,United States
DLB,,Dolby Laboratories Common Stock,Miscellaneous,Multi-Sector Companies,5279520798.0,54289100.665592015,2005.0,United States
PK,,Park Hotels & Resorts Inc. Common Stock,Consumer Discretionary,Hotels/Resorts,2442519059.0,54272282.479953766,2016.0,United States
MMS,,Maximus Inc. Common Stock,Consumer Discretionary,Business Services,3253824681.0,54074831.06467837,1997.0,United States
KRG,,Kite Realty Group Trust Common Stock,Real Estate,Real Estate Investment Trusts,5568084828.0,54068510.17877488,2004.0,United States
CNK,,Cinemark Holdings Inc Cinemark Holdings Inc. Common Stock,Consumer Discretionary,Movies/Entertainment,3270057252.0,54066008.04072789,2007.0,United States
ERAS,,Erasca Inc. Common Stock,Health Care,Biotechnology: Pharmaceutical Preparations,3993041519.0,53847504.252297536,2021.0,United States
KRC,,Kilroy Realty Corporation Common Stock,Real Estate,Real Estate Investment Trusts,3984874716.0,53845171.85955956,1997.0,United States
RXRX,,Recursion Pharmaceuticals Inc. Class A Common Stock,Health Care,Biotechnology: Biological Products (No Diagnostic Substances),1902359664.0,53800576.50133542,2021.0,United States
SG,,Sweetgreen Inc. Class A Common Stock,Consumer Discretionary,Restaurants,1183523464.0,53774487.46127401,2021.0,United States
PBA,,Pembina Pipeline Corp. Ordinary Shares (Canada),Energy,Oil & Gas Production,27061603373.0,53741289.12573315,,Canada
CALY,,Callaway Golf Company Common Stock,Consumer Discretionary,Recreational Games/Products/Toys,2802431493.0,53675532.0481482,,United States
SGHC,,Super Group (SGHC) Limited Ordinary Shares,Consumer Discretionary,Services-Misc. Amusement & Recreation,6325556011.0,53584350.46743666,2022.0,
QURE,,uniQure N.V. Ordinary Shares,Health Care,Biotechnology: Pharmaceutical Preparations,1799315347.0,53577869.27555629,2014.0,Netherlands
SLNH,,Soluna Holdings Inc. Common Stock,Technology,EDP Services,240289994.0,53396762.580297105,,United States
CARG,,CarGurus Inc. Class A Common Stock,Technology,EDP Services,2692986746.0,53322470.505532764,2017.0,United States
LION,,Lionsgate Studios Corp Common Shares,Consumer Discretionary,Movies/Entertainment,4170592304.0,53312451.33627029,2025.0,Canada
OGS,,ONE Gas Inc. Common Stock,Utilities,Oil/Gas Transmission,4879159315.0,53241981.66889009,2014.0,United States
UNF,,Unifirst Corporation Common Stock,Consumer Discretionary,Other Consumer Services,4799578712.0,52903921.43540155,,United States
STUB,,StubHub Holdings Inc. Class A Common Stock,Consumer Discretionary,Services-Misc. Amusement & Recreation,3701811788.0,52811658.70227814,2025.0,United States
BANC,,Banc of California Inc. Common Stock,Finance,Major Banks,2954590406.0,52767589.84326862,,United States
FLG,,Flagstar Bank N.A. Common Stock,Finance,Banks,5860420615.0,52709725.084577285,,United States
PTGX,,Protagonist Therapeutics Inc. Common Stock,Health Care,Biotechnology: Pharmaceutical Preparations,6402840296.0,52640082.759675525,2016.0,United States
FIGS,,FIGS Inc. Class A Common Stock,Consumer Discretionary,Apparel,1964475695.0,52110574.33284578,2021.0,United States
PBI,,Pitney Bowes Inc. Common Stock,Miscellaneous,Office Equipment/Supplies/Services,2180606943.0,51896130.79526992,,United States
EYE,,National Vision Holdings Inc. Common Stock,Health Care,Ophthalmic Goods,1341954139.0,51782457.47982207,2017.0,United States
AEHL,,Antelope Enterprise Holdings Limited Class A Ordinary Shares,Industrials,Building Materials,22145983.0,51754872.367890105,,China
CAI,,Caris Life Sciences Inc. Common Stock,Health Care,Medical Specialities,4726421220.0,51611805.74874878,2025.0,United States
ORI,,Old Republic International Corporation Common Stock,Finance,Property-Casualty Insurers,9040442322.0,51491740.067563735,,United States
BC,,Brunswick Corporation Common Stock,Industrials,Industrial Machinery/Components,5442258927.0,51308539.61163475,,United States
AVEX,,AEVEX Corp. Class A Common Stock,Industrials,Aerospace,4387184199.0,51027553.71795836,2026.0,
CUZ,,Cousins Properties Incorporated Common Stock,Real Estate,Real Estate Investment Trusts,4411326328.0,50981327.299644835,,United States
PRI,,Primerica Inc. Common Stock,Finance,Life Insurance,8476270228.0,50932188.42817034,2010.0,United States
IMAX,,Imax Corporation Common Stock,Consumer Discretionary,Industrial Machinery/Components,2176653384.0,50794667.5017584,,Canada
ZG,,Zillow Group Inc. Class A Common Stock,Consumer Discretionary,Business Services,8090432002.0,50750376.67072841,2011.0,United States
NN,,NextNav Inc. Common Stock,Industrials,Industrial Machinery/Components,2813329682.0,50662416.26502446,,United States
TDS,,Telephone and Data Systems Inc. Common Shares,Telecommunications,Telecommunications Equipment,4450718000.0,50538424.90188962,,United States
REZI,,Resideo Technologies Inc. Common Stock,Industrials,Wholesale Distributors,4735099150.0,50525031.48029872,2018.0,United States
RHI,,Robert Half Inc. Common Stock,Consumer Discretionary,Professional Services,3011523260.0,50455075.13197944,,United States
KBH,,KB Home Common Stock,Consumer Discretionary,Homebuilding,3060993300.0,50264617.79425485,1986.0,United States
MEOH,,Methanex Corporation Common Stock,Industrials,Major Chemicals,4572227943.0,50245987.513623916,,Canada
RLI,,RLI Corp. Common Stock (DE),Finance,Property-Casualty Insurers,4600594083.0,50238429.17242505,,United States
AOSL,,Alpha and Omega Semiconductor Limited Common Shares,Technology,Semiconductors,1357306362.0,50144218.06904021,2010.0,Bermuda
HMC,,Honda Motor Company Ltd. Common Stock,Industrials,Auto Manufacturing,39104097783.0,50115568.58253479,,Japan
BCO,,Brinks Company (The) Common Stock,Industrials,Integrated Freight & Logistics,4283606428.0,50103134.04254005,,United States
BFH,,Bread Financial Holdings Inc. Common Stock,Consumer Discretionary,Business Services,3599057280.0,50043757.3718843,,United States
PFSI,,PennyMac Financial Services Inc. Common Stock,Finance,Finance: Consumer Services,4354939266.0,50001950.65845308,2013.0,United States
ADTN,,ADTRAN Holdings Inc. Common Stock,Utilities,Telecommunications Equipment,1340518555.0,49856997.66044162,1994.0,United States
MRX,,Marex Group plc Ordinary Shares,Finance,Investment Bankers/Brokers/Service,3924592391.0,49642190.077009656,2024.0,United Kingdom
SXI,,Standex International Corporation Common Stock,Industrials,Industrial Machinery/Components,3355954543.0,49587691.29566011,,United States
VVX,,V2X Inc. Common Stock,Consumer Discretionary,Diversified Commercial Services,2602817674.0,49582544.033341184,2014.0,United States
THO,,Thor Industries Inc. Common Stock,Industrials,Homebuilding,4159286382.0,49476399.61827596,,United States
INGM,,Ingram Micro Holding Corporation Common Stock,Technology,Retail: Computer Software & Peripheral Equipment,6544014586.0,49439174.57830338,2024.0,United States
SVM,,Silvercorp Metals Inc. Common Shares,Basic Materials,Precious Metals,2802217996.0,49401226.525106885,,Canada
CRNX,,Crinetics Pharmaceuticals Inc. Common Stock,Health Care,Biotechnology: Pharmaceutical Preparations,3748399394.0,49343043.36131868,2018.0,United States
TARS,,Tarsus Pharmaceuticals Inc. Common Stock,Health Care,Biotechnology: Biological Products (No Diagnostic Substances),2555623165.0,49339273.03960891,2020.0,United States
FSS,,Federal Signal Corporation Common Stock,Industrials,Auto Manufacturing,6508940715.0,49289776.69336228,,United States
VRRM,,Verra Mobility Corporation Class A Common Stock,Consumer Discretionary,Transportation Services,685099005.0,49121553.54315894,2017.0,United States
LAES,,SEALSQ Corp Ordinary Shares,Technology,Semiconductors,775253517.0,49033265.27169772,,Switzerland
PATK,,Patrick Industries Inc. Common Stock,Consumer Discretionary,Auto Parts:O.E.M.,2977494546.0,48977177.043660484,,United States
GPGI,,GPGI Inc. Class A Common Stock,Finance,Finance: Consumer Services,3524710161.0,48715299.71774873,,United States
ASAN,,Asana Inc. Class A Common Stock,Technology,Computer Software: Prepackaged Software,1856786177.0,48702430.64721652,2020.0,United States
LGND,,Ligand Pharmaceuticals Incorporated Common Stock,Health Care,Biotechnology: Pharmaceutical Preparations,4648724510.0,48676942.842538014,,United States
MTH,,Meritage Homes Corporation Common Stock,Consumer Discretionary,Homebuilding,4351666729.0,48616274.87900144,,United States
MZTI,,The Marzetti Company Common Stock,Consumer Staples,Packaged Foods,3069618680.0,48507031.772867836,,United States
RDN,,Radian Group Inc. Common Stock,Finance,Property-Casualty Insurers,4541102943.0,48477530.8630807,,United States
RITM,,Rithm Capital Corp. Common Stock,Real Estate,Real Estate Investment Trusts,5203417484.0,48145913.3098239,,United States
DCI,,Donaldson Company Inc. Common Stock,Industrials,Pollution Control Equipment,9481712074.0,48095952.55028861,,United States
SBET,,Sharplink Inc. Common Stock,Technology,Computer Software: Prepackaged Software,1204961727.0,48064523.0119024,,United States
OZK,,Bank OZK Common Stock,Finance,Major Banks,5474657427.0,48040222.43076506,,United States
BYND,,Beyond Meat Inc. Common Stock,Consumer Staples,Packaged Foods,406347476.0,48014621.72841231,2019.0,United States
ATRO,,Astronics Corporation Common Stock,Industrials,Military/Government/Technical,3118110885.0,47935295.57967413,,United States
SAIC,,Science Applications International Corporation Common Stock,Technology,EDP Services,4491268725.0,47894214.61926415,,United States
TNDM,,Tandem Diabetes Care Inc. Common Stock,Health Care,Medical/Dental Instruments,1178700331.0,47843352.185553595,2013.0,United States
EEFT,,Euronet Worldwide Inc. Common Stock,Finance,Investment Bankers/Brokers/Service,2759682813.0,47842864.58108085,1997.0,United States
GNTX,,Gentex Corporation Common Stock,Consumer Discretionary,Auto Parts:O.E.M.,5161719952.0,47774115.96650623,,United States
SAIL,,SailPoint Inc. Common Stock,Technology,Computer Software: Prepackaged Software,10680801313.0,47751850.48949832,2025.0,United States
SXT,,Sensient Technologies Corporation Common Stock,Industrials,Major Chemicals,4846476096.0,47696888.07990664,,United States
TFII,,TFI International Inc. Common Shares,Industrials,Trucking Freight/Courier Services,12667127578.0,47674533.04457892,,Canada
WTM,,White Mountains Insurance Group Ltd. Common Stock,Finance,Property-Casualty Insurers,5113877749.0,47651490.34133185,,United States
PAG,,Penske Automotive Group Inc. Common Stock,Consumer Discretionary,Retail-Auto Dealers and Gas Stations,11004452809.0,47650602.06197103,,United States
VCYT,,Veracyte Inc. Common Stock,Health Care,Medical Specialities,3697591262.0,47509425.73174976,2013.0,United States
AI,,C3.ai Inc. Class A Common Stock,Technology,Computer Software: Prepackaged Software,1564786461.0,47381158.95200003,2020.0,United States
PRM,,Perimeter Solutions SA Common Stock,Industrials,Major Chemicals,5265741594.0,47333054.20930045,,Luxembourg
PZZA,,Papa John's International Inc. Common Stock,Consumer Discretionary,Restaurants,1125577899.0,47268887.89669219,1993.0,United States
FUN,,Six Flags Entertainment Corporation Common Stock New,Consumer Discretionary,Services-Misc. Amusement & Recreation,2147304821.0,47158292.12104253,,United States
ASB,,Associated Banc-Corp Common Stock,Finance,Major Banks,4614836702.0,47137228.84612311,,United States
BKD,,Brookdale Senior Living Inc. Common Stock,Health Care,Hospital/Nursing Management,3073224675.0,47125086.91418058,2005.0,United States
RDNT,,RadNet Inc. Common Stock,Health Care,Medical Specialities,4366559125.0,46897006.68990725,,United States
PDI,,PIMCO Dynamic Income Fund Common Stock,Finance,Trusts Except Educational Religious and Charitable,4076619300.0,46721933.52946327,2012.0,United States
TRNO,,Terreno Realty Corporation Common Stock,Finance,Real Estate,6983320559.0,46676631.68879918,2010.0,United States
EPRT,,Essential Properties Realty Trust Inc. Common Stock,Real Estate,Real Estate Investment Trusts,6612801304.0,46654500.17912728,2018.0,United States
ORLA,,Orla Mining Ltd. Common Shares,Basic Materials,Precious Metals,4639752680.0,46599583.45439547,2020.0,
FIBK,,First Interstate BancSystem Inc. Common Stock (DE),Finance,Major Banks,3458286492.0,46440071.00702921,2010.0,United States
SUN,,Sunoco LP Common Units representing limited partner interests,Energy,Integrated oil Companies,13301188216.0,46392664.65966361,2012.0,United States
DNTH,,Dianthus Therapeutics Inc. Common Stock,Health Care,Biotechnology: Pharmaceutical Preparations,5084506331.0,46372016.85100737,2018.0,United States
WERN,,Werner Enterprises Inc. Common Stock,Industrials,Trucking Freight/Courier Services,2488529274.0,46290490.84587097,1986.0,United States
ARQT,,Arcutis Biotherapeutics Inc. Common Stock,Health Care,Biotechnology: Pharmaceutical Preparations,2684289206.0,46212960.63271477,2020.0,United States
BL,,BlackLine Inc. Common Stock,Technology,Computer Software: Prepackaged Software,1724630960.0,46121876.80520557,2016.0,United States
SLG,,SL Green Realty Corp Common Stock,Real Estate,Real Estate Investment Trusts,3229051528.0,45892833.23100862,1997.0,United States
FHI,,Federated Hermes Inc. Common Stock,Finance,Investment Managers,4255663327.0,45640443.31007458,,United States
PDFS,,PDF Solutions Inc. Common Stock,Technology,Computer Software: Prepackaged Software,1949346825.0,45630419.852429345,2001.0,United States
STAG,,Stag Industrial Inc. Common Stock,Real Estate,Real Estate Investment Trusts,7240935433.0,45623158.076150075,2011.0,United States
KNF,,Knife Riv Holding Co. Common Stock,Industrials,Mining & Quarrying of Nonmetallic Minerals (No Fuels),4455745156.0,45619380.09163993,2023.0,United States
ABCL,,AbCellera Biologics Inc. Common Shares,Health Care,Biotechnology: Pharmaceutical Preparations,1818086332.0,45608122.48913447,2020.0,Canada
FHB,,First Hawaiian Inc. Common Stock,Finance,Major Banks,3282089292.0,45500207.63644264,2016.0,United States
LCLN,,Lincoln International Inc. Class A Common Stock,Finance,Investment Managers,2327250052.0,45355141.8592453,2026.0,
SBRA,,Sabra Health Care REIT Inc. Common Stock,Real Estate,Real Estate Investment Trusts,5016060990.0,45126436.95086525,,United States
ERIE,,Erie Indemnity Company Class A Common Stock,Finance,Specialty Insurers,9842046343.0,45097581.77359445,,United States
BCRX,,BioCryst Pharmaceuticals Inc. Common Stock,Health Care,Biotechnology: Biological Products (No Diagnostic Substances),2264589301.0,45084856.09925134,1994.0,United States
CWEN,,Clearway Energy Inc. Class C Common Stock,Utilities,Electric Utilities: Central,4980360000.0,45084512.24050976,2015.0,United States
VITL,,Vital Farms Inc. Common Stock,Consumer Staples,Packaged Foods,428913025.0,45057134.039511,2020.0,United States
HASI,,HA Sustainable Infrastructure Capital Inc. Common Stock,Finance,Finance/Investors Services,5265743283.0,44705713.887187414,2013.0,United States
ARRY,,Array Technologies Inc. Common Stock,Consumer Discretionary,Miscellaneous manufacturing industries,1396743512.0,44684408.31426439,2020.0,United States
KOS,,Kosmos Energy Ltd. Common Shares (DE),Energy,Oil & Gas Production,1660929967.0,44677531.5257027,2011.0,Bermuda
CRK,,Comstock Resources Inc. Common Stock,Energy,Oil & Gas Production,3914965441.0,44609736.147717066,,United States
ESNT,,Essent Group Ltd. Common Shares,Finance,Property-Casualty Insurers,5334729065.0,44526353.45938546,2013.0,Bermuda
REAL,,The RealReal Inc. Common Stock,Consumer Discretionary,Other Specialty Stores,1161501698.0,44331475.47548385,2019.0,United States
EWTX,,Edgewise Therapeutics Inc. Common Stock,Health Care,Biotechnology: Pharmaceutical Preparations,3675377085.0,44103011.40044984,2021.0,United States
NTSK,,Netskope Inc. Class A Common Stock,Technology,Computer Software: Prepackaged Software,4900523632.0,43950085.93197777,2025.0,United States
MASK,,3 E Network Technology Group Ltd Class A Ordinary Shares,Technology,EDP Services,4127038.0,43877586.311650276,2025.0,China
LINE,,Lineage Inc. Common Stock,Real Estate,Real Estate Investment Trusts,10111018550.0,43854176.84491476,2024.0,United States
WHD,,Cactus Inc. Class A Common Stock,Consumer Discretionary,Oil and Gas Field Machinery,4653465245.0,43619867.22174145,2018.0,United States
SHOO,,Steven Madden Ltd. Common Stock,Consumer Discretionary,Shoe Manufacturing,3174831340.0,43584593.681280956,1993.0,United States
MMYT,,MakeMyTrip Limited Ordinary Shares,Consumer Discretionary,Transportation Services,5200405651.0,43489825.17088027,2010.0,India
SKYT,,SkyWater Technology Inc. Common Stock,Technology,Semiconductors,1917995386.0,43432055.48907689,2021.0,United States
PRKS,,United Parks & Resorts Inc. Common Stock,Health Care,Biotechnology: Electromedical & Electrotherapeutic Apparatus,1918451931.0,43243693.630345665,2013.0,United States
GRAL,,GRAIL Inc. Common Stock,Health Care,Medical Specialities,3076261386.0,43117215.5754271,,United States
EVC,,Entravision Communications Corporation Common Stock,Industrials,Broadcasting,835715754.0,42882310.106066294,2000.0,United States
PPTA,,Perpetua Resources Corp. Common Shares,Basic Materials,Precious Metals,3386308196.0,42853303.67002033,,Canada
DBRG,,DigitalBridge Group Inc.,Real Estate,Real Estate Investment Trusts,2852304054.0,42825766.07226871,2014.0,United States
SUNC,,SunocoCorp LLC Common Units representing limited liability company interests,Energy,Integrated oil Companies,3366133717.0,42808441.15291777,2025.0,
PRCT,,PROCEPT BioRobotics Corporation Common Stock,Health Care,Medical/Dental Instruments,1498673163.0,42752134.0773537,2021.0,United States
WLDN,,Willdan Group Inc. Common Stock,Consumer Discretionary,Military/Government/Technical,1372647449.0,42748694.775354296,2006.0,United States
HGV,,Hilton Grand Vacations Inc. Common Stock,Consumer Discretionary,Hotels/Resorts,4149316465.0,42583643.41815767,2016.0,United States
BRUN,,Boost Run Inc. Class A Common Stock,Technology,EDP Services,2750368184.0,42543301.62560599,,United States
GEO,,Geo Group Inc (The) REIT,Consumer Discretionary,Homebuilding,3029126498.0,42486114.86897241,,United States
SIGI,,Selective Insurance Group Inc. Common Stock,Finance,Property-Casualty Insurers,5181108261.0,42462706.54275077,,United States
SERV,,Serve Robotics Inc. Common Stock,Consumer Discretionary,Industrial Specialties,723440318.0,42391451.923838116,,United States
FMC,,FMC Corporation Common Stock,Industrials,Major Chemicals,1708118812.0,42366535.00274023,,United States
SOC,,Sable Offshore Corp. Common Stock,Energy,Oil & Gas Production,2261416632.0,42338342.44471959,2021.0,United States
SEB,,Seaboard Corporation Common Stock,Industrials,Farming/Seeds/Milling,4867442062.0,42315879.01320685,1996.0,United States
CNXC,,Concentrix Corporation Common Stock,Technology,Computer Software: Prepackaged Software,1725826528.0,42283337.11864835,,United States
SLM,,SLM Corporation Common Stock,Finance,Finance: Consumer Services,4171677049.0,42223407.021922156,,United States
PBH,,Prestige Consumer Healthcare Inc. Common Stock,Health Care,Biotechnology: Pharmaceutical Preparations,2251599050.0,42168821.9988505,2005.0,United States
MATX,,Matson Inc. Common Stock,Consumer Discretionary,Marine Transportation,5486732845.0,42017282.9998198,,United States
APLE,,Apple Hospitality REIT Inc. Common Shares,Real Estate,Real Estate Investment Trusts,3467832368.0,42006456.12310682,2015.0,United States
FSK,,FS KKR Capital Corp. Common Stock,Finance,Investment Managers,3044322127.0,41966733.22478249,2014.0,United States
RZLV,,Rezolve AI PLC Ordinary Shares,Technology,Computer Software: Programming Data Processing,1193167463.0,41959941.462334,,United Kingdom
OBDC,,Blue Owl Capital Corporation Common Stock,Finance,Diversified Financial Services,5588399074.0,41603171.82144438,2019.0,United States
PSUS,,Pershing Square USA Ltd. Common Shares,,,1049399500.0,41569414.69147092,2026.0,
DRS,,Leonardo DRS Inc. Common Stock,Industrials,Industrial Machinery/Components,13007319362.0,41427378.19600786,,Israel
BVN,,Buenaventura Mining Company Inc.,Basic Materials,Metal Mining,9369575524.0,41415233.19160825,1996.0,Peru
MAIN,,Main Street Capital Corporation Common Stock,Finance,Finance/Investors Services,4762009604.0,41403719.55722627,2007.0,United States
BHE,,Benchmark Electronics Inc. Common Stock,Technology,Electrical Products,3030174461.0,41252372.89221627,,United States
PIII,,P3 Health Partners Inc. Class A Common Stock,Health Care,Medical/Nursing Services,88243881.0,41203221.672843754,2021.0,United States
CRI,,Carter's Inc. Common Stock,Consumer Discretionary,Apparel,1422046015.0,41029784.491093956,2003.0,United States
PGNY,,Progyny Inc. Common Stock,Health Care,Misc Health and Biotechnology Services,2002175377.0,41025512.204851426,2019.0,United States
ZIM,,ZIM Integrated Shipping Services Ltd. Ordinary Shares,Consumer Discretionary,Marine Transportation,2829744179.0,41007015.34070514,2021.0,
IRT,,Independence Realty Trust Inc. Common Stock,Real Estate,Real Estate Investment Trusts,3825649289.0,40961514.76480393,2013.0,United States
TCBI,,Texas Capital Bancshares Inc. Common Stock,Finance,Major Banks,4344821721.0,40883630.41621617,2003.0,United States
ROG,,Rogers Corporation Common Stock,Industrials,Major Chemicals,2525924673.0,40566887.37654913,1960.0,United States
RARE,,Ultragenyx Pharmaceutical Inc. Common Stock,Health Care,Biotechnology: Pharmaceutical Preparations,2357832023.0,40465916.08004797,2014.0,United States
VAC,,Marriott Vacations Worldwide Corporation Common Stock,Finance,Real Estate,2915039272.0,40139165.012722924,,United States
AMC,,AMC Entertainment Holdings Inc. Class A Common Stock,Consumer Discretionary,Movies/Entertainment,1058880105.0,40137257.57317543,2013.0,United States
GATX,,GATX Corporation Common Stock,Consumer Discretionary,Transportation Services,6002340000.0,39953978.32285563,,United States
ATRA,,Atara Biotherapeutics Inc. Common Stock,Health Care,Biotechnology: Biological Products (No Diagnostic Substances),94696908.0,39929107.176312946,2014.0,United States
SRAD,,Sportradar Group AG Class A Ordinary Shares,Technology,Computer Software: Programming Data Processing,4118314778.0,39823191.82601202,2021.0,Switzerland
ERO,,Ero Copper Corp. Common Shares,Basic Materials,Metal Mining,3174221346.0,39676699.507241026,2021.0,Canada
SNN,,Smith & Nephew SNATS Inc. Common Stock,Health Care,Industrial Specialties,12614153077.0,39498178.315825686,,United Kingdom
ICUI,,ICU Medical Inc. Common Stock,Health Care,Medical/Dental Instruments,3383881473.0,39380725.36239624,1992.0,United States
GBCI,,Glacier Bancorp Inc. Common Stock,Finance,Major Banks,6188283198.0,39253549.25836836,,United States
MDA,,MDA Space Ltd. Common Shares,Consumer Discretionary,Electronic Components,6202234738.0,39088382.30254763,2026.0,
COLM,,Columbia Sportswear Company Common Stock,Consumer Discretionary,Apparel,3384497615.0,39081174.032937914,1998.0,United States
BLBD,,Blue Bird Corporation Common Stock,Consumer Discretionary,Construction/Ag Equipment/Trucks,2144689337.0,39035030.417669386,2014.0,United States
MGNI,,Magnite Inc. Common Stock,Technology,Computer Software: Programming Data Processing,2052270993.0,38939361.67601631,,United States
OPLN,,OPENLANE Inc. Common Stock,Consumer Discretionary,Retail-Auto Dealers and Gas Stations,4036546639.0,38901774.3741535,,United States
NATL,,NCR Atleos Corporation Common Stock,Miscellaneous,Office Equipment/Supplies/Services,3290579838.0,38857284.12960597,2023.0,United States
ARCB,,ArcBest Corporation Common Stock,Industrials,Trucking Freight/Courier Services,3043236088.0,38851448.60363915,,United States
FTS,,Fortis Inc. Common Shares,Utilities,Electric Utilities: Central,28170328613.0,38778017.802374706,2016.0,United States
CBT,,Cabot Corporation Common Stock,Industrials,Major Chemicals,4517390202.0,38750214.68640282,,United States
AX,,Axos Financial Inc. Common Stock,Finance,Savings Institutions,4943843628.0,38287255.527568996,2018.0,United States
SBLK,,Star Bulk Carriers Corp. Common Shares,Consumer Discretionary,Marine Transportation,3039196588.0,38186517.086846486,,Greece
CVSA,,Covista Inc. Common Shares,Real Estate,Other Consumer Services,4008838489.0,38179345.37952968,,United States
ATEC,,Alphatec Holdings Inc. Common Stock,Health Care,Medical/Dental Instruments,1191867114.0,38083331.86620758,2006.0,United States
AGO,,Assured Guaranty Ltd. Common Stock,Finance,Property-Casualty Insurers,3286201653.0,38038674.14383661,2004.0,Bermuda
ACA,,Arcosa Inc. Common Stock,Industrials,Metal Fabrications,6222964137.0,37941513.287353516,2018.0,United States
ESTA,,Establishment Labs Holdings Inc. Common Shares,Health Care,Industrial Specialties,2080434269.0,37910266.33751279,2018.0,Costa Rica
ACAD,,ACADIA Pharmaceuticals Inc. Common Stock,Health Care,Biotechnology: Pharmaceutical Preparations,3708968944.0,37857486.29925138,1985.0,United States
OSS,,One Stop Systems Inc. Common Stock,Technology,Computer Manufacturing,450300729.0,37675142.45243981,2018.0,United States
RCI,,Rogers Communication Inc. Common Stock,Telecommunications,Cable & Other Pay Television Services,20825645917.0,37502748.71155875,,Canada
AMN,,AMN Healthcare Services Inc,Consumer Discretionary,Professional Services,1123631926.0,37475706.84567406,,United States
ANAB,,AnaptysBio Inc. Common Stock,Health Care,Biotechnology: Pharmaceutical Preparations,1620047214.0,37362446.82920547,2017.0,United States
DNLI,,Denali Therapeutics Inc. Common Stock,Health Care,Biotechnology: Biological Products (No Diagnostic Substances),3339252866.0,37344524.00378273,2017.0,United States
KN,,Knowles Corporation Common Stock,Consumer Staples,Consumer Electronics/Appliances,3200824291.0,37222527.93218522,2014.0,United States
PSMT,,PriceSmart Inc. Common Stock,Consumer Discretionary,Department/Specialty Retail Stores,5251990471.0,37211239.575413294,,United States
DJT,,Trump Media & Technology Group Corp. Common Stock,Technology,Computer Software: Programming Data Processing,2578440139.0,36988611.59534,2024.0,United States
NHI,,National Health Investors Inc. Common Stock,Real Estate,Real Estate Investment Trusts,3552445380.0,36868062.14080084,,United States
HOMB,,Home BancShares Inc. Common Stock,Finance,Major Banks,5389823199.0,36844307.47786931,2006.0,United States
PECO,,Phillips Edison & Company Inc. Common Stock,Real Estate,Real Estate Investment Trusts,5058900000.0,36835746.13367716,2021.0,United States
ERNA,,Ernexa Therapeutics Inc. Common Stock,Health Care,Biotechnology: Pharmaceutical Preparations,12328140.0,36754834.286077365,,United States
CUE,,Cue Biopharma Inc. Common Stock,Health Care,Biotechnology: Pharmaceutical Preparations,88600852.0,36626327.209009446,2018.0,United States
LCII,,LCI Industries,Consumer Discretionary,Auto Parts:O.E.M.,2647572722.0,36616076.226951964,1995.0,United States
AGL,,agilon health inc. Common Stock,Health Care,Misc Health and Biotechnology Services,1539579772.0,36552336.961228505,2021.0,United States
FUL,,H. B. Fuller Company Common Stock,Industrials,Home Furnishings,3491545800.0,36508627.251942955,,United States
TDOC,,Teladoc Health Inc. Common Stock,Health Care,Medical/Nursing Services,1373704592.0,36469404.24908229,2015.0,United States
CHEF,,The Chefs' Warehouse Inc. Common Stock,Consumer Discretionary,Food Distributors,3121119724.0,36410607.714189805,2011.0,United States
TMC,,TMC the metals company Inc. Common Stock,Basic Materials,Metal Mining,2620987885.0,36173506.77799951,,Canada
BNL,,Broadstone Net Lease Inc. Common Stock,Real Estate,Real Estate Investment Trusts,3879437408.0,36152030.97047351,2020.0,United States
CXT,,Crane NXT Co. Common Stock,Industrials,Metal Fabrications,2234945534.0,36130051.19231088,,United States
LLYVA,,Liberty Live Holdings Inc. Series A Liberty Live Group Common Stock,Consumer Discretionary,Services-Misc. Amusement & Recreation,8861866601.0,36096557.53606161,,United States
SHAZ,,SharonAI Holdings Inc. Class A Common Stock,Technology,EDP Services,1269716553.0,36090862.08972023,,United States
OII,,Oceaneering International Inc. Common Stock,Energy,Oilfield Services/Equipment,3813260869.0,35973484.17165847,,United States
RDY,,Dr. Reddy's Laboratories Ltd Common Stock,Health Care,Biotechnology: Pharmaceutical Preparations,11373626625.0,35950575.2774829,,India
AKTX,,Akari Therapeutics plc ADS,Health Care,Biotechnology: Pharmaceutical Preparations,18805581.0,35936908.08965365,,United Kingdom
AGYS,,Agilysys Inc. Common Stock (DE),Technology,EDP Services,2438103406.0,35928681.27942766,,United States
FSV,,FirstService Corporation Common Shares,Finance,Real Estate,6170752326.0,35907274.26092965,,Canada
DLO,,DLocal Limited Class A Common Shares,Consumer Discretionary,Business Services,3497892998.0,35894877.89037341,2021.0,Uruguay
CEVA,,CEVA Inc. Common Stock,Technology,Computer Software: Programming Data Processing,1113817573.0,35846398.06474958,,United States
VERA,,Vera Therapeutics Inc. Class A Common Stock,Health Care,Biotechnology: Pharmaceutical Preparations,2549728750.0,35783420.42957488,2021.0,United States
AUB,,Atlantic Union Bankshares Corporation Common Stock,Finance,Major Banks,5384011581.0,35736868.39763097,,United States
DFTX,,Definium Therapeutics Inc. Common Shares,Health Care,Medicinal Chemicals and Botanical Products,2638325481.0,35651511.99692317,,United States
BGC,,BGC Group Inc. Class A Common Stock,Finance,Investment Bankers/Brokers/Service,5006141857.0,35537914.37768028,,United States
NSA,,National Storage Affiliates Trust Common Shares of Beneficial Interest,Real Estate,Real Estate Investment Trusts,3293114532.0,35471868.476177394,2015.0,United States
ARXS,,Arxis Inc. Class A Common Stock,Industrials,Military/Government/Technical,18296708751.0,35450591.66219802,2026.0,United States
BCC,,Boise Cascade L.L.C. Common Stock,Consumer Discretionary,RETAIL: Building Materials,2453428394.0,35439369.72601754,2013.0,United States
MLYS,,Mineralys Therapeutics Inc. Common Stock,Health Care,Biotechnology: Pharmaceutical Preparations,2598690182.0,35430378.17351023,2023.0,United States
PAGS,,PagSeguro Digital Ltd. Class A Common Shares,Technology,EDP Services,2717836579.0,35402519.5648375,2018.0,Cayman Islands
ALG,,Alamo Group Inc. Common Stock,Industrials,Industrial Machinery/Components,1833890974.0,35269902.344621934,,United States
USAS,,Americas Gold and Silver Corporation Common Shares no par value,Basic Materials,Metal Mining,2013910723.0,35094012.99578122,2017.0,Canada
CIGI,,Colliers International Group Inc. Subordinate Voting Shares,Finance,Real Estate,4822156550.0,35058083.88399397,,Canada
HCAI,,Huachen AI Parking Management Technology Holding Co. Ltd. Class A Ordinary Shares,Consumer Discretionary,Miscellaneous manufacturing industries,9422536.0,35029367.775462925,2025.0,China
TGB,,Taseko Mines Ltd. Common Stock,Basic Materials,Precious Metals,2712997973.0,34785443.18484352,,Canada
AXGN,,Axogen Inc. Common Stock,Health Care,Biotechnology: Electromedical & Electrotherapeutic Apparatus,2099460492.0,34756921.89000448,,United States
GOVX,,GeoVax Labs Inc. Common Stock,Health Care,Biotechnology: Pharmaceutical Preparations,10733558.0,34743414.11793516,,United States
DVLT,,Datavault AI Inc. Common Stock,Technology,Semiconductors,427780998.0,34669751.16095046,2018.0,United States
BOKF,,BOK Financial Corporation Common Stock,Finance,Major Banks,7779846122.0,34567598.638661705,,United States
HTFL,,Heartflow Inc. Common Stock,Health Care,Medical/Dental Instruments,2671740851.0,34400927.83057803,2025.0,United States
BETA,,Beta Technologies Inc. Class A Common Stock,Industrials,Aerospace,4232065388.0,34382960.17712184,2025.0,United States
PACS,,PACS Group Inc. Common Stock,Health Care,Hospital/Nursing Management,5800682580.0,34285323.808424816,2024.0,United States
DAN,,Dana Incorporated Common Stock,Consumer Discretionary,Auto Parts:O.E.M.,3832626102.0,34269762.24116371,,United States
ENVA,,Enova International Inc. Common Stock,Finance,Finance: Consumer Services,4019159553.0,34227517.881992884,2014.0,United States
CNO,,CNO Financial Group Inc. Common Stock,Finance,Accident &Health Insurance,4291230683.0,34104456.23363313,,United States
MBC,,MasterBrand Inc. Common Stock,Consumer Discretionary,Home Furnishings,1110906241.0,33889869.41941125,2022.0,United States
SKT,,Tanger Inc. Common Stock,Real Estate,Real Estate Investment Trusts,4143571946.0,33853951.98402405,1993.0,United States
PHG,,Koninklijke Philips N.V. NY Registry Shares,Health Care,Medical Electronics,25104514968.0,33832558.401271276,,Netherlands
DEI,,Douglas Emmett Inc. Common Stock,Real Estate,Real Estate Investment Trusts,1949528508.0,33648819.791871026,2006.0,United States
HUBG,,Hub Group Inc. Class A Common Stock,Industrials,Integrated Freight & Logistics,2540316805.0,33587843.611163184,1996.0,United States
CLBT,,Cellebrite DI Ltd. Ordinary Shares,Technology,Computer Software: Prepackaged Software,3674248504.0,33534454.396415893,,Israel
LIF,,Life360 Inc. Common Stock,Technology,EDP Services,3443036551.0,33522125.721159436,2024.0,United States
STAA,,STAAR Surgical Company Common Stock,Health Care,Ophthalmic Goods,1488178116.0,33465245.95155262,,United States
GCT,,GigaCloud Technology Inc Class A Ordinary Shares,Consumer Discretionary,Catalog/Specialty Distribution,1325821068.0,33431415.29597328,2022.0,United States
GOLF,,Acushnet Holdings Corp. Common Stock,Consumer Discretionary,Recreational Games/Products/Toys,5198428825.0,33245179.446919758,2016.0,United States
LLYVK,,Liberty Live Holdings Inc. Series C Liberty Live Group Common Stock,Consumer Discretionary,Services-Misc. Amusement & Recreation,9117638914.0,33213404.072897773,,United States
AEG,,Aegon Ltd. New York Registry Shares,Finance,Life Insurance,16054273789.0,33112988.19986525,,Netherlands
CVBF,,CVB Financial Corporation Common Stock,Finance,Major Banks,3592627791.0,32966339.589872815,,United States
SNDX,,Syndax Pharmaceuticals Inc. Common Stock,Health Care,Biotechnology: Pharmaceutical Preparations,1735594621.0,32792979.14910998,2016.0,United States
DCO,,Ducommun Incorporated Common Stock,Industrials,Military/Government/Technical,2296323791.0,32784586.218915667,,United States
IRON,,Disc Medicine Inc. Common Stock,Health Care,Biotechnology: Pharmaceutical Preparations,2657510622.0,32707425.514293853,,United States
GENI,,Genius Sports Limited Ordinary Shares,Consumer Discretionary,Services-Misc. Amusement & Recreation,1507486031.0,32679344.575975053,2021.0,Guernsey
FULT,,Fulton Financial Corporation Common Stock,Finance,Major Banks,4145687480.0,32472809.543046497,,United States
CALX,,Calix Inc Common Stock,Consumer Discretionary,Telecommunications Equipment,2535346385.0,32412314.79170663,2010.0,United States
TRMD,,TORM plc Class A Common Stock,Consumer Discretionary,Marine Transportation,2760302939.0,32360326.127152216,,United Kingdom
BHF,,Brighthouse Financial Inc. Common Stock,Finance,Life Insurance,3593233852.0,32349809.77577936,,United States
SDRL,,Seadrill Limited Common Shares,Energy,Oil & Gas Production,2949564062.0,32268735.053743634,2022.0,Bermuda
KNSA,,Kiniksa Pharmaceuticals International plc Class A Ordinary Shares,Health Care,Biotechnology: Pharmaceutical Preparations,3722261214.0,32112496.695800055,2018.0,United States
SFD,,Smithfield Foods Inc. Common Stock,Consumer Staples,Meat/Poultry/Fish,10163517703.0,32040152.493258886,2025.0,United States
CLMT,,Calumet Inc. Common Stock,Energy,Integrated oil Companies,3091109304.0,32004916.190274555,2006.0,United States
UBSI,,United Bankshares Inc. Common Stock,Finance,Major Banks,5981836792.0,31867360.637083508,,United States
SLGN,,Silgan Holdings Inc. Common Stock,Industrials,Containers/Packaging,3969331710.0,31830398.13281468,2022.0,United States
DORM,,Dorman Products Inc. Common Stock,Consumer Discretionary,Auto Parts:O.E.M.,3703075213.0,31795231.677355085,,United States
GFF,,Griffon Corporation Common Stock,Industrials,Building Products,4035346195.0,31752006.74224127,,United States
GIB,,CGI Inc. Common Stock,Consumer Discretionary,Professional Services,14755548591.0,31731083.626992363,,Canada
STN,,Stantec Inc Common Stock,Consumer Discretionary,Military/Government/Technical,8617761472.0,31660098.82391067,,Canada
ASM,,Avino Silver & Gold Mines Ltd. Common Shares (Canada),Basic Materials,Metal Mining,1245869929.0,31572965.48619043,,Canada
FG,,F&G Annuities & Life Inc. Common Stock,Finance,Life Insurance,3672483923.0,31535305.64695994,2022.0,United States
BBVA,,Banco Bilbao Vizcaya Argentaria S.A. Common Stock,Finance,Commercial Banks,133532777893.0,31526296.018700372,,Spain
LMAT,,LeMaitre Vascular Inc. Common Stock,Health Care,Medical/Dental Instruments,2162822446.0,31487787.788536437,2006.0,United States
MSGE,,Madison Square Garden Entertainment Corp. Class A Common Stock,Consumer Discretionary,Services-Misc. Amusement & Recreation,3336438154.0,31480813.132258825,2023.0,United States
HTGC,,Hercules Capital Inc. Common Stock,Finance,Investment Managers,2890982216.0,31461562.32520058,2012.0,United States
CBRL,,Cracker Barrel Old Country Store Inc Common Stock,Consumer Discretionary,Restaurants,755911598.0,31385454.098002117,1981.0,United States
DV,,DoubleVerify Holdings Inc. Common Stock,Technology,Computer Software: Programming Data Processing,1488602633.0,31333864.16140965,2021.0,United States
GCTS,,GCT Semiconductor Holding Inc. Common Stock,Technology,Semiconductors,279984065.0,31314828.018575054,2021.0,United States
TNK,,Teekay Tankers Ltd.,Consumer Discretionary,Marine Transportation,2437195410.0,31313140.00683739,2007.0,Bermuda
EBC,,Eastern Bankshares Inc. Common Stock,Finance,Savings Institutions,4560453343.0,31292836.34362902,2020.0,United States
AZTA,,Azenta Inc.,Technology,Industrial Machinery/Components,1054603356.0,31236611.455045428,,United States
ABCB,,Ameris Bancorp Common Stock,Finance,Major Banks,5756216266.0,31104680.19202096,1994.0,United States
ORC,,Orchid Island Capital Inc. Common Stock,Real Estate,Real Estate Investment Trusts,1353967532.0,31101948.28873589,2013.0,United States
PS,,Pershing Square Inc. Common Stock,Finance,Investment Managers,15836000000.0,31019705.735651653,2026.0,
SPSC,,SPS Commerce Inc. Common Stock,Technology,Computer Software: Prepackaged Software,2083445839.0,30904358.62048921,2010.0,United States
VIDA,,VIDA Global Inc. Class A Common Stock,Technology,Computer Software: Prepackaged Software,48211106.0,30804649.447164536,2026.0,
HURN,,Huron Consulting Group Inc. Common Stock,Consumer Discretionary,Professional Services,1740988316.0,30792004.416874476,2004.0,United States
LMB,,Limbach Holdings Inc. Common Stock,Consumer Discretionary,Engineering & Construction,923286639.0,30568892.11480277,,United States
CCOI,,Cogent Communications Holdings Inc.,Consumer Discretionary,Telecommunications Equipment,889379295.0,30518441.719436646,,United States
XRX,,Xerox Holdings Corporation Common Stock,Technology,Computer peripheral equipment,423715060.0,30443581.619950704,,United States
AAMI,,Acadian Asset Management Inc. Common Stock,Finance,Investment Managers,2576332122.0,30370211.88161941,2014.0,United Kingdom
ULCC,,Frontier Group Holdings Inc. Common Stock,Consumer Discretionary,Air Freight/Delivery Services,1390225477.0,30351355.958647955,2021.0,United States
HE,,Hawaiian Electric Industries Inc. Common Stock,Utilities,Electric Utilities: Central,2296053799.0,30218160.334137507,,United States
RVLV,,Revolve Group Inc. Class A Common Stock,Consumer Discretionary,Catalog/Specialty Distribution,1402488643.0,30159761.231522333,2019.0,United States
RUSHA,,Rush Enterprises Inc. Common Stock Cl A,Consumer Discretionary,Retail-Auto Dealers and Gas Stations,5387793135.0,30147478.348105293,,United States
TALO,,Talos Energy Inc. Common Stock,Energy,Oil & Gas Production,2448801750.0,30110248.08327357,2018.0,United States
CMBT,,CMB.TECH NV Ordinary Shares,Consumer Discretionary,Marine Transportation,4888174199.0,30082341.821130116,2015.0,
DCH,,Dauch Corporation Common Stock,Consumer Discretionary,Auto Parts:O.E.M.,1576115100.0,29998657.409549896,,United States
LEG,,Leggett & Platt Incorporated Common Stock,Consumer Discretionary,Home Furnishings,1401161323.0,29970637.68913178,,United States
AVNS,,Avanos Medical Inc. Common Stock,Health Care,Industrial Specialties,1161254866.0,29945396.975662597,2014.0,United States
ENOV,,Enovis Corporation Common Stock,Health Care,Industrial Specialties,1305519836.0,29938891.180737812,,United States
WDFC,,WD-40 Company Common Stock,Industrials,Major Chemicals,2690676738.0,29800756.81108747,1973.0,United States
SOBO,,South Bow Corporation Common Shares,Energy,Natural Gas Distribution,7500703187.0,29779359.27432832,2024.0,Canada
DSGX,,Descartes Systems Group Inc. (The) Common Stock,Technology,Computer Software: Prepackaged Software,6345739514.0,29766505.636996314,,Canada
BRC,,Brady Corporation Common Stock,Consumer Discretionary,Miscellaneous manufacturing industries,4055468963.0,29760949.561854772,,United States
BWIN,,The Baldwin Insurance Group Inc. Class A Common Stock,Finance,Specialty Insurers,2768663278.0,29760783.912903924,2019.0,United States
MGEE,,MGE Energy Inc,Energy,Electric Utilities: Central,2775109861.0,29737623.121316094,,United States
ALKT,,Alkami Technology Inc. Common Stock,Technology,Computer Software: Prepackaged Software,1944538392.0,29683572.259199053,2021.0,United States
SEM,,Select Medical Holdings Corporation Common Stock,Health Care,Hospital/Nursing Management,2046277200.0,29583930.666514806,2009.0,United States
TROX,,Tronox Holdings plc Ordinary Shares (UK),Industrials,Major Chemicals,1268216547.0,29581422.649079278,,United States
GSIT,,GSI Technology Common Stock,Technology,Semiconductors,359148065.0,29564219.21331542,2007.0,United States
BOH,,Bank of Hawaii Corporation Common Stock,Finance,Major Banks,3034969902.0,29502684.68893142,,United States
CPSH,,CPS Technologies Corp. Common Stock,Consumer Discretionary,Building Materials,162422806.0,29406652.03703812,,United States
CVI,,CVR Energy Inc. Common Stock,Energy,Integrated oil Companies,3339626499.0,29258965.401685804,2007.0,United States
NXXT,,NextNRG Inc. Common Stock,Consumer Discretionary,Retail-Auto Dealers and Gas Stations,101038881.0,29193454.203774247,2021.0,United States
HHH,,Howard Hughes Holdings Inc. Common Stock,Real Estate,Real Estate Investment Trusts,3777217713.0,29183192.854454406,,United States
ICFI,,ICF International Inc. Common Stock,Consumer Discretionary,Professional Services,1246291751.0,29044008.739162628,2006.0,United States
PRGO,,Perrigo Company plc Ordinary Shares,Health Care,Biotechnology: Pharmaceutical Preparations,1528963859.0,28981076.396024793,,United States
PEB,,Pebblebrook Hotel Trust Common Shares of Beneficial Interest,Real Estate,Real Estate Investment Trusts,1728880834.0,28980516.21823538,2009.0,United States
GMRS,,GMR Solutions Inc. Class A Common Stock,Consumer Discretionary,Transportation Services,2789312950.0,28933320.29663722,2026.0,
GO,,Grocery Outlet Holding Corp. Common Stock,Consumer Staples,Food Chains,841831939.0,28932841.39957428,2019.0,United States
LB,,LandBridge Company LLC Class A Shares Representing Limited Liability Company Interests,Energy,Oil & Gas Production,5405053341.0,28908011.55976795,2024.0,
NUAI,,New Era Energy & Digital Inc. Common Stock,Energy,Oil & Gas Production,483157727.0,28890602.28552137,,United States
CREG,,Smart Powerr Corp. Common Stock,Consumer Discretionary,Business Services,6692586.0,28821473.229740564,,China
MFG,,Mizuho Financial Group Inc. Sponosred ADR (Japan),Finance,Major Banks,112701171356.0,28773168.540009998,,Japan
INDI,,indie Semiconductor Inc. Class A Common Stock,Technology,Semiconductors,1132249653.0,28691034.825893812,,United States
ARDX,,Ardelyx Inc. Common Stock,Health Care,Biotechnology: Pharmaceutical Preparations,1492057497.0,28427976.96855636,2014.0,United States
WVE,,Wave Life Sciences Ltd. Ordinary Shares,Health Care,Biotechnology: Pharmaceutical Preparations,1266006489.0,28403444.3995612,2015.0,Singapore
UNFI,,United Natural Foods Inc. Common Stock,Consumer Discretionary,Food Distributors,3119613403.0,28362121.93479992,2019.0,United States
LINC,,Lincoln Educational Services Corporation Common Stock,Real Estate,Other Consumer Services,1469304121.0,28355376.56486148,2005.0,United States
HLIO,,Helios Technologies Inc. Common Stock,Industrials,Metal Fabrications,2745821886.0,28071501.26393636,2021.0,United States
APAM,,Artisan Partners Asset Management Inc. Class A Common Stock,Finance,Investment Managers,3034802609.0,28039458.134224303,2013.0,United States
CLOV,,Clover Health Investments Corp. Class A Common Stock,Health Care,Medical Specialities,2096203610.0,28009320.746164095,,United States
TBBB,,BBB Foods Inc. Class A Common Shares,Consumer Staples,Food Chains,4457357375.0,27951636.947468348,2024.0,Mexico
RUM,,Rumble Inc. Class A Common Stock,Technology,Computer Software: Programming Data Processing,4005724233.0,27872071.666247506,2021.0,United States
REYN,,Reynolds Consumer Products Inc. Common Stock,Consumer Discretionary,Containers/Packaging,4567329060.0,27804868.534578595,2020.0,United States
AQN,,Algonquin Power & Utilities Corp. Common Shares,Utilities,Electric Utilities: Central,4532105900.0,27792951.119411558,2016.0,United States
GPRE,,Green Plains Inc. Common Stock,Industrials,Major Chemicals,1097372827.0,27717163.99575188,,United States
ECO,,Okeanis Eco Tankers Corp. Common Stock,Consumer Discretionary,Marine Transportation,1843298163.0,27680012.50110808,,
HCI,,HCI Group Inc. Common Stock,Finance,Property-Casualty Insurers,1966673969.0,27668835.344877698,,United States
ABSI,,Absci Corporation Common Stock,Health Care,Biotechnology: Commercial Physical & Biological Resarch,1052359128.0,27574619.320247285,2021.0,United States
RNST,,Renasant Corporation Common Stock,Finance,Major Banks,3757320726.0,27525578.611482892,2023.0,United States
AVNT,,Avient Corporation Common Stock,Industrials,Major Chemicals,3248374115.0,27522033.868317377,,United States
ECVT,,Ecovyst Inc. Common Stock,Industrials,Major Chemicals,1443691454.0,27479825.90574991,2017.0,United States
DRVN,,Driven Brands Holdings Inc. Common Stock,Consumer Discretionary,Automotive Aftermarket,2282671903.0,27425715.43416523,2021.0,United States
WTI,,W&T Offshore Inc. Common Stock,Energy,Oil & Gas Production,547501929.0,27380692.535508245,2005.0,United States
AZZ,,AZZ Inc.,Industrials,Industrial Specialties,4067159739.0,27380562.44921003,,United States
HTO,,H2O America Common Stock,Utilities,Water Supply,2419621484.0,27349796.182686944,,United States
NEXT,,NextDecade Corporation Common Stock,Utilities,Oil & Gas Production,2096094527.0,27279529.550316222,2015.0,United States
HYLN,,Hyliion Holdings Corp. Class A Common Stock,Consumer Discretionary,Construction/Ag Equipment/Trucks,1246507408.0,27278743.23397137,2019.0,United States
AVA,,Avista Corporation Common Stock,Utilities,Power Generation,3427015692.0,27142716.8468657,,United States
NRGV,,Energy Vault Holdings Inc. Common Stock,Miscellaneous,Industrial Machinery/Components,900143300.0,27050028.15274511,2021.0,United States
RLJ,,RLJ Lodging Trust Common Shares of Beneficial Interest $0.01 par value,Real Estate,Real Estate Investment Trusts,1478276234.0,27021716.504918963,2011.0,United States
MOBX,,Mobix Labs Inc. Class A Common Stock,Technology,Semiconductors,32250953.0,27001762.843524273,2021.0,United States
ADUS,,Addus HomeCare Corporation Common Stock,Health Care,Medical/Nursing Services,1711186664.0,26977433.910515197,2009.0,United States
MICC,,The Magnum Ice Cream Company N.V. Ordinary Shares,Consumer Staples,Specialty Foods,9918607772.0,26976137.958403997,2025.0,
LC,,LendingClub Corporation Common Stock,Finance,Finance: Consumer Services,2059014011.0,26973717.666344415,2014.0,United States
ATOM,,Atomera Incorporated Common Stock,Technology,Semiconductors,386390670.0,26911673.304473788,2016.0,United States
BXMT,,Blackstone Mortgage Trust Inc. Common Stock,Real Estate,Real Estate Investment Trusts,3083534746.0,26887258.311326165,,United States
CAE,,CAE Inc. Ordinary Shares,Miscellaneous,Industrial Machinery/Components,8298802864.0,26872785.53269704,,Canada
WSFS,,WSFS Financial Corporation Common Stock,Finance,Major Banks,3718547087.0,26798353.24699765,,United States
CBZ,,CBIZ Inc. Common Stock,Consumer Discretionary,Business Services,1781137902.0,26738550.732412793,,United States
SONO,,Sonos Inc. Common Stock,Consumer Staples,Consumer Electronics/Appliances,1879850428.0,26729401.204958417,2018.0,United States
ANDE,,Andersons Inc. (The) Common Stock,Industrials,Farming/Seeds/Milling,2403875813.0,26720315.199352447,,United States
SLDE,,Slide Insurance Holdings Inc. Common Stock,Finance,Property-Casualty Insurers,2065503205.0,26672492.943082538,2025.0,United States
TSSI,,TSS Inc. Common Stock,Consumer Discretionary,Professional Services,462658795.0,26668451.18108931,,United States
UNIT,,Uniti Group Inc. Common Stock,Real Estate,Real Estate Investment Trusts,2724391615.0,26577275.58590117,,United States
CDNL,,Cardinal Infrastructure Group Inc. Class A Common Stock,Industrials,Military/Government/Technical,2224361314.0,26544030.32190232,2025.0,United States
ATEN,,A10 Networks Inc. Common Stock,Telecommunications,Computer Communications Equipment,2170024995.0,26446598.96371024,2014.0,United States
TH,,Target Hospitality Corp. Common Stock,Consumer Discretionary,Hotels/Resorts,1728803690.0,26405492.1829814,2018.0,United States
NTST,,NetSTREIT Corp. Common Stock,Real Estate,Real Estate Investment Trusts,1970499898.0,26392582.11292085,2020.0,United States
ELVN,,Enliven Therapeutics Inc. Common Stock,Health Care,Biotechnology: Pharmaceutical Preparations,2410008713.0,26370506.607164655,2020.0,United States
SA,,Seabridge Gold Inc. Ordinary Shares (Canada),Basic Materials,Precious Metals,3671018449.0,26350146.126837958,,Canada
BMA,,Banco Macro S.A.  ADR (representing Ten Class B Common Shares),Finance,Commercial Banks,5804385143.0,26216954.581378754,,Argentina
KFY,,Korn Ferry Common Stock,Consumer Discretionary,Diversified Commercial Services,3631058348.0,26153822.9641324,1999.0,United States
ZD,,Ziff Davis Inc. Common Stock,Telecommunications,Telecommunications Equipment,1660171478.0,26152118.679518927,,United States
PTRN,,Pattern Group Inc. Series A Common Stock,Consumer Discretionary,Catalog/Specialty Distribution,3323313737.0,26116199.406719208,2025.0,United States
OCUL,,Ocular Therapeutix Inc. Common Stock,Health Care,Biotechnology: Pharmaceutical Preparations,1972832826.0,26081666.83355059,2014.0,United States
MTVA,,MetaVia Inc. Common Stock,Health Care,Biotechnology: Pharmaceutical Preparations,14666811.0,26046476.670486588,2016.0,United States
IE,,Ivanhoe Electric Inc. Common Stock,Basic Materials,Metal Mining,2130604842.0,26009330.84609168,2022.0,Canada
PAC,,Grupo Aeroportuario Del Pacifico S.A. B. de C.V. Grupo Aeroportuario Del Pacifico S.A. de C.V. (each representing 10 Series B shares),Consumer Discretionary,Aerospace,11939706380.0,25999342.756943475,2006.0,Mexico
WRLD,,World Acceptance Corporation Common Stock,Finance,Finance: Consumer Services,815029354.0,25990837.143743604,1991.0,United States
BLZE,,Backblaze Inc. Class A Common Stock,Technology,Computer Software: Prepackaged Software,496800000.0,25946842.803812027,2021.0,United States
PUK,,Prudential Public Limited Company Common Stock,Finance,Life Insurance,36744336274.0,25945104.826473054,,United Kingdom
KT,,KT Corporation Common Stock,Telecommunications,Telecommunications Equipment,8592628045.0,25931062.65685672,,South Korea
TRN,,Trinity Industries Inc. Common Stock,Industrials,Railroads,2579158517.0,25848721.57632737,,United States
PHIN,,PHINIA Inc. Common Stock,Consumer Discretionary,Auto Parts:O.E.M.,2860208311.0,25843403.315880187,2023.0,United States
ATRC,,AtriCure Inc. Common Stock,Health Care,Medical/Dental Instruments,1401235640.0,25716378.768766493,2005.0,United States
QDEL,,QuidelOrtho Corporation Common Stock,Health Care,Biotechnology: In Vitro & In Vivo Diagnostic Substances,887846677.0,25685257.841959454,,United States
BOT,,RoboStrategy Inc. Common Stock,,,,25577030.45216969,,Puerto Rico
MNKD,,MannKind Corporation Common Stock,Health Care,Biotechnology: Pharmaceutical Preparations,1164742126.0,25576035.537581217,2004.0,United States
URGN,,UroGen Pharma Ltd. Ordinary Shares,Health Care,Biotechnology: Pharmaceutical Preparations,1370541449.0,25518007.67326355,2017.0,Israel
GLIBK,,Liberty Capital Corporation Series C GCI Group Common Stock,Telecommunications,Cable & Other Pay Television Services,892674716.0,25510629.752322607,,United States
OI,,O-I Glass Inc. Common Stock,Consumer Discretionary,Containers/Packaging,1341371176.0,25486467.610400062,,United States
MHO,,M/I Homes Inc. Common Stock,Consumer Discretionary,Homebuilding,3368170147.0,25418942.79207502,1993.0,United States
MAN,,ManpowerGroup Common Stock,Consumer Discretionary,Professional Services,1471027227.0,25381117.126510255,,United States
MUX,,McEwen Inc. Common Stock,Basic Materials,Precious Metals,1311974085.0,25357168.197086878,,Canada
FELE,,Franklin Electric Co. Inc. Common Stock,Consumer Discretionary,Metal Fabrications,4346647984.0,25314389.350927442,,United States
WLFC,,Willis Lease Finance Corporation Common Stock,Consumer Discretionary,Industrial Specialties,1357627581.0,25223434.509277344,1996.0,United States
PRVA,,Privia Health Group Inc. Common Stock,Health Care,Medical/Nursing Services,2710526165.0,25210435.80046154,2021.0,United States
CNA,,CNA Financial Corporation Common Stock,Finance,Property-Casualty Insurers,11378551736.0,25197924.226597376,,United States
SII,,Sprott Inc. Common Shares,Finance,Finance: Consumer Services,3380058000.0,25161631.562877838,2020.0,
TBBK,,The Bancorp Inc Common Stock,Finance,Major Banks,2296555655.0,25158081.133688062,2004.0,United States
AGIO,,Agios Pharmaceuticals Inc. Common Stock,Health Care,Biotechnology: Pharmaceutical Preparations,1748465305.0,25077465.51771618,2013.0,United States
BKV,,BKV Corporation Common Stock,Energy,Oil & Gas Production,2903120656.0,25042026.89725785,2024.0,United States
PRA,,ProAssurance Corporation Common Stock,Finance,Property-Casualty Insurers,1238069347.0,25024383.559072584,,United States
AAUC,,Allied Gold Corporation Common Shares,,,3294803000.0,24988566.591144744,2025.0,
MBX,,MBX Biosciences Inc. Common Stock,Health Care,Biotechnology: Pharmaceutical Preparations,1497894458.0,24928230.67598797,2024.0,United States
HNI,,HNI Corporation Common Stock,Consumer Discretionary,Office Equipment/Supplies/Services,2245458801.0,24887365.10786329,,United States
GOLD,,Gold.com Inc. Common Stock,Industrials,Other Specialty Stores,1227175064.0,24861826.45152864,,United States
PVLA,,Palvella Therapeutics Inc. Common Stock,Health Care,Biotechnology: Pharmaceutical Preparations,1699053300.0,24764885.739462715,,United States
TYRA,,Tyra Biosciences Inc. Common Stock,Health Care,Biotechnology: Pharmaceutical Preparations,1986905429.0,24726584.182121642,2021.0,United States
SAH,,Sonic Automotive Inc. Common Stock,Consumer Discretionary,Retail-Auto Dealers and Gas Stations,2611130990.0,24679886.495572045,1997.0,United States
VCIG,,VCI Global Limited Ordinary Share,Consumer Discretionary,Diversified Commercial Services,31219988.0,24658786.938927572,2023.0,Malaysia
WIT,,Wipro Limited Common Stock,Technology,EDP Services,24714241076.0,24646045.038026854,,India
SGRY,,Surgery Partners Inc. Common Stock,Health Care,Hospital/Nursing Management,1747462643.0,24585631.293183282,2015.0,United States
INDB,,Independent Bank Corp. Common Stock,Finance,Major Banks,3821707859.0,24539091.311027892,,United States
NG,,Novagold Resources Inc.,Basic Materials,Precious Metals,3760349862.0,24537072.054722197,2003.0,Canada
DBD,,Diebold Nixdorf Incorporated Common stock,Miscellaneous,Office Equipment/Supplies/Services,2809747727.0,24518556.02075486,2023.0,United States
CUBI,,Customers Bancorp Inc Common Stock,Finance,Major Banks,2541617112.0,24509719.610559374,,United States
DYN,,Dyne Therapeutics Inc. Common Stock,Health Care,Biotechnology: Pharmaceutical Preparations,3195515677.0,24505523.751930963,2020.0,United States
INTA,,Intapp Inc. Common Stock,Technology,Computer Software: Prepackaged Software,1779352229.0,24387071.17312295,2021.0,United States
KOD,,Kodiak Sciences Inc Common Stock,Health Care,Biotechnology: Biological Products (No Diagnostic Substances),2297254569.0,24370858.664122082,2018.0,United States
ACVA,,ACV Auctions Inc. Class A Common Stock,Consumer Discretionary,Business Services,1147022754.0,24269871.017644517,2025.0,United States
SNDA,,Sonida Senior Living Inc. Common Stock,Health Care,Hospital/Nursing Management,1673690185.0,24221756.592232842,,United States
MCY,,Mercury General Corporation Common Stock,Finance,Property-Casualty Insurers,5429747105.0,24184918.491399854,,United States
CRVS,,Corvus Pharmaceuticals Inc. Common Stock,Health Care,Biotechnology: Pharmaceutical Preparations,1043562162.0,24045828.822081428,2016.0,United States
RCUS,,Arcus Biosciences Inc. Common Stock,Health Care,Biotechnology: Pharmaceutical Preparations,3187091925.0,23920106.8913596,2018.0,United States
CATY,,Cathay General Bancorp Common Stock,Finance,Major Banks,3865265489.0,23838060.57771955,,United States
GRND,,Grindr Inc. Common Stock,Technology,Computer Software: Programming Data Processing,2221574713.0,23714423.04093043,2021.0,Singapore
CON,,Concentra Group Holdings Parent Inc. Common Stock,Health Care,Medical Specialities,3182409469.0,23642252.39523933,2024.0,United States
BLMN,,Bloomin' Brands Inc. Common Stock,Consumer Discretionary,Restaurants,722584582.0,23640772.44100798,2012.0,United States
NEOG,,Neogen Corporation Common Stock,Health Care,Biotechnology: In Vitro & In Vivo Diagnostic Substances,1952527178.0,23608968.58761651,1989.0,United States
NTCT,,NetScout Systems Inc. Common Stock,Technology,EDP Services,2975630848.0,23541095.13179234,1999.0,United States
BHVN,,Biohaven Ltd. Common Shares,Health Care,Biotechnology: Pharmaceutical Preparations,1657076455.0,23427981.111008782,2022.0,United States
CRAI,,CRA International Inc. Common Stock,Consumer Discretionary,Other Consumer Services,896746523.0,23388786.832682293,1998.0,United States
FFIN,,First Financial Bankshares Inc. Common Stock,Finance,Major Banks,4682453472.0,23353502.791368395,,United States
HRMY,,Harmony Biosciences Holdings Inc. Common Stock,Health Care,Biotechnology: Pharmaceutical Preparations,1828829635.0,23304728.620184034,2020.0,United States
SBH,,Sally Beauty Holdings Inc. (Name to be changed from Sally Holdings Inc.) Common Stock,Consumer Discretionary,Other Specialty Stores,1267024694.0,23273343.10870852,,United States
NMRK,,Newmark Group Inc. Class A Common Stock,Finance,Real Estate,2480062206.0,23214573.119095393,2017.0,United States
TIC,,TIC Solutions Inc. Common Stock,Consumer Discretionary,Business Services,1805918075.0,23199736.31679444,2025.0,United States
IMNM,,Immunome Inc. Common Stock,Health Care,Biotechnology: Pharmaceutical Preparations,2472256101.0,23193078.24487232,2020.0,United States
SBCF,,Seacoast Banking Corporation of Florida Common Stock,Finance,Major Banks,2947549659.0,23129214.260927837,,United States
OTF,,Blue Owl Technology Finance Corp. Common Stock,,,5139954886.0,23128453.575302307,2025.0,United States
NB,,NioCorp Developments Ltd. Common Stock,Basic Materials,Metal Mining,840037267.0,23116691.352117628,,United States
VSTS,,Vestis Corporation Common Stock,Consumer Discretionary,Consumer Specialties,1706797659.0,23033688.079139166,2023.0,United States
BLKB,,Blackbaud Inc. Common Stock,Technology,Computer Software: Prepackaged Software,1409656333.0,23005371.597417194,2004.0,United States
FFBC,,First Financial Bancorp. Common Stock,Finance,Major Banks,3227627544.0,22993631.54470353,,United States
HWKN,,Hawkins Inc. Common Stock,Consumer Discretionary,Specialty Chemicals,3229767600.0,22921079.840669177,,United States
OMCL,,Omnicell Inc. Common Stock ($0.001 par value),Technology,Computer Manufacturing,2007439043.0,22911683.835983276,2001.0,United States
AORT,,Artivion Inc. Common Stock,Health Care,Medical/Dental Instruments,1077176937.0,22883509.632837206,,United States
BBT,,Beacon Financial Corporation Common stock,Finance,Banks,2438209942.0,22871973.657162983,,United States
BKKT,,Bakkt Inc. Class A Common Stock,Finance,Finance: Consumer Services,1421376103.0,22864745.538139343,,United States
IDYA,,IDEAYA Biosciences Inc. Common Stock,Health Care,Biotechnology: Pharmaceutical Preparations,2589261312.0,22825521.47343045,2019.0,United States
DGII,,Digi International Inc. Common Stock,Telecommunications,Computer Communications Equipment,2518506893.0,22760276.649747577,1989.0,United States
ALRM,,Alarm.com Holdings Inc. Common Stock,Technology,Computer Software: Prepackaged Software,2231166899.0,22721102.7482714,2015.0,United States
PAM,,Pampa Energia S.A.,Utilities,Electric Utilities: Central,4649604479.0,22688408.9973813,,Argentina
FWRD,,Forward Air Corporation Common Stock,Industrials,Integrated Freight & Logistics,334592987.0,22682715.08857636,,United States
HUBC,,Hub Cyber Security Ltd. Ordinary Shares,Telecommunications,Computer Communications Equipment,314169.0,22643579.34338514,,Israel
METC,,Ramaco Resources Inc. Class A Common Stock,Energy,Coal Mining,1017379611.0,22553380.745510828,2017.0,United States
NMIH,,NMI Holdings Inc. Common Stock,Finance,Property-Casualty Insurers,2727390887.0,22513752.051253546,2013.0,United States
PN,,Skycorp Solar Group Limited Class A Ordinary Shares,Technology,Retail: Computer Software & Peripheral Equipment,53669063.0,22459423.432470504,2025.0,China
GHM,,Graham Corporation Common Stock,Industrials,Industrial Machinery/Components,1168916495.0,22451536.436535064,1978.0,United States
VZLA,,Vizsla Silver Corp. Common Shares,Basic Materials,Precious Metals,1356055480.0,22434328.24686255,2024.0,Canada
CLDX,,Celldex Therapeutics Inc.,Health Care,Biotechnology: In Vitro & In Vivo Diagnostic Substances,2467005823.0,22413189.957718622,,United States
VCEL,,Vericel Corporation Common Stock,Health Care,Biotechnology: Biological Products (No Diagnostic Substances),1702104039.0,22362260.58118911,,United States
LBTYA,,Liberty Global Ltd. Class A Common Shares,Telecommunications,Cable & Other Pay Television Services,4229587202.0,22327274.773266204,,United Kingdom
EROK,,EagleRock Land LLC Class A shares representing limited liability company interests,Energy,Oil & Gas Production,2900486228.0,22326860.99421761,2026.0,
RHLD,,Resolute Holdings Management Common Stock,Finance,Finance: Consumer Services,982470449.0,22317851.59156436,,United States
PRDO,,Perdoceo Education Corporation Common Stock,Real Estate,Other Consumer Services,2030327447.0,22305681.047639392,,United States
ADNT,,Adient plc Ordinary Shares,Consumer Discretionary,Auto Parts:O.E.M.,1792530027.0,22266715.264720008,2016.0,United States
YMAT,,J-Star Holding Co. Ltd. Class A Ordinary Shares,Consumer Discretionary,Recreational Games/Products/Toys,27469207.0,22247847.186888542,2025.0,Taiwan
PWRL,,Powerlaw Corp. Common Stock,,,,22160649.51909383,,United States
ARX,,Accelerant Holdings Class A Common Shares,Finance,Specialty Insurers,3480311373.0,22156356.80060614,2025.0,Cayman Islands
PFS,,Provident Financial Services Inc Common Stock,Finance,Savings Institutions,2891660715.0,22114172.183917817,2003.0,United States
BKE,,Buckle Inc. (The) Common Stock,Consumer Discretionary,Clothing/Shoe/Accessory Stores,2363134605.0,22104689.483497255,,United States
ARLO,,Arlo Technologies Inc. Common Stock,Consumer Staples,Consumer Electronics/Appliances,1448854959.0,21952805.135595232,2018.0,United States
ARIS,,Aris Mining Corporation Common Shares,,,3742032000.0,21791110.08049193,2023.0,
EVLV,,Evolv Technologies Holdings Inc. Class A Common Stock,Technology,Computer peripheral equipment,1160170595.0,21755231.62017096,2020.0,United States
E,,ENI S.p.A. Common Stock,Energy,Oil & Gas Production,82067634173.0,21737223.879278272,,Italy
WKC,,World Kinect Corporation Common Stock,Energy,Oil Refining/Marketing,1479550543.0,21730375.526110332,,United States
AIM,,AIM ImmunoTech Inc. Common Stock,Health Care,Biotechnology: Biological Products (No Diagnostic Substances),6730943.0,21658311.14097273,,
BZH,,Beazer Homes USA Inc. Common Stock,Consumer Discretionary,Homebuilding,694005817.0,21633976.984114874,1994.0,United States
SMA,,SmartStop Self Storage REIT Inc. Common Stock,Real Estate,Real Estate Investment Trusts,1730165469.0,21623579.232161384,2025.0,United States
LNN,,Lindsay Corporation Common Stock,Industrials,Industrial Machinery/Components,1136141135.0,21567945.130666096,,United States
HLF,,Herbalife Ltd. Common Shares,Health Care,Other Pharmaceuticals,1239886215.0,21402184.203315917,2004.0,Cayman Islands
DRH,,Diamondrock Hospitality Company Common Stock,Real Estate,Real Estate Investment Trusts,2247351595.0,21390737.1766817,2005.0,United States
PAYO,,Payoneer Global Inc. Common Stock,Consumer Discretionary,Business Services,1740849053.0,21389460.129394986,,United States
AMRC,,Ameresco Inc. Class A Common Stock,Consumer Discretionary,Engineering & Construction,1905191984.0,21333155.25504521,2010.0,United States
MD,,Pediatrix Medical Group Inc. Common Stock,Health Care,Hospital/Nursing Management,1768905963.0,21333031.003189087,,United States
ALIT,,Alight Inc. Class A Common Stock,Consumer Discretionary,Business Services,506243119.0,21306616.455798775,2021.0,United States
PSNL,,Personalis Inc. Common Stock,Health Care,Medical Specialities,1193820517.0,21303903.37860698,2019.0,United States
JJSF,,J & J Snack Foods Corp. Common Stock,Consumer Staples,Specialty Foods,1427510026.0,21288188.47431001,1986.0,United States
VERX,,Vertex Inc. Class A Common Stock,Technology,Computer Software: Prepackaged Software,2160256029.0,21271915.797256287,2020.0,United States
SILA,,Sila Realty Trust Inc. Common Stock,Real Estate,Real Estate Investment Trusts,1670650834.0,21227939.7152492,2024.0,United States
FTRE,,Fortrea Holdings Inc. Common Stock,Health Care,Medical Specialities,1455894000.0,21226756.189900354,,United States
STRA,,Strategic Education Inc. Common Stock,Real Estate,Other Consumer Services,1735540766.0,21148566.256350562,1996.0,United States
NUTX,,Nutex Health Inc. Common Stock,Consumer Discretionary,Business Services,888449678.0,21097898.88374692,,United States
TRS,,TriMas Corporation Common Stock,Industrials,Industrial Specialties,1466427147.0,21075318.320337933,2007.0,United States
NUVB,,Nuvation Bio Inc. Class A Common Stock,Health Care,Biotechnology: Pharmaceutical Preparations,1664405421.0,21048438.29929715,2020.0,United States
SHO,,Sunstone Hotel Investors Inc. Sunstone Hotel Investors Inc. Common Shares,Consumer Discretionary,Hotels/Resorts,2015671541.0,20996954.166807447,2004.0,United States
TLRY,,Tilray Brands Inc. Common Stock,Health Care,Medicinal Chemicals and Botanical Products,642039526.0,20968548.759103958,2018.0,United States
OMDA,,Omada Health Inc. Common Stock,Health Care,Medical/Nursing Services,1068289671.0,20883776.465524945,2025.0,United States
ZVRA,,Zevra Therapeutics Inc. Common Stock,Health Care,Biotechnology: Pharmaceutical Preparations,685143824.0,20882428.93392926,,United States
BELFA,,Bel Fuse Inc. Class A Common Stock,,,3116299853.0,20866183.886137463,,United States
BFLY,,Butterfly Network Inc. Class A Common Stock,Health Care,Medical Electronics,1188777158.0,20743552.761064257,2020.0,United States
PRCH,,Porch Group Inc. Common Stock,Technology,Computer Software: Prepackaged Software,1330795281.0,20733890.64199811,2020.0,United States
BZAI,,Blaize Holdings Inc. Common Stock,Finance,Blank Checks,250447051.0,20681550.046000592,2025.0,United States
LZ,,LegalZoom.com Inc. Common Stock,Technology,EDP Services,1079664436.0,20661469.832751863,2021.0,United States
AGM,,Federal Agricultural Mortgage Corporation Common Stock,Finance,Finance Companies,1928843354.0,20622324.681599934,,United States
CERT,,Certara Inc. Common Stock,Technology,Computer Software: Prepackaged Software,905386019.0,20573337.33107703,2020.0,United States
ATEX,,Anterix Inc. Common Stock,Telecommunications,Telecommunications Equipment,1199279554.0,20528530.79328991,2015.0,United States
OCTV,,Octave Intelligence plc Class B Ordinary Shares,Technology,Computer Software: Prepackaged Software,4617133600.0,20464420.027065277,,United States
MGRC,,McGrath RentCorp Common Stock,Consumer Discretionary,Diversified Commercial Services,2676987312.0,20462471.677798316,1984.0,United States
IBOC,,International Bancshares Corporation Common Stock,Finance,Major Banks,4486998567.0,20461980.869511195,,United States
UCB,,United Community Banks Inc. Common Stock,Finance,Major Banks,3943674887.0,20410569.574664887,2024.0,United States
GILT,,Gilat Satellite Networks Ltd. Ordinary Shares,Technology,Radio And Television Broadcasting And Communications Equipment,1295836177.0,20284094.3026361,,Israel
ENLT,,Enlight Renewable Energy Ltd. Ordinary Shares,Utilities,Electric Utilities: Central,14979080925.0,20257282.830483574,2023.0,Israel
TRVI,,Trevi Therapeutics Inc. Common Stock,Health Care,Biotechnology: Pharmaceutical Preparations,2007593071.0,20257003.427900586,2019.0,United States
RKTO,,Rocket One Inc. Common Stock,Health Care,Biotechnology: Pharmaceutical Preparations,30692847.0,20247608.352316562,2019.0,United States
AMRX,,Amneal Pharmaceuticals Inc. Class A Common Stock,Health Care,Biotechnology: Pharmaceutical Preparations,4201530171.0,20213774.648135047,,United States
SFNC,,Simmons First National Corporation Class A Common Stock,Finance,Major Banks,3111627283.0,20187283.74905359,,United States
NIC,,Nicolet Bankshares Inc. Common Stock,Finance,Major Banks,2981004714.0,20116407.69297282,2022.0,United States
GERN,,Geron Corporation Common Stock,Health Care,Biotechnology: Pharmaceutical Preparations,801901218.0,20101187.869710013,1996.0,United States
TNET,,TriNet Group Inc. Common Stock,Consumer Discretionary,Business Services,2098751292.0,20036355.36475409,2014.0,United States
CLFD,,Clearfield Inc. Common Stock,Utilities,Telecommunications Equipment,641694301.0,19994084.143384296,,United States
WSBC,,WesBanco Inc. Common Stock,Finance,Major Banks,3332656404.0,19980038.676071167,,United States
KB,,KB Financial Group Inc,Finance,Commercial Banks,36375138520.0,19941829.435439337,,South Korea
VET,,Vermilion Energy Inc. Common (Canada),Energy,Oil & Gas Production,1705116000.0,19924292.092541285,,Canada
TRT,,Trio-Tech International Common Stock,Technology,Industrial Machinery/Components,128531133.0,19908871.639551435,1998.0,United States
CURB,,Curbline Properties Corp. Common Stock,Finance,Real Estate,3074361091.0,19843769.976025537,2024.0,United States
DRUG,,Bright Minds Biosciences Inc. Common Stock,Health Care,Biotechnology: Pharmaceutical Preparations,864148212.0,19750024.34147426,,Canada
SNAL,,Snail Inc. Class A Common Stock,Technology,Computer Software: Prepackaged Software,38547339.0,19689833.341955572,2022.0,United States
ALMS,,Alumis Inc. Common Stock,Health Care,Biotechnology: Pharmaceutical Preparations,2753826768.0,19688410.096050445,2024.0,United States
MITK,,Mitek Systems Inc. Common Stock,Technology,Computer peripheral equipment,775829060.0,19664718.68168513,,United States
SBFM,,Sunshine Biopharma Inc. Common Stock,Health Care,Biotechnology: Pharmaceutical Preparations,1246601.0,19664521.03845335,,Canada
ABAT,,American Battery Technology Company Common Stock,Basic Materials,Metal Mining,492456016.0,19604762.899602026,,United States
HNRG,,Hallador Energy Company Common Stock,Energy,Coal Mining,907731350.0,19539457.11705344,,United States
WBI,,WaterBridge Infrastructure LLC Class A Shares Representing Limited Liability Company Interests,Energy,Oilfield Services/Equipment,3611094113.0,19522319.275020417,2025.0,
COTY,,Coty Inc. Class A Common Stock,Consumer Discretionary,Package Goods/Cosmetics,1875393513.0,19502354.927112374,2013.0,United States
BRSL,,Brightstar Lottery PLC Trading under the Legal Name to begin at the market open on July 21 2025. Ordinary Shares,Consumer Discretionary,Services-Misc. Amusement & Recreation,2071935000.0,19475120.17322268,2015.0,United States
MX,,Magnachip Semiconductor Corporation Common Stock,Technology,Semiconductors,320679515.0,19344386.192639668,2011.0,Luxembourg
CABA,,Cabaletta Bio Inc. Common Stock,Health Care,Biotechnology: Biological Products (No Diagnostic Substances),616347129.0,19337143.59393347,2019.0,United States
MTX,,Minerals Technologies Inc. Common Stock,Basic Materials,Major Chemicals,2388292693.0,19307785.46465919,1992.0,United States
BH,,Biglari Holdings Inc. Class B Common Stock,Consumer Discretionary,Restaurants,666452912.0,19303031.865946453,2018.0,United States
GNL,,Global Net Lease Inc. Common Stock,Real Estate,Real Estate Investment Trusts,1985797696.0,19245326.303795405,2015.0,United States
NOMD,,Nomad Foods Limited Ordinary Shares,Consumer Staples,Packaged Foods,1440752973.0,19196843.027973175,2016.0,United Kingdom
PLAY,,Dave & Buster's Entertainment Inc. Common Stock,Consumer Discretionary,Restaurants,464465845.0,19057451.75371624,2014.0,United States
DOO,,BRP Inc. Common Subordinate Voting Shares,Consumer Discretionary,Industrial Specialties,4224315075.0,19004737.71807353,,Canada
FLOC,,Flowco Holdings Inc. Class A Common Stock,Consumer Discretionary,Oil and Gas Field Machinery,2113179280.0,18945193.461608887,2025.0,United States
NHC,,National HealthCare Corporation Common Stock,Health Care,Hospital/Nursing Management,2880574193.0,18932910.484531946,1986.0,United States
AVLN,,Avalyn Pharma Inc. Common Stock,Health Care,Biotechnology: Pharmaceutical Preparations,1203350713.0,18925939.103989374,2026.0,United States
INV,,Innventure Inc. Common Stock,Finance,Blank Checks,447958507.0,18916785.11897269,,United States
WGO,,Winnebago Industries Inc. Common Stock,Industrials,Homebuilding,839211216.0,18869241.26241775,,United States
PAHC,,Phibro Animal Health Corporation Class A Common Stock,Health Care,Biotechnology: Pharmaceutical Preparations,1248987606.0,18772550.851295106,2014.0,United States
SKE,,Skeena Resources Limited Common Shares,Basic Materials,Precious Metals,3752291412.0,18768376.016108196,2021.0,
SKK,,SKK Holdings Limited Class A Ordinary Shares,Industrials,Water Sewer Pipeline Comm & Power Line Construction,9733499.0,18753564.167012487,2024.0,Singapore
KURA,,Kura Oncology Inc. Common Stock,Health Care,Biotechnology: Pharmaceutical Preparations,905498523.0,18741095.044276826,,United States
TNC,,Tennant Company Common Stock,Industrials,Industrial Machinery/Components,1467219937.0,18649398.73933338,,United States
CNS,,Cohen & Steers Inc Common Stock,Finance,Investment Managers,3587294848.0,18635360.19250779,2004.0,United States
ATAI,,AtaiBeckley Inc. Common Stock,Health Care,Biotechnology: Pharmaceutical Preparations,1667795033.0,18572605.068127315,2008.0,Germany
GBDC,,Golub Capital BDC Inc. Common Stock,Finance,Finance: Consumer Services,3428116582.0,18482595.809550513,2010.0,United States
MNRO,,Monro Inc. Common Stock,Consumer Discretionary,Automotive Aftermarket,493915626.0,18449903.572137017,1991.0,United States
SPRC,,SciSparc Ltd. Ordinary Shares,Health Care,Biotechnology: Pharmaceutical Preparations,5623514.0,18439377.112581618,,Israel
CTS,,CTS Corporation Common Stock,Technology,Electrical Products,1835950751.0,18401782.057753064,,United States
LGIH,,LGI Homes Inc. Common Stock,Consumer Discretionary,Homebuilding,1110735259.0,18334530.527351014,2013.0,United States
SENEA,,Seneca Foods Corp. Class A Common Stock,Consumer Staples,Packaged Foods,973001623.0,18333999.338495165,,United States
PLUS,,ePlus inc. Common Stock,Technology,Retail: Computer Software & Peripheral Equipment,2166565332.0,18284981.462678455,1996.0,United States
ODD,,ODDITY Tech Ltd. Class A Ordinary Shares,Consumer Discretionary,Package Goods/Cosmetics,765431814.0,18276472.370283943,2023.0,Israel
TRIN,,Trinity Capital Inc. Common Stock,Finance,Finance: Consumer Services,1515505796.0,18268027.196766082,2021.0,United States
UA,,Under Armour Inc. Class C Common Stock,Consumer Discretionary,Apparel,2442841631.0,18264518.73463002,2016.0,United States
CXM,,Sprinklr Inc. Class A Common Stock,Technology,Computer Software: Prepackaged Software,1305546122.0,18244590.244304568,2021.0,United States
GHC,,Graham Holdings Company Common Stock,Real Estate,Other Consumer Services,4726120202.0,18194772.463262647,,United States
CADL,,Candel Therapeutics Inc. Common Stock,Health Care,Biotechnology: Biological Products (No Diagnostic Substances),608142984.0,18070532.669319425,2021.0,United States
NGVT,,Ingevity Corporation Common Stock,Industrials,Major Chemicals,2358216016.0,18035391.4667402,2016.0,United States
PAY,,Paymentus Holdings Inc. Class A Common Stock,Consumer Discretionary,Business Services,2954791526.0,18000453.459040325,2021.0,United States
AUUD,,Auddia Inc. Common Stock,Technology,EDP Services,7563311.0,17975848.765146166,2021.0,United States
GDYN,,Grid Dynamics Holdings Inc. Class A Common Stock,Technology,Computer Software: Prepackaged Software,602107589.0,17926679.528792698,2018.0,United States
GSHD,,Goosehead Insurance Inc. Class A Common Stock,Finance,Specialty Insurers,1224492197.0,17898791.018912904,2018.0,United States
NNI,,Nelnet Inc. Common Stock,Finance,Finance: Consumer Services,4691905383.0,17827495.214298792,2003.0,United States
INVA,,Innoviva Inc. Common Stock,Health Care,Biotechnology: Pharmaceutical Preparations,1580983404.0,17819732.079860143,2004.0,United States
BATRK,,Atlanta Braves Holdings Inc. Series C Common Stock,Consumer Discretionary,Services-Misc. Amusement & Recreation,3181533522.0,17810869.695227485,,United States
IAUX,,i-80 Gold Corp. Common Shares,Basic Materials,Precious Metals,1396522857.0,17765672.166985556,2022.0,Canada
ORBS,,Eightco Holdings Inc. Common Stock,,,359415093.0,17763645.798994813,,United States
NEXA,,Nexa Resources S.A. Common Shares,Basic Materials,Metal Mining,2005126460.0,17760760.04186812,2017.0,Luxembourg
HLX,,Helix Energy Solutions Group Inc. Common Stock,Energy,Oilfield Services/Equipment,1377218460.0,17734759.723413557,,United States
WAFD,,WaFd Inc. Common Stock,Finance,Major Banks,2627474349.0,17710053.375807263,,United States
SFL,,SFL Corporation Ltd,Consumer Discretionary,Marine Transportation,1596195514.0,17692532.319373176,,Bermuda
IART,,Integra LifeSciences Holdings Corporation Common Stock,Health Care,Medical/Dental Instruments,1247862324.0,17685671.721944354,,United States
CCS,,Century Communities Inc. Common Stock,Consumer Discretionary,Homebuilding,1519594743.0,17613458.790751867,2014.0,United States
VYX,,NCR Voyix Corporation Common Stock,Miscellaneous,Office Equipment/Supplies/Services,990833588.0,17606712.03796296,,United States
ASTH,,Astrana Health Inc. Common Stock,Consumer Discretionary,Professional Services,2096044196.0,17593596.220979236,,United States
ALNT,,Allient Inc. Common Stock,Industrials,Electrical Products,1345443890.0,17590835.244569324,,United States
NSSC,,NAPCO Security Technologies Inc. Common Stock,Telecommunications,Telecommunications Equipment,1340846958.0,17582523.80480085,,United States
EFC,,Ellington Financial Inc. Common Stock,Finance,Real Estate,1701591478.0,17579664.634227753,2010.0,United States
ALH,,Alliance Laundry Holdings Inc. Common Stock,Industrials,Industrial Machinery/Components,5014868463.0,17513759.51013111,2025.0,United States
MLAB,,Mesa Laboratories Inc. Common Stock,Industrials,Industrial Machinery/Components,563641422.0,17459993.661462694,,United States
EVTC,,Evertec Inc. Common Stock,Technology,EDP Services,1507849818.0,17429153.3456984,2013.0,Puerto Rico
NRIX,,Nurix Therapeutics Inc. Common stock,Health Care,Biotechnology: Pharmaceutical Preparations,1836487239.0,17426031.41068504,2020.0,United States
STOK,,Stoke Therapeutics Inc. Common Stock,Health Care,Biotechnology: Pharmaceutical Preparations,1925125956.0,17372503.405253094,2019.0,United States
PRGS,,Progress Software Corporation Common Stock (DE),Technology,Computer Software: Prepackaged Software,1381440766.0,17348390.099470954,1991.0,United States
WSE,,Wise Group plc Class A Ordinary Shares,Industrials,Diversified Commercial Services,15831690594.0,17347763.351706095,,United Kingdom
DOLE,,Dole plc Ordinary Shares,Consumer Staples,Farming/Seeds/Milling,1331273711.0,17342975.195980072,2021.0,Ireland
ROOT,,Root Inc. Class A Common Stock,Finance,Property-Casualty Insurers,823916970.0,17281469.07036191,2020.0,United States
CBC,,Central Bancompany Inc. Class A Common Stock,,,6809415801.0,17255217.13256836,,United States
FWRG,,First Watch Restaurant Group Inc. Common Stock,Consumer Discretionary,Restaurants,716930013.0,17210243.640391033,2021.0,United States
EMA,,Emera Incorporated Common Shares,Utilities,Electric Utilities: Central,15957909735.0,17186867.924735658,2025.0,Canada
EFXT,,Enerflex Ltd Common Shares,Industrials,Industrial Machinery/Components,3041908494.0,17183995.765749615,2022.0,Canada
SPNT,,SiriusPoint Ltd. Common Shares,Finance,Property-Casualty Insurers,2509524476.0,17172344.360851105,2013.0,Bermuda
NAT,,Nordic American Tankers Limited Common Stock,Consumer Discretionary,Marine Transportation,1090515914.0,17166492.751934417,1995.0,Bermuda
MLTX,,MoonLake Immunotherapeutics Class A Ordinary Shares,Health Care,Biotechnology: Pharmaceutical Preparations,1411943295.0,17158744.82202984,2020.0,United States
MQ,,Marqeta Inc. Class A Common Stock,Technology,Computer Software: Prepackaged Software,1721563071.0,17138248.9744141,2021.0,United States
CNMD,,CONMED Corporation Common Stock,Health Care,Biotechnology: Electromedical & Electrotherapeutic Apparatus,1074898226.0,17110459.79221889,1987.0,United States
AHCO,,AdaptHealth Corp. Common Stock,Health Care,Medical/Nursing Services,1378228560.0,17108491.923686437,2018.0,United States
WD,,Walker & Dunlop Inc Common Stock,Finance,Finance: Consumer Services,1723084986.0,17097616.115697224,2010.0,United States
TAC,,TransAlta Corporation Ordinary Shares,Utilities,Electric Utilities: Central,4234716000.0,17082258.295245398,,Canada
PPLC,,PPL Corporation Corporate Units,Utilities,Electric Utilities: Central,36045105843.0,17007412.003944032,,United States
TBLA,,Taboola.com Ltd. Ordinary Shares,Technology,Computer Software: Programming Data Processing,1333822838.0,16964957.115424246,,Israel
UE,,Urban Edge Properties Common Shares of Beneficial Interest,Finance,Real Estate,2827888665.0,16955393.353861853,2015.0,United States
PRG,,PROG Holdings Inc. Common Stock,Consumer Discretionary,Diversified Commercial Services,1473210788.0,16877230.28758821,,United States
TILE,,Interface Inc. Common Stock,Consumer Discretionary,Home Furnishings,1718463283.0,16645824.49336279,,United States
PGEN,,Precigen Inc. Common Stock,Health Care,Biotechnology: Pharmaceutical Preparations,1547257653.0,16588936.02635974,,United States
LIND,,Lindblad Expeditions Holdings Inc. Common Stock,Consumer Discretionary,Transportation Services,1504861748.0,16544911.434455145,2013.0,United States
BJRI,,BJ's Restaurants Inc. Common Stock,Consumer Discretionary,Restaurants,988846274.0,16521268.368639264,,United States
SFBS,,ServisFirst Bancshares Inc. Common Stock,Finance,Major Banks,4263153566.0,16448291.648610434,,United States
FA,,First Advantage Corporation Common Stock,Technology,EDP Services,2744592752.0,16443382.078956421,2021.0,United States
ABM,,ABM Industries Incorporated Common Stock,Consumer Discretionary,Diversified Commercial Services,2286291949.0,16428823.068745932,,United States
UTZ,,Utz Brands Inc Class A Common Stock,Consumer Staples,Packaged Foods,1053245967.0,16401151.588948568,2018.0,United States
LIFE,,Ethos Technologies Inc. Class A Common Stock,Finance,Specialty Insurers,1190591552.0,16392742.385655358,2026.0,United States
JOE,,St. Joe Company (The) Common Stock,Real Estate,Homebuilding,3652982138.0,16354587.483360654,,United States
WINA,,Winmark Corporation Common Stock,Consumer Discretionary,Other Specialty Stores,1354398910.0,16322494.931466239,,United States
BOBS,,Bob's Discount Furniture Inc. Common Stock,Consumer Discretionary,Other Specialty Stores,1776533810.0,16272996.748361133,2026.0,
DDD,,3D Systems Corporation Common Stock,Technology,Computer Software: Prepackaged Software,524600979.0,16252098.566126823,,United States
GOF,,Guggenheim Strategic Opportunities Fund Common Shares of Beneficial Interest,Finance,Finance/Investors Services,,16250081.432492392,,United States
PD,,PagerDuty Inc. Common Stock,Technology,Computer Software: Prepackaged Software,845609655.0,16225109.128770374,2019.0,United States
CGEM,,Cullinan Therapeutics Inc. Common Stock,Health Care,Biotechnology: Biological Products (No Diagnostic Substances),1010370276.0,16214454.650229499,2021.0,United States
HELE,,Helen of Troy Limited Common Stock,Consumer Discretionary,Home Furnishings,631214114.0,16140753.876686096,,Bermuda
FLNG,,FLEX LNG Ltd. Ordinary Shares,Consumer Discretionary,Marine Transportation,1610330034.0,16130266.7256764,2019.0,
USLM,,United States Lime & Minerals Inc. Common Stock,Industrials,Mining & Quarrying of Nonmetallic Minerals (No Fuels),3269467563.0,16123023.936789377,,United States
OCS,,Oculis Holding AG Ordinary shares,Health Care,Biotechnology: Pharmaceutical Preparations,1316536665.0,16090116.620844886,,Switzerland
GBX,,Greenbrier Companies Inc. (The) Common Stock,Industrials,Railroads,1457517163.0,16073155.272801718,1994.0,United States
ZYME,,Zymeworks Inc. Common Stock,Health Care,Biotechnology: Pharmaceutical Preparations,1835069523.0,16031689.13644155,,United States
AMLX,,Amylyx Pharmaceuticals Inc. Common Stock,Health Care,Biotechnology: Pharmaceutical Preparations,1595523649.0,15879768.737152645,2022.0,United States
DIN,,Dine Brands Global Inc. Common Stock,Consumer Discretionary,Restaurants,398060792.0,15851670.449883597,,United States
SPRY,,ARS Pharmaceuticals Inc. Common Stock,Health Care,Biotechnology: Pharmaceutical Preparations,900680586.0,15851609.010299047,2020.0,United States
SVC,,Service Properties Trust Common Stock,Real Estate,Real Estate Investment Trusts,1158500460.0,15811142.133200737,,United States
ALOY,,REalloys Inc. Common Stock,Technology,EDP Services,560715642.0,15804051.20932261,,United States
BUSE,,First Busey Corporation Class A Common Stock,Finance,Major Banks,2314876869.0,15791720.035153344,,United States
TFIN,,Triumph Financial Inc. Common Stock,Finance,Major Banks,1696195526.0,15780782.171213059,,United States
SION,,Sionna Therapeutics Inc. Common Stock,Health Care,Biotechnology: Pharmaceutical Preparations,1933337131.0,15725071.459615799,2025.0,United States
XPRO,,Expro Group Holdings N.V. Common Stock,Energy,Oilfield Services/Equipment,1674848330.0,15717933.645575387,2013.0,United States
IVT,,InvenTrust Properties Corp. Common Stock,Real Estate,Real Estate Investment Trusts,2582014942.0,15713094.426963443,2021.0,United States
OLMA,,Olema Pharmaceuticals Inc. Common Stock,Health Care,Biotechnology: Pharmaceutical Preparations,1152113142.0,15707696.517358508,2020.0,United States
GSL,,Global Ship Lease Inc New Class A Common Shares,Consumer Discretionary,Marine Transportation,1308501629.0,15677807.871591477,,United Kingdom
PSEC,,Prospect Capital Corporation Common Stock,Finance,Finance: Consumer Services,1207428444.0,15675180.694813956,2004.0,United States
MEI,,Methode Electronics Inc. Common Stock,Technology,Electrical Products,408867058.0,15643325.512527283,,United States
FUBO,,FuboTV Inc. Class A Common Stock,Consumer Discretionary,Movies/Entertainment,1094039680.0,15632068.50121362,2020.0,United States
QTTB,,Q32 Bio Inc. Common Stock,Health Care,Biotechnology: Pharmaceutical Preparations,187368386.0,15524940.232385907,2018.0,United States
NIQ,,NIQ Global Intelligence plc Ordinary Shares,Technology,Computer Software: Programming Data Processing,2461437092.0,15431833.997431256,2025.0,United States
AMSS,,AMASS Brands Inc. Common Stock,Consumer Staples,Beverages (Production/Distribution),58602522.0,15419581.951720374,,United States
COLL,,Collegium Pharmaceutical Inc. Common Stock,Health Care,Biotechnology: Pharmaceutical Preparations,1090099312.0,15412102.264404297,2015.0,United States
GRDN,,Guardian Pharmacy Services Inc. Class A Common Stock,Consumer Staples,Retail-Drug Stores and Proprietary Stores,2453041361.0,15392922.144353958,2024.0,United States
UPBD,,Upbound Group Inc. Common Stock,Consumer Discretionary,Diversified Commercial Services,1119822476.0,15370806.021917434,,United States
SXC,,SunCoke Energy Inc. Common Stock,Industrials,Steel/Iron Ore,764527314.0,15307612.069511414,2011.0,United States
PHAT,,Phathom Pharmaceuticals Inc. Common Stock,Health Care,Biotechnology: Pharmaceutical Preparations,764859589.0,15298496.433212643,2019.0,United States
TRMK,,Trustmark Corporation Common Stock,Finance,Major Banks,2588020956.0,15284682.373246692,,United States
HG,,Hamilton Insurance Group Ltd. Class B Common Shares,Finance,Property-Casualty Insurers,2951606849.0,15254097.229521615,2023.0,Bermuda
BSAC,,Banco Santander - Chile ADS,Finance,Commercial Banks,15042712072.0,15145359.28609939,,Chile
SLVM,,Sylvamo Corporation Common Stock,Basic Materials,Paper,1560438061.0,15125852.19245184,2021.0,United States
BANF,,BancFirst Corporation Common Stock,Finance,Major Banks,3704242622.0,15105427.008129302,1993.0,United States
KODK,,Eastman Kodak Company Common New,Consumer Discretionary,Industrial Machinery/Components,968192000.0,15040120.82024983,,United States
LTC,,LTC Properties Inc. Common Stock,Real Estate,Real Estate Investment Trusts,1914698269.0,15038428.69081043,,United States
VLN,,Valens Semiconductor Ltd. Ordinary Shares,Technology,Semiconductors,371683231.0,15035477.435828391,,
TGLS,,Tecnoglass Inc. Ordinary Shares,Consumer Discretionary,Electronic Components,1911679921.0,15014671.01914542,2022.0,Colombia
OTLK,,Outlook Therapeutics Inc. Common Stock,Health Care,Biotechnology: Biological Products (No Diagnostic Substances),88230174.0,15005695.248933705,2016.0,United States
GLUE,,Monte Rosa Therapeutics Inc. Common Stock,Health Care,Biotechnology: Biological Products (No Diagnostic Substances),1665089329.0,14962184.753581455,2021.0,United States
GRBK,,Green Brick Partners Inc. Common Stock,Consumer Discretionary,Homebuilding,2902018995.0,14951825.67758106,2021.0,United States
CASH,,Pathward Financial Inc. Common Stock,Finance,Major Banks,1736089196.0,14949637.904975528,1993.0,United States
ROCK,,Gibraltar Industries Inc. Common Stock,Industrials,Steel/Iron Ore,1146433169.0,14899481.481770108,1993.0,United States
MRTN,,Marten Transport Ltd. Common Stock,Industrials,Trucking Freight/Courier Services,1406596687.0,14851679.50004396,1986.0,United States
LZB,,La-Z-Boy Incorporated Common Stock,Consumer Discretionary,Home Furnishings,1537913022.0,14851646.398253668,,United States
DJCO,,Daily Journal Corp. (S.C.) Common Stock,Consumer Discretionary,Newspapers/Magazines,712447601.0,14831687.304251535,,United States
URG,,Ur Energy Inc Common Shares (Canada),Basic Materials,Precious Metals,643677602.0,14813511.152038688,,Canada
NAK,,Northern Dynasty Minerals Ltd. Common Stock,Basic Materials,Precious Metals,1316731231.0,14783612.3543745,,Canada
INMD,,InMode Ltd. Ordinary Shares,Health Care,Biotechnology: Electromedical & Electrotherapeutic Apparatus,882587388.0,14775445.60345241,2019.0,Israel
VRTS,,Virtus Investment Partners Inc. Common Stock,Finance,Investment Managers,955743910.0,14774754.610988071,,United States
PSO,,Pearson Plc Common Stock,Consumer Discretionary,Books,9422154941.0,14769119.123481568,,United Kingdom
BIYA,,Baiya International Group Inc. Ordinary Shares,Consumer Discretionary,Diversified Commercial Services,2050226.0,14758290.158267532,2025.0,China
QUIK,,QuickLogic Corporation Common Stock,Technology,Semiconductors,377800228.0,14705614.808409555,1999.0,United States
DHC,,Diversified Healthcare Trust Common Shares of Beneficial Interest,Real Estate,Real Estate Investment Trusts,2014329624.0,14692811.037440527,,United States
AMST,,Amesite Inc. Common Stock,Technology,Computer Software: Prepackaged Software,8252709.0,14668213.46194801,2020.0,United States
FJET,,Starfighters Space Inc. Common Stock,Consumer Discretionary,Air Freight/Delivery Services,329537831.0,14666802.149468377,2025.0,United States
PCRX,,Pacira BioSciences Inc. Common Stock,Health Care,Biotechnology: Pharmaceutical Preparations,913658795.0,14657432.725888208,2011.0,United States
APEI,,American Public Education Inc. Common Stock,Real Estate,Other Consumer Services,907452351.0,14608978.59642392,2007.0,United States
BBBY,,Bed Bath & Beyond Inc. Common Stock,Consumer Discretionary,Catalog/Specialty Distribution,453242974.0,14581314.603564853,,United States
NBN,,Northeast Bank Common Stock,Finance,Major Banks,1022266200.0,14551313.459777832,,United States
TFSL,,TFS Financial Corporation Common Stock,Finance,Savings Institutions,4461675363.0,14548087.809426444,2007.0,United States
DLX,,Deluxe Corporation Common Stock,Consumer Discretionary,Publishing,1112094842.0,14543722.282291595,,United States
ASC,,Ardmore Shipping Corporation Common Stock,Consumer Discretionary,Marine Transportation,656106033.0,14525840.119171143,2013.0,
RGNX,,REGENXBIO Inc. Common Stock,Health Care,Biotechnology: Biological Products (No Diagnostic Substances),362400323.0,14515814.075649353,2015.0,United States
PRLB,,Proto Labs Inc. Common stock,Industrials,Metal Fabrications,1802636849.0,14506443.182482038,2012.0,United States
CCRN,,Cross Country Healthcare Inc. Common Stock $0.0001 Par Value,Consumer Discretionary,Professional Services,423234532.0,14505764.03739566,2001.0,United States
TSHA,,Taysha Gene Therapies Inc. Common Stock,Health Care,Biotechnology: Biological Products (No Diagnostic Substances),1686809187.0,14471682.878653208,2020.0,United States
UZX,,Linkage Global Inc. Class A Ordinary Shares,Consumer Discretionary,Catalog/Specialty Distribution,9320706.0,14462545.520220768,2023.0,Japan
NVEC,,NVE Corporation Common Stock,Technology,Semiconductors,473752038.0,14441572.544788178,,United States
SNGX,,Soligenix Inc. Common Stock,Health Care,Biotechnology: Pharmaceutical Preparations,13489998.0,14418573.962343166,,United States
DSGN,,Design Therapeutics Inc. Common Stock,Health Care,Biotechnology: Pharmaceutical Preparations,654549088.0,14405310.569758642,2021.0,United States
DAC,,Danaos Corporation Common Stock,Consumer Discretionary,Marine Transportation,2279257105.0,14400196.44408453,2006.0,Greece
PHGE,,BiomX Inc. COmmon Stock,Health Care,Biotechnology: Biological Products (No Diagnostic Substances),12784610.0,14394785.10044643,2019.0,
ARI,,Apollo Commercial Real Estate Finance Inc,Real Estate,Real Estate Investment Trusts,1456032734.0,14316878.659221103,2009.0,United States
GEMI,,Gemini Space Station Inc. Class A Common Stock,Finance,Investment Bankers/Brokers/Service,628657947.0,14302591.136212576,2025.0,United States
DFIN,,Donnelley Financial Solutions Inc. Common Stock,Consumer Discretionary,Other Consumer Services,991550464.0,14283768.930598667,2016.0,United States
MCRI,,Monarch Casino & Resort Inc. Common Stock,Consumer Discretionary,Hotels/Resorts,2134556794.0,14255595.5464681,1993.0,United States
TSLX,,Sixth Street Specialty Lending Inc. Common Stock,Finance,Investment Managers,1637187708.0,14254344.85964094,2014.0,
TTI,,Tetra Technologies Inc. Common Stock,Energy,Oil & Gas Production,1385039557.0,14251563.95726885,,United States
FBK,,FB Financial Corporation Common Stock,Finance,Major Banks,2714771213.0,14245068.164116995,2016.0,United States
ETON,,Eton Pharmaceuticals Inc. Common Stock,Health Care,Biotechnology: Pharmaceutical Preparations,834097301.0,14239716.669936407,2018.0,United States
TEN,,Tsakos Energy Navigation Ltd Common Shares,Consumer Discretionary,Marine Transportation,1132195321.0,14213639.501698812,,Greece
LBTYK,,Liberty Global Ltd. Class C Common Shares,Telecommunications,Cable & Other Pay Television Services,4111253428.0,14167172.022265479,,United Kingdom
ALLO,,Allogene Therapeutics Inc. Common Stock,Health Care,Biotechnology: Biological Products (No Diagnostic Substances),748985397.0,14150919.101369381,2018.0,United States
AGRO,,Adecoagro S.A. Common Shares,Consumer Staples,Farming/Seeds/Milling,1750461693.0,14144261.513237726,2011.0,Luxembourg
JAN,,Janus Living Inc. Class A-1 Common Stock,Real Estate,Real Estate Investment Trusts,7044278574.0,14142692.171323868,2026.0,
HAFN,,Hafnia Limited Common Shares,Consumer Discretionary,Transportation Services,3823326983.0,14132161.399384907,2024.0,
JANX,,Janux Therapeutics Inc. Common Stock,Health Care,Biotechnology: Pharmaceutical Preparations,889761725.0,14105214.579859234,2021.0,United States
BFC,,Bank First Corporation Common Stock,Finance,Major Banks,1551903754.0,14104683.345903669,,United States
NWBI,,Northwest Bancshares Inc. Common Stock,Finance,Major Banks,2070352312.0,14094269.229116894,2009.0,United States
CRNC,,Cerence Inc. Common Stock,Technology,Computer Software: Prepackaged Software,581115224.0,14083551.967198508,,United States
REA,,Rare Earths Americas Inc. Common Stock,Basic Materials,Metal Mining,423699009.0,14016998.32936393,2026.0,
EE,,Excelerate Energy Inc. Class A Common Stock,Utilities,Oil/Gas Transmission,3750522641.0,13995610.22255307,2022.0,United States
CDNA,,CareDx Inc. Common Stock,Health Care,Medical Specialities,1178869356.0,13994406.38436817,2014.0,United States
BLFS,,BioLife Solutions Inc. Common Stock,Health Care,Biotechnology: Electromedical & Electrotherapeutic Apparatus,1217526782.0,13992822.899827503,,United States
NBTB,,NBT Bancorp Inc. Common Stock,Finance,Major Banks,2404953128.0,13954983.590371268,,United States
WLY,,John Wiley & Sons Inc. Common Stock,Consumer Discretionary,Books,2159671672.0,13904095.082053775,,United States
AIN,,Albany International Corporation Common Stock,Consumer Discretionary,Textiles,1837196000.0,13896362.134697324,,United States
NEO,,NeoGenomics Inc. Common Stock,Health Care,Precision Instruments,1369827926.0,13890587.435804095,,United States
ABTC,,American Bitcoin Corp. Class A Common Stock,Technology,EDP Services,1201204922.0,13886253.751797903,2018.0,United States
ODV,,Osisko Development Corp. Common Shares,Basic Materials,Precious Metals,853219858.0,13863647.65901452,2022.0,Canada
SDOT,,Sadot Group Inc. Common Stock,Consumer Discretionary,Restaurants,2020200.0,13811889.990410522,2020.0,United States
HZO,,MarineMax Inc.  (FL) Common Stock,Consumer Discretionary,Auto & Home Supply Stores,758649624.0,13794610.589863006,1998.0,United States
TLK,,PT Telekomunikasi Indonesia Tbk,Telecommunications,Telecommunications Equipment,16266015966.0,13777346.16797311,,Indonesia
EMBC,,Embecta Corp. Common Stock,Health Care,Medical/Dental Instruments,200527548.0,13761308.09312548,,United States
PRK,,Park National Corporation Common Stock,Finance,Major Banks,3104565029.0,13719929.144723075,1994.0,United States
MFA,,MFA Financial Inc.,Real Estate,Real Estate Investment Trusts,975323827.0,13705689.118208203,,United States
EFSC,,Enterprise Financial Services Corporation Common Stock,Finance,Major Banks,2217465641.0,13680219.891030448,,United States
ACT,,Enact Holdings Inc. Common Stock,Finance,Specialty Insurers,5833915134.0,13637822.73902893,2021.0,United States
TGS,,Transportadora de Gas del Sur SA TGS Common Stock,Utilities,Natural Gas Distribution,4679162749.0,13573225.776299976,,Argentina
KRUS,,Kura Sushi USA Inc. Class A Common Stock,Consumer Discretionary,Restaurants,682589490.0,13555559.099433536,2019.0,United States
SLE,,Super League Enterprise Inc. Common Stock,Consumer Discretionary,Services-Misc. Amusement & Recreation,5184356.0,13534020.043353807,2019.0,United States
AB,,AllianceBernstein Holding L.P.  Units,Finance,Investment Managers,3469019100.0,13429457.626397269,,United States
GIII,,G-III Apparel Group LTD. Common Stock,Consumer Discretionary,Apparel,1363979649.0,13341551.197070166,1989.0,United States
NPKI,,NPK International Inc. Common Stock,Consumer Discretionary,Oil and Gas Field Machinery,1226170963.0,13331723.461986724,,United States
SANA,,Sana Biotechnology Inc. Common Stock,Health Care,Biotechnology: Biological Products (No Diagnostic Substances),918362247.0,13303437.32985769,2021.0,United States
BTGO,,BitGo Holdings Inc. Class A Common Stock,Finance,Finance: Consumer Services,696916048.0,13295810.897852127,2026.0,
CABO,,Cable One Inc. Common Stock,Telecommunications,Cable & Other Pay Television Services,298108425.0,13279237.9401979,2015.0,United States
PMAX,,Powell Max Limited Class A Ordinary Shares,Consumer Discretionary,Other Consumer Services,4597092.0,13275863.924038978,2024.0,Hong Kong
PDYN,,Palladyne AI Corp. Common Stock,Technology,Computer Software: Prepackaged Software,398268817.0,13231606.140967777,,United States
GTY,,Getty Realty Corporation Common Stock,Finance,Real Estate,1966992421.0,13157448.469743274,,United States
XMAX,,XMAX Inc. Common Stock,Consumer Discretionary,Home Furnishings,543799887.0,13155487.126554761,,United States
HOV,,Hovnanian Enterprises Inc. Class A Common Stock,Consumer Discretionary,Homebuilding,655339090.0,13140409.336635044,1983.0,United States
UMH,,UMH Properties Inc. Common Stock,Real Estate,Real Estate Investment Trusts,1279196249.0,13116423.344584873,1994.0,United States
MAZE,,Maze Therapeutics Inc. Common Stock,Health Care,Biotechnology: Biological Products (No Diagnostic Substances),1464435606.0,13107691.64995466,2025.0,United States
ASTE,,Astec Industries Inc. Common Stock,Industrials,Construction/Ag Equipment/Trucks,1157908847.0,13052811.51624407,1986.0,United States
CLVT,,Clarivate Plc Ordinary Shares,Technology,EDP Services,1617217770.0,13049259.551951999,2019.0,United Kingdom
XPEL,,XPEL Inc. Common Stock,Industrials,Industrial Specialties,1260088234.0,13024361.720439365,,United States
DFH,,Dream Finders Homes Inc. Class A Common Stock,Consumer Discretionary,Homebuilding,1415137779.0,12996822.38337653,2022.0,United States
RIGL,,Rigel Pharmaceuticals Inc. Common Stock,Health Care,Biotechnology: Pharmaceutical Preparations,564128419.0,12957854.96920631,2000.0,United States
GSBD,,Goldman Sachs BDC Inc. Common Stock,Finance,Investment Managers,1008618840.0,12953784.56443605,2015.0,United States
DPRO,,Draganfly Inc. Common Shares,Industrials,Aerospace,272624664.0,12947635.16792797,,Canada
FRHC,,Freedom Holding Corp. Common Stock,Finance,Investment Bankers/Brokers/Service,8739232209.0,12920330.881391253,,Kazakhstan
CDRE,,Cadre Holdings Inc. Common Stock,Health Care,Industrial Specialties,1332712624.0,12914840.641012646,2021.0,United States
IMKTA,,Ingles Markets Incorporated Class A Common Stock,Consumer Staples,Food Chains,1680242501.0,12868010.061754499,1987.0,United States
BZFD,,BuzzFeed Inc. Class A Common Stock,Consumer Discretionary,Telecommunications Equipment,128796725.0,12863417.034510488,2021.0,United States
TDAY,,USA TODAY Co. Inc. Common Stock,Consumer Discretionary,Newspapers/Magazines,1145743487.0,12861829.276781991,2014.0,United States
BCH,,Banco De Chile ADS,Finance,Commercial Banks,19228601406.0,12833738.091132754,,Chile
TREE,,LendingTree Inc. Common Stock,Finance,Finance: Consumer Services,533005288.0,12830444.69635373,,United States
MRLN,,Merlin Inc. Common Stock,Technology,EDP Services,777018619.0,12824666.208966574,2024.0,United States
IFS,,Intercorp Financial Services Inc. Common Shares,Finance,Commercial Banks,5712352443.0,12810642.58866083,2019.0,
MRVI,,Maravai LifeSciences Holdings Inc. Class A Common Stock,Health Care,Biotechnology: Pharmaceutical Preparations,1239313171.0,12765801.259712946,2020.0,United States
GEF,,Greif Inc. Class A Common Stock,,,2921812322.0,12743963.670131138,,United States
INVX,,Innovex International Inc. Common Stock,Consumer Discretionary,Oil and Gas Field Machinery,1836570946.0,12738455.941672552,,United States
CLM,,Cornerstone Strategic Investment Fund Inc. Common Shares,Finance,Finance/Investors Services,,12718647.360974267,2003.0,United States
TRNS,,Transcat Inc. Common Stock,Industrials,Electrical Products,789475795.0,12706181.06119065,,United States
COAG,,Hemab Therapeutics Holdings Inc. Common Stock,Health Care,Biotechnology: Biological Products (No Diagnostic Substances),1331104185.0,12677144.052286148,2026.0,United States
QNST,,QuinStreet Inc. Common Stock,Consumer Discretionary,Business Services,719216032.0,12671389.53065418,2010.0,United States
SES,,SES AI Corporation Class A Common Stock,Miscellaneous,Industrial Machinery/Components,483761207.0,12647373.260330018,2021.0,United States
SCHL,,Scholastic Corporation Common Stock,Consumer Discretionary,Books,880566228.0,12626625.454657419,1992.0,United States
VRAX,,Virax Biolabs Group Limited Ordinary Shares,Health Care,Biotechnology: In Vitro & In Vivo Diagnostic Substances,1403771.0,12611038.637206456,2022.0,United Kingdom
PTY,,Pimco Corporate & Income Opportunity Fund,Finance,Investment Managers,,12588892.786838895,2002.0,United States
OLOX,,Olenox Industries Inc. Common Stock,Consumer Discretionary,RETAIL: Building Materials,8427479.0,12588321.289812723,2017.0,United States
OBE,,Obsidian Energy Ltd. Common Shares,Energy,Oil & Gas Production,739910520.0,12586877.033560617,2022.0,Canada
AVO,,Mission Produce Inc. Common Stock,Consumer Staples,Farming/Seeds/Milling,789228495.0,12576575.63937051,2020.0,United States
ERII,,Energy Recovery Inc. Common Stock,Technology,Industrial Machinery/Components,421124766.0,12545264.609700158,2008.0,United States
CCO,,Clear Channel Outdoor Holdings Inc. Common Stock,Consumer Discretionary,Advertising,1226650249.0,12526573.865277426,2005.0,United States
TMQ,,Trilogy Metals Inc. Common Stock,Basic Materials,Precious Metals,798886309.0,12498987.41045793,,Canada
ONT,,Onterris Inc. Common Stock,Consumer Discretionary,Professional Services,578589024.0,12463616.328312103,2020.0,United States
HRTG,,Heritage Insurance Holdings Inc. Common Stock,Finance,Property-Casualty Insurers,657986374.0,12419033.007367453,2014.0,United States
IMXI,,International Money Express Inc. Common Stock,Consumer Discretionary,Business Services,450514545.0,12405166.909712836,2017.0,United States
OCFC,,OceanFirst Financial Corp. Common Stock,Finance,Major Banks,1082305297.0,12351162.88554782,,United States
RES,,RPC Inc. Common Stock,Energy,Oilfield Services/Equipment,1467243130.0,12346082.581220355,,United States
OPTX,,Syntec Optics Holdings Inc. Class A Common Stock,Technology,Electronic Components,400784786.0,12339320.415671667,2022.0,United States
OXM,,Oxford Industries Inc. Common Stock,Industrials,Garments and Clothing,664874544.0,12333890.900984265,,United States
FWONA,,Liberty Media Corporation Series A Liberty Formula One Common Stock,Industrials,Broadcasting,21045867358.0,12325448.660350982,,United States
HCSG,,Healthcare Services Group Inc. Common Stock,Health Care,Hospital/Nursing Management,1414091367.0,12284396.63247608,1983.0,United States
UHAL,,U-Haul Holding Company Common Stock,Consumer Discretionary,Rental/Leasing Companies,1135094847.0,12260692.511040824,2022.0,United States
EZGO,,EZGO Technologies Ltd. Ordinary Shares,Consumer Discretionary,Motor Vehicles,3574143.0,12255799.288519485,2021.0,China
IRMD,,iRadimed Corporation Common Stock,Health Care,Medical/Dental Instruments,1158909953.0,12249972.401646206,2014.0,United States
FRME,,First Merchants Corporation Common Stock,Finance,Major Banks,2539816462.0,12234802.422605243,,United States
RYOJ,,rYojbaba Co. Ltd. Common Shares,Consumer Discretionary,Professional Services,45160500.0,12223789.248882588,2025.0,Japan
CYRX,,CryoPort Inc. Common Stock,Health Care,Biotechnology: Pharmaceutical Preparations,790812291.0,12191481.267016275,,United States
NMM,,Navios Maritime Partners LP Common Units Representing Limited Partner Interests,Consumer Discretionary,Marine Transportation,2020488626.0,12150255.67299979,2007.0,Greece
PAX,,Patria Investments Limited Class A Common Shares,Finance,Investment Managers,1870554687.0,12118486.466916403,2021.0,Cayman Islands
EPAC,,Enerpac Tool Group Corp. Common Stock,Technology,Industrial Machinery/Components,1726180730.0,12102685.531761533,,United States
FCF,,First Commonwealth Financial Corporation Common Stock,Finance,Major Banks,1925903578.0,12097503.469830468,,United States
BRTX,,BioRestorative Therapies Inc. Common Stock (NV),Health Care,Managed Health Care,12178565.0,12087785.705653826,,United States
CTMX,,CytomX Therapeutics Inc. Common Stock,Health Care,Biotechnology: Pharmaceutical Preparations,783730508.0,12086695.334943136,2015.0,United States
AD,,Array Digital Infrastructure Inc. Common Shares,Telecommunications,Telecommunications Equipment,4394304000.0,12086190.278080532,1988.0,United States
ANNX,,Annexon Inc. Common Stock,Health Care,Biotechnology: Pharmaceutical Preparations,888026556.0,12076501.650020054,2020.0,United States
AVAH,,Aveanna Healthcare Holdings Inc. Common Stock,Health Care,Medical/Nursing Services,1561304806.0,12074540.809956051,2021.0,United States
PHVS,,Pharvaris N.V. Ordinary Shares,Health Care,Biotechnology: Pharmaceutical Preparations,2101140222.0,12046945.824341547,2021.0,Netherlands
ALTO,,Alto Ingredients Inc. Common Stock,Industrials,Major Chemicals,422294084.0,12037021.980174383,,United States
ARCO,,Arcos Dorados Holdings Inc. Class A Shares,Consumer Discretionary,Restaurants,1832768596.0,12026491.203171866,2011.0,Argentina
JBIO,,Jade Biosciences Inc. Common Stock,Health Care,Biotechnology: Pharmaceutical Preparations,1038531770.0,12022125.81104097,2021.0,United States
PNRG,,PrimeEnergy Resources Corporation Common Stock,Energy,Oil & Gas Production,266355160.0,12011181.879752023,,United States
IMMX,,Immix Biopharma Inc. Common Stock,Health Care,Biotechnology: Pharmaceutical Preparations,628115544.0,12008769.273317428,2021.0,United States
DNA,,Ginkgo Bioworks Holdings Inc. Class A Common Stock,Health Care,Biotechnology: Biological Products (No Diagnostic Substances),582209138.0,12008200.61608042,2021.0,United States
STBA,,S&T Bancorp Inc. Common Stock,Finance,Major Banks,1622197790.0,11918691.889917282,,United States
UVV,,Universal Corporation Common Stock,Industrials,Farming/Seeds/Milling,1292781738.0,11910768.646040417,,United States
SIBN,,SI-BONE Inc. Common Stock,Health Care,Medical/Dental Instruments,625324890.0,11893904.639961606,2018.0,United States
ORIC,,Oric Pharmaceuticals Inc. Common Stock,Health Care,Biotechnology: Pharmaceutical Preparations,874723399.0,11880806.27927326,2020.0,United States
CRVL,,CorVel Corp. Common Stock,Finance,Specialty Insurers,3130180674.0,11869529.185431344,,United States
PUSA,,Aureus Greenway Holdings Inc. Common Stock,Consumer Discretionary,Hotels/Resorts,90739664.0,11853868.301845733,2025.0,United States
HTH,,Hilltop Holdings Inc.,Finance,Major Banks,2207759031.0,11727976.46807716,,United States
OCGN,,Ocugen Inc. Common Stock,Health Care,Biotechnology: Biological Products (No Diagnostic Substances),467160161.0,11718269.738606045,2014.0,United States
STRK,,Strategy Inc 8.00% Series A Perpetual Strike Preferred Stock,Technology,Computer Software: Prepackaged Software,24625971965.0,11655868.773178827,,United States
FBNC,,First Bancorp Common Stock,Finance,Major Banks,2434115547.0,11636034.614381336,1987.0,United States
RYZ,,Ryerson Holding Corporation Common Stock,Industrials,Metal Fabrications,1484017506.0,11634823.857806977,2014.0,United States
WATT,,Energous Corporation Common Stock,Technology,Radio And Television Broadcasting And Communications Equipment,154030828.0,11615514.563060943,2014.0,United States
VUZI,,Vuzix Corporation Common Stock,Technology,Radio And Television Broadcasting And Communications Equipment,382527987.0,11584381.545256432,,United States
AIOS,,AIOS Tech Inc. Class A Common Shares,Industrials,Metal Fabrications,51533184.0,11576414.486580804,2016.0,China
MEC,,Mayville Engineering Company Inc. Common Stock,Industrials,Industrial Specialties,550264061.0,11519552.44453067,2019.0,United States
NBHC,,National Bank Holdings Corporation Common Stock,Finance,Major Banks,1907409684.0,11510626.322537377,2012.0,United States
CBL,,CBL & Associates Properties Inc. Common Stock,Real Estate,Real Estate Investment Trusts,1488133412.0,11498474.562726703,2021.0,United States
CCB,,Coastal Financial Corporation Common Stock,Finance,Major Banks,1085410153.0,11472269.09459432,2018.0,United States
GDC,,GD Culture Group Limited Common Stock,Industrials,Steel/Iron Ore,6683568.0,11454765.402757058,2015.0,United States
FEIM,,Frequency Electronics Inc. Common Stock,Industrials,Electrical Products,746805421.0,11452689.860770816,,United States
NVGS,,Navigator Holdings Ltd. Ordinary Shares (Marshall Islands),Consumer Discretionary,Marine Transportation,1415934635.0,11428188.249706086,2013.0,Marshall Islands
SCSC,,ScanSource Inc. Common Stock,Technology,Retail: Computer Software & Peripheral Equipment,940415957.0,11413553.71329898,,United States
LYTS,,LSI Industries Inc. Common Stock,Consumer Discretionary,Building Products,889541549.0,11377943.26877594,1985.0,United States
CYD,,China Yuchai International Limited Common Stock,Industrials,Industrial Machinery/Components,2128039224.0,11353087.630716959,1994.0,Singapore
OSRH,,OSR Holdings Inc. Common Stock,Health Care,Medical/Dental Instruments,15291736.0,11305381.066797886,2023.0,United States
CODI,,D/B/A Compass Diversified Holdings Shares of Beneficial Interest,Consumer Discretionary,Home Furnishings,853928214.0,11275388.151305063,2006.0,United States
PMT,,PennyMac Mortgage Investment Trust Common Shares of Beneficial Interest,Real Estate,Real Estate Investment Trusts,912136707.0,11270754.988270715,2009.0,United States
VSTM,,Verastem Inc. Common Stock,Health Care,Biotechnology: Pharmaceutical Preparations,380492857.0,11227028.718117306,2012.0,United States
LKFN,,Lakeland Financial Corporation Common Stock,Finance,Major Banks,1510510719.0,11221900.08236113,,United States
CTOS,,Custom Truck One Source Inc. Common Stock,Consumer Discretionary,Diversified Commercial Services,2178806425.0,11162840.138921283,2017.0,Cayman Islands
ZGN,,Ermenegildo Zegna N.V. Ordinary Shares,Consumer Discretionary,Apparel,3944187135.0,11141951.047334217,2021.0,
CENTA,,Central Garden & Pet Company Class A Common Stock Nonvoting,Consumer Discretionary,Consumer Specialties,2135540687.0,11136285.879116967,,United States
OFG,,OFG Bancorp Common Stock,Finance,Major Banks,1925292294.0,11126467.724500384,,Puerto Rico
BCAX,,Bicara Therapeutics Inc. Common Stock,Health Care,Biotechnology: Pharmaceutical Preparations,1429059086.0,11119981.83249519,2024.0,United States
DEC,,Diversified Energy Company Common Stock,,,1116804034.0,11113297.0347132,2025.0,United States
BCAT,,BlackRock Capital Allocation Term Trust Common Shares of Beneficial Interest,Finance,Finance/Investors Services,1721509200.0,11109357.388514563,2020.0,United States
BMBL,,Bumble Inc. Class A Common Stock,Technology,Computer Software: Programming Data Processing,413466803.0,11104665.966082755,2021.0,United States
XERS,,Xeris Biopharma Holdings Inc. Common Stock,Health Care,Biotechnology: Pharmaceutical Preparations,1063475059.0,11080736.824355807,2018.0,United States
RILY,,BRC Group Holdings Inc. Common Stock,Finance,Investment Managers,346428423.0,11076093.65929649,,United States
TSAT,,Telesat Corporation Class A Common Shares and Class B Variable Voting Shares,Industrials,Metal Fabrications,1960214410.0,11073606.215903873,,Canada
SYBT,,Stock Yards Bancorp Inc. Common Stock,Finance,Major Banks,2117419587.0,11065885.269782657,,United States
JACK,,Jack In The Box Inc. Common Stock,Consumer Discretionary,Restaurants,237466519.0,11054132.383614495,,United States
BATL,,Battalion Oil Corporation Common Stock,Energy,Oil & Gas Production,31927331.0,11044597.35469875,,United States
BTQ,,BTQ Technologies Corp. Common Stock,,,681359683.0,10985553.571217401,,Canada
ASTI,,Ascent Solar Technologies Inc. Common Stock,Technology,Semiconductors,70301820.0,10968021.893830527,,United States
NRDS,,NerdWallet Inc. Class A Common Stock,Technology,EDP Services,565869534.0,10962879.705910455,2021.0,United States
MEHA,,Functional Brands Inc. Common Stock,Health Care,Medicinal Chemicals and Botanical Products,3504934.0,10917678.095369253,,United States
CRMD,,CorMedix Inc. Common Stock,Health Care,Biotechnology: Pharmaceutical Preparations,662133960.0,10896283.147528058,,United States
PLGO,,Pelagos Insurance Capital Limited Common Shares,Finance,Property-Casualty Insurers,1866241529.0,10845459.76475307,2023.0,Bermuda
ASRT,,Assertio Holdings Inc. Common Stock,Health Care,Biotechnology: Pharmaceutical Preparations,151473499.0,10844858.711088272,,United States
PDS,,Precision Drilling Corporation Common Stock,Energy,Oil & Gas Production,1156946945.0,10819789.181373233,,Canada
TYG,,Tortoise Energy Infrastructure Corporation Common Stock,Finance,Investment Managers,524708453.0,10819706.436102731,2004.0,United States
VIA,,Via Transportation Inc. Class A Common Stock,Technology,Computer Software: Prepackaged Software,1238136115.0,10812996.666463217,2025.0,United States
FATN,,FatPipe Inc. Common Stock,Technology,Computer Software: Prepackaged Software,111634765.0,10812484.339001065,2025.0,United States
WFG,,West Fraser Timber Co. Ltd Common stock,Basic Materials,Forest Products,5388869030.0,10805172.80713036,2021.0,Canada
ARHS,,Arhaus Inc. Class A Common Stock,Consumer Discretionary,Other Specialty Stores,958226233.0,10774444.462494623,2021.0,United States
EVH,,Evolent Health Inc Class A Common Stock,Consumer Discretionary,Other Consumer Services,444300215.0,10769762.115986006,2015.0,United States
WLTH,,Wealthfront Corporation Common Stock,Finance,Finance: Consumer Services,1826919560.0,10729360.46764737,2025.0,United States
CSTL,,Castle Biosciences Inc. Common Stock,Health Care,Medical Specialities,639355388.0,10714215.548333667,2019.0,United States
ETD,,Ethan Allen Interiors Inc. Common Stock,Consumer Discretionary,Home Furnishings,524703510.0,10706420.40121896,,United States
ALX,,Alexander's Inc. Common Stock,Real Estate,Real Estate Investment Trusts,1256955142.0,10693464.828563873,,United States
SVV,,Savers Value Village Inc. Common Stock,Consumer Discretionary,Other Specialty Stores,1378176114.0,10683401.922414416,2023.0,United States
ZBIO,,Zenas BioPharma Inc. Common Stock,Health Care,Biotechnology: Pharmaceutical Preparations,1161654137.0,10653429.971785773,2024.0,United States
SSYS,,Stratasys Ltd. Ordinary Shares (Israel),Technology,Computer peripheral equipment,908258561.0,10640220.452040717,1994.0,United States
MCB,,Metropolitan Bank Holding Corp. Common Stock,Finance,Major Banks,1109582227.0,10633268.287658691,2017.0,United States
CHCO,,City Holding Company Common Stock,Finance,Major Banks,1754159045.0,10583717.70233881,,United States
MLKN,,MillerKnoll Inc. Common Stock,Consumer Discretionary,Office Equipment/Supplies/Services,1106303164.0,10577533.89416195,,United States
PRAA,,PRA Group Inc. Common Stock,Finance,Finance: Consumer Services,582029951.0,10554474.95296115,2002.0,United States
FATE,,Fate Therapeutics Inc. Common Stock,Health Care,Biotechnology: Biological Products (No Diagnostic Substances),331028088.0,10536207.233140014,2013.0,United States
HTCO,,High-Trend International Group Class A Ordinary Shares,Consumer Discretionary,Marine Transportation,17698949.0,10526674.795895532,,Singapore
GPRO,,GoPro Inc. Class A Common Stock,Consumer Discretionary,Industrial Machinery/Components,213728725.0,10524328.108488945,2014.0,United States
DCOM,,Dime Community Bancshares Inc. Common Stock,Finance,Major Banks,1650726833.0,10521343.998863583,,United States
OGC,,OceanaGold Corporation Common Shares,,,6771384295.0,10518177.214295523,2026.0,
BHC,,Bausch Health Companies Inc. Common Stock,Health Care,Biotechnology: Pharmaceutical Preparations,2003635461.0,10503723.841730753,,Canada
STRO,,Sutro Biopharma Inc. Common Stock,Health Care,Biotechnology: Biological Products (No Diagnostic Substances),484353932.0,10492503.674316406,2018.0,United States
OXLC,,Oxford Lane Capital Corp. Common Stock,Finance,Investment Managers,1732528000.0,10467977.849497113,2011.0,United States
PTLO,,Portillo's Inc. Class A Common Stock,Consumer Discretionary,Restaurants,325205612.0,10453265.577636447,2021.0,United States
SPTX,,Seaport Therapeutics Inc. Common Stock,Health Care,Biotechnology: Pharmaceutical Preparations,921647591.0,10449325.051083565,2026.0,United States
CCCC,,C4 Therapeutics Inc. Common Stock,Health Care,Biotechnology: Biological Products (No Diagnostic Substances),483178760.0,10439809.238405455,2020.0,United States
STC,,Stewart Information Services Corporation Common Stock,Finance,Specialty Insurers,1977151853.0,10402045.650772821,,United States
ESQ,,Esquire Financial Holdings Inc. Common Stock,Finance,Commercial Banks,949387073.0,10386817.389569964,2017.0,United States
DRTS,,Alpha Tau Medical Ltd. Ordinary Shares,Health Care,Medical/Dental Instruments,953145452.0,10372723.73380888,,Israel
WMK,,Weis Markets Inc. Common Stock,Consumer Staples,Food Chains,1805613243.0,10325911.40322004,,United States
VTOL,,Bristow Group Inc. Common Stock,Consumer Discretionary,Transportation Services,1232793840.0,10273184.25836109,,United States
NMAX,,Newsmax Inc. Class B Common Stock,Industrials,Broadcasting,1099157089.0,10254656.72931444,2025.0,United States
DEVS,,DevvStream Corp. Common Stock,Finance,Finance/Investors Services,1152493.0,10254560.873967232,2024.0,Canada
NTB,,Bank of N.T. Butterfield & Son Limited (The) Voting Ordinary Shares,Finance,Commercial Banks,2258400000.0,10242663.260105679,2016.0,Bermuda
FLGT,,Fulgent Genetics Inc. Common Stock,Health Care,Medical Specialities,515187301.0,10228856.44771031,2016.0,United States
ARQQ,,Arqit Quantum Inc. Ordinary Shares,Technology,Computer Software: Prepackaged Software,397735558.0,10193345.979250045,,United Kingdom
CLNN,,Clene Inc. Common Stock,Health Care,Biotechnology: Pharmaceutical Preparations,83825694.0,10188202.151850292,,United States
ANGI,,Angi Inc. Class A Common Stock,Consumer Discretionary,Advertising,237464469.0,10161711.512227286,,United States
ISSC,,Innovative Solutions and Support Inc. Common Stock,Technology,EDP Services,308470958.0,10159561.93057923,2000.0,United States
HMN,,Horace Mann Educators Corporation Common Stock,Finance,Property-Casualty Insurers,1846630996.0,10145361.310958862,1991.0,United States
BGS,,B&G Foods Inc. Common Stock,Consumer Staples,Packaged Foods,331973034.0,10124530.726594016,,United States
PFLT,,PennantPark Floating Rate Capital Ltd. Common Stock,Finance,Finance: Consumer Services,814578926.0,10115775.128014883,2022.0,United States
FIZZ,,National Beverage Corp. Common Stock,Consumer Staples,Beverages (Production/Distribution),3463451453.0,10093557.18136742,,United States
EVMN,,Evommune Inc. Common Stock,Health Care,Biotechnology: Pharmaceutical Preparations,836706782.0,10016719.286201114,2025.0,United States
BAK,,Braskem SA ADR,Industrials,Major Chemicals,1658192295.0,10016315.467668716,,Brazil
LABT,,Lakewood-Amedex Biotherapeutics Inc. Common Stock,Health Care,Biotechnology: Pharmaceutical Preparations,4721942.0,9983839.07909592,,United States
FOXF,,Fox Factory Holding Corp. Common Stock,Consumer Discretionary,Motor Vehicles,756527839.0,9974292.189189365,2013.0,United States
ACDC,,ProFrac Holding Corp. Class A Common Stock,Energy,Oilfield Services/Equipment,1105425801.0,9959700.069520587,2022.0,United States
MVST,,Microvast Holdings Inc. Common Stock,Miscellaneous,Industrial Machinery/Components,516393945.0,9955337.132928485,2019.0,United States
XXI,,Twenty One Capital Inc. Class A Common Stock,Finance,Finance: Consumer Services,4770082355.0,9947006.201317197,2025.0,
NEA,,Nuveen AMT-Free Quality Municipal Income Fund Common Shares of Beneficial Interest Par Value $.01,Finance,Finance/Investors Services,,9944403.126185281,2002.0,United States
KLRA,,Kailera Therapeutics Inc. Common Stock,Health Care,Biotechnology: Pharmaceutical Preparations,2972235048.0,9902318.5466948,2026.0,United States
FET,,Forum Energy Technologies Inc. Common Stock,Consumer Discretionary,Oil and Gas Field Machinery,567701243.0,9871606.215486072,2012.0,United States
PFBC,,Preferred Bank Common Stock,Finance,Major Banks,1375659952.0,9868277.013397217,,United States
UROY,,Uranium Royalty Corp. Common Stock,Finance,Investment Bankers/Brokers/Service,512688775.0,9850778.577325458,,Canada
IHS,,IHS Holding Limited Ordinary Shares,Telecommunications,Telecommunications Equipment,2784826143.0,9843452.313936325,2021.0,Cayman Islands
WGRX,,Wellgistics Health Inc. Common Stock,Health Care,Other Pharmaceuticals,8595914.0,9801604.349129768,2025.0,United States
OCSL,,Oaktree Specialty Lending Corporation Common Stock,Finance,Finance: Consumer Services,1053502855.0,9786686.656711215,,United States
KYIV,,Kyivstar Group Ltd. Common Shares,Telecommunications,Telecommunications Equipment,3296732551.0,9758778.676941281,,United Arab Emirates
VIVO,,VivoPower PLC Ordinary Shares,Utilities,Power Generation,171875346.0,9748861.430079596,,United Kingdom
CTGO,,Contango Silver & Gold Inc. Common Stock,Basic Materials,Precious Metals,618809053.0,9746889.10307203,2021.0,United States
JBI,,Janus International Group Inc. Common Stock,Industrials,Building Products,728335731.0,9713591.74378713,2021.0,United States
LTRX,,Lantronix Inc. Common Stock,Telecommunications,Computer Communications Equipment,300617822.0,9710377.324324563,2000.0,United States
CARS,,Cars.com Inc. Common Stock,Technology,EDP Services,574683118.0,9689098.042519888,2017.0,United States
PDO,,PIMCO Dynamic Income Opportunities Fund Common Shares of Beneficial Interest,Finance,Trusts Except Educational Religious and Charitable,1899775095.0,9644623.85739372,2021.0,United States
PRFX,,PRF Technologies Ltd. Ordinary Shares,Health Care,Biotechnology: Pharmaceutical Preparations,2606268.0,9617263.770111969,2020.0,Israel
CERS,,Cerus Corporation Common Stock,Technology,EDP Services,609121681.0,9607067.003220603,1997.0,United States
REI,,Ring Energy Inc. Common Stock,Energy,Oil & Gas Production,270137842.0,9604695.584349973,,United States
CTO,,CTO Realty Growth Inc. Common Stock,Real Estate,Real Estate Investment Trusts,694252816.0,9604199.545987448,1992.0,United States
ALT,,Altimmune Inc. Common Stock,Health Care,Biotechnology: Pharmaceutical Preparations,593146170.0,9571384.798718635,,United States
ODYS,,Odysight.ai Inc. Common Stock,Technology,Electronic Components,76840135.0,9546580.206596283,,Israel
KDK,,Kodiak AI Inc. Common Stock,Technology,EDP Services,1294306922.0,9511631.794198355,,United States
ARVN,,Arvinas Inc. Common Stock,Health Care,Biotechnology: Pharmaceutical Preparations,579400358.0,9500192.5861177,2018.0,United States
TCMD,,Tactile Systems Technology Inc. Common Stock,Health Care,Medical/Dental Instruments,555109559.0,9460652.659252713,2016.0,United States
GNK,,Genco Shipping & Trading Limited Ordinary Shares New (Marshall Islands),Consumer Discretionary,Marine Transportation,1048463847.0,9423750.239726475,,United States
BPRE,,Bluerock Private Real Estate Fund Common Shares of Beneficial Interest,,,,9389380.413028171,2025.0,
KFRC,,Kforce Inc. Common Stock,Consumer Discretionary,Professional Services,837925680.0,9382634.397960845,1995.0,United States
DMRA,,Damora Therapeutics Inc. Common Stock,Health Care,Biotechnology: Pharmaceutical Preparations,1531443467.0,9376806.14386059,2020.0,Denmark
MRNO,,Murano Global Investments PLC Ordinary Shares,Consumer Discretionary,Hotels/Resorts,27893491.0,9366342.618745139,,Mexico
UTG,,Reaves Utility Income Fund Common Shares of Beneficial Interest,Finance,Investment Managers,,9335018.031855991,2004.0,United States
CLRB,,Cellectar Biosciences Inc.  Common Stock,Health Care,Biotechnology: Pharmaceutical Preparations,25094290.0,9334200.885340145,,United States
SILC,,Silicom Ltd Ordinary Shares,Telecommunications,Computer Communications Equipment,229957523.0,9317448.318517776,,Israel
RYAM,,Rayonier Advanced Materials Inc. Common Stock,Basic Materials,Paper,617062723.0,9307879.522023883,2014.0,United States
WS,,Worthington Steel Inc. Common Shares,Industrials,Steel/Iron Ore,2143519400.0,9294500.50924392,2023.0,United States
MSDL,,Morgan Stanley Direct Lending Fund Common Stock,,,,9282429.434735434,2024.0,United States
CLYM,,Climb Bio Inc. Common Stock,Health Care,Biotechnology: Pharmaceutical Preparations,627575332.0,9272829.604543958,2021.0,United States
STEL,,Stellar Bancorp Inc. Common Stock,Finance,Major Banks,1901378863.0,9228633.642850604,,United States
CMND,,Clearmind Medicine Inc. Common Shares,Health Care,Biotechnology: Pharmaceutical Preparations,3648138.0,9216211.423574742,,Canada
PNTG,,The Pennant Group Inc. Common Stock,Health Care,Medical/Nursing Services,1190788827.0,9191256.386520749,,United States
JBGS,,JBG SMITH Properties Common Shares,Real Estate,Real Estate Investment Trusts,1093128977.0,9187926.546905154,2017.0,United States
NAVI,,Navient Corporation Common Stock,Finance,Investment Bankers/Brokers/Service,804468663.0,9173318.949388321,,United States
DEA,,Easterly Government Properties Inc. Common Stock,Real Estate,Real Estate Investment Trusts,1113855989.0,9161599.617967151,2015.0,United States
ODTX,,Odyssey Therapeutics Inc. Common Stock,Health Care,Biotechnology: Biological Products (No Diagnostic Substances),765361021.0,9084114.305343628,2026.0,United States
BHRB,,Burke & Herbert Financial Services Corp. Common Stock,Finance,Major Banks,1281527662.0,9056237.442652384,,United States
EIG,,Employers Holdings Inc Common Stock,Finance,Property-Casualty Insurers,793567064.0,9043005.44295538,2007.0,United States
DUOT,,Duos Technologies Group Inc. Common Stock,Technology,Computer Software: Prepackaged Software,395866832.0,9042136.759140378,,United States
JBSS,,John B. Sanfilippo & Son Inc. Common Stock,Consumer Staples,Specialty Foods,875666063.0,8989622.68934704,1991.0,United States
HLMN,,Hillman Solutions Corp. Common Stock,Consumer Discretionary,Industrial Machinery/Components,1463723661.0,8987710.39387158,2020.0,United States
PLSE,,Pulse Biosciences Inc Common Stock (DE),Health Care,Medical/Dental Instruments,1730242800.0,8960531.343859717,2016.0,United States
BY,,Byline Bancorp Inc. Common Stock,Finance,Major Banks,1502592380.0,8959981.207747687,2017.0,United States
STRF,,Strategy Inc 10.00% Series A Perpetual Strife Preferred Stock,Technology,Computer Software: Prepackaged Software,34519115392.0,8926183.470117478,,United States
SUJA,,Suja Life Inc. Class A Common Stock,Consumer Staples,Beverages (Production/Distribution),595983935.0,8916759.02198553,2026.0,United States
BV,,BrightView Holdings Inc. Common Stock,Consumer Discretionary,Business Services,1151952000.0,8914667.235528855,2018.0,United States
ICL,,ICL Group Ltd. Ordinary Shares,Industrials,Agricultural Chemicals,8570066921.0,8891120.729498636,2014.0,Israel
REX,,REX American Resources Corporation,Industrials,Major Chemicals,1540167694.0,8877344.184820993,,United States
ITRN,,Ituran Location and Control Ltd. Ordinary Shares,Technology,Electronic Components,1304024169.0,8858445.897238595,2005.0,Israel
TK,,Teekay Corporation Ltd. Common Stock,Consumer Discretionary,Marine Transportation,995349762.0,8852547.915522257,,Bermuda
BBUC,,Brookfield Business Corporation Class A Subordinate Voting Shares,Consumer Discretionary,Engineering & Construction,6825357000.0,8847997.42717743,,
EVTL,,Vertical Aerospace Ltd. Ordinary Shares,Industrials,Aerospace,343785611.0,8844113.272502309,2021.0,
CNOB,,ConnectOne Bancorp Inc. Common Stock,Finance,Major Banks,1512175015.0,8826618.809300378,,United States
SLXN,,Silexion Therapeutics Corp Ordinary Shares,Health Care,Biotechnology: Biological Products (No Diagnostic Substances),2057056.0,8811474.750160148,,Israel
WABC,,Westamerica Bancorporation Common Stock,Finance,Major Banks,1303346623.0,8750793.086224511,,United States
UAN,,CVR Partners LP Common Units representing Limited Partner Interests,Industrials,Agricultural Chemicals,1282096968.0,8749351.85070946,2011.0,United States
INTT,,inTest Corporation Common Stock,Industrials,Electrical Products,211588824.0,8728276.306561062,1997.0,United States
ESRT,,Empire State Realty Trust Inc. Class A Common Stock,Real Estate,Real Estate Investment Trusts,988025086.0,8700383.86488642,2013.0,United States
OIS,,Oil States International Inc. Common Stock,Consumer Discretionary,Oil and Gas Field Machinery,511644028.0,8693117.684695834,2001.0,United States
CMRE,,Costamare Inc. Common Stock $0.0001 par value,Consumer Discretionary,Marine Transportation,1854655113.0,8677567.928845542,2010.0,Greece
DNUT,,Krispy Kreme Inc. Common Stock,Consumer Staples,Food Chains,606848000.0,8619233.425186928,2021.0,United States
VTS,,Vitesse Energy Inc. Common Stock,Energy,Oil & Gas Production,720790687.0,8611222.186261132,2023.0,United States
BLX,,Banco Latinoamericano de Comercio Exterior S.A.,Finance,Commercial Banks,2078934815.0,8608008.506938389,1992.0,Panama
LESL,,Leslie's Inc. Common Stock,Consumer Discretionary,Other Specialty Stores,35753091.0,8597224.389322031,2020.0,United States
GRC,,Gorman-Rupp Company (The) Common Stock,Industrials,Fluid Controls,1979447713.0,8580181.656065442,1971.0,United States
RLYB,,Rallybio Corporation Common Stock,Health Care,Biotechnology: Pharmaceutical Preparations,76611061.0,8566279.510357266,2021.0,United States
IIIV,,i3 Verticals Inc. Class A Common Stock,Technology,Computer Software: Prepackaged Software,568685625.0,8561108.554594858,2018.0,United States
PDM,,Piedmont Realty Trust Inc. Class A Common Stock,Real Estate,Building operators,1038907915.0,8538586.712539764,,United States
CRF,,Cornerstone Total Return Fund Inc. (The) Common Stock,Finance,Finance/Investors Services,,8495101.221132278,2003.0,United States
MMI,,Marcus & Millichap Inc. Common Stock,Finance,Real Estate,1068087858.0,8481762.770598276,2013.0,United States
PACB,,Pacific Biosciences of California Inc. Common Stock,Industrials,Biotechnology: Laboratory Analytical Instruments,462796515.0,8479906.787168412,2010.0,United States
EVGO,,EVgo Inc. Class A Common Stock,Technology,EDP Services,696767790.0,8477406.685993217,,United States
SKLZ,,Skillz Inc. Class A Common Stock,Technology,EDP Services,146242809.0,8476333.301423844,2020.0,United States
CAL,,Caleres Inc. Common Stock,Consumer Discretionary,Shoe Manufacturing,492743000.0,8472996.70830227,,United States
MYGN,,Myriad Genetics Inc. Common Stock,Health Care,Biotechnology: In Vitro & In Vivo Diagnostic Substances,374959394.0,8449924.610510327,1995.0,United States
AYA,,Aya Gold & Silver Inc. Common Shares,Basic Materials,Precious Metals,3010344729.0,8417653.632173084,,Canada
BXC,,Bluelinx Holdings Inc. Common Stock,Consumer Discretionary,Wholesale Distributors,404606716.0,8400931.259518579,2004.0,United States
LMRI,,Lumexa Imaging Holdings Inc. Common Stock,Health Care,Medical Specialities,747508118.0,8391929.033265796,2025.0,United States
ANDG,,Andersen Group Inc. Class A Common Stock,Consumer Discretionary,Business Services,4178498134.0,8389812.497293381,2025.0,
PRME,,Prime Medicine Inc. Common Stock,Health Care,Biotechnology: Biological Products (No Diagnostic Substances),641191951.0,8384784.716716267,2022.0,United States
EDIT,,Editas Medicine Inc. Common Stock,Health Care,Biotechnology: Biological Products (No Diagnostic Substances),338755736.0,8359709.962087586,2016.0,United States
WEAV,,Weave Communications Inc. Common Stock,Technology,Computer Software: Prepackaged Software,478985123.0,8359648.7909271605,2021.0,United States
SLDB,,Solid Biosciences Inc. Common Stock,Health Care,Biotechnology: Biological Products (No Diagnostic Substances),722620108.0,8338562.115167436,2018.0,United States
WEST,,Westrock Coffee Company Common Stock,Consumer Staples,Beverages (Production/Distribution),783390435.0,8316848.41299057,,United States
MNTN,,MNTN Inc. Class A Common Stock,Consumer Discretionary,Advertising,735711258.0,8297745.585160028,2025.0,United States
GENB,,Generate Biomedicines Inc. Common Stock,Health Care,Biotechnology: Pharmaceutical Preparations,1681885390.0,8267738.428624471,2026.0,United States
PUBM,,PubMatic Inc. Class A Common Stock,Technology,Computer Software: Programming Data Processing,542458036.0,8213467.003363655,2020.0,United States
NAD,,Nuveen Quality Municipal Income Fund Common Stock,Finance,Investment Managers,,8204266.3946197145,1999.0,United States
IHRT,,iHeartMedia Inc. Class A Common Stock,Consumer Discretionary,Broadcasting,651466831.0,8201784.378026781,,United States
ASIX,,AdvanSix Inc. Common Stock,Industrials,Major Chemicals,604960768.0,8171388.787069775,2016.0,United States
NIVF,,NewGenIvf Group Limited Class A Ordinary Shares,Health Care,Misc Health and Biotechnology Services,517373.0,8138931.875690959,,Singapore
CLB,,Core Laboratories Inc. Common Stock,Energy,Oilfield Services/Equipment,630141643.0,8127934.484486353,2023.0,Netherlands
ECAT,,BlackRock ESG Capital Allocation Term Trust Common Shares of Beneficial Interest,Finance,Trusts Except Educational Religious and Charitable,1690150050.0,8120387.068648566,2021.0,United States
ONEG,,OneConstruction Group Limited Ordinary Shares,Consumer Discretionary,Homebuilding,14880000.0,8082600.126189845,2024.0,Hong Kong
FBRT,,Franklin BSP Realty Trust Inc. Common Stock,Real Estate,Real Estate Investment Trusts,667269288.0,8080469.614473979,2021.0,United States
SRCE,,1st Source Corporation Common Stock,Finance,Major Banks,1776765534.0,8071642.9803394135,,United States
TALK,,Talkspace Inc. Common Stock,Health Care,Medical/Nursing Services,871065343.0,8068640.902407964,2020.0,United States
SLRC,,SLR Investment Corp. Common Stock,Finance,Finance/Investors Services,713574613.0,8043710.299346561,2010.0,United States
CLBK,,Columbia Financial Inc. Common Stock,Finance,Savings Institutions,2094475551.0,8040786.013612293,2018.0,United States
REAX,,The Real Brokerage Inc. Common Shares,Finance,Real Estate,384296758.0,8037767.543180216,,Canada
TRAX,,First Tracks Biotherapeutics Inc. Ordinary Shares,Health Care,Biotechnology: Pharmaceutical Preparations,556882401.0,8025759.570544107,,United States
PKE,,Park Aerospace Corp. Common Stock,Industrials,Military/Government/Technical,635035182.0,8012077.570742653,,United States
KYTX,,Kyverna Therapeutics Inc. Common Stock,Health Care,Biotechnology: Biological Products (No Diagnostic Substances),517975206.0,8002174.354834784,2024.0,United States
RDVT,,Red Violet Inc. Common Stock,Technology,Computer Software: Prepackaged Software,801951070.0,7992300.391551427,,United States
XRN,,Chiron Real Estate Inc. Common Stock,Real Estate,Real Estate Investment Trusts,476983273.0,7983586.607197353,2016.0,United States
PSTL,,Postal Realty Trust Inc. Class A Common Stock,Real Estate,Real Estate Investment Trusts,636453688.0,7971076.448422386,2019.0,United States
STRD,,Strategy Inc 10.00% Series A Perpetual Stride Preferred Stock,Technology,Computer Software: Prepackaged Software,24569900306.0,7966099.527595157,,United States
CSAN,,Cosan S.A. ADS,Consumer Discretionary,Retail-Auto Dealers and Gas Stations,2974928199.0,7956994.111831983,2021.0,Brazil
SHMD,,SCHMID Group N.V. Class A Ordinary Shares,Technology,Industrial Machinery/Components,385531763.0,7949457.302997226,,Germany
IMRX,,Immuneering Corporation Class A Common Stock,Health Care,Biotechnology: Pharmaceutical Preparations,373304010.0,7948257.906545912,2021.0,United States
AAT,,American Assets Trust Inc. Common Stock,Real Estate,Real Estate Investment Trusts,1430408809.0,7916984.620094299,2011.0,United States
QCRH,,QCR Holdings Inc. Common Stock,Finance,Major Banks,1521377056.0,7905263.948894682,,United States
THRM,,Gentherm Inc Common Stock,Consumer Discretionary,Auto Parts:O.E.M.,1063848290.0,7856542.152686346,,United States
UTF,,Cohen & Steers Infrastructure Fund Inc Common Stock,Finance,Finance Companies,,7846609.500276474,2004.0,United States
CIM,,Chimera Investment Corporation Common Stock,Real Estate,Real Estate Investment Trusts,1139258765.0,7825727.744429452,2007.0,United States
MFIC,,MidCap Financial Investment Corporation Common Stock,Finance,Finance/Investors Services,896214193.0,7813555.619748433,2004.0,United States
BLCO,,Bausch + Lomb Corporation Common Shares,Health Care,Ophthalmic Goods,5580282204.0,7781878.458082108,2022.0,
EGY,,VAALCO Energy Inc.  Common Stock,Energy,Oil & Gas Production,544228081.0,7767644.383169356,,United States
ADAM,,Adamas Trust Inc. Common Stock,Real Estate,Real Estate Investment Trusts,826722194.0,7762517.719078064,,United States
ASTL,,Algoma Steel Group Inc. Common Shares,Industrials,Steel/Iron Ore,592284039.0,7737300.478524254,,Canada
LOB,,Live Oak Bancshares Inc. Common Stock,Finance,Major Banks,1759358730.0,7732867.3327491395,2022.0,United States
BBSI,,Barrett Business Services Inc. Common Stock,Consumer Discretionary,Professional Services,799170978.0,7732409.916033064,1993.0,United States
CGC,,Canopy Growth Corporation Common Shares,Health Care,Medicinal Chemicals and Botanical Products,468286798.0,7718249.723902203,,Canada
INM,,InMed Pharmaceuticals Inc. Common Shares,Health Care,Biotechnology: Pharmaceutical Preparations,4402572.0,7664392.701546067,,Canada
VNDA,,Vanda Pharmaceuticals Inc. Common Stock,Health Care,Biotechnology: Pharmaceutical Preparations,387874375.0,7654774.567181723,2006.0,United States
MPLT,,MapLight Therapeutics Inc. Common Stock,Health Care,Biotechnology: Pharmaceutical Preparations,1329081764.0,7652246.603148324,2025.0,United States
BWEN,,Broadwind Inc. Common Stock,Telecommunications,Metal Fabrications,82148447.0,7619973.056789807,,United States
NAC,,Nuveen California Quality Municipal Income Fund,Finance,Investment Managers,,7601381.630556924,1999.0,United States
LENZ,,LENZ Therapeutics Inc. Common Stock,Health Care,Biotechnology: Biological Products (No Diagnostic Substances),243937185.0,7595042.468736285,2021.0,United States
NMZ,,Nuveen Municipal High Income Opportunity Fund Common Stock $0.01 par value per share,Finance,Finance/Investors Services,,7582147.815113976,2003.0,United States
GSBC,,Great Southern Bancorp Inc. Common Stock,Finance,Major Banks,781587315.0,7574394.405401321,1989.0,United States
OSBC,,Old Second Bancorp Inc. Common Stock,Finance,Major Banks,1096538171.0,7570235.524949573,,United States
CARE,,Carter Bankshares Inc. Common Stock,Finance,Major Banks,606660873.0,7561911.6539001465,,United States
TOI,,The Oncology Institute Inc. Common Stock,Health Care,Medical/Nursing Services,468919956.0,7548581.102375757,2020.0,United States
HUMA,,Humacyte Inc. Common Stock,Health Care,Biotechnology: Biological Products (No Diagnostic Substances),288624840.0,7539230.785602899,2020.0,United States
IFRX,,InflaRx N.V. Common Stock,Health Care,Biotechnology: Pharmaceutical Preparations,173502862.0,7537881.5492437,2017.0,Germany
STRT,,STRATTEC SECURITY CORPORATION Common Stock,Consumer Discretionary,Auto Parts:O.E.M.,334136768.0,7531185.740552629,,United States
HTLD,,Heartland Express Inc. Common Stock,Industrials,Trucking Freight/Courier Services,1161570543.0,7529597.01187043,1986.0,United States
AGNT,,eXp World Holdings Inc. Common Stock,Finance,Real Estate,808473706.0,7512700.627733412,,United States
ANRO,,Alto Neuroscience Inc. Common Stock,Health Care,Biotechnology: Pharmaceutical Preparations,704335376.0,7507900.185975574,2024.0,United States
PSIG,,PS International Group Ltd. Ordinary Shares,Industrials,Integrated Freight & Logistics,127625548.0,7485433.24856304,,Hong Kong
ATLC,,Atlanticus Holdings Corporation Common Stock,Finance,Finance: Consumer Services,1303473701.0,7482993.582480295,1995.0,United States
OMAB,,Grupo Aeroportuario del Centro Norte S.A.B. de C.V. ADS,Consumer Discretionary,Aerospace,4842564577.0,7470160.622333345,2006.0,Mexico
STVN,,Stevanato Group S.p.A. Ordinary Shares,Health Care,Medical/Dental Instruments,5651041722.0,7454823.78519149,2021.0,
AQST,,Aquestive Therapeutics Inc. Common Stock,Health Care,Biotechnology: Pharmaceutical Preparations,504309478.0,7451721.597083409,2018.0,United States
LBRDA,,Liberty Broadband Corporation Class A Common Stock,Telecommunications,Cable & Other Pay Television Services,4847353319.0,7449973.3558654785,,United States
UVE,,UNIVERSAL INSURANCE HOLDINGS INC Common Stock,Finance,Property-Casualty Insurers,1033269588.0,7436392.469823929,,United States
KREF,,KKR Real Estate Finance Trust Inc. Common Stock,Real Estate,Real Estate Investment Trusts,428883781.0,7414636.051836468,2017.0,United States
MGTX,,MeiraGTx Holdings plc Ordinary Shares,Health Care,Biotechnology: Biological Products (No Diagnostic Substances),986291345.0,7413456.888880049,2018.0,United States
SENS,,Senseonics Holdings Inc. Common Stock,Health Care,Medical/Dental Instruments,283842132.0,7298486.730135055,,United States
BIOA,,BioAge Labs Inc. Common Stock,Health Care,Biotechnology: Pharmaceutical Preparations,768587771.0,7265746.846934727,2024.0,United States
MMED,,MiniMed Group Inc. Common Stock,Health Care,Medical/Dental Instruments,3381072656.0,7260896.104154132,2026.0,United States
RCKT,,Rocket Pharmaceuticals Inc. Common Stock,Health Care,Biotechnology: Pharmaceutical Preparations,335224195.0,7254843.941477367,2015.0,United States
SCL,,Stepan Company Common Stock,Consumer Discretionary,Package Goods/Cosmetics,1200399121.0,7215971.338980539,,United States
AREC,,American Resources Corporation Class A Common Stock,Energy,Coal Mining,235336798.0,7204467.385866528,,United States
HAFC,,Hanmi Financial Corporation Common Stock,Finance,Major Banks,896565022.0,7196285.955301921,,United States
AHRT,,AH Realty Trust Inc. Common Stock,Finance,Real Estate,517256247.0,7182234.320517949,2013.0,United States
IBTA,,Ibotta Inc. Class A Common Stock,Consumer Discretionary,Advertising,797167688.0,7176416.394224621,2024.0,United States
EBS,,Emergent BioSolutions Inc. Common Stock,Health Care,Biotechnology: Pharmaceutical Preparations,470558220.0,7153751.028174446,2006.0,United States
NVG,,Nuveen AMT-Free Municipal Credit Income Fund,Finance,Investment Managers,,7149015.023399535,2002.0,United States
XOMA,,XOMA Royalty Corporation Common Stock,Health Care,Biotechnology: Pharmaceutical Preparations,523086361.0,7114434.320304507,1986.0,United States
AHMA,,Ambitions Enterprise Management Co. L.L.C Class A Ordinary Shares,Consumer Discretionary,Services-Misc. Amusement & Recreation,35670000.0,7102398.5713368375,2025.0,United Arab Emirates
BLND,,Blend Labs Inc. Class A Common Stock,Technology,Computer Software: Programming Data Processing,433388814.0,7101517.109166441,2021.0,United States
NXG,,NXG NextGen Infrastructure Income Fund Common Shares of Beneficial Interest,,,151185601.0,7084631.814484369,2012.0,
TBN,,Tamboran Resources Corporation Common stock,Energy,Oil & Gas Production,951798531.0,7072188.291894821,2024.0,
FDMT,,4D Molecular Therapeutics Inc. Common Stock,Health Care,Biotechnology: Biological Products (No Diagnostic Substances),518057677.0,7066240.127581642,2020.0,United States
NZF,,Nuveen Municipal Credit Income Fund,Finance,Finance Companies,,7052988.398969742,2007.0,United States
SWBI,,Smith & Wesson Brands Inc. Common Stock,Industrials,Ordnance And Accessories,677194799.0,7041902.467196329,,United States
OPFI,,OppFi Inc. Class A Common Stock,Finance,Finance: Consumer Services,724988676.0,7037675.510906038,2020.0,United States
TENX,,Tenax Therapeutics Inc. Common Stock,Health Care,Biotechnology: Pharmaceutical Preparations,314853637.0,7035236.413905734,,United States
ASYS,,Amtech Systems Inc. Common Stock,Technology,Industrial Machinery/Components,308395602.0,7034444.695627121,,United States
BBNX,,Beta Bionics Inc. Common Stock,Health Care,Medical/Dental Instruments,540087743.0,7027538.991737366,2025.0,United States
ENHA,,Enhanced Group Inc. Class A Common Stock,Consumer Discretionary,Services-Misc. Amusement & Recreation,1147015842.0,7021658.971832593,,Singapore
SGMT,,Sagimet Biosciences Inc. Series A Common Stock,Health Care,Biotechnology: Pharmaceutical Preparations,450170673.0,7009410.067783083,2023.0,United States
BRCB,,Black Rock Coffee Bar Inc. Class A Common Stock,Consumer Discretionary,Restaurants,416464314.0,6992271.8684128355,2025.0,United States
MCHB,,Mechanics Bancorp Class A Common Stock,Finance,Major Banks,3259023898.0,6964271.2793168565,2012.0,United States
SMX,,SMX (Security Matters) Public Limited Company Ordinary Shares,Technology,Industrial Machinery/Components,4550000.0,6928330.549015885,,Ireland
ACHV,,Achieve Life Sciences Inc. Common Shares,Health Care,Biotechnology: In Vitro & In Vivo Diagnostic Substances,537933459.0,6923642.572748093,,United States
ITIC,,Investors Title Company Common Stock,Finance,Specialty Insurers,443207061.0,6917300.950477237,,United States
BNAI,,Brand Engagement Network Inc. Common Stock,Technology,EDP Services,96574075.0,6911149.757457915,2021.0,United States
RRBI,,Red River Bancshares Inc. Common Stock,Consumer Discretionary,Hotels/Resorts,598680560.0,6892537.5643412275,2019.0,United States
HSTM,,HealthStream Inc. Common Stock,Technology,Computer Software: Programming Data Processing,729503244.0,6889363.359342302,2000.0,United States
SLI,,Standard Lithium Ltd. Common Shares,Industrials,Major Chemicals,979497791.0,6887181.1189390365,2021.0,Canada
CNNE,,Cannae Holdings Inc. Common Stock,Consumer Discretionary,Restaurants,651637704.0,6885320.200770242,2017.0,United States
GAB,,Gabelli Equity Trust Inc. (The) Common Stock,Finance,Investment Managers,1648314565.0,6856859.966975166,1986.0,United States
AURA,,Aura Biosciences Inc. Common Stock,Health Care,Biotechnology: Biological Products (No Diagnostic Substances),772297588.0,6849084.549295334,2021.0,United States
GOOS,,Canada Goose Holdings Inc. Subordinate Voting Shares,Consumer Discretionary,Apparel,986967211.0,6842475.377959297,2017.0,
TEO,,Telecom Argentina SA,Telecommunications,Telecommunications Equipment,6336150125.0,6841702.351265862,,Argentina
ELMT,,The Elmet Group Co. Common Stock,Industrials,Metal Fabrications,444989875.0,6834290.821157183,2026.0,United States
HIFS,,Hingham Institution for Savings Common Stock,Finance,Banks,621436086.0,6831766.432553246,,United States
TECX,,Tectonic Therapeutic Inc. Common Stock,Health Care,Biotechnology: Biological Products (No Diagnostic Substances),588058182.0,6830490.353765942,2018.0,United States
FCHL,,Fitness Champs Holdings Limited Common Stock,Consumer Discretionary,Services-Misc. Amusement & Recreation,52134.0,6824262.1021794025,2025.0,Singapore
BBDC,,Barings BDC Inc. Common Stock,Finance,Diversified Financial Services,906761615.0,6822148.069163731,,United States
GAIN,,Gladstone Investment Corporation Business Development Company,Finance,Finance: Consumer Services,629187079.0,6817895.232264201,2005.0,United States
CVLG,,Covenant Logistics Group Inc. Class A Common Stock,Industrials,Trucking Freight/Courier Services,999288263.0,6805857.034719558,,United States
TATT,,TAT Technologies Ltd. Ordinary Shares,Industrials,Aerospace,562299663.0,6799944.8340824675,,Israel
SVRA,,Savara Inc. Common Stock,Health Care,Biotechnology: Pharmaceutical Preparations,1065621502.0,6777048.666052591,,United States
NABL,,N-able Inc. Common Stock,Technology,Computer Software: Prepackaged Software,696999673.0,6768888.354361625,2021.0,United States
RLMD,,Relmada Therapeutics Inc. Common Stock,Health Care,Biotechnology: Pharmaceutical Preparations,756258508.0,6728882.97805105,,United States
SFST,,Southern First Bancshares Inc. Common Stock,Finance,Major Banks,546224882.0,6728729.544630505,,United States
JZXN,,Jiuzi Holdings Inc. Ordinary Shares,Consumer Discretionary,Retail-Auto Dealers and Gas Stations,1541456.0,6725941.444910424,2021.0,China
QSI,,Quantum-Si Incorporated Class A Common Stock,Industrials,Industrial Machinery/Components,259134594.0,6724626.912505286,2020.0,United States
FABC,,Fabric.AI Inc. Common Stock,Consumer Discretionary,Telecommunications Equipment,25980023.0,6717423.813813074,,United States
GOGO,,Gogo Inc. Common Stock,Consumer Discretionary,Telecommunications Equipment,618040050.0,6704829.066950934,2013.0,United States
WNC,,Wabash National Corporation Common Stock,Industrials,Construction/Ag Equipment/Trucks,322544558.0,6676737.478798912,1991.0,United States
CGNT,,Cognyte Software Ltd. Ordinary Shares,Technology,Computer Software: Prepackaged Software,840860799.0,6669196.083822705,,Israel
ABEO,,Abeona Therapeutics Inc. Common Stock,Health Care,Biotechnology: Pharmaceutical Preparations,329431932.0,6665089.360078176,,United States
PBT,,Permian Basin Royalty Trust Common Stock,Energy,Oil & Gas Production,1304580200.0,6652829.180426825,,United States
LILAK,,Liberty Latin America Ltd. Class C Common Stock,Telecommunications,Cable & Other Pay Television Services,1651480000.0,6644344.86719086,,United States
ARKO,,ARKO Corp. Common Stock,Consumer Staples,Food Chains,870561195.0,6641934.484822409,,United States
AMSF,,AMERISAFE Inc. Common Stock,Finance,Property-Casualty Insurers,573270581.0,6641181.299981616,2005.0,United States
OBK,,Origin Bancorp Inc. Common Stock,Finance,Major Banks,1472889072.0,6631797.301900955,,United States
HYT,,Blackrock Corporate High Yield Fund Inc. Common Stock,Finance,Finance Companies,,6625421.049004509,2003.0,United States
SCVL,,Shoe Carnival Inc. Common Stock,Consumer Discretionary,Clothing/Shoe/Accessory Stores,486470004.0,6607037.772383009,1993.0,United States
INSG,,Inseego Corp. Common Stock,Telecommunications,Telecommunications Equipment,213550396.0,6601652.660574232,,United States
BGSI,,Boyd Group Services Inc. Common Shares,,,3061863641.0,6600378.82792155,,Canada
ENGN,,enGene Therapeutics Inc. Common Stock,Health Care,Biotechnology: Biological Products (No Diagnostic Substances),123930512.0,6584590.992450714,,Canada
ARTV,,Artiva Biotherapeutics Inc. Common Stock,Health Care,Biotechnology: Biological Products (No Diagnostic Substances),196003209.0,6580103.461367743,2024.0,United States
IDT,,IDT Corporation Class B Common Stock,Telecommunications,Telecommunications Equipment,1383204847.0,6574017.411168416,,United States
LXRX,,Lexicon Pharmaceuticals Inc. Common Stock,Health Care,Biotechnology: Pharmaceutical Preparations,968348130.0,6573292.970019863,,United States
GCO,,Genesco Inc. Common Stock,Consumer Discretionary,Clothing/Shoe/Accessory Stores,416630055.0,6563119.255120413,,United States
GTN,,Gray Media Inc. Common Stock,Industrials,Broadcasting,411981205.0,6544228.525812285,,United States
NCT,,Intercont (Cayman) Limited Class A Ordinary shares,Consumer Discretionary,Restaurants,3402048.0,6452167.898011208,2025.0,China
GPUS,,Hyperscale Data Inc. Common Stock,Technology,Industrial Machinery/Components,87676899.0,6439546.034675766,1997.0,United States
SBGI,,Sinclair Inc. Class A Common Stock,Industrials,Broadcasting,998049985.0,6427157.400412787,1995.0,United States
CGBD,,Carlyle Secured Lending Inc. Common Stock,Finance,Finance: Consumer Services,758061444.0,6426174.185044425,2017.0,United States
BSTZ,,BlackRock Science and Technology Term Trust Common Shares of Beneficial Interest,Finance,Trusts Except Educational Religious and Charitable,673598032.0,6418925.615810213,2019.0,United States
WRN,,Western Copper and Gold Corporation Common Stock,Basic Materials,Metal Mining,672387681.0,6418440.32944157,2011.0,Canada
ORN,,Orion Group Holdings Inc. Common,Industrials,Military/Government/Technical,556994865.0,6416487.539382208,,United States
ZENA,,ZenaTech Inc. Common Stock,Technology,Computer Software: Prepackaged Software,139610299.0,6413595.713700567,,Canada
APOG,,Apogee Enterprises Inc. Common Stock,Consumer Discretionary,Auto Parts:O.E.M.,820092102.0,6413515.498515538,,United States
RMAX,,RE/MAX Holdings Inc. Class A Common Stock,Finance,Real Estate,202561065.0,6408850.811867487,2013.0,United States
OFRM,,Once Upon a Farm PBC Common Stock,Consumer Staples,Packaged Foods,647386379.0,6405622.355570112,2026.0,
TKC,,Turkcell Iletisim Hizmetleri AS Common Stock,Telecommunications,Telecommunications Equipment,5033600000.0,6388111.968197142,,Turkey
CNXN,,PC Connection Inc. Common Stock,Consumer Discretionary,Catalog/Specialty Distribution,1755480611.0,6386018.014762515,,United States
TBRG,,TruBridge Inc. Common Stock,Technology,EDP Services,389377571.0,6361966.395060222,2002.0,United States
BRAI,,Braiin Limited Common Stock,Technology,EDP Services,2635868436.0,6340402.660964784,,Australia
QMCO,,Quantum Corporation Common Stock,Technology,Electronic Components,142135262.0,6329396.675087157,,United States
UFCS,,United Fire Group Inc. Common Stock,Finance,Property-Casualty Insurers,1137337839.0,6322985.716974167,,United States
GSM,,Ferroglobe PLC Ordinary Shares,Basic Materials,Metal Mining,809106039.0,6319554.639412108,,United Kingdom
ASA,,ASA  Gold and Precious Metals Limited,Industrials,Precious Metals,1181928158.0,6310537.178675334,,United States
PEBO,,Peoples Bancorp Inc. Common Stock,Finance,Major Banks,1249418321.0,6304801.37365432,,United States
MDXG,,MiMedx Group Inc Common Stock,Health Care,Biotechnology: Pharmaceutical Preparations,548120290.0,6301103.790406954,,United States
EH,,EHang Holdings Limited ADS,Industrials,Aerospace,731366157.0,6289758.910728636,2019.0,China
BTX,,BlackRock Technology and Private Equity Term Trust Common Shares of Beneficial Interest,,,2164608877.0,6288170.108583995,2021.0,United States
CBIO,,Crescent Biopharma Inc. Common Stock,Health Care,Biotechnology: Pharmaceutical Preparations,569360458.0,6272032.4420928955,2014.0,United States
BST,,BlackRock Science and Technology Trust Common Shares of Beneficial Interest,Finance,Finance Companies,1097477320.0,6255400.428390503,2014.0,United States
GEVO,,Gevo Inc. Common Stock,Industrials,Major Chemicals,452745072.0,6254996.232473282,2011.0,United States
HNST,,The Honest Company Inc. Common Stock,Consumer Discretionary,Catalog/Specialty Distribution,385275153.0,6254759.547449294,2021.0,United States
MOV,,Movado Group Inc. Common Stock,Consumer Discretionary,Consumer Specialties,850858479.0,6226083.236785162,,United States
IMTX,,Immatics N.V. Ordinary Shares,Health Care,Biotechnology: Biological Products (No Diagnostic Substances),1543451590.0,6221675.352060227,,Germany
ACGC,,ACP Holdings Acquisition Corp. Class A Ordinary Shares,Finance,Blank Checks,,6218226.6357421875,2026.0,United States
RZB,,Reinsurance Group of America Incorporated 5.75% Fixed-To-Floating Rate Subordinated Debentures due 2056,Finance,Life Insurance,1657483024.0,6212017.780676343,2016.0,United States
CBLL,,CeriBell Inc. Common Stock,Health Care,Biotechnology: Electromedical & Electrotherapeutic Apparatus,700042815.0,6180835.294033232,2024.0,United States
GLE,,Global Engine Group Holding Limited Class A Ordinary Shares,Technology,EDP Services,7980630.0,6174212.961567868,2024.0,Hong Kong
NX,,Quanex Building Products Corporation Common Stock,Industrials,Metal Fabrications,854828279.0,6159833.056876773,,United States
OOMA,,Ooma Inc. Common Stock,Technology,EDP Services,485548111.0,6146055.723344712,2015.0,United States
VERI,,Veritone Inc. Common Stock,Technology,EDP Services,197073006.0,6139104.450850828,2017.0,United States
DC,,Dakota Gold Corp. Common Stock,Basic Materials,Metal Mining,771425839.0,6128853.080243156,2022.0,United States
SAFT,,Safety Insurance Group Inc. Common Stock,Finance,Property-Casualty Insurers,1030336564.0,6127250.894128708,2002.0,United States
CTRN,,Citi Trends Inc. Common Stock,Consumer Discretionary,Clothing/Shoe/Accessory Stores,579156764.0,6111364.101973034,2005.0,United States
MSEX,,Middlesex Water Company Common Stock,Utilities,Water Supply,978336002.0,6105349.453517369,,United States
GROY,,Gold Royalty Corp. Common Shares,Basic Materials,Precious Metals,826937657.0,6101077.0452317735,2021.0,Canada
ELE,,Elemental Royalty Corporation Common Stock,Basic Materials,Precious Metals,1148593255.0,6097799.341288067,,Canada
KYN,,Kayne Anderson Energy Infrastructure Fund Inc.,Finance,Finance/Investors Services,1862279330.0,6090698.696331751,2004.0,United States
USAC,,USA Compression Partners LP Common Units Representing Limited Partner Interests,Utilities,Natural Gas Distribution,3991089016.0,6087891.896711077,2013.0,United States
AIRS,,AirSculpt Technologies Inc. Common Stock,Health Care,Medical/Nursing Services,379535764.0,6087472.532196272,2021.0,United States
SFIX,,Stitch Fix Inc. Class A Common Stock,Consumer Discretionary,Catalog/Specialty Distribution,486020171.0,6087183.741299312,2017.0,United States
CLIK,,Click Holdings Limited Class A Ordinary Share,Consumer Discretionary,Diversified Commercial Services,6232393.0,6084306.05961652,2024.0,Hong Kong
BVS,,Bioventus Inc. Class A Common Stock,Health Care,Medical/Dental Instruments,710881020.0,6083360.565512521,2021.0,United States
EGBN,,Eagle Bancorp Inc. Common Stock,Finance,Major Banks,832225361.0,6067067.812983195,,United States
EOLS,,Evolus Inc. Common Stock,Health Care,Biotechnology: Pharmaceutical Preparations,432007167.0,6044102.889020102,2018.0,United States
SRTA,,Strata Critical Medical Inc. Class A Common Stock,Consumer Discretionary,Transportation Services,545982657.0,6030314.247288023,2019.0,United States
GOOD,,Gladstone Commercial Corporation Real Estate Investment Trust,Real Estate,Real Estate,610412182.0,6029122.666731335,2003.0,United States
FSUN,,FirstSun Capital Bancorp Common Stock,Finance,Major Banks,1656816192.0,6025077.612649826,,United States
LQDT,,Liquidity Services Inc. Common Stock,Consumer Discretionary,Business Services,1129072375.0,6017509.0580894835,2006.0,United States
CHT,,Chunghwa Telecom Co. Ltd.,Telecommunications,Telecommunications Equipment,33954343506.0,6009106.449272519,,Taiwan
USA,,Liberty All-Star Equity Fund Common Stock,Finance,Finance Companies,,6007021.212062381,1986.0,United States
ABUS,,Arbutus Biopharma Corporation Common Stock,Health Care,Biotechnology: Pharmaceutical Preparations,900771958.0,5964379.001210985,,Canada
MTUS,,Metallus Inc. Common Shares,Industrials,Steel/Iron Ore,817986388.0,5956948.380034311,2014.0,United States
NGL,,NGL ENERGY PARTNERS LP Common Units representing Limited Partner Interests,Utilities,Natural Gas Distribution,2117224342.0,5952039.936864944,2011.0,United States
AIAI,,AIAI Holdings Corporation Class A Common Stock,Technology,EDP Services,902128492.0,5949207.359825481,,United States
AKBA,,Akebia Therapeutics Inc. Common Stock,Health Care,Biotechnology: Pharmaceutical Preparations,273623408.0,5918047.209749335,2014.0,United States
CHRN,,ChronoScale Corporation Common Stock,Industrials,Industrial Machinery/Components,65423675.0,5888419.7996412,,United States
BDTX,,Black Diamond Therapeutics Inc. Common Stock,Health Care,Biotechnology: Biological Products (No Diagnostic Substances),127209938.0,5883718.060987337,2020.0,United States
CFFN,,Capitol Federal Financial Inc. Common Stock,Finance,Savings Institutions,985001556.0,5876944.236051468,,United States
ITRG,,Integra Resources Corp. Common Shares,Basic Materials,Precious Metals,554169551.0,5869758.5695028305,,
KIDZ,,Classover Holdings Inc. Class B Common Stock,Real Estate,Other Consumer Services,3194307.0,5850753.306580015,,United States
ATS,,ATS Corporation Common Shares,Industrials,Industrial Machinery/Components,3033457061.0,5843991.733060564,2023.0,Canada
ADX,,Adams Diversified Equity Fund Inc.,Finance,Investment Managers,,5840531.986163911,,United States
IIIN,,Insteel Industries Inc. Common Stock,Industrials,Steel/Iron Ore,534219960.0,5829181.979088556,,United States
MAX,,MediaAlpha Inc. Class A Common Stock,Consumer Discretionary,Business Services,554918756.0,5797457.203115736,2020.0,United States
KRNT,,Kornit Digital Ltd. Ordinary Shares,Industrials,Industrial Machinery/Components,747471894.0,5778538.137617566,2015.0,Israel
KELYA,,Kelly Services Inc. Class A Common Stock,Consumer Discretionary,Professional Services,402855988.0,5760818.145384108,,United States
SD,,SandRidge Energy Inc. Common Stock,Energy,Oil & Gas Production,541590860.0,5753780.090940567,2016.0,United States
UTL,,UNITIL Corporation Common Stock,Utilities,Power Generation,900080274.0,5751509.794326056,1985.0,United States
MBIN,,Merchants Bancorp Common Stock,Finance,Major Banks,2165395133.0,5748321.437236241,2017.0,United States
LAND,,Gladstone Land Corporation Common Stock,Real Estate,Real Estate Investment Trusts,408934712.0,5732333.130872818,2013.0,United States
BSM,,Black Stone Minerals L.P. Common units representing limited partner interests,Energy,Oil & Gas Production,2881490928.0,5718444.091215588,2015.0,United States
RPGL,,Republic Power Group Limited Class A Ordinary Shares,Technology,Computer Software: Prepackaged Software,10850053.0,5708326.07723168,2025.0,Singapore
VTEX,,VTEX Class A Common Shares,Technology,Computer Software: Prepackaged Software,717670983.0,5703192.445736839,2021.0,United Kingdom
HCKT,,Hackett Group Inc (The). Common Stock,Consumer Discretionary,Professional Services,290427867.0,5700860.636788323,,United States
MLGO,,MicroAlgo Inc. Class A Ordinary Shares,Technology,EDP Services,74873515.0,5680315.9908203855,2021.0,United States
TRDA,,Entrada Therapeutics Inc. Common Stock,Health Care,Biotechnology: Pharmaceutical Preparations,274461755.0,5673537.571384793,2021.0,United States
VEON,,VEON Ltd. ADS,Telecommunications,Telecommunications Equipment,4152542580.0,5651030.449113391,,Netherlands
MGNX,,MacroGenics Inc. Common Stock,Health Care,Biotechnology: Pharmaceutical Preparations,264422592.0,5650266.818454152,2013.0,United States
SHEN,,Shenandoah Telecommunications Co Common Stock,Telecommunications,Telecommunications Equipment,882385916.0,5647130.119500841,,United States
EDSA,,Edesa Biotech Inc. Common Shares,Health Care,Biotechnology: Pharmaceutical Preparations,64199886.0,5641400.271513348,,United States
DAKT,,Daktronics Inc. Common Stock,Consumer Discretionary,Miscellaneous manufacturing industries,998804915.0,5641127.957307724,1994.0,United States
STFS,,Star Fashion Culture Holdings Limited Class A Ordinary Shares,Consumer Discretionary,Advertising,12391125.0,5609169.507371811,2024.0,China
MPTI,,M-tron Industries Inc. Common Stock,Technology,Industrial Machinery/Components,393251313.0,5598632.661764963,2022.0,United States
RBCAA,,Republic Bancorp Inc. Class A Common Stock,Finance,Major Banks,1588055244.0,5598378.902616955,1998.0,United States
CNCK,,Coincheck Group N.V. Ordinary Shares,Finance,Finance: Consumer Services,252824447.0,5592710.002939474,,Netherlands
DSL,,DoubleLine Income Solutions Fund Common Shares of Beneficial Interests,Finance,Trusts Except Educational Religious and Charitable,1128084918.0,5562097.096129826,2013.0,United States
PAYS,,Paysign Inc. Common Stock,Technology,EDP Services,406434970.0,5553473.085678192,,United States
MYE,,Myers Industries Inc. Common Stock,Industrials,Plastic Products,856306942.0,5536672.209567116,1983.0,United States
KMTS,,Kestra Medical Technologies Ltd. Common Stock,Health Care,Medical/Dental Instruments,1241017485.0,5534027.122706459,2025.0,United States
SSTK,,Shutterstock Inc. Common Stock,Technology,EDP Services,547029028.0,5533668.456826891,2012.0,United States
CCSI,,Consensus Cloud Solutions Inc. Common Stock,Technology,Computer Software: Prepackaged Software,631969583.0,5528158.627464658,,United States
KARO,,Karooooo Ltd. Ordinary Shares,Technology,Computer Software: Prepackaged Software,1473610410.0,5513748.366819109,2021.0,Singapore
PRTA,,Prothena Corporation plc Ordinary Shares,Health Care,Biotechnology: Pharmaceutical Preparations,532955953.0,5508975.848652068,,United States
PANL,,Pangaea Logistics Solutions Ltd. Common Shares,Consumer Discretionary,Marine Transportation,495190967.0,5500814.684577215,2013.0,United States
POAS,,Phaos Technology Holdings (Cayman) Limited Class A Ordinary Shares,Industrials,Industrial Machinery/Components,16464799.0,5494463.08523672,2025.0,
ACRS,,Aclaris Therapeutics Inc. Common Stock,Health Care,Biotechnology: Pharmaceutical Preparations,635469744.0,5489827.025352205,2015.0,United States
SAFE,,Safehold Inc. New Common Stock,Real Estate,Real Estate Investment Trusts,1072001730.0,5450795.687866211,2023.0,United States
OXSQ,,Oxford Square Capital Corp. Common Stock,Finance,Blank Checks,126261567.0,5440791.690503416,2003.0,United States
GRNT,,Granite Ridge Resources Inc. Common Stock,Energy,Oil & Gas Production,641014511.0,5416079.7745273225,2022.0,United States
GPRK,,Geopark Ltd Common Shares,Energy,Oil & Gas Production,529998780.0,5413805.671028864,2014.0,Bermuda
DCTH,,Delcath Systems Inc. Common Stock,Health Care,Medical/Dental Instruments,372143355.0,5412024.493662517,,United States
LODE,,Comstock Inc. Common Stock,Industrials,Major Chemicals,315039299.0,5407991.532493773,,United States
GCL,,GCL Global Holdings Ltd Ordinary Shares,Technology,Computer Software: Prepackaged Software,71684874.0,5389081.518028322,,Singapore
OFIX,,Orthofix Medical Inc. Common Stock (DE),Health Care,Medical/Dental Instruments,374708714.0,5377638.165206001,1992.0,Curacao
RELL,,Richardson Electronics Ltd. Common Stock,Technology,Electronic Components,247176536.0,5364892.949031648,1983.0,United States
ATLX,,Atlas Lithium Corporation Common Stock,Industrials,Mining & Quarrying of Nonmetallic Minerals (No Fuels),124451543.0,5359388.956208456,,United States
UNCY,,Unicycive Therapeutics Inc. Common Stock,Health Care,Biotechnology: Pharmaceutical Preparations,197046199.0,5351007.258226758,2021.0,United States
FGL,,Founder Group Limited Class A Ordinary Shares,Consumer Discretionary,Engineering & Construction,1895116.0,5347595.336327098,2024.0,Malaysia
CXDO,,Crexendo Inc. Common Stock,Telecommunications,Telecommunications Equipment,320263885.0,5347286.912141527,,United States
ASMB,,Assembly Biosciences Inc. Common Stock,Health Care,Biotechnology: Pharmaceutical Preparations,439589537.0,5347032.458459763,2010.0,United States
WASH,,Washington Trust Bancorp Inc. Common Stock,Finance,Major Banks,620966364.0,5342071.663456871,,United States
PACK,,Ranpak Holdings Corp Class A Common Stock,Consumer Discretionary,Containers/Packaging,590259638.0,5334681.573093506,2018.0,United States
NTCL,,NETCLASS TECHNOLOGY INC Class A Ordinary Shares,Technology,Computer Software: Prepackaged Software,59079726.0,5334270.148696927,2024.0,China
VREX,,Varex Imaging Corporation Common Stock,Technology,Industrial Machinery/Components,430683000.0,5328670.193513234,,United States
LOCO,,El Pollo Loco Holdings Inc. Common Stock,Consumer Discretionary,Restaurants,452870281.0,5325548.823828924,2014.0,United States
FFAI,,Faraday Future Intelligent Electric Inc. Class A Common Stock,Industrials,Auto Manufacturing,110499547.0,5320538.592924391,2020.0,United States
FTK,,Flotek Industries Inc. Common Stock,Industrials,Major Chemicals,721740786.0,5305984.1683342345,,United States
GNS,,Genius Group Limited Ordinary Shares,Consumer Discretionary,Services-Misc. Amusement & Recreation,49526133.0,5304043.47100421,2022.0,Singapore
GDRX,,GoodRx Holdings Inc. Class A Common Stock,Technology,EDP Services,988932089.0,5294947.625003542,2020.0,United States
MAMA,,Mama's Creations Inc. Common Stock,Consumer Staples,Specialty Foods,561756600.0,5291303.421075003,,United States
CTBI,,Community Trust Bancorp Inc. Common Stock,Finance,Major Banks,1214426386.0,5282603.643544515,,United States
ODC,,Oil-Dri Corporation Of America Common Stock,Consumer Discretionary,Miscellaneous manufacturing industries,1110037337.0,5279274.783870152,,United States
INO,,Inovio Pharmaceuticals Inc. Common Stock,Health Care,Medical/Dental Instruments,107777940.0,5275336.848214127,,United States
PALI,,Palisade Bio Inc. Common Stock,Health Care,Biotechnology: Biological Products (No Diagnostic Substances),367988900.0,5245079.566876661,,United States
CATX,,Perspective Therapeutics Inc. Common Stock,Health Care,Medical/Dental Instruments,449342016.0,5244569.744358744,,United States
NBBK,,NB Bancorp Inc. Common Stock,Finance,Banks,895464445.0,5239869.267917815,2023.0,United States
ABX,,Abacus Global Management Inc. Class A Common Stock,Finance,Investment Managers,861382856.0,5218333.622392018,,United States
ELVA,,Electrovaya Inc. Common Shares,,,578742441.0,5205562.287044525,,Canada
RSKD,,Riskified Ltd. Class A Ordinary Shares,Consumer Discretionary,Business Services,723240966.0,5182752.112506685,2021.0,
CGTL,,Creative Global Technology Holdings Limited Class A Ordinary Shares,Technology,Retail: Computer Software & Peripheral Equipment,12862500.0,5161937.659680418,2024.0,China
MCFT,,MasterCraft Boat Holdings Inc. Common Stock,Industrials,Marine Transportation,379158638.0,5158074.718202864,2015.0,United States
NUV,,Nuveen Municipal Value Fund Inc. Common Stock,Finance,Trusts Except Educational Religious and Charitable,,5157663.032940456,1987.0,United States
OSG,,Octave Specialty Group Inc. Common Stock,Finance,Property-Casualty Insurers,246674484.0,5120894.004027049,,United States
FBRX,,Forte Biosciences Inc. Common Stock,Health Care,Biotechnology: Pharmaceutical Preparations,390531040.0,5102415.110261099,2017.0,United States
HBNC,,Horizon Bancorp Inc. Common Stock,Finance,Major Banks,952167122.0,5102226.662109012,,United States
GDOT,,Green Dot Corporation Class A Common Stock $0.001 par value,Finance,Finance: Consumer Services,729475011.0,5061330.105254764,2010.0,United States
BBCQ,,Bleichroeder Acquisition Corp. II Class A Ordinary Shares,,,,5048889.043976012,2026.0,United States
TCBK,,TriCo Bancshares Common Stock,Finance,Major Banks,1621057972.0,5036760.910742624,,United States
KLC,,KinderCare Learning Companies Inc. Common Stock,Consumer Discretionary,Other Consumer Services,454764668.0,5015095.754518963,2024.0,United States
AMAL,,Amalgamated Financial Corp. Common Stock (DE),Finance,Major Banks,1238897554.0,5002879.593858264,2018.0,United States
AIRO,,AIRO Group Holdings Inc. Common Stock,Industrials,Aerospace,282381883.0,4998592.101948602,2025.0,United States
FDUS,,Fidus Investment Corporation Common Stock,Finance,Finance/Investors Services,716578392.0,4975784.828322275,2011.0,United States
ALRS,,Alerus Financial Corporation Common Stock,Finance,Major Banks,718176703.0,4965634.483428229,2019.0,United States
FSCO,,FS Credit Opportunities Corp. Common Stock,Finance,Trusts Except Educational Religious and Charitable,1001697295.0,4963926.907310031,2022.0,United States
FWDI,,Forward Industries Inc. Common Stock,Industrials,Plastic Products,350994585.0,4960009.187818709,,United States
GHRS,,GH Research PLC Ordinary Shares,Health Care,Biotechnology: Pharmaceutical Preparations,1644686604.0,4939505.619376047,2021.0,Ireland
AIV,,Apartment Investment and Management Company Common Stock,Real Estate,Real Estate Investment Trusts,604195969.0,4933821.901096617,1994.0,United States
CAC,,Camden National Corporation Common Stock,Finance,Major Banks,846241440.0,4926128.434807913,,United States
CWBC,,Community West Bancshares Common Stock,Finance,Major Banks,651492286.0,4922904.447310312,,United States
BFST,,Business First Bancshares Inc. Common Stock,Finance,Major Banks,930668529.0,4912054.834883554,,United States
AIOT,,PowerFleet Inc. Common Stock,Telecommunications,Telecommunications Equipment,524515853.0,4908161.072471028,,United States
NXRT,,NexPoint Residential Trust Inc. Common Stock,Real Estate,Real Estate Investment Trusts,740781217.0,4900903.454417274,2015.0,United States
TWFG,,TWFG Inc. Class A Common Stock,Finance,Specialty Insurers,1016744115.0,4899257.897440593,2024.0,United States
AMTB,,Amerant Bancorp Inc. Class A Common Stock,Finance,Major Banks,894141942.0,4898052.62458438,,United States
BDN,,Brandywine Realty Trust Common Stock,Real Estate,Real Estate Investment Trusts,538506720.0,4885201.713974135,,United States
MVIS,,MicroVision Inc. Common Stock,Technology,Industrial Machinery/Components,201190993.0,4880908.722467934,1996.0,United States
STAK,,STAK Inc. Class A Ordinary Shares,Consumer Discretionary,Oil and Gas Field Machinery,12681935.0,4860807.745699655,2025.0,China
LOMA,,Loma Negra Compania Industrial Argentina Sociedad Anonima ADS,Industrials,Building Materials,1400359560.0,4854156.395217351,2017.0,Argentina
SMBC,,Southern Missouri Bancorp Inc. Common Stock,Finance,Banks,760739546.0,4847969.723002116,,United States
CSV,,Carriage Services Inc. Common Stock,Consumer Discretionary,Other Consumer Services,653781190.0,4834753.240748814,,United States
OVID,,Ovid Therapeutics Inc. Common Stock,Health Care,Biotechnology: Pharmaceutical Preparations,509527478.0,4817405.1335119065,2017.0,United States
CLDT,,Chatham Lodging Trust (REIT) Common Shares of Beneficial Interest,Real Estate,Real Estate Investment Trusts,506491237.0,4804054.38573474,2010.0,United States
GAMB,,Gambling.com Group Limited Ordinary Shares,Consumer Discretionary,Services-Misc. Amusement & Recreation,83531312.0,4802550.466946193,2021.0,Jersey
GCTK,,GlucoTrack Inc. Common Stock,Health Care,Medical/Dental Instruments,4131124.0,4796071.800594671,,United States
PLTK,,Playtika Holding Corp. Common Stock,Technology,EDP Services,1434030885.0,4791887.243975912,2021.0,Israel
AMCX,,AMC Global Media Inc. Class A Common Stock,Telecommunications,Cable & Other Pay Television Services,426977361.0,4788145.398862021,,United States
CMCO,,Columbus McKinnon Corporation Common Stock,Industrials,Construction/Ag Equipment/Trucks,458680281.0,4767067.434215546,1996.0,United States
TOYO,,TOYO Co. Ltd Ordinary Shares,Consumer Discretionary,Miscellaneous manufacturing industries,547883046.0,4755142.279266176,,Japan
STIM,,Neuronetics Inc. Common Stock,Health Care,Medical/Dental Instruments,107165274.0,4754948.496727716,2018.0,United States
AMTX,,Aemetis Inc. (DE) Common Stock,Industrials,Major Chemicals,179434516.0,4746645.6620727265,,United States
WBTN,,WEBTOON Entertainment Inc. Common stock,Consumer Discretionary,Publishing,1662034832.0,4723094.548098247,2024.0,United States
XXII,,22nd Century Group Inc. Common Stock,Health Care,Medicinal Chemicals and Botanical Products,2434121.0,4719968.555473713,,United States
GEL,,Genesis Energy L.P. Common Units,Energy,Oil Refining/Marketing,1840638700.0,4711116.415455228,2001.0,United States
HMH,,HMH Holding Inc. Class A Common Stock,Consumer Discretionary,Oil and Gas Field Machinery,939891777.0,4702288.59820593,2026.0,United States
OCG,,Oriental Culture Holding LTD Ordinary Shares,Consumer Discretionary,Other Consumer Services,3605260.0,4700911.669210593,2020.0,China
FNKO,,Funko Inc. Class A Common Stock,Consumer Discretionary,Recreational Games/Products/Toys,317687285.0,4689801.937704994,2017.0,United States
BF/A,,Brown Forman Corporation,,,,4669256.648599533,,United States
TLIH,,Ten-League International Holdings Limited Ordinary Shares,,,11085440.0,4664146.876765319,2025.0,Singapore
RWAY,,Runway Growth Finance Corp. Common Stock,Finance,Finance: Consumer Services,274745613.0,4651878.66751353,2021.0,United States
KE,,Kimball Electronics Inc. Common Stock,Technology,Electrical Products,623588625.0,4644166.603379022,,United States
ESEA,,Euroseas Ltd. Common Stock (Marshall Islands),Consumer Discretionary,Marine Transportation,449459620.0,4644147.895377023,,Greece
THFF,,First Financial Corporation Common Stock,Finance,Major Banks,822681365.0,4643960.577937535,,United States
SCZM,,Santacruz Silver Mining Ltd. Common Shares,,,753799197.0,4638841.039282935,,Canada
NAGE,,Niagen Bioscience Inc. Common Stock,Health Care,Medicinal Chemicals and Botanical Products,307427102.0,4636269.694991339,,United States
BDJ,,Blackrock Enhanced Equity Dividend Trust,Finance,Finance Companies,1638587641.0,4620910.314219339,2005.0,United States
SRXH,,SRX Health Solutions Inc. Common Stock,Consumer Staples,Beverages (Production/Distribution),65223152.0,4618231.050832499,2021.0,
SRFM,,Surf Air Mobility Inc. Common Stock,Consumer Discretionary,Transportation Services,124492123.0,4612229.562451159,2023.0,United States
CISS,,C3is Inc. Common Stock,Consumer Discretionary,Marine Transportation,1233681.0,4611724.9115047,,Greece
MH,,McGraw Hill Inc. Common Stock,Consumer Discretionary,Publishing,2299658289.0,4608861.598868597,2025.0,
LBRX,,LB Pharmaceuticals Inc Common Stock,Health Care,Biotechnology: Pharmaceutical Preparations,802085956.0,4605736.617724101,2025.0,United States
PERI,,Perion Network Ltd. Ordinary Shares,Technology,EDP Services,333914408.0,4604537.764344896,2006.0,Israel
BCSF,,Bain Capital Specialty Finance Inc. Common Stock,Finance,Finance/Investors Services,863399828.0,4601255.893820808,2018.0,United States
LFMD,,LifeMD Inc. Common Stock,Health Care,Medical/Nursing Services,206991543.0,4587754.534092404,,United States
GLND,,Greenland Energy Company Common Stock,Energy,Oil & Gas Production,136875507.0,4557039.66806389,,United States
RXST,,RxSight Inc. Common Stock,Health Care,Ophthalmic Goods,220643926.0,4553092.525600252,2021.0,United States
LIMN,,Liminatus Pharma Inc. Class A Common Stock,,,7359932.0,4535724.572597089,,United States
PRZO,,ParaZero Technologies Ltd. Ordinary Shares,Industrials,Military/Government/Technical,21733141.0,4531392.751243569,2023.0,Israel
TRST,,TrustCo Bank Corp NY Common Stock,Finance,Major Banks,905369958.0,4526533.804521106,,United States
WOOF,,Petco Health and Wellness Company Inc. Class A Common Stock,Consumer Discretionary,Other Specialty Stores,969660742.0,4524362.71017733,2021.0,United States
PGC,,Peapack-Gladstone Financial Corporation Common Stock,Finance,Commercial Banks,766319849.0,4518827.366638184,,United States
CMCL,,Caledonia Mining Corporation Plc Common Shares,Basic Materials,Precious Metals,458877545.0,4517649.770836603,,Canada
TASK,,TaskUs Inc. Class A Common Stock,Technology,EDP Services,579690038.0,4516573.022111257,2021.0,United States
MAGN,,Magnera Corporation Common Stock,Basic Materials,Paper,407046000.0,4514839.82535771,2000.0,United States
NGS,,Natural Gas Services Group Inc. Common Stock,Energy,Oilfield Services/Equipment,495115745.0,4514819.1739400225,2002.0,United States
MHD,,Blackrock MuniHoldings Fund Inc. Common Stock,Finance,Investment Bankers/Brokers/Service,1734570412.0,4512678.915014721,1997.0,United States
INN,,Summit Hotel Properties Inc. Common Stock,Real Estate,Real Estate Investment Trusts,625266500.0,4503484.420408522,2011.0,United States
PRE,,Prenetics Global Limited Class A Ordinary Share,Finance,Blank Checks,361727069.0,4492145.319911412,,Hong Kong
GABC,,German American Bancorp Inc. Common Stock,Finance,Major Banks,1642311896.0,4489985.684331258,,United States
SEGG,,Sports Entertainment Gaming Global Corporation Common Stock,Technology,Computer Software: Prepackaged Software,21367425.0,4483279.881607918,2023.0,United States
IRD,,Opus Genetics Inc. Common Stock,Health Care,Biotechnology: Pharmaceutical Preparations,354884550.0,4481262.722723825,,United States
SKYQ,,Sky Quarry Inc. Common Stock,Industrials,Environmental Services,10787954.0,4463708.412098885,2024.0,United States
YEXT,,Yext Inc. Common Stock,Technology,EDP Services,418559827.0,4460189.137581416,2017.0,United States
ARTL,,Artelo Biosciences Inc. Common Stock,Health Care,Biotechnology: Pharmaceutical Preparations,4879756.0,4458893.543851944,,United States
CTEV,,Claritev Corporation Class A Common Stock,Consumer Discretionary,Business Services,428240460.0,4428728.555520375,2020.0,United States
NMFC,,New Mountain Finance Corporation Common Stock,Finance,Finance/Investors Services,755619120.0,4420827.072384244,,United States
PMI,,Picard Medical Inc. Common Stock,Health Care,Medical/Dental Instruments,13621602.0,4417013.066206304,2025.0,
ACCO,,Acco Brands Corporation Common Stock,Consumer Discretionary,Publishing,365340864.0,4409181.447910127,,United States
UPXI,,Upexi Inc. Common Stock,Health Care,Medicinal Chemicals and Botanical Products,83611575.0,4400430.304963816,2021.0,United States
TNYA,,Tenaya Therapeutics Inc. Common Stock,Health Care,Biotechnology: Biological Products (No Diagnostic Substances),188572023.0,4393456.653128919,2021.0,United States
MQY,,Blackrock MuniYield Quality Fund Inc. Common Stock,Finance,Investment Bankers/Brokers/Service,1703330293.0,4386015.662097931,1992.0,United States
RUSHB,,Rush Enterprises Inc. Class B,Consumer Discretionary,Retail-Auto Dealers and Gas Stations,5043527686.0,4385618.891507103,,United States
ARDT,,Ardent Health Inc. Common Stock,Health Care,Hospital/Nursing Management,1323120786.0,4380692.40603674,2024.0,United States
SWIM,,Latham Group Inc. Common Stock,Industrials,Plastic Products,619933190.0,4378497.643577484,2021.0,United States
BWMN,,Bowman Consulting Group Ltd. Common Stock,Consumer Discretionary,Professional Services,552018853.0,4365377.911631267,2021.0,United States
RWTS,,Redwood Trust Inc.,,,,4361668.959236145,,United States
ETY,,Eaton Vance Tax-Managed Diversified Equity Income Fund Common Shares of Beneficial Interest,Finance,Finance Companies,,4353991.999449049,2006.0,United States
SVCO,,Silvaco Group Inc. Common Stock,Technology,Computer Software: Prepackaged Software,315771461.0,4353238.33085923,2024.0,United States
CSQ,,Calamos Strategic Total Return Common Stock,Finance,Finance Companies,3284207147.0,4346042.098617554,2004.0,United States
QTRX,,Quanterix Corporation Common Stock,Industrials,Biotechnology: Laboratory Analytical Instruments,144144302.0,4320402.802544548,2017.0,United States
ELDN,,Eledon Pharmaceuticals Inc. Common Stock,Health Care,Biotechnology: Pharmaceutical Preparations,294085606.0,4307797.018288431,2014.0,United States
NUS,,Nu Skin Enterprises Inc. Common Stock,Health Care,Other Pharmaceuticals,281107644.0,4296857.207218806,1996.0,United States
AIRJ,,AirJoule Technologies Corporation Class A Common Stock,Industrials,Industrial Machinery/Components,307442603.0,4278380.113041969,2022.0,United States
EXG,,Eaton Vance Tax-Managed Global Diversified Equity Income Fund Common Shares of Beneficial Interest,Finance,Finance Companies,,4273501.131979625,2007.0,United States
TRTX,,TPG RE Finance Trust Inc. Common Stock,Real Estate,Real Estate Investment Trusts,649388956.0,4267471.522063301,2017.0,United States
RJET,,Republic Airways Holdings Inc. Common Stock,Consumer Discretionary,Air Freight/Delivery Services,952979837.0,4244641.375596182,2018.0,United States
ECC,,Eagle Point Credit Company Common Share of Beneficial Interest,Finance,Trusts Except Educational Religious and Charitable,249929599.0,4242375.034216472,2014.0,United States
NUCL,,Eagle Nuclear Energy Corp. Common stock,Basic Materials,Other Metals and Minerals,298159475.0,4227390.589214507,,United States
NFE,,New Fortress Energy Inc. Class A Common Stock,Utilities,Oil/Gas Transmission,160183912.0,4208662.345610063,2019.0,United States
XPOF,,Xponential Fitness Inc. Class A Common Stock,Consumer Discretionary,Services-Misc. Amusement & Recreation,269970750.0,4208474.670535042,2021.0,United States
ARBE,,Arbe Robotics Ltd. Ordinary Shares,Technology,EDP Services,120106923.0,4191903.3333522934,,Israel
CTKB,,Cytek Biosciences Inc. Common Stock,Industrials,Biotechnology: Laboratory Analytical Instruments,541107440.0,4187690.155627614,2021.0,United States
DCBO,,Docebo Inc. Common Shares,Technology,Computer Software: Prepackaged Software,469836582.0,4181871.7610767907,,Canada
CGCT,,Cartesian Growth Corporation III Class A Ordinary Shares,Finance,Blank Checks,,4176124.335620517,2025.0,United States
CDZI,,CADIZ Inc. Common Stock,Utilities,Water Supply,410341076.0,4174807.0321491784,,United States
BDRX,,Biodexa Pharmaceuticals plc American Depositary Shs,Health Care,Biotechnology: Pharmaceutical Preparations,2249650.0,4164716.3285754975,,United Kingdom
NCI,,Neo-Concept International Group Holdings Limited Class A Ordinary Shares,Consumer Discretionary,Apparel,23878945.0,4153614.4504548935,2024.0,Hong Kong
FMNB,,Farmers National Banc Corp. Common Stock,Finance,Major Banks,839668998.0,4136772.0352399917,,United States
CION,,CION Investment Corporation Common Stock,Finance,Finance/Investors Services,336077168.0,4118183.951178051,2021.0,United States
SPXX,,Nuveen S&P 500 Dynamic Overwrite Fund,Finance,Trusts Except Educational Religious and Charitable,,4114894.6363085792,,United States
OCC,,Optical Cable Corporation Common Stock,Industrials,Telecommunications Equipment,122759212.0,4104145.2441351754,,United States
SAFX,,XCF Global Inc. Class A Common Stock,Industrials,Major Chemicals,164984745.0,4103161.0256219194,,United States
AEMD,,Aethlon Medical Inc. Common Stock,Health Care,Medical/Dental Instruments,2906393.0,4096797.643961225,,United States
VECA,,Vernal Capital Acquisition Corp. Ordinary Shares,,,,4087868.061900139,2026.0,
THRY,,Thryv Holdings Inc. Common Stock,Consumer Discretionary,Advertising,172077170.0,4077267.439087232,,United States
CRON,,Cronos Group Inc. Common Share,Health Care,Medicinal Chemicals and Botanical Products,1068574728.0,4065782.3533330644,,Canada
NGVC,,Natural Grocers by Vitamin Cottage Inc. Common Stock,Consumer Staples,Food Chains,676477477.0,4062188.87163798,2012.0,United States
RFIL,,RF Industries Ltd. Common Stock,Technology,Electrical Products,191304383.0,4056609.0782301766,,United States
RMIX,,Suncrete Inc. Class A Common Stock,Industrials,Building Materials,1277373472.0,4053768.9089139304,,United States
NGNE,,Neurogene Inc. Common Stock,Health Care,Biotechnology: Pharmaceutical Preparations,447825874.0,4046114.7054490587,2014.0,Canada
SABS,,SAB Biotherapeutics Inc. Common Stock,Health Care,Biotechnology: Biological Products (No Diagnostic Substances),275270738.0,4030788.923010372,2021.0,United States
ADCT,,ADC Therapeutics SA Common Shares,Health Care,Biotechnology: Pharmaceutical Preparations,432449937.0,4023742.296833084,2020.0,Switzerland
GCMG,,GCM Grosvenor Inc. Class A Common Stock,Finance,Investment Managers,2147780827.0,4023210.2223032997,,United States
TARA,,Protara Therapeutics Inc.  Common Stock,Health Care,Biotechnology: Biological Products (No Diagnostic Substances),261349702.0,4015445.8809670946,2014.0,United States
PRSO,,Peraso Inc. Common Stock,Technology,Semiconductors,16302146.0,4014860.6490887348,,United States
LWAY,,Lifeway Foods Inc. Common Stock,Consumer Staples,Packaged Foods,364167391.0,4007691.1275409516,,United States
AZ,,A2Z Cust2Mate Solutions Corp. Common Shares,Industrials,Industrial Machinery/Components,316877313.0,3988277.3182096938,,Canada
NCRA,,Nocera Inc. Common Stock,Consumer Staples,Farming/Seeds/Milling,3396625.0,3982202.221493281,,Taiwan
PNNT,,PennantPark Investment Corporation Common Stock,Finance,Finance: Consumer Services,255307728.0,3976867.4004441216,2022.0,United States
CYH,,Community Health Systems Inc. Common Stock,Health Care,Hospital/Nursing Management,383293457.0,3974511.992744037,2000.0,United States
AGBK,,AGI Inc Class A Common Shares,Finance,Commercial Banks,1151496504.0,3973431.0115496316,2026.0,
GMEX,,GMEX ROBOTICS CORPORATION Class A Ordinary Shares,Consumer Discretionary,Recreational Games/Products/Toys,1272057.0,3970248.1494767326,2023.0,Australia
LXEO,,Lexeo Therapeutics Inc. Common Stock,Health Care,Biotechnology: Biological Products (No Diagnostic Substances),403601199.0,3964127.7412187485,2023.0,United States
ANGX,,Angel Studios Inc. Class A Common Stock,Consumer Discretionary,Movies/Entertainment,516362248.0,3964082.9368625367,2025.0,United States
SB,,Safe Bulkers Inc Common Stock ($0.001 par value),Consumer Discretionary,Marine Transportation,639029888.0,3962602.7431874047,2008.0,Monaco
YOOV,,Concorde International Group Ltd Class A Ordinary Shares,Consumer Discretionary,Diversified Commercial Services,138688121.0,3957659.5666329064,2025.0,Singapore
EIKN,,Eikon Therapeutics Inc. Common Stock,Health Care,Biotechnology: Biological Products (No Diagnostic Substances),586862728.0,3953270.6331434706,2026.0,United States
LNKS,,Linkers Industries Limited Class A Ordinary Shares,Technology,Electrical Products,2795507.0,3947314.3652501563,2024.0,Malaysia
KROS,,Keros Therapeutics Inc. Common Stock,Health Care,Biotechnology: Pharmaceutical Preparations,222658166.0,3937483.0552736917,2020.0,United States
MTRX,,Matrix Service Company Common Stock,Consumer Discretionary,Engineering & Construction,369397451.0,3933011.946696327,1990.0,United States
RQI,,Cohen & Steers Quality Income Realty Fund Inc Common Shares,Finance,Trusts Except Educational Religious and Charitable,1791567443.0,3928613.354392279,2002.0,United States
ORGO,,Organogenesis Holdings Inc. Class A Common Stock,Health Care,Biotechnology: Pharmaceutical Preparations,330693588.0,3927069.772450129,2016.0,United States
CLMB,,Climb Global Solutions Inc. Common Stock,Technology,Retail: Computer Software & Peripheral Equipment,402629380.0,3924511.8197032386,,United States
MBOT,,Microbot Medical Inc. Common Stock,Health Care,Biotechnology: Biological Products (No Diagnostic Substances),136344546.0,3913370.1921990938,,Israel
AOD,,abrdn Total Dynamic Dividend Fund Common Shares of Beneficial Interest,Finance,Investment Managers,,3911264.1933032447,2007.0,United States
SSSS,,SuRo Capital Corp. Common Stock,Finance,Finance: Consumer Services,361854487.0,3905040.395169031,2011.0,United States
RZLT,,Rezolute Inc. Common Stock (NV),Health Care,Biotechnology: Pharmaceutical Preparations,317764692.0,3878273.3569951286,,United States
TTAM,,Titan America SA Common Shares,Industrials,Mining & Quarrying of Nonmetallic Minerals (No Fuels),2999577306.0,3874404.712990352,2025.0,
FMBH,,First Mid Bancshares Inc. Common Stock,Finance,Major Banks,1172425814.0,3874312.8474825905,,United States
JOUT,,Johnson Outdoors Inc. Class A Common Stock,Consumer Discretionary,Recreational Games/Products/Toys,468847214.0,3856140.8711024695,,United States
KPTI,,Karyopharm Therapeutics Inc. Common Stock,Health Care,Biotechnology: Pharmaceutical Preparations,206232781.0,3851699.2712656655,2013.0,United States
UAVS,,AgEagle Aerial Systems Inc. Common Stock,Industrials,Aerospace,68558630.0,3846536.35837975,,United States
BKTI,,BK Technologies Corporation Common Stock,Technology,Radio And Television Broadcasting And Communications Equipment,309083545.0,3829150.6257920037,,United States
MATV,,Mativ Holdings Inc. Common Stock,Basic Materials,Paper,489442761.0,3827727.9731387184,,United States
ATII,,Archimedes Tech SPAC Partners II Co. Ordinary Shares,,,,3825542.651149205,2025.0,United States
KBDC,,Kayne Anderson BDC Inc. Common Stock,,,981316530.0,3812729.8891657875,2024.0,
EVEX,,Eve Holding Inc. Common Stock,Industrials,Aerospace,1201650815.0,3801758.067755472,2022.0,United States
RUBI,,Rubico Inc. Common Stock,Consumer Discretionary,Marine Transportation,1934958.0,3798598.951946554,,Greece
FOSL,,Fossil Group Inc. Common Stock,Consumer Discretionary,Consumer Specialties,258864999.0,3791918.7232937133,1993.0,United States
ACEL,,Accel Entertainment Inc.,Consumer Discretionary,Services-Misc. Amusement & Recreation,967761581.0,3789972.5751468115,2017.0,United States
SID,,Companhia Siderurgica Nacional S.A. Common Stock,Industrials,Steel/Iron Ore,1790226828.0,3789560.3766356194,,Brazil
MSIF,,MSC Income Fund Inc. Common Stock,Finance,Finance/Investors Services,554118698.0,3785154.788448697,2025.0,
SPFI,,South Plains Financial Inc. Common Stock,Finance,Major Banks,777126155.0,3780182.181458246,2019.0,United States
HRZN,,Horizon Technology Finance Corporation Common Stock,Finance,Finance: Consumer Services,299666277.0,3775907.5340657006,2010.0,United States
PICS,,PicS N.V. Class A Common Shares,Finance,Finance: Consumer Services,1372332080.0,3774137.0491391136,2026.0,Brazil
JUNS,,Jupiter Neurosciences Inc. Common Stock,Health Care,Biotechnology: Pharmaceutical Preparations,9288001.0,3773406.7290607663,2024.0,United States
ADV,,Advantage Solutions Inc. Class A Common Stock,Consumer Discretionary,Business Services,497509378.0,3771372.0694768997,2019.0,United States
MSBI,,Midland States Bancorp Inc. Common Stock,Finance,Major Banks,576288412.0,3767931.600915818,2016.0,United States
XTIA,,XTI Aerospace Inc. Common Stock,Technology,EDP Services,69644798.0,3759515.6159083047,2014.0,United States
STTK,,Shattuck Labs Inc. Common Stock,Health Care,Biotechnology: Pharmaceutical Preparations,456249076.0,3755342.173406056,2020.0,United States
IVVD,,Invivyd Inc. Common Stock,Health Care,Biotechnology: Biological Products (No Diagnostic Substances),335852495.0,3751090.8973693848,2021.0,United States
GMM,,Global Mofy AI Limited Class A Ordinary Shares,Technology,Computer Software: Programming Data Processing,6785867.0,3749903.724088981,2023.0,China
ALLT,,Allot Ltd. Ordinary Shares,Telecommunications,Computer Communications Equipment,399212488.0,3743022.4387827376,2006.0,Israel
STRZ,,Starz Entertainment Corp. Common Shares,Consumer Discretionary,Movies/Entertainment,392528667.0,3732033.7401435487,,United States
SST,,System1 Inc. Class A Common Stock,Technology,Computer Software: Programming Data Processing,29718304.0,3727165.447643825,2020.0,United States
GDV,,Gabelli Dividend & Income Trust Common Shares of Beneficial Interest,Finance,Investment Managers,2637111477.0,3723805.704243978,2003.0,United States
CBAN,,Colony Bankcorp Inc. Common Stock,Finance,Major Banks,418961446.0,3722212.6536323912,,United States
XZO,,Exzeo Group Inc. Common Stock,Finance,Property-Casualty Insurers,1259220256.0,3720294.903995877,2025.0,
CHGG,,Chegg Inc. Common Stock,Real Estate,Other Consumer Services,146666078.0,3700993.1656601885,2013.0,United States
FSBC,,Five Star Bancorp Common Stock,Finance,Major Banks,902714941.0,3692540.4905773345,2021.0,United States
ZNTL,,Zentalis Pharmaceuticals Inc. Common Stock,Health Care,Biotechnology: Pharmaceutical Preparations,284745392.0,3684490.196343831,2020.0,United States
CCNE,,CNB Financial Corporation Common Stock,Finance,Major Banks,908721829.0,3680324.785822914,,United States
TGEN,,Tecogen Inc. Common Stock,Industrials,Industrial Machinery/Components,185790482.0,3673272.635798227,2025.0,United States
NBXG,,Neuberger Next Generation Connectivity Fund Inc. Common Stock,Finance,Trusts Except Educational Religious and Charitable,,3672961.427130018,2021.0,United States
PFIS,,Peoples Financial Services Corp. Common Stock,Finance,Major Banks,594746440.0,3662192.8483690536,,United States
PML,,Pimco Municipal Income Fund II Common Shares of Beneficial Interest,Finance,Investment Managers,,3652013.370559329,2002.0,United States
PCN,,Pimco Corporate & Income Strategy Fund Common Stock,Finance,Investment Managers,,3645932.1200461616,2001.0,United States
SOMN,,Southern Company (The) 2025 Series A Corporate Units,Basic Materials,Metal Mining,56754487198.0,3640244.530505226,,United States
TLS,,Telos Corporation Common Stock,Technology,EDP Services,358383848.0,3619056.6966510955,2020.0,United States
IBEX,,IBEX Limited Common Shares,Technology,EDP Services,423631630.0,3618990.056737264,2020.0,Bermuda
FFIC,,Flushing Financial Corporation Common Stock,Finance,Major Banks,541121507.0,3615544.395428612,,United States
ARCT,,Arcturus Therapeutics Holdings Inc. Common Stock,Health Care,Biotechnology: Pharmaceutical Preparations,225110706.0,3613885.9219823563,2013.0,Israel
TBCH,,Turtle Beach Corporation Common Stock,Telecommunications,Telecommunications Equipment,258810370.0,3585252.1815527054,,United States
DFDV,,DeFi Development Corp. Common Stock,Finance,Finance: Consumer Services,117159817.0,3576395.7098756516,2023.0,United States
FULC,,Fulcrum Therapeutics Inc. Common Stock,Health Care,Biotechnology: Pharmaceutical Preparations,460928024.0,3563836.89824513,2019.0,United States
PHOE,,Phoenix Asia Holdings Limited Ordinary Shares,Consumer Discretionary,Engineering & Construction,336744000.0,3561973.413912455,2025.0,Hong Kong
NPCE,,Neuropace Inc. Common Stock,Health Care,Medical/Dental Instruments,563910542.0,3556264.3530300683,2021.0,United States
HY,,Hyster-Yale Inc. Class A common stock,Industrials,Construction/Ag Equipment/Trucks,650705561.0,3536640.6907217843,,United States
CHCT,,Community Healthcare Trust Incorporated Common Stock,Real Estate,Real Estate Investment Trusts,492006275.0,3533252.1095457533,2015.0,United States
GMTL,,Guardian Metal Resources PLC ADS,Basic Materials,Metal Mining,613065217.0,3522562.3070853096,2026.0,
EQBK,,Equity Bancshares Inc. Class A Common Stock,Finance,Major Banks,951539866.0,3515238.05645534,,United States
NNVC,,NanoViricides Inc. Common Stock,Health Care,Biotechnology: Pharmaceutical Preparations,38531660.0,3508480.142679101,,United States
BOC,,Boston Omaha Corporation Class A Common Stock,Finance,Real Estate,391608762.0,3504974.4769005547,2022.0,United States
GIC,,Global Industrial Company Common Stock,Industrials,Industrial Machinery/Components,1163137410.0,3496693.596158709,,United States
OEC,,Orion S.A. Common Shares,Industrials,Major Chemicals,430809278.0,3494033.2433564323,2014.0,Luxembourg
IDN,,Intellicheck Inc. Common Stock,Technology,Computer Software: Prepackaged Software,89510397.0,3482078.334006809,1999.0,United States
FSSL,,FS Specialty Lending Fund Common Shares of Beneficial Interest,Finance,Finance/Investors Services,,3470797.854600634,2025.0,
IMUX,,Immunic Inc. Common Stock,Health Care,Biotechnology: Pharmaceutical Preparations,203778029.0,3463606.745415642,2014.0,United States
MG,,Mistras Group Inc Common Stock,Consumer Discretionary,Military/Government/Technical,559337252.0,3463374.7862043837,2009.0,United States
GLAD,,Gladstone Capital Corporation Common Stock,Consumer Discretionary,Textiles,437627747.0,3458483.9977173577,2001.0,United States
AEBI,,Aebi Schmidt Holding AG Common Stock,Industrials,Auto Manufacturing,968440312.0,3458034.9206742784,,Switzerland
EEX,,Emerald Holding Inc. Common Stock,Consumer Discretionary,Business Services,989547315.0,3454520.0641268776,2017.0,United States
PINE,,Alpine Income Property Trust Inc. Common Stock,Real Estate,Real Estate Investment Trusts,318431142.0,3445418.8470749627,2019.0,United States
GLRE,,Greenlight Capital Re Ltd. Class A Ordinary Shares,Finance,Property-Casualty Insurers,519718240.0,3441593.0849665687,2007.0,Cayman Islands
TRX,,TRX Gold Corporation Common Stock,Basic Materials,Precious Metals,374821417.0,3435995.7886048728,,Canada
EVV,,Eaton Vance Limited Duration Income Fund Common Shares of Beneficial Interest,Finance,Finance/Investors Services,,3420293.432771592,2003.0,United States
RC,,Ready Capital Corporation Common Stock,Real Estate,Real Estate Investment Trusts,294089946.0,3416187.3023095587,2013.0,United States
SLQT,,SelectQuote Inc. Common Stock,Finance,Specialty Insurers,176347774.0,3399686.6381352856,2020.0,United States
VACI,,Viking Acquisition Corp. I Class A Ordinary Shares,Telecommunications,Telecommunications Equipment,,3393801.210053762,2025.0,
UIS,,Unisys Corporation New Common Stock,Technology,EDP Services,334634730.0,3391116.17566858,,United States
TTGT,,TechTarget Inc. Common Stock,Telecommunications,Telecommunications Equipment,331854443.0,3389573.6638318924,,United States
BBN,,BlackRock Taxable Municipal Bond Trust Common Shares of Beneficial Interest,Finance,Finance Companies,,3368675.011071705,2010.0,United States
ORRF,,Orrstown Financial Services Inc. Common Stock,Finance,Major Banks,729523260.0,3365326.4991760254,,United States
LZM,,Lifezone Metals Limited Ordinary Shares,Basic Materials,Metal Mining,442069089.0,3340874.2452326277,,Isle of Man
VWAV,,VisionWave Holdings Inc. Common Stock,Technology,Computer Software: Prepackaged Software,160450435.0,3330006.8898428055,,United States
CASS,,Cass Information Systems Inc Common Stock,Consumer Discretionary,Business Services,592458988.0,3329237.2709728424,,United States
ANGO,,AngioDynamics Inc. Common Stock,Health Care,Medical/Dental Instruments,474341144.0,3327050.848493122,2004.0,United States
USBC,,USBC Inc. Common Stock,Industrials,Industrial Machinery/Components,133288797.0,3323099.003585038,,
SHBI,,Shore Bancshares Inc Common Stock,Finance,Major Banks,691199534.0,3322407.963225955,,United States
FMAC,,Future Money Acquisition Corporation Ordinary Shares,Finance,Blank Checks,,3321460.1761711966,2026.0,United States
FENC,,Fennec Pharmaceuticals Inc. Common Stock,Health Care,Biotechnology: Biological Products (No Diagnostic Substances),342992130.0,3319305.683437983,,United States
LILA,,Liberty Latin America Ltd. Class A Common Stock,Telecommunications,Cable & Other Pay Television Services,1625298000.0,3318414.652520134,,United States
CXAI,,CXApp Inc. Class A Common Stock,Technology,EDP Services,14543525.0,3316220.57918076,2021.0,United States
BHB,,Bar Harbor Bankshares Inc. Common Stock,Finance,Major Banks,584969114.0,3310349.684179397,1997.0,United States
GTE,,Gran Tierra Energy Inc. Common Stock,Energy,Oil & Gas Production,274271474.0,3306487.3149236045,,Canada
PSNY,,Polestar Automotive Holding UK PLC Class A ADS,Industrials,Auto Manufacturing,3362640554.0,3303449.482817877,,Sweden
MTA,,Metalla Royalty & Streaming Ltd. Common Shares,Basic Materials,Precious Metals,734460109.0,3301992.5068469276,,
RDCM,,Radcom Ltd. Ordinary Shares,Technology,Computer peripheral equipment,248854714.0,3298854.637572879,1997.0,Israel
BBOT,,BridgeBio Oncology Therapeutics Inc. Common Stock,Health Care,Biotechnology: Pharmaceutical Preparations,718560723.0,3296446.216372081,2024.0,United States
BIT,,BlackRock Multi-Sector Income Trust Common Shares of Beneficial Interest,Finance,Trusts Except Educational Religious and Charitable,,3296305.900301252,2013.0,United States
TXO,,TXO Partners L.P. Common Units Representing Limited Partner Interests,Energy,Oil & Gas Production,702684689.0,3296201.0606175377,2023.0,United States
ELA,,Envela Corporation Common Stock,Consumer Discretionary,Consumer Specialties,661030099.0,3293534.019888015,,United States
ETG,,Eaton Vance Tax-Advantaged Global Dividend Income Fund Common Shares of Beneficial Interest,Finance,Investment Managers,,3283174.3107387,2004.0,United States
ESOA,,Energy Services of America Corporation Common Stock,Industrials,Water Sewer Pipeline Comm & Power Line Construction,278589007.0,3276152.4814514886,,United States
OPRT,,Oportun Financial Corporation Common Stock,Finance,Finance: Consumer Services,247902903.0,3250989.6300111497,2019.0,United States
GLSI,,Greenwich LifeSciences Inc. Common Stock,Health Care,Biotechnology: Pharmaceutical Preparations,362642558.0,3239032.586615426,2020.0,United States
STK,,Columbia Seligman Premium Technology Growth Fund Inc,Finance,Investment Managers,,3229491.317222232,2009.0,United States
CNEY,,CN Energy Group Inc. Class A Ordinary Shares,Industrials,Major Chemicals,8203307.0,3223614.845640319,2021.0,China
HAO,,Haoxi Health Technology Limited Class A Ordinary Shares,Consumer Discretionary,Advertising,1937536.0,3213376.879437844,2024.0,China
DBI,,Designer Brands Inc. Class A Common Stock,Consumer Discretionary,Clothing/Shoe/Accessory Stores,391786302.0,3195294.127010164,,United States
PHK,,Pimco High Income Fund,Finance,Finance/Investors Services,,3192971.842066447,2003.0,United States
ONIT,,Onity Group Inc. Common Stock,Finance,Finance: Consumer Services,291246012.0,3190326.0397774833,,United States
CCBG,,Capital City Bank Group Common Stock,Finance,Major Banks,780508307.0,3186176.5307290214,,United States
MOBI,,Mobia Medical Inc. Common Stock,Health Care,Medical/Dental Instruments,433418622.0,3185561.7317962646,2026.0,United States
FVCB,,FVCBankcorp Inc. Common Stock,Finance,Major Banks,283989378.0,3181469.6676844642,,United States
TITN,,Titan Machinery Inc. Common Stock,Consumer Discretionary,Other Specialty Stores,508606024.0,3162033.308192662,2007.0,United States
ENTA,,Enanta Pharmaceuticals Inc. Common Stock,Health Care,Biotechnology: Pharmaceutical Preparations,382671481.0,3154816.500241416,2013.0,United States
CRE,,Cre8 Enterprise Limited Class A Ordinary Shares,Consumer Discretionary,Publishing,5316920.0,3153505.5556933084,2025.0,Hong Kong
EBF,,Ennis Inc. Common Stock,Consumer Discretionary,Office Equipment/Supplies/Services,517492038.0,3150220.114144825,,United States
HDSN,,Hudson Technologies Inc. Common Stock,Consumer Discretionary,Industrial Specialties,223805952.0,3149318.978959038,,United States
SITC,,SITE Centers Corp. Common Stock,Real Estate,Real Estate Investment Trusts,264998114.0,3147729.473303477,,United States
DEFT,,Defi Technologies Inc. Common Stock,Finance,Finance: Consumer Services,252132393.0,3146460.4048067615,,Canada
NRK,,Nuveen New York AMT-Free Quality Municipal Income Fund,Finance,Trusts Except Educational Religious and Charitable,,3136001.988401867,2002.0,United States
BHK,,Blackrock Core Bond Trust,Finance,Finance Companies,,3111667.721035367,2001.0,United States
AVXL,,Anavex Life Sciences Corp. Common Stock,Health Care,Biotechnology: Biological Products (No Diagnostic Substances),280795427.0,3107649.5146955764,,United States
JFB,,JFB Construction Holdings Class A Common Stock,Consumer Discretionary,General Bldg Contractors - Nonresidential Bldgs,88610868.0,3104632.681941986,2025.0,United States
ASGI,,abrdn Global Infrastructure Income Fund Common Shares of Beneficial Interest,Finance,Investment Managers,,3100131.702768235,2020.0,United States
NFBK,,Northfield Bancorp Inc. Common Stock (Delaware),Finance,Savings Institutions,592211421.0,3096851.6262553986,2007.0,United States
RMSG,,Real Messenger Corporation Ordinary Shares,Technology,Computer Software: Programming Data Processing,8188192.0,3092690.9784958474,,United States
ZURA,,Zura Bio Limited Class A Ordinary Shares,Health Care,Biotechnology: Biological Products (No Diagnostic Substances),408490153.0,3089062.298092388,,Cayman Islands
CHY,,Calamos Convertible and High Income Fund Common Stock,Finance,Investment Managers,,3088470.4857871644,2003.0,United States
ACIC,,American Coastal Insurance Corporation Common Stock,Finance,Property-Casualty Insurers,506449291.0,3086600.625574021,,United States
CWCO,,Consolidated Water Co. Ltd. Ordinary Shares,Utilities,Water Supply,482885734.0,3084708.3841323853,,Cayman Islands
ACH,,Accendra Health Inc. Common Stock,Health Care,Medical Specialities,217497714.0,3080438.5990948905,,United States
PAXS,,PIMCO Access Income Fund Common Shares of Beneficial Interest,Finance,Investment Managers,,3079611.8593079704,2022.0,United States
FISI,,Financial Institutions Inc. Common Stock,Finance,Major Banks,713237185.0,3078884.7975594657,1999.0,United States
TV,,Grupo Televisa S.A.B. Common Stock,Industrials,Broadcasting,5782674710.0,3066103.52033547,1993.0,Mexico
BCAL,,California BanCorp Common Stock,Finance,Major Banks,610488360.0,3059891.7278289795,,United States
TYGO,,Tigo Energy Inc. Common Stock,Technology,Semiconductors,308956932.0,3059128.2987526483,2021.0,United States
KVHI,,KVH Industries Inc. Common Stock,Technology,Radio And Television Broadcasting And Communications Equipment,180939129.0,3058844.6236792067,1996.0,United States
FCBC,,First Community Bankshares Inc. (VA) Common Stock,Finance,Major Banks,813344687.0,3051968.8523065476,,United States
RBBN,,Ribbon Communications Inc. Common Stock,Technology,EDP Services,542508326.0,3047011.364085334,,United States
RVT,,Royce Small-Cap Trust Inc. Common Stock,Finance,Trusts Except Educational Religious and Charitable,2003676630.0,3037030.1083065215,1986.0,United States
KIDS,,OrthoPediatrics Corp. Common Stock,Health Care,Medical/Dental Instruments,441011347.0,3032899.0074021476,2017.0,United States
PFN,,PIMCO Income Strategy Fund II,Finance,Finance/Investors Services,,3025215.2834756034,2004.0,United States
BTZ,,BlackRock Credit Allocation Income Trust,Finance,Finance Companies,1105139700.0,3010590.699749901,2006.0,United States
HCHL,,Happy City Holdings Limited Class A Ordinary shares,Consumer Discretionary,Restaurants,78000720.0,3007985.946426505,2025.0,Hong Kong
MYI,,Blackrock MuniYield Quality Fund III Inc Common Stock,Finance,Investment Bankers/Brokers/Service,1636387181.0,3005744.0597715834,,United States
JELD,,JELD-WEN Holding Inc. Common Stock,Basic Materials,Forest Products,186086853.0,2993981.620911757,2017.0,United States
PESI,,Perma-Fix Environmental Services Inc. Common Stock,Industrials,Environmental Services,182304185.0,2990259.6448126296,,United States
OPTH,,Optimi Health Corp. Common Shares,,,19242476.0,2978358.8107790267,,Canada
QNTM,,Quantum Biopharma Ltd. Class B Subordinate Voting Shares,Health Care,Biotechnology: Pharmaceutical Preparations,43894430.0,2974423.4775611334,,Canada
VFF,,Village Farms International Inc. Common Shares,,,289150376.0,2973537.3066845397,,Canada
CVEO,,Civeo Corporation (Canada) Common Shares,Consumer Discretionary,Hotels/Resorts,373713558.0,2971407.5106302896,2014.0,
AIMD,,Ainos Inc. Common Stock,Technology,Computer peripheral equipment,20288410.0,2961935.7811070625,,United States
DMRC,,Digimarc Corporation Common Stock,Technology,EDP Services,326957033.0,2956799.3088608696,,United States
MGRT,,Mega Fortune Company Limited Ordinary Shares,Technology,EDP Services,1140975000.0,2948835.935574486,2025.0,Hong Kong
VMO,,Invesco Municipal Opportunity Trust Common Stock,Finance,Trusts Except Educational Religious and Charitable,658221086.0,2945963.081550598,,United States
MUC,,Blackrock MuniHoldings California Quality Fund Inc.  Common Stock,Finance,Investment Bankers/Brokers/Service,1609609936.0,2943061.2700280687,1998.0,United States
AKTS,,Aktis Oncology Inc. Common stock,Health Care,Biotechnology: Pharmaceutical Preparations,1146454251.0,2936715.884644645,2026.0,United States
OPRX,,OptimizeRx Corporation Common Stock,Consumer Discretionary,Business Services,97390739.0,2929053.8585186005,,United States
ABVE,,Above Food Ingredients Inc. Common Stock,Consumer Staples,Packaged Foods,30039376.0,2926932.8989901715,,Canada
EDBL,,Edible Garden AG Incorporated Common Stock,Consumer Staples,Farming/Seeds/Milling,1432960.0,2923957.548037881,2022.0,United States
PSFE,,Paysafe Limited Common Shares,Consumer Discretionary,Business Services,492218441.0,2920209.605151131,2021.0,
EMO,,ClearBridge Energy Midstream Opportunity Fund Inc. Common Stock,Finance,Investment Managers,,2920050.2072107224,2011.0,United States
TCBX,,Third Coast Bancshares Inc. Common Stock,Finance,Banks,634812636.0,2915620.8571661087,,United States
EOS,,Eaton Vance Enhance Equity Income Fund II Common Stock,Finance,Trusts Except Educational Religious and Charitable,,2915094.1493624733,2005.0,
NFGC,,New Found Gold Corp Common Shares,Basic Materials,Precious Metals,798891702.0,2903607.31759639,2021.0,
KRT,,Karat Packaging Inc. Common Stock,Industrials,Plastic Products,541416385.0,2902301.3203393845,2021.0,United States
CVGI,,Commercial Vehicle Group Inc. Common Stock,Consumer Discretionary,Auto Parts:O.E.M.,186728443.0,2891372.8562127976,2004.0,United States
PKBK,,Parke Bancorp Inc. Common Stock,Finance,Major Banks,360492094.0,2876479.6241669427,,United States
DSX,,Diana Shipping inc. common stock,Consumer Discretionary,Marine Transportation,291553827.0,2869664.0632288796,2005.0,Greece
NHIC,,NewHold Investment Corp III Class A Ordinary Shares,,,,2869375.6674357825,2025.0,United States
BNRG,,Brenmiller Energy Ltd Ordinary Shares,Industrials,Building Products,897290.0,2869293.0261044274,,Israel
CLNE,,Clean Energy Fuels Corp. Common Stock,Utilities,Natural Gas Distribution,449258253.0,2861430.90957687,2007.0,United States
QCLS,,Q/C Technologies Inc. Common Stock,Health Care,Biotechnology: In Vitro & In Vivo Diagnostic Substances,34319485.0,2858995.361495018,2014.0,United States
RKDA,,Arcadia Biosciences Inc. Common Stock,Consumer Staples,Farming/Seeds/Milling,1984687.0,2830793.0587300234,2015.0,United States
HLLY,,Holley Inc. Common Stock,Consumer Discretionary,Auto Parts:O.E.M.,331595623.0,2827786.4767278945,2020.0,United States
CMRC,,Commerce.com Inc. Series 1 Common Stock,Technology,Computer Software: Prepackaged Software,258263324.0,2825729.6527783074,2020.0,United States
NMRA,,Neumora Therapeutics Inc. Common Stock,Health Care,Biotechnology: Biological Products (No Diagnostic Substances),342775851.0,2824472.4459018027,2023.0,United States
SNDL,,SNDL Inc. Common Shares,Health Care,Medicinal Chemicals and Botanical Products,385244000.0,2823699.3516433807,2019.0,Canada
FLXS,,Flexsteel Industries Inc. Common Stock,Consumer Discretionary,Home Furnishings,308585696.0,2813761.7558070594,,United States
CHMG,,Chemung Financial Corp Common Stock,Finance,Major Banks,331025238.0,2804674.290684291,,United States
NCDL,,Nuveen Churchill Direct Lending Corp. Common Stock,,,644995069.0,2801546.3852292015,2024.0,United States
RGC,,Regencell Bioscience Holdings Limited Ordinary Shares,Health Care,Medicinal Chemicals and Botanical Products,11818284901.0,2796995.4578581313,2021.0,Hong Kong
PPIH,,Perma-Pipe International Holdings Inc. Common Stock,Industrials,Pollution Control Equipment,249303248.0,2787963.2387615386,,United States
MED,,MEDIFAST INC Common Stock,Consumer Staples,Packaged Foods,139322511.0,2769329.328618731,,United States
BRCC,,BRC Inc. Class A Common Stock,Consumer Staples,Beverages (Production/Distribution),409183761.0,2757402.962073258,2022.0,United States
BMEZ,,BlackRock Health Sciences Term Trust Common Shares of Beneficial Interest,Finance,Trusts Except Educational Religious and Charitable,195862034.0,2752090.3408913384,2020.0,United States
NEOV,,NeoVolta Inc. Common Stock,Miscellaneous,Industrial Machinery/Components,83287037.0,2738874.094337509,,United States
CDXS,,Codexis Inc. Common Stock,Industrials,Major Chemicals,251783491.0,2735655.5147329965,2010.0,United States
AGEN,,Agenus Inc. Common Stock,Health Care,Biotechnology: Biological Products (No Diagnostic Substances),145748509.0,2731686.534586407,2000.0,United States
INVZ,,Innoviz Technologies Ltd. Ordinary shares,Consumer Discretionary,Auto Parts:O.E.M.,163702929.0,2731476.911807912,,Israel
SRV,,NXG Cushing Midstream Energy Fund Common Shares of Beneficial Interest,Finance,Finance Companies,,2729426.471474057,,United States
RNA,,Atrium Therapeutics Inc. Common Stock,Health Care,Biotechnology: Pharmaceutical Preparations,222373359.0,2729300.5757150194,,United States
SKYX,,SKYX Platforms Corp. Common Stock,Consumer Discretionary,Building Products,151967017.0,2724993.3458169303,2022.0,United States
DKL,,Delek Logistics Partners L.P. Common Units representing Limited Partner Interests,Energy,Natural Gas Distribution,2625445914.0,2724073.12554859,2012.0,United States
SBSI,,Southside Bancshares Inc. Common Stock,Finance,Major Banks,974666052.0,2721862.6610347205,,United States
FMAO,,Farmers & Merchants Bancorp Inc. Common Stock,Finance,Savings Institutions,384545491.0,2720781.739997864,,United States
PTA,,Cohen & Steers Tax-Advantaged Preferred Securities and Income Fund Common Shares of Beneficial Interest,Finance,Trusts Except Educational Religious and Charitable,1082807023.0,2719092.904281616,2020.0,United States
PLG,,Platinum Group Metals Ltd. Ordinary Shares (Canada),Basic Materials,Precious Metals,221945288.0,2712870.639705658,,Canada
BNZI,,Banzai International Inc. Class A Common Stock,Technology,Computer Software: Prepackaged Software,5650762.0,2708390.745076452,2021.0,United States
PKOH,,Park-Ohio Holdings Corp. Common Stock,Industrials,Industrial Specialties,468804383.0,2707702.42826371,,United States
ALTG,,Alta Equipment Group Inc. Class A Common Stock,Industrials,Industrial Machinery/Components,200418926.0,2706939.166579928,2019.0,United States
SRZN,,Surrozen Inc. Common Stock,Health Care,Biotechnology: Biological Products (No Diagnostic Substances),304307824.0,2701999.074944996,,United States
NGEN,,NervGen Pharma Corp. Common stock,,,170139792.0,2698215.383925892,,Canada
GOSS,,Gossamer Bio Inc. Common Stock,Health Care,Biotechnology: Pharmaceutical Preparations,54191371.0,2696942.872069492,2019.0,United States
XGN,,Exagen Inc. Common Stock,Health Care,Medical Specialities,120315998.0,2696939.4467160814,2019.0,United States
HPAI,,Helport AI Limited Ordinary Shares,Technology,Computer Software: Prepackaged Software,39529256.0,2688454.386674506,,Singapore
UBXG,,U-BX Technology Ltd. Class A Ordinary Shares,Technology,Computer Software: Programming Data Processing,4251895.0,2688443.050250598,2024.0,China
PXED,,Phoenix Education Partners Inc. Common Stock,Real Estate,Other Consumer Services,1082923944.0,2673057.2856993903,2025.0,
ETV,,Eaton Vance Corporation Eaton Vance Tax-Managed Buy-Write Opportunities Fund Common Shares of Beneficial Interest,Finance,Investment Bankers/Brokers/Service,1628098400.0,2672362.1775763375,2005.0,United States
EAF,,GrafTech International Ltd. Common Stock,Energy,Industrial Machinery/Components,259957393.0,2670064.573278881,2018.0,United States
HQH,,abrdn Healthcare Investors Shares of Beneficial Interest,Finance,Finance Companies,946401083.0,2653911.830629621,1987.0,United States
ANVS,,Annovis Bio Inc. Common Stock,Health Care,Biotechnology: Pharmaceutical Preparations,66521987.0,2650530.4758361406,2020.0,United States
HQ,,Horizon Quantum Holdings Ltd. Class A Ordinary Shares,Technology,EDP Services,680831369.0,2647467.397094908,,Singapore
ZUMZ,,Zumiez Inc. Common Stock,Consumer Discretionary,Clothing/Shoe/Accessory Stores,425008433.0,2645836.6585231964,2005.0,United States
VKQ,,Invesco Municipal Trust Common Stock,Finance,Trusts Except Educational Religious and Charitable,542288047.0,2643937.8718784875,,United States
JQC,,Nuveen Credit Strategies Income Fund Shares of Beneficial Interest,Finance,Finance Companies,,2639938.71209962,2003.0,United States
FAX,,abrdn Asia-Pacific Income Fund Inc. Common Stock,Finance,Investment Managers,,2638460.287194025,1986.0,United States
DRDB,,Roman DBDR Acquisition Corp. II Ordinary shares,,,,2635157.1212632316,2025.0,United States
CTNM,,Contineum Therapeutics Inc. Class A Common Stock,Health Care,Biotechnology: Pharmaceutical Preparations,504342226.0,2633985.207207998,2024.0,United States
BIRD,,Allbirds Inc. Class A Common Stock,Consumer Discretionary,Apparel,36280930.0,2623143.091402735,2021.0,United States
NEGG,,Newegg Commerce Inc. Common Shares,Consumer Discretionary,Other Specialty Stores,389469724.0,2603796.238218035,2010.0,China
LE,,Lands' End Inc. Common Stock,Consumer Discretionary,Clothing/Shoe/Accessory Stores,360488708.0,2600413.792573838,,United States
BNED,,Barnes & Noble Education Inc Common Stock,Consumer Discretionary,Other Specialty Stores,355307793.0,2600134.2555545624,2015.0,United States
UHT,,Universal Health Realty Income Trust Common Stock,Real Estate,Real Estate Investment Trusts,575143537.0,2596873.091561454,,United States
NRIM,,Northrim BanCorp Inc Common Stock,Finance,Savings Institutions,549668168.0,2583644.0310069495,,United States
SBMT,,Silver Bow Mining Corp. Common Shares,Basic Materials,Precious Metals,295285000.0,2581048.189058758,2026.0,
QQQX,,Nuveen NASDAQ 100 Dynamic Overwrite Fund Shares of Beneficial Interest,Finance,Finance Companies,,2578420.3769229706,,United States
CARL,,Carlsmed Inc. Common Stock,Health Care,Medical/Dental Instruments,310451935.0,2576843.0490630013,2025.0,United States
THM,,International Tower Hill Mines Ltd. Ordinary Shares (Canada),Basic Materials,Metal Mining,709037552.0,2575004.116626013,,Canada
GGN,,GAMCO Global Gold Natural Resources & Income Trust,Finance,Finance/Investors Services,,2573918.241253353,2005.0,United States
ELMD,,Electromed Inc. Common Stock,Health Care,Biotechnology: Electromedical & Electrotherapeutic Apparatus,312324014.0,2573329.5370374406,2011.0,United States
BATRA,,Atlanta Braves Holdings Inc. Series A Common Stock,Consumer Discretionary,Services-Misc. Amusement & Recreation,3438108806.0,2570769.7621118454,,United States
VGZ,,Vista Gold Corp Common Stock,Basic Materials,Precious Metals,351790944.0,2568558.9974812097,1986.0,United States
RAAQ,,Real Asset Acquisition Corp. Class A Ordinary Share,Finance,Blank Checks,,2559682.711732955,2025.0,United States
PLCE,,Children's Place Inc. (The) Common Stock,Consumer Discretionary,Clothing/Shoe/Accessory Stores,92852459.0,2558745.111248607,1997.0,United States
MCS,,Marcus Corporation (The) Common Stock,Consumer Discretionary,Movies/Entertainment,581072777.0,2556857.569149562,,United States
FRST,,Primis Financial Corp. Common Stock,Finance,Major Banks,357460999.0,2553005.3233101256,2006.0,United States
CDT,,CDT Equity Inc. Common Stock,Health Care,Biotechnology: Pharmaceutical Preparations,5052684.0,2552895.2583676293,2022.0,United States
MDAI,,Spectral AI Inc. Class A Common Stock,Health Care,Medical/Dental Instruments,65875649.0,2535706.247815632,2021.0,United States
VTIX,,Virtuix Holdings Inc. Class A Common Stock,Technology,Computer peripheral equipment,121399564.0,2528009.0475911186,,United States
ACNB,,ACNB Corporation Common Stock,Finance,Major Banks,554411869.0,2512969.1795530776,,United States
LDI,,loanDepot Inc. Class A Common Stock,Finance,Finance: Consumer Services,445927547.0,2512186.429446084,2021.0,United States
ELME,,Elme Communities Common Stock,Real Estate,Real Estate Investment Trusts,182158660.0,2507941.799961953,2000.0,United States
VMD,,Viemed Healthcare Inc. Common Shares,Health Care,Misc Health and Biotechnology Services,377234132.0,2505929.2886416116,,United States
GRVY,,GRAVITY Co. Ltd. American Depository Shares,Consumer Discretionary,Business Services,447022737.0,2502902.335521153,2005.0,South Korea
IMDX,,Insight Molecular Diagnostics Inc. Common Stock,Health Care,Biotechnology: In Vitro & In Vivo Diagnostic Substances,200521937.0,2501035.0101675307,,United States
AIO,,Virtus Artificial Intelligence & Technology Opportunities Fund Common Shares of Beneficial Interest,Finance,Finance/Investors Services,923772147.0,2494717.471531459,2019.0,
NMG,,Nouveau Monde Graphite Inc. Common Shares,Basic Materials,Other Metals and Minerals,313611751.0,2490529.9931775955,,Canada
EVT,,Eaton Vance Tax Advantaged Dividend Income Fund Common Shares of Beneficial Interest,Finance,Finance Companies,,2490146.245202564,2003.0,United States
NYAX,,Nayax Ltd. Ordinary Shares,Technology,Computer Software: Prepackaged Software,2832200573.0,2484693.646930513,,Israel
YYGH,,YY Group Holding Limited Class A Ordinary Shares,Consumer Discretionary,Professional Services,1208728.0,2483211.575030571,2024.0,Singapore
SPRB,,Spruce Biosciences Inc. Common Stock,Health Care,Biotechnology: Pharmaceutical Preparations,141109293.0,2482654.7593253,2020.0,United States
KEN,,Kenon Holdings Ltd. Ordinary Shares,Utilities,Electric Utilities: Central,4729879196.0,2481019.344874791,2015.0,Singapore
RRGB,,Red Robin Gourmet Burgers Inc. Common Stock,Consumer Discretionary,Restaurants,93608234.0,2479290.487878663,2002.0,United States
HTB,,HomeTrust Bancshares Inc. Common Stock,Finance,Savings Institutions,780944615.0,2469988.4453546433,,United States
CNDT,,Conduent Incorporated Common Stock,Consumer Discretionary,Business Services,268317488.0,2468667.0597979003,,United States
SMBK,,SmartFinancial Inc. Common Stock,Finance,Major Banks,713006324.0,2464432.661510649,,United States
VEEE,,Twin Vee PowerCats Co. Common Stock,Industrials,Marine Transportation,3805883.0,2462797.869322595,2021.0,United States
CING,,Cingulate Inc. Common Stock,Health Care,Biotechnology: Pharmaceutical Preparations,56031190.0,2462577.952866327,2021.0,United States
BMRC,,Bank of Marin Bancorp Common Stock,Finance,Major Banks,418342029.0,2460792.4458549134,,United States
SIGA,,SIGA Technologies Inc. Common Stock,Health Care,Biotechnology: Pharmaceutical Preparations,335668774.0,2448299.086484455,,United States
KRNY,,Kearny Financial Corp Common Stock,Finance,Savings Institutions,533450604.0,2446701.312249047,2005.0,United States
BOOM,,DMC Global Inc. Common Stock,Industrials,Industrial Specialties,139392576.0,2443195.8857876915,,United States
RCKY,,Rocky Brands Inc. Common Stock,Consumer Discretionary,Shoe Manufacturing,291549094.0,2433176.3511112756,1993.0,United States
RA,,Brookfield Real Assets Income Fund Inc. Common Stock,Finance,Investment Managers,,2429758.459073021,2016.0,United States
MIST,,Milestone Pharmaceuticals Inc. Common Shares,Health Care,Biotechnology: Pharmaceutical Preparations,176787132.0,2425078.660116877,2019.0,Canada
BCX,,BlackRock Resources Common Shares of Beneficial Interest,Finance,Finance/Investors Services,1024236181.0,2420143.6675207955,2011.0,United States
INGN,,Inogen Inc Common Stock,Health Care,Industrial Specialties,175713609.0,2419679.326189132,2014.0,United States
BYRN,,Byrna Technologies Inc. Common Stock,Miscellaneous,Industrial Machinery/Components,141558481.0,2418280.4745923905,,United States
EGAN,,eGain Corporation Common Stock,Technology,Computer Software: Prepackaged Software,203954102.0,2412315.3206711723,1999.0,United States
MBI,,MBIA Inc. Common Stock,Finance,Property-Casualty Insurers,298982809.0,2409609.4711757842,1987.0,United States
GLDG,,GoldMining Inc. Common Shares,Basic Materials,Precious Metals,250379902.0,2401766.3032889366,,
AMAN,,Amanat Acquisition Corp Class A Ordinary Shares,Finance,Blank Checks,,2396249.5535492897,2026.0,United States
RPAY,,Repay Holdings Corporation Class A Common Stock,Consumer Discretionary,Business Services,347931543.0,2383781.3128369194,2018.0,United States
NNOX,,NANO-X IMAGING LTD Ordinary Shares,Health Care,Medical Electronics,133613238.0,2381299.6710822694,2020.0,Israel
SPAI,,Safe Pro Group Inc. Common Stock,Health Care,Industrial Specialties,126805725.0,2380800.0026759645,2024.0,United States
AVBH,,Avidbank Holdings Inc. Common stock,Finance,Commercial Banks,337200040.0,2378338.9956610543,,United States
HBT,,HBT Financial Inc. Common Stock,Finance,Major Banks,1041590263.0,2363110.515676226,2019.0,United States
LPRO,,Open Lending Corporation Common Stock,Finance,Finance: Consumer Services,269534947.0,2361486.813840412,,United States
TBI,,TrueBlue Inc. Common Stock,Consumer Discretionary,Professional Services,188809405.0,2359146.573330107,,United States
CHSN,,Chanson International Holding Class A Ordinary Shares,Consumer Staples,Packaged Foods,3894572.0,2358786.35903728,2023.0,China
CCD,,Calamos Dynamic Convertible & Income Fund Common Stock,Finance,Trusts Except Educational Religious and Charitable,,2358584.107371739,,United States
DOMO,,Domo Inc. Class B Common Stock,Technology,Computer Software: Prepackaged Software,188260480.0,2355727.397396451,2018.0,United States
CHRS,,Coherus Oncology Inc. Common Stock,Health Care,Biotechnology: Biological Products (No Diagnostic Substances),245257341.0,2351691.1913565225,2014.0,United States
GETY,,Getty Images Holdings Inc. Class A Common Stock,Consumer Discretionary,Business Services,435717614.0,2350643.665565763,2022.0,United States
KRO,,Kronos Worldwide Inc Common Stock,Basic Materials,Major Chemicals,827231904.0,2348052.3939223518,,United States
ACB,,Aurora Cannabis Inc. Common Shares,Health Care,Medicinal Chemicals and Botanical Products,212782633.0,2344674.809836206,,Canada
ASLE,,AerSale Corporation Common Stock,Consumer Discretionary,Industrial Specialties,311396143.0,2331544.5786612374,2019.0,United States
CRCT,,Cricut Inc. Class A Common Stock,Technology,Industrial Machinery/Components,871079331.0,2327033.5550240106,2021.0,United States
HRTX,,Heron Therapeutics Inc. Common Stock,Health Care,Biotechnology: Pharmaceutical Preparations,164691979.0,2323278.380955685,,United States
DARE,,Dare Bioscience Inc. Common Stock,Health Care,Biotechnology: Pharmaceutical Preparations,33404289.0,2314692.6432246254,2014.0,United States
CVRX,,CVRx Inc. Common Stock,Health Care,Medical/Dental Instruments,148070568.0,2312427.388479596,2021.0,United States
DLY,,DoubleLine Yield Opportunities Fund Common Shares of Beneficial Interest,Finance,Investment Managers,675076568.0,2299675.0921476455,2020.0,United States
GORO,,Gold Resource Corporation Common Stock,Basic Materials,Precious Metals,225017244.0,2299050.238379978,,United States
WTO,,UTime Limited Class A Ordinary Shares,Technology,Consumer Electronics/Appliances,53971687.0,2289169.732855899,2021.0,China
MASS,,908 Devices Inc. Common Stock,Industrials,Industrial Machinery/Components,318012553.0,2287686.740071433,2020.0,United States
FCCO,,First Community Corporation Common Stock,Finance,Major Banks,282502678.0,2278203.5696665444,,United States
MEGI,,NYLI CBRE Global Infrastructure Megatrends Term Fund Common Shares,Finance,Investment Managers,,2277664.0573910302,2021.0,United States
NEXN,,Nexxen International Ltd. Ordinary Shares,Technology,Computer Software: Programming Data Processing,550726428.0,2274001.869555882,2021.0,Israel
RCT,,RedCloud Holdings plc Ordinary Shares,Technology,Computer Software: Programming Data Processing,40366178.0,2273142.1498687495,2025.0,United Kingdom
MCBS,,MetroCity Bankshares Inc. Common Stock,Finance,Major Banks,936036972.0,2261943.0752073014,2019.0,United States
KINS,,Kingstone Companies Inc. Common Stock,Finance,Property-Casualty Insurers,215389586.0,2252476.485034398,,United States
CENT,,Central Garden & Pet Company Common Stock,Consumer Discretionary,Consumer Specialties,2407723576.0,2243212.344160534,1993.0,United States
LNAI,,Lunai Bioworks Inc. Common Stock,Health Care,Biotechnology: Pharmaceutical Preparations,13964381.0,2243080.7097657975,,United States
INDO,,Indonesia Energy Corporation Limited Ordinary Shares,Energy,Oil & Gas Production,44160231.0,2242741.3665987197,2019.0,
NFJ,,Virtus Dividend Interest & Premium Strategy Fund Common Shares of Beneficial Interest,Finance,Finance: Consumer Services,,2241429.6646753945,2005.0,United States
ARAY,,Accuray Incorporated Common Stock,Health Care,Medical/Dental Instruments,45015863.0,2240219.145051922,2007.0,United States
PAL,,Proficient Auto Logistics Inc. Common Stock,Consumer Discretionary,Transportation Services,151902305.0,2238447.1469470435,2024.0,United States
KXIN,,Kaixin Holdings Ordinary Shares,Consumer Discretionary,Retail-Auto Dealers and Gas Stations,9722638.0,2214736.035337902,2017.0,China
DTIL,,Precision BioSciences Inc. Common Stock,Health Care,Biotechnology: Biological Products (No Diagnostic Substances),179841662.0,2214685.910327094,2019.0,United States
BLNK,,Blink Charging Co. Common Stock,Consumer Discretionary,Industrial Specialties,118681546.0,2211867.3827747502,,United States
SMC,,Summit Midstream Corporation Common Stock,Utilities,Natural Gas Distribution,542027767.0,2207570.4196748277,2012.0,United States
USNA,,USANA Health Sciences Inc. Common Stock,Health Care,Medicinal Chemicals and Botanical Products,337873101.0,2201428.740855626,,United States
QNC,,Quantum eMotion Corp. Common Shares,,,710757731.0,2198982.3242017203,2026.0,
DGICA,,Donegal Group Inc. Class A Common Stock,Finance,Property-Casualty Insurers,628731763.0,2193053.1202043807,,United States
NRC,,NRC Health Common Stock,Health Care,Biotechnology: Commercial Physical & Biological Resarch,440141673.0,2181793.182908921,,United States
QNCX,,Quince Therapeutics Inc. Common Stock,Health Care,Biotechnology: Biological Products (No Diagnostic Substances),18745851.0,2178339.230037303,2019.0,United States
WDI,,Western Asset Diversified Income Fund Common Shares of Beneficial Interest,Finance,Trusts Except Educational Religious and Charitable,,2170550.216297876,2021.0,United States
GEOS,,Geospace Technologies Corporation Common Stock (Texas),Industrials,Industrial Machinery/Components,107365505.0,2168285.8966736565,,United States
HVT,,Haverty Furniture Companies Inc. Common Stock,Consumer Discretionary,Other Specialty Stores,373251236.0,2167199.0064530144,,United States
PHI,,PLDT Inc. Sponsored ADR,Telecommunications,Telecommunications Equipment,3930054547.0,2165823.112351554,,Philippines
STEX,,Streamex Corp. Common Stock,Health Care,Biotechnology: Electromedical & Electrotherapeutic Apparatus,157454974.0,2165175.5226436118,,United States
JDZG,,JIADE LIMITED Class A Ordinary Shares,Real Estate,Other Consumer Services,90240000.0,2159939.724850087,2024.0,China
MDV,,Modiv Industrial Inc. Class C Common Stock,Real Estate,Real Estate Investment Trusts,187477847.0,2156729.6722593764,2022.0,United States
EMD,,Western Asset Emerging Markets Debt Fund Inc Common Stock,Finance,Finance/Investors Services,,2154364.2198290145,,United States
LAB,,Standard BioTools Inc. Common Stock,Industrials,Biotechnology: Laboratory Analytical Instruments,448923337.0,2151702.368249212,2011.0,United States
NKTX,,Nkarta Inc. Common Stock,Health Care,Biotechnology: Pharmaceutical Preparations,232522414.0,2150628.8592690513,2020.0,United States
THQ,,abrdn Healthcare Opportunities Fund Shares of Beneficial Interest,Finance,Finance Companies,,2143741.3681030273,2014.0,United States
COFS,,ChoiceOne Financial Services Inc. Common Stock,Finance,Major Banks,470216099.0,2141807.9159600395,,United States
EARN,,Ellington Credit Company Common Shares of Beneficial Interest,Real Estate,Real Estate Investment Trusts,178030584.0,2132812.6179922195,2013.0,United States
RM,,Regional Management Corp. Common Stock,Finance,Finance: Consumer Services,338491410.0,2131822.175089518,2012.0,United States
RCMT,,RCM Technologies Inc. Common Stock,Consumer Discretionary,Professional Services,153163339.0,2120000.4987080893,,United States
BUI,,BlackRock Utility Infrastructure & Power Opportunities Trust,Finance,Trusts Except Educational Religious and Charitable,,2116819.778723944,2011.0,United States
DBGI,,Digital Brands Group Inc. Common Stock,Consumer Discretionary,Clothing/Shoe/Accessory Stores,11122712.0,2115438.312081212,2025.0,United States
UONE,,Urban One Inc. Class A Common Stock,Consumer Discretionary,Broadcasting,29769963.0,2114844.2234516144,,United States
TLSI,,TriSalus Life Sciences Inc. Common Stock,Health Care,Medical Specialities,209430384.0,2113437.9879531404,2021.0,United States
SLGL,,Sol-Gel Technologies Ltd. Ordinary Shares,Health Care,Biotechnology: Pharmaceutical Preparations,207537663.0,2106759.43434579,2018.0,Israel
LEGH,,Legacy Housing Corporation Common Stock (TX),Consumer Discretionary,Homebuilding,570996240.0,2104108.671270098,2018.0,United States
GRO,,Brazil Potash Corp. Common Shares,Industrials,Mining & Quarrying of Nonmetallic Minerals (No Fuels),152624338.0,2103251.697726477,2024.0,
PEO,,Adams Natural Resources Fund Inc. Common Stock,Finance,Finance/Investors Services,,2102557.869774955,,United States
ORGN,,Origin Materials Inc. Common Stock,Industrials,Major Chemicals,8199127.0,2093878.8951033638,2020.0,United States
INNV,,InnovAge Holding Corp. Common Stock,Health Care,Medical/Nursing Services,1030239223.0,2091579.1888055347,2021.0,United States
ELAB,,PMGC Holdings Inc. Common Stock,Health Care,Biotechnology: Pharmaceutical Preparations,8042439.0,2089733.8810125988,2023.0,United States
PDEX,,Pro-Dex Inc. Common Stock,Health Care,Medical/Dental Instruments,206795000.0,2087151.047188895,,United States
AXIN,,Axiom Intelligence Acquisition Corp 1 Class A Ordinary Shares,Finance,Blank Checks,,2081945.648393177,2025.0,United Kingdom
KIO,,KKR Income Opportunities Fund Common Shares,Finance,Investment Managers,,2081705.768285479,2013.0,United States
CHI,,Calamos Convertible Opportunities and Income Fund Common Stock,Finance,Investment Managers,,2076845.7614262898,2002.0,United States
SPOK,,Spok Holdings Inc. Common Stock,Telecommunications,Telecommunications Equipment,221193436.0,2072862.3181888035,,United States
CIK,,Credit Suisse Asset Management Income Fund Inc. Common Stock,Finance,Finance/Investors Services,,2070530.6356884185,,United States
BME,,Blackrock Health Sciences Trust,Finance,Trusts Except Educational Religious and Charitable,536387314.0,2064875.0015622093,2005.0,United States
LOVE,,The Lovesac Company Common Stock,Consumer Discretionary,Other Specialty Stores,227314862.0,2060316.0787900288,2018.0,United States
DDI,,DoubleDown Interactive Co. Ltd. American Depository Shares,Technology,EDP Services,579775248.0,2059371.2960697357,2021.0,South Korea
SIF,,SIFCO Industries Inc. Common Stock,Industrials,Aerospace,126771175.0,2057149.0315755208,1969.0,United States
IGD,,Voya Global Equity Dividend and Premium Opportunity Fund,Finance,Trusts Except Educational Religious and Charitable,,2053435.654088429,2005.0,United States
NATH,,Nathan's Famous Inc. Common Stock,Consumer Discretionary,Restaurants,413125465.0,2043661.4869980584,1993.0,United States
COSO,,CoastalSouth Bancshares Inc. Common Stock,Finance,Major Banks,307267106.0,2040724.63478815,2025.0,United States
OABI,,OmniAb Inc. Common Stock,Health Care,Biotechnology: Commercial Physical & Biological Resarch,391425963.0,2037946.7413334618,2021.0,United States
BFS,,Saul Centers Inc. Common Stock,Real Estate,Real Estate Investment Trusts,850408887.0,2037845.8304268974,1993.0,United States
AIFC,,AI Financial Corporation Common Stock,Finance,Finance: Consumer Services,119000871.0,2036290.6604991073,,United States
NAKA,,Nakamoto Inc. Common Stock,Health Care,Medical/Nursing Services,108937396.0,2035581.1940708389,2024.0,United States
PRLD,,Prelude Therapeutics Incorporated Common Stock,Health Care,Biotechnology: Pharmaceutical Preparations,312209603.0,2034074.3773891812,2020.0,United States
GLIBA,,Liberty Capital Corporation Series A GCI Group Common Stock,Telecommunications,Cable & Other Pay Television Services,890280416.0,2028742.03960782,,United States
RBB,,RBB Bancorp Common Stock,Finance,Major Banks,405106441.0,2028632.572646368,2017.0,United States
PBYI,,Puma Biotechnology Inc Common Stock,Health Care,Biotechnology: Pharmaceutical Preparations,364949100.0,2027991.4153939201,,United States
VLGEA,,Village Super Market Inc. Class A Common Stock,Consumer Staples,Food Chains,685376526.0,2027333.1782023113,,United States
TDAC,,Translational Development Acquisition Corp. Ordinary Shares,,,,2022484.1992105755,2025.0,United States
ACRE,,Ares Commercial Real Estate Corporation Common Stock,Real Estate,Real Estate Investment Trusts,274076698.0,2017369.6763697125,2012.0,United States
SY,,So-Young International Inc. American Depository Shares,Technology,EDP Services,195589233.0,2013181.0138316383,2019.0,China
PLBC,,Plumas Bancorp,Finance,Finance Companies,366732998.0,2011106.748689924,,United States
ONCO,,Onconetix Inc. Common Stock,Health Care,Biotechnology: Pharmaceutical Preparations,1375748.0,1995126.5396731808,2022.0,United States
FXNC,,First National Corporation Common Stock,Finance,Major Banks,251293678.0,1985841.9017155964,,United States
SPRO,,Spero Therapeutics Inc. Common Stock,Health Care,Biotechnology: Pharmaceutical Preparations,163861225.0,1973906.2307494027,2017.0,United States
GUTS,,Fractyl Health Inc. Common Stock,Health Care,Medical/Dental Instruments,127902794.0,1966969.8858581837,2024.0,United States
AVK,,Advent Convertible and Income Fund,Finance,Trusts Except Educational Religious and Charitable,,1961582.41985866,2003.0,United States
LFVN,,Lifevantage Corporation Common Stock (Delaware),Health Care,Biotechnology: Pharmaceutical Preparations,99286519.0,1947252.9136975606,,United States
MSB,,Mesabi Trust Common Stock,Industrials,Precious Metals,346105864.0,1942003.322564988,,United States
CTNT,,Cheetah Net Supply Chain Service Inc Class A Common Stock,Consumer Discretionary,Motor Vehicles,4912589.0,1940646.2652024769,2023.0,United States
TONX,,TON Strategy Company Common Stock,Consumer Discretionary,Other Consumer Services,224991856.0,1938921.8673399517,,United States
WYY,,WidePoint Corporation Common Stock,Technology,EDP Services,111626273.0,1930179.7279108139,,United States
USEG,,U.S. Energy Corp. Common Stock (DE),Energy,Oil & Gas Production,52320429.0,1928137.871413004,,United States
VGM,,Invesco Trust for Investment Grade Municipals Common Stock (DE),Finance,Trusts Except Educational Religious and Charitable,559131590.0,1922983.6368878682,,United States
CII,,BlackRock Enhanced Large Cap Core Fund Inc. Common Stock,Finance,Investment Bankers/Brokers/Service,3878237619.0,1922616.475777399,2004.0,United States
PDX,,PIMCO Dynamic Income Strategy Fund Common Shares of Beneficial Interest,Finance,Finance/Investors Services,968353620.0,1915768.233844212,2019.0,
HQL,,abrdn Life Sciences Investors Shares of Beneficial Interest,Finance,Investment Managers,458638299.0,1911881.5832683018,1992.0,United States
ATNI,,ATN International Inc. Common Stock,Telecommunications,Telecommunications Equipment,433124820.0,1911256.4699808757,,United States
ANNA,,AleAnna Inc. Class A Common Stock,Energy,Oil & Gas Production,202141888.0,1908243.1043715705,,United States
VFS,,VinFast Auto Ltd. Ordinary Shares,Industrials,Auto Manufacturing,8164980675.0,1905625.0879401253,,Singapore
AMZE,,Amaze Holdings Inc. Common Stock,Consumer Staples,Beverages (Production/Distribution),8958985.0,1898348.301377041,2021.0,
ENSC,,Ensysce Biosciences Inc. Common Stock,Health Care,Biotechnology: Pharmaceutical Preparations,4129152.0,1886871.6834068298,,United States
RMNI,,Rimini Street Inc. (DE) Common Stock,Consumer Discretionary,Business Services,361909600.0,1885957.7893779392,2015.0,United States
MLAA,,Mountain Lake Acquisition Corp. II Class A Ordinary Shares,Finance,Blank Checks,,1883116.8421609062,2026.0,United States
JRI,,Nuveen Real Asset Income and Growth Fund Common Shares of Beneficial Interest,Finance,Finance Companies,,1877893.5625575837,2012.0,United States
UNTY,,Unity Bancorp Inc. Common Stock,Finance,Major Banks,560884786.0,1875632.9002925328,,United States
ALXO,,ALX Oncology Holdings Inc. Common Stock,Health Care,Biotechnology: Pharmaceutical Preparations,255669542.0,1875588.8986246926,2020.0,United States
NMAI,,Nuveen Multi-Asset Income Fund Common Shares of Beneficial Interest,Finance,Investment Managers,,1874060.0965045746,2021.0,United States
GBAB,,Guggenheim Taxable Municipal Bond & Investment Grade Debt Trust Common Shares of Beneficial Interest,Finance,Investment Managers,316244299.0,1871968.6139560882,2010.0,United States
SEG,,Seaport Entertainment Group Inc. Common Stock,Consumer Discretionary,Services-Misc. Amusement & Recreation,323248228.0,1871263.9060701642,2024.0,United States
JYD,,Jayud Global Logistics Limited Class A Ordinary Shares,Industrials,Integrated Freight & Logistics,5780184.0,1858084.0355526833,2023.0,China
PLX,,Protalix BioTherapeutics Inc. (DE) Common Stock,Health Care,Biotechnology: Biological Products (No Diagnostic Substances),170006165.0,1849539.0337768055,,Israel
HGTY,,Hagerty Inc. Class A Common Stock,Finance,Specialty Insurers,3509081988.0,1840957.9515184674,2021.0,United States
BTCS,,BTCS Inc. Common Stock,Finance,Finance: Consumer Services,78147332.0,1838778.4034984452,,United States
TRC,,Tejon Ranch Co Common Stock,Finance,Real Estate,521991843.0,1836597.757493882,2000.0,United States
SKBL,,Skyline Builders Group Holding Limited Class A Ordinary Shares,Consumer Discretionary,Engineering & Construction,477475242.0,1836453.2656635556,2025.0,Hong Kong
NOA,,North American Construction Group Ltd. Common Shares (no par),Energy,Oilfield Services/Equipment,390560860.0,1833470.9007308597,2006.0,Canada
FACT,,FACT II Acquisition Corp. Class A Ordinary Shares,,,,1831660.6455303375,2024.0,United States
FFC,,Flaherty & Crumrine Preferred and Income Securities Fund Incorporated,Finance,Trusts Except Educational Religious and Charitable,,1831317.3278536114,2003.0,United States
CET,,Central Securities Corporation Common Stock,Finance,Finance/Investors Services,12907203916.0,1824300.4867735363,1951.0,United States
STEM,,Stem Inc. Class A Common Stock,Miscellaneous,Industrial Machinery/Components,87061583.0,1822089.6957306634,1992.0,United States
SKYH,,Sky Harbour Group Corporation Class A Common Stock,Finance,Real Estate,718597394.0,1817674.6362459091,2022.0,United States
MRBK,,Meridian Corporation Common Stock,Finance,Major Banks,213787198.0,1814160.0551696052,2017.0,United States
LCTX,,Lineage Cell Therapeutics Inc. Common Stock,Health Care,Biotechnology: Biological Products (No Diagnostic Substances),331566732.0,1811668.0775772957,,United States
ADVB,,Advanced Biomed Inc. Common Stock,Health Care,Medical Specialities,6924486.0,1811588.6798926762,2025.0,Taiwan
VMET,,Versamet Royalties Corporation Common Stock,,,1460186717.0,1809187.5315166656,,Canada
ZVIA,,Zevia PBC Class A Common Stock,Consumer Staples,Beverages (Production/Distribution),119325395.0,1797981.058873449,2021.0,United States
CRDF,,Cardiff Oncology Inc. Common Stock,Health Care,Biotechnology: Biological Products (No Diagnostic Substances),129902802.0,1797414.9057303157,,United States
CBNK,,Capital Bancorp Inc. Common Stock,Finance,Major Banks,519914716.0,1797101.1000497001,2018.0,United States
TG,,Tredegar Corporation Common Stock,Industrials,Metal Fabrications,273481356.0,1796799.8025644394,,United States
BGY,,Blackrock Enhanced International Dividend Trust,Finance,Trusts Except Educational Religious and Charitable,,1792542.5824505943,2007.0,United States
GAM,,General American Investors Inc. Common Stock,Finance,Investment Managers,1530602942.0,1792391.429664975,,United States
BMEA,,Biomea Fusion Inc. Common Stock,Health Care,Biotechnology: Pharmaceutical Preparations,99773227.0,1787385.388933477,2021.0,United States
CCLD,,CareCloud Inc. Common Stock,Technology,Computer Software: Prepackaged Software,99858430.0,1786640.6528166363,2014.0,United States
BWFG,,Bankwell Financial Group Inc. Common Stock,Finance,Major Banks,417156778.0,1784732.8167143322,2014.0,United States
IPSC,,Century Therapeutics Inc. Common Stock,Health Care,Biotechnology: Biological Products (No Diagnostic Substances),441869282.0,1775617.9413636525,2021.0,United States
ZONE,,CleanCore Solutions Inc. Class B Common Stock,Industrials,Industrial Machinery/Components,177551085.0,1774366.600399216,2024.0,
REFI,,Chicago Atlantic Real Estate Finance Inc. Common Stock,Real Estate,Real Estate Investment Trusts,241126182.0,1769901.8603097824,2021.0,United States
BCML,,BayCom Corp Common Stock,Finance,Major Banks,336006964.0,1768310.860915411,2018.0,United States
NIE,,Virtus Equity & Convertible Income Fund Common Shares of Beneficial Interest,Finance,Investment Managers,746202427.0,1767346.7999322074,2007.0,United States
GBFH,,GBank Financial Holdings Inc. Common Stock,Finance,Commercial Banks,431071786.0,1766783.8149479458,,United States
LEGT,,Legato Merger Corp. III Ordinary Shares,,,,1764846.634728568,2024.0,
RDZN,,Roadzen Inc. Ordinary Shares,Finance,Specialty Insurers,149827863.0,1764050.1935147103,2022.0,United States
AUNA,,Auna SA Class A Ordinary Shares,Health Care,Medical/Nursing Services,307153805.0,1754952.395039513,2024.0,Peru
QUAD,,Quad Graphics Inc Class A Common Stock,Consumer Discretionary,Publishing,384118446.0,1753991.298439389,,United States
SMRT,,SmartRent Inc. Class A Common Stock,Technology,EDP Services,242975967.0,1739935.7787444477,,United States
QRED,,QuasarEdge Acquisition Corporation Ordinary Shares,Finance,Blank Checks,,1736968.5228288174,2026.0,
FRMM,,Forum Markets Incorporated Common Stock,Health Care,Biotechnology: Pharmaceutical Preparations,64425397.0,1734695.5619516827,2017.0,United States
AIB,,BlockchAIn Digital Infrastructure Inc Common Shares,Finance,Investment Bankers/Brokers/Service,128749775.0,1732573.0748216312,2026.0,
XFLT,,XAI Octagon Floating Rate & Alternative Income Trust Common Shares of Beneficial Interest,Finance,Investment Managers,659360010.0,1732237.467865717,2017.0,United States
EVTV,,Envirotech Vehicles Inc. Common Stock,Consumer Discretionary,Auto Parts:O.E.M.,26637281.0,1725495.1150417328,,United States
INTG,,Intergroup Corporation (The) Common Stock,Real Estate,Building operators,83287953.0,1717477.0427340553,,United States
HIX,,Western Asset High Income Fund II Inc. Common Stock,Finance,Finance/Investors Services,,1716445.543148404,1998.0,United States
AII,,American Integrity Insurance Group Inc. Common Stock,Finance,Property-Casualty Insurers,320505766.0,1711414.3169675556,2025.0,United States
PLBY,,Playboy Inc. Common Stock,Consumer Discretionary,Other Specialty Stores,158874874.0,1709624.7091037887,2020.0,United States
TRON,,Tron Inc. Common Stock,Consumer Discretionary,Recreational Games/Products/Toys,948764128.0,1703491.4179716792,2023.0,United States
DMII,,Drugs Made In America Acquisition II Corp. Ordinary Shares,Finance,Blank Checks,,1703431.8763778324,2025.0,United States
IFN,,Aberdeen India Fund Inc. Common Stock,Finance,Finance/Investors Services,,1700192.3834255764,,United States
GHY,,PGIM Global High Yield Fund Inc.,Finance,Trusts Except Educational Religious and Charitable,,1693784.1384161087,2012.0,United States
CNTN,,Canton Strategic Holdings Inc. Common Stock,Health Care,Biotechnology: Pharmaceutical Preparations,216395128.0,1690726.353948457,2022.0,United States
EPRX,,Eupraxia Pharmaceuticals Inc. Common Stock,Health Care,Pharmaceuticals and Biotechnology,463168054.0,1689316.904043016,,Canada
NKX,,Nuveen California AMT-Free Quality Municipal Income Fund,Finance,Finance/Investors Services,,1685088.2828848702,2002.0,United States
ARDC,,Ares Dynamic Credit Allocation Fund Inc. Common Shares,Finance,Investment Managers,293082070.0,1681052.0966983978,2012.0,United States
CRNT,,Ceragon Networks Ltd. Ordinary Shares,Technology,Radio And Television Broadcasting And Communications Equipment,262682779.0,1680267.3744178955,,Israel
GPAT,,GP-Act III Acquisition Corp. Class A Ordinary Share,,,,1674285.4698998588,2024.0,United States
TPVG,,TriplePoint Venture Growth BDC Corp. Common Stock,Consumer Discretionary,Other Consumer Services,224106375.0,1668346.9698951358,2014.0,United States
FBIZ,,First Business Financial Services Inc. Common Stock,Finance,Major Banks,480991788.0,1666697.6800101143,,United States
IBIO,,iBio Inc. Common Stock,Health Care,Biotechnology: Pharmaceutical Preparations,94389266.0,1665427.9170904842,,United States
MOB,,Mobilicom Limited Ordinary Shares,Industrials,Aerospace,90833937.0,1662473.2393741608,2022.0,Israel
NMCO,,Nuveen Municipal Credit Opportunities Fund Common Shares,Finance,Finance/Investors Services,593175063.0,1662347.536277771,2019.0,
ATLO,,Ames National Corporation Common Stock,Finance,Major Banks,254556503.0,1660862.7294358753,,United States
CURI,,CuriosityStream Inc. Class A Common Stock,Consumer Discretionary,Movies/Entertainment,169562536.0,1654080.0653855007,2020.0,United States
PDT,,John Hancock Premium Dividend Fund,Finance,Finance Companies,,1653616.5650095257,,United States
FC,,Franklin Covey Company Common Stock,Consumer Discretionary,Other Consumer Services,267382372.0,1650178.5793758575,,United States
CNTX,,Context Therapeutics Inc. Common Stock,Health Care,Biotechnology: Pharmaceutical Preparations,261855654.0,1632162.5740834645,2021.0,United States
KF,,Korea Fund Inc. (The) New Common Stock,Finance,Investment Managers,,1630959.2310587566,,United States
EDD,,Morgan Stanley Emerging Markets Domestic Debt Fund Inc. Common Stock,Finance,Finance Companies,,1623283.1083411262,2007.0,United States
NCSM,,NCS Multistage Holdings Inc. Common Stock,Energy,Oilfield Services/Equipment,111227285.0,1622683.7677183605,2017.0,United States
JTAI,,Jet.AI Inc. Common Stock,Consumer Discretionary,Transportation Services,11828719.0,1606529.6320483799,2021.0,United States
CIVB,,Civista Bancshares Inc. Common Stock,Finance,Major Banks,538288713.0,1606198.8489968437,,United States
COOK,,Traeger Inc. Common Stock,Consumer Discretionary,Consumer Electronics/Appliances,193502495.0,1603176.8549419586,2021.0,United States
CTM,,Castellum Inc. Common Stock,Consumer Discretionary,Professional Services,80295230.0,1600473.9565071606,2022.0,
TROO,,TROOPS Inc. Ordinary Shares,Finance,Diversified Financial Services,508186291.0,1599005.477646419,,China
DERM,,Journey Medical Corporation Common Stock,Health Care,Biotechnology: Pharmaceutical Preparations,173742992.0,1589576.9031547364,2021.0,United States
FRAF,,Franklin Financial Services Corporation Common Stock,Finance,Major Banks,261179950.0,1587621.4758555095,,United States
PPSI,,Pioneer Power Solutions Inc. Common Stock,Industrials,Electrical Products,60141762.0,1587095.3208911987,,United States
IGIC,,International General Insurance Holdings Ltd. Ordinary Share,Finance,Property-Casualty Insurers,1045778493.0,1585594.3408784412,2018.0,Jordan
FF,,FutureFuel Corp.  Common shares,Industrials,Major Chemicals,181594919.0,1584554.4901484535,,United States
RNTX,,Rein Therapeutics Inc. Common Stock,Health Care,Biotechnology: Pharmaceutical Preparations,94948326.0,1577878.3044417698,2017.0,United States
PYXS,,Pyxis Oncology Inc. Common Stock,Health Care,Biotechnology: Pharmaceutical Preparations,114039868.0,1576320.3780213993,2021.0,United States
HSLV,,Highlander Silver Corp. Common Shares,,,1118828799.0,1573130.5200281597,,
ULH,,Universal Logistics Holdings Inc. Common Stock,Industrials,Trucking Freight/Courier Services,419541784.0,1569147.3132405963,2005.0,United States
RMT,,Royce Micro-Cap Trust Inc. Common Stock,Finance,Investment Managers,649618262.0,1567042.3381260464,,United States
ALDX,,Aldeyra Therapeutics Inc. Common Stock,Health Care,Biotechnology: Pharmaceutical Preparations,105561869.0,1559583.571461269,2014.0,United States
AEXA,,American Exceptionalism Acquisition Corp. A Class A Ordinary Shares,,,,1550363.052322751,2025.0,
KRRO,,Korro Bio Inc. Common Stock,Health Care,Biotechnology: Pharmaceutical Preparations,193406677.0,1544933.9982895623,2019.0,United States
NCV,,Virtus Convertible & Income Fund Common Shares of Beneficial Interest,Finance,Finance Companies,1582441193.0,1543734.0287344796,2003.0,United States
SMJF,,SMJ International Holdings Inc. Class A Ordinary Shares,Consumer Discretionary,RETAIL: Building Materials,119000000.0,1535016.586254892,2025.0,
ASIC,,Ategrity Specialty Insurance Company Holdings Common Stock,Finance,Property-Casualty Insurers,937117041.0,1534813.09904371,2025.0,
TBB,,AT&T Inc. 5.350% Global Notes due 2066,Telecommunications,Telecommunications Equipment,150301102790.0,1533108.186176845,2017.0,United States
PROK,,ProKidney Corp. Class A Ordinary Shares,Health Care,Biotechnology: Biological Products (No Diagnostic Substances),552769116.0,1526997.9487237476,2021.0,United States
HDRN,,Hadron Energy Inc. Common Stock,Utilities,Electric Utilities: Central,99333332.0,1525227.3805697758,2024.0,United States
INBK,,First Internet Bancorp Common Stock,Finance,Major Banks,210594554.0,1524002.476946513,,United States
PRTH,,Priority Technology Holdings Inc. Common Stock,Consumer Discretionary,Business Services,526249536.0,1523479.0024757385,2016.0,United States
SCM,,Stellus Capital Investment Corporation Common Stock,Finance,Finance/Investors Services,259656868.0,1521884.55821446,2012.0,United States
IIM,,Invesco Value Municipal Income Trust Common Stock,Finance,Investment Managers,587414119.0,1501246.8085152763,,United States
MYX,,Maywood Acquisition Corp. 2 Class A Ordinary Share,Finance,Blank Checks,,1499796.151342392,2026.0,United States
PSBD,,Palmer Square Capital BDC Inc. Common Stock,,,,1493570.1346760704,2024.0,
ABTS,,Abits Group Inc Ordinary Shares,Technology,Computer Software: Programming Data Processing,2936867.0,1491887.9223122483,,China
CVV,,CVD Equipment Corporation Common Stock,Technology,Industrial Machinery/Components,41365434.0,1486190.2415661584,,United States
BTT,,BlackRock Municipal 2030 Target Term Trust,Finance,Investment Managers,,1481766.194270906,2012.0,United States
USCB,,USCB Financial Holdings Inc. Class A Common Stock,Finance,Major Banks,338612706.0,1480134.9680037727,2021.0,United States
VEL,,Velocity Financial Inc. Common Stock,Finance,Finance: Consumer Services,686967418.0,1478882.6143900554,2020.0,United States
EOI,,Eaton Vance Enhance Equity Income Fund Eaton Vance Enhanced Equity Income Fund Shares of Beneficial Interest,Finance,Finance/Investors Services,,1475030.326979501,2004.0,United States
ASG,,Liberty All-Star Growth Fund Inc.,Finance,Investment Managers,,1472736.5428788322,,United States
DGNX,,Diginex Limited Ordinary Shares,Technology,EDP Services,42196364.0,1472441.8889471462,2025.0,Hong Kong
CGEN,,Compugen Ltd. Ordinary Shares,Health Care,Biotechnology: Biological Products (No Diagnostic Substances),248757593.0,1471071.8482165108,2000.0,Israel
PFL,,PIMCO Income Strategy Fund Shares of Beneficial Interest,Finance,Finance Companies,,1470494.6731113251,2003.0,United States
OFLX,,Omega Flex Inc. Common Stock,Industrials,Industrial Specialties,305151354.0,1469419.2026683262,,United States
FSEA,,First Seacoast Bancorp Inc. Common Stock,Finance,Savings Institutions,78444789.0,1457244.735772269,2019.0,United States
DFNS,,T3 Defense Inc. Common Stock,Consumer Discretionary,Professional Services,26826411.0,1456178.809044049,2020.0,United States
HTD,,John Hancock Tax Advantaged Dividend Income Fund Common Shares of Beneficial Interest,Finance,Finance Companies,,1450066.6135243007,2004.0,United States
MOVE,,Corvex Inc. Common Stock,Health Care,Biotechnology: Electromedical & Electrotherapeutic Apparatus,37639893.0,1449736.00046067,2021.0,United States
NML,,Neuberger Energy Infrastructure and Income Fund Inc. Common Stock,Finance,Finance/Investors Services,,1447610.5689639137,2013.0,United States
GRML,,Greenland Mines Ltd. Common Stock,,,,1444429.0554581652,2022.0,United States
TMCI,,Treace Medical Concepts Inc. Common Stock,Health Care,Medical/Dental Instruments,224460497.0,1443809.6693589573,2021.0,United States
ENVB,,Enveric Biosciences Inc. Common Stock,Health Care,Biotechnology: Pharmaceutical Preparations,8468333.0,1439514.4360417412,,United States
OVLY,,Oak Valley Bancorp (CA) Common Stock,Finance,Major Banks,276886903.0,1438628.6086672829,,United States
ELTX,,Elicio Therapeutics Inc. Common Stock,Health Care,Biotechnology: Pharmaceutical Preparations,218344767.0,1436651.658657619,2021.0,United States
SUUN,,PowerBank Corporation Common Stock,Utilities,Power Generation,40594142.0,1435656.1957989421,,Canada
ALEC,,Alector Inc. Common Stock,Health Care,Biotechnology: Biological Products (No Diagnostic Substances),239814404.0,1435336.6145361038,2019.0,United States
OBT,,Orange County Bancorp Inc. Common Stock,Finance,Major Banks,457477684.0,1434092.8042093914,,United States
VTVT,,vTv Therapeutics Inc. Class A Common Stock,Health Care,Biotechnology: Pharmaceutical Preparations,131362148.0,1432731.079019819,2015.0,United States
ALVO,,Alvotech Ordinary Shares,Health Care,Biotechnology: Biological Products (No Diagnostic Substances),1048482261.0,1428759.9036137264,,Luxembourg
SND,,Smart Sand Inc. Common Stock,Industrials,Mining & Quarrying of Nonmetallic Minerals (No Fuels),184408571.0,1427320.1435543243,2016.0,United States
SVAC,,Spring Valley Acquisition Corp. III Class A Ordinary Shares,Finance,Blank Checks,,1427151.1725017002,2025.0,United States
APXT,,Apex Treasury Corporation Class A Ordinary Share,Technology,Computer Software: Prepackaged Software,,1426928.9915584382,2025.0,United States
AEF,,abrdn Emerging Markets ex-China Fund Inc. Common Stock,Finance,Finance/Investors Services,1057520625.0,1422593.997937157,,United States
SRI,,Stoneridge Inc. Common Stock,Consumer Discretionary,Auto Parts:O.E.M.,210917280.0,1414968.8541843777,1997.0,United States
GASS,,StealthGas Inc. Common Stock,Consumer Discretionary,Marine Transportation,341364597.0,1412520.238313221,2005.0,Greece
ANIK,,Anika Therapeutics Inc. Common Stock,Health Care,Medical/Dental Instruments,193330717.0,1412430.5299032303,,United States
GUG,,Guggenheim Active Allocation Fund Common Shares of Beneficial Interest,Finance,Trusts Except Educational Religious and Charitable,,1411692.910403297,2021.0,United States
NHS,,Neuberger High Yield Strategies Fund Inc. Common Stock,Finance,Trusts Except Educational Religious and Charitable,,1404970.0935727074,,United States
SDHY,,PGIM Short Duration High Yield Opportunities Fund Common Shares,Finance,Finance/Investors Services,396989471.0,1398939.3898191906,2020.0,
BGB,,Blackstone Strategic Credit 2027 Term Fund Common Shares of Beneficial Interest,Finance,Trusts Except Educational Religious and Charitable,,1397715.6073888142,2012.0,United States
HURA,,TuHURA Biosciences Inc. Common Stock,Health Care,Biotechnology: Pharmaceutical Preparations,143922513.0,1396254.2460577828,,United States
BTO,,John Hancock Financial Opportunities Fund Common Stock,Finance,Investment Managers,,1395753.7965320405,1994.0,United States
NCZ,,Virtus Convertible & Income Fund II Common Shares of Beneficial Interest,Finance,Finance Companies,1211762724.0,1390641.5710812523,2003.0,United States
ARTNA,,Artesian Resources Corporation Class A Common Stock,Utilities,Water Supply,335750724.0,1390072.1481050763,,United States
NKSH,,National Bankshares Inc. Common Stock,Finance,Major Banks,224104348.0,1387795.611917405,,United States
RLGT,,Radiant Logistics Inc. Common Stock,Industrials,Integrated Freight & Logistics,397600844.0,1384256.9520291828,,United States
HOLO,,MicroCloud Hologram Inc. Ordinary Shares,Technology,Computer Software: Programming Data Processing,49719821.0,1380513.4831314995,2021.0,United States
TAYD,,Taylor Devices Inc. Common Stock,Industrials,Industrial Machinery/Components,164174712.0,1380208.089973813,,United States
MUJ,,Blackrock MuniHoldings New Jersey Quality Fund Inc. Common Stock,Finance,Investment Bankers/Brokers/Service,1822340270.0,1371631.4747674125,1998.0,United States
DIBS,,1stdibs.com Inc. Common Stock,Consumer Discretionary,Catalog/Specialty Distribution,159707470.0,1369057.2660673233,2021.0,United States
EXYN,,Exyn Technologies Inc. Common Stock,,,45827496.0,1365968.4995603561,2026.0,United States
FRBA,,First Bank Common Stock,Finance,Commercial Banks,393102063.0,1363420.7637741452,2013.0,United States
RNAC,,Cartesian Therapeutics Inc. Common Stock,Health Care,Biotechnology: Pharmaceutical Preparations,221536616.0,1356893.8880670639,2016.0,United States
AUDC,,AudioCodes Ltd. Common Stock,Utilities,Telecommunications Equipment,254729103.0,1356644.5823714847,1999.0,Israel
MITT,,TPG Mortgage Investment Trust Inc. Common Stock,Real Estate,Real Estate Investment Trusts,245522827.0,1355418.0478164128,2011.0,United States
PETZ,,TDH Holdings Inc. Common Shares,Industrials,Steel/Iron Ore,12387922.0,1352378.6924478554,2017.0,China
ALF,,Centurion Acquisition Corp. Class A Ordinary Shares,,,,1349472.5876898994,2024.0,United States
TTEC,,TTEC Holdings Inc. Common Stock,Consumer Discretionary,Professional Services,132350796.0,1348813.4298279171,1996.0,United States
TRAD,,APEX Tech Acquisition Inc. Ordinary Shares,Finance,Investment Bankers/Brokers/Service,,1347341.2101700192,2026.0,
SLN,,Silence Therapeutics Plc American Depository Share,Health Care,Biotechnology: Pharmaceutical Preparations,322920000.0,1347159.898826054,,United Kingdom
TBLD,,Thornburg Income Builder Opportunities Trust Common Stock,Finance,Investment Managers,727937925.0,1345156.5443129768,2021.0,United States
NRXS,,Neuraxis Inc. Common Stock,Health Care,Biotechnology: Electromedical & Electrotherapeutic Apparatus,91768441.0,1344768.2328246888,2023.0,
JAKK,,JAKKS Pacific Inc. Common Stock,Consumer Discretionary,Recreational Games/Products/Toys,252807039.0,1344603.433254787,1996.0,United States
ZCMD,,Zhongchao Inc. Class A Ordinary Shares,Real Estate,Other Consumer Services,643741.0,1343156.6935877006,2020.0,China
BWMX,,Betterware de Mexico S.A.P.I. de C.V. Ordinary Shares,Consumer Discretionary,Catalog/Specialty Distribution,644692255.0,1339218.392335801,,Mexico
BKT,,BlackRock Income Trust Inc. (The),Finance,Investment Bankers/Brokers/Service,1569444069.0,1338115.1939937046,,United States
KGEI,,Kolibri Global Energy Inc. Common stock,Energy,Oil & Gas Production,181840814.0,1334455.842551731,,United States
XOS,,Xos Inc. Common Stock,Consumer Discretionary,Auto Parts:O.E.M.,27639838.0,1333021.1711792718,2020.0,United States
MAKO,,Mako Mining Corp Common Stock,,,761812429.0,1332912.0058763595,,Canada
TRAK,,ReposiTrak Inc. Common Stock,Technology,EDP Services,187732926.0,1328204.7543207805,,United States
BNKK,,Bonk Inc. Common Stock,Consumer Discretionary,Package Goods/Cosmetics,15441814.0,1323098.0919815246,2020.0,United States
FBYD,,Falcon's Beyond Global Inc. Class A Common Stock,Consumer Discretionary,Services-Misc. Amusement & Recreation,1879254286.0,1323045.963487171,,United States
OVBC,,Ohio Valley Banc Corp. Common Stock,Finance,Major Banks,226363598.0,1322844.2109062558,,United States
ETO,,Eaton Vance Tax-Advantage Global Dividend Opp Common Stock,Finance,Investment Managers,507540634.0,1317355.518886021,2004.0,United States
TWIN,,Twin Disc Incorporated Common Stock,Industrials,Industrial Machinery/Components,240572754.0,1316151.7549151466,,United States
SACH,,Sachem Capital Corp. Common Shares,Real Estate,Real Estate Investment Trusts,57546776.0,1314357.479427542,2017.0,United States
ECX,,ECARX Holdings Inc. Class A Ordinary shares,Technology,EDP Services,449650781.0,1313226.2932814304,,China
IQI,,Invesco Quality Municipal Income Trust Common Stock,Finance,Finance Companies,524607266.0,1312979.094637008,,United States
EDHL,,Everbright Digital Holding Limited Ordinary Shares,Consumer Discretionary,Advertising,4898849.0,1312544.8930819829,2025.0,Hong Kong
CBK,,Commercial Bancgroup Inc. Common Stock,Finance,Major Banks,395829661.0,1312300.5258378529,2025.0,United States
OSTX,,OS Therapies Incorporated Common Stock,Health Care,Biotechnology: Pharmaceutical Preparations,95311547.0,1308276.5865791412,2024.0,
LOKV,,Live Oak Acquisition Corp. V Class A Ordinary Shares,,,,1305924.201075236,2025.0,United States
DHY,,Credit Suisse High Yield Credit Fund Common Stock,Finance,Finance/Investors Services,,1303341.4670035953,1998.0,United States
NPCT,,Nuveen Core Plus Impact Fund Common Shares of Beneficial Interest,Finance,Investment Managers,,1303314.1869136265,2021.0,United States
RFI,,Cohen & Steers Total Return Realty Fund Inc. Common Stock,Finance,Investment Managers,553300951.0,1302072.8308813912,1993.0,United States
DYNC,,Dynamix Corporation Class A Ordinary Shares,,,,1301738.128553118,2024.0,United States
INHD,,Inno Holdings Inc. Common Stock,Industrials,Steel/Iron Ore,5741286.0,1300033.7692563306,2023.0,United States
CVM,,Cel-Sci Corporation Common Stock,Health Care,Biotechnology: Biological Products (No Diagnostic Substances),13079391.0,1298295.72846038,1997.0,United States
NVCT,,Nuvectis Pharma Inc. Common Stock,Health Care,Biotechnology: Pharmaceutical Preparations,258623947.0,1298042.75529044,2022.0,United States
GGT,,Gabelli Multi-Media Trust Inc. (The) Common Stock,Finance,Trusts Except Educational Religious and Charitable,119505159.0,1295490.9041245778,,United States
MYN,,Blackrock MuniYield New York Quality Fund Inc.Common Stock,Finance,Finance Companies,,1292406.213596889,1992.0,United States
TUSK,,Mammoth Energy Services Inc. Common Stock,Energy,Oilfield Services/Equipment,161371667.0,1291085.2961835407,2016.0,United States
CMTL,,Comtech Telecommunications Corp. Common Stock,Technology,Radio And Television Broadcasting And Communications Equipment,167105749.0,1288570.3790301369,,United States
SI,,Shoulder Innovations Inc. Common Stock,Health Care,Medical/Dental Instruments,304851922.0,1288543.1561515445,2025.0,United States
BOE,,Blackrock Enhanced Global Dividend Trust Common Shares of Beneficial Interest,Finance,Trusts Except Educational Religious and Charitable,,1282557.339327676,2005.0,United States
GV,,Visionary Holdings Inc. Common Shares,Real Estate,Other Consumer Services,1860518.0,1278701.929208849,2022.0,Canada
RICK,,RCI Hospitality Holdings Inc. Common Stock,Consumer Discretionary,Restaurants,194118555.0,1276369.4361096337,1995.0,United States
AFB,,AllianceBernstein National Municipal Income Fund Inc,Finance,Trusts Except Educational Religious and Charitable,,1268156.771882375,2002.0,United States
IKT,,Inhibikase Therapeutics Inc. Common Stock,Health Care,Biotechnology: Biological Products (No Diagnostic Substances),231057113.0,1267547.9052923974,2020.0,United States
MDXH,,MDxHealth SA Ordinary Shares,Health Care,Medical Specialities,39031899.0,1266721.7264822552,2021.0,Belgium
DHX,,DHI Group Inc. Common Stock,Consumer Discretionary,Business Services,152490730.0,1266229.5725277492,2007.0,United States
MXF,,Mexico Fund Inc. (The) Common Stock,Finance,Trusts Except Educational Religious and Charitable,,1261546.0973194668,,United States
FRA,,Blackrock Floating Rate Income Strategies Fund Inc  Common Stock,Finance,Investment Bankers/Brokers/Service,1657213927.0,1258479.819765545,2003.0,United States
IVA,,Inventiva S.A. American Depository Shares,Health Care,Biotechnology: Pharmaceutical Preparations,1023997852.0,1254788.0041054317,2020.0,France
LYEL,,Lyell Immunopharma Inc. Common Stock,Health Care,Biotechnology: Pharmaceutical Preparations,404379728.0,1253588.5181154523,2021.0,United States
EIC,,Eagle Point Income Company Inc. Common Stock,Finance,Finance/Investors Services,95762161.0,1253385.7133093334,2019.0,United States
LEO,,BNY Mellon Strategic Municipals Inc. Common Stock,Finance,Trusts Except Educational Religious and Charitable,400530191.0,1252826.906810488,1987.0,United States
AGD,,abrdn Global Dynamic Dividend Fund Common Shares of Beneficial Interest,Finance,Trusts Except Educational Religious and Charitable,,1250149.7212001255,2006.0,United States
FBLA,,FB Bancorp Inc. Common Stock,Finance,Banks,225291157.0,1247188.7655939374,2024.0,United States
MXCT,,MaxCyte Inc. Common Stock,Health Care,Biotechnology: Commercial Physical & Biological Resarch,129617223.0,1245495.5695010368,2021.0,United States
ADTX,,Aditxt Inc. Common Stock,Health Care,Biotechnology: Pharmaceutical Preparations,95626.0,1244993.6640239926,2020.0,United States
QSEA,,Quartzsea Acquisition Corporation Ordinary Shares,Finance,Blank Checks,,1244432.8830764408,2025.0,United States
FOA,,Finance of America Companies Inc. Class A Common Stock,Finance,Finance: Consumer Services,177124417.0,1242801.519838969,2021.0,United States
EMAT,,Evolution Metals & Technologies Corp. Common Stock,,,,1242429.6119303931,,United States
RACC,,Research Alliance Corporation III Class A Ordinary Shares,,,,1241295.4432759967,2026.0,United States
LCUT,,Lifetime Brands Inc. Common Stock,Consumer Discretionary,Industrial Machinery/Components,195410318.0,1239122.5322496323,1991.0,United States
PEBK,,Peoples Bancorp of North Carolina Inc. Common Stock,Finance,Major Banks,229928729.0,1235945.9957849411,,United States
MVBF,,MVB Financial Corp. Common Stock,Finance,Major Banks,343734852.0,1233539.423751831,,United States
PCQ,,PIMCO California Municipal Income Fund Common Stock,Finance,Investment Managers,,1228492.427221934,2001.0,United States
PDSB,,PDS Biotechnology Corporation Common Stock,Health Care,Biotechnology: Pharmaceutical Preparations,60280905.0,1227364.4157162735,2015.0,United States
EVCM,,EverCommerce Inc. Common Stock,Technology,Computer Software: Prepackaged Software,1990695386.0,1227054.6171642486,2021.0,United States
BLNE,,Beeline Holdings Inc. Common Stock,Finance,Finance: Consumer Services,40148053.0,1226920.9382619176,,United States
RILYZ,,BRC Group Holdings Inc. 5.25% Senior Notes due 2028,Finance,Investment Managers,607501555.0,1224486.6413570587,,United States
SRG,,Seritage Growth Properties Class A Common Stock,Finance,Real Estate,144754240.0,1223575.6659905117,2015.0,United States
AFYA,,Afya Limited Class A Common Shares,Real Estate,Other Consumer Services,1259046211.0,1218319.6790468125,2019.0,Brazil
TPET,,Trio Petroleum Corp. Common Stock,Energy,Oil & Gas Production,14442410.0,1214539.745980927,2023.0,
EVAC,,EQV Ventures Acquisition Corp. II Class A Ordinary Shares,Industrials,Fluid Controls,,1211822.1879005432,2025.0,
RAIL,,FreightCar America Inc. Common Stock,Industrials,Railroads,145442781.0,1210082.3823565529,2005.0,United States
AVAL,,Grupo Aval Acciones y Valores S.A. ADR (Each representing 20 preferred shares),Finance,Commercial Banks,5472871163.0,1208259.972851617,2014.0,
BESS,,Bimergen Energy Corporation Common Stock,Utilities,Electric Utilities: Central,27041753.0,1204136.1249253864,2026.0,
EFT,,Eaton Vance Floating Rate Income Trust Common Shares of Beneficial Interest,Finance,Finance Companies,316212811.0,1203391.7699677604,2004.0,United States
JLHL,,Julong Holding Limited Class A Ordinary Shares,Consumer Discretionary,Military/Government/Technical,420178701.0,1201751.777994065,2025.0,China
LAKE,,Lakeland Industries Inc. Common Stock,Health Care,Industrial Specialties,116025078.0,1194115.1966776166,1986.0,United States
FGNX,,FG Nexus Inc. Common Stock,Finance,Property-Casualty Insurers,54534024.0,1191819.6184680576,2014.0,United States
CMTG,,Claros Mortgage Trust Inc. Common Stock,Finance,Real Estate,340731597.0,1185689.4730522519,2021.0,United States
OWLT,,Owlet Inc. Class A Common Stock,Industrials,Industrial Machinery/Components,160376459.0,1183492.1896412259,2020.0,United States
MUA,,Blackrock MuniAssets Fund Inc Common Stock,Finance,Investment Bankers/Brokers/Service,1599196563.0,1182699.429752713,1993.0,United States
AFCG,,Advanced Flower Capital Inc. Common Stock,Finance,Real Estate,87762588.0,1181612.3581920352,2021.0,United States
EPSN,,Epsilon Energy Ltd. Common Share,Energy,Oil & Gas Production,171207172.0,1180610.4692277454,,United States
NDMO,,Nuveen Dynamic Municipal Opportunities Fund Common Shares of Beneficial Interest,Finance,Trusts Except Educational Religious and Charitable,619033086.0,1180043.7464668637,2020.0,
LRHC,,La Rosa Holdings Corp. Common Stock,Finance,Real Estate,70085.0,1177047.0827397846,2023.0,United States
SKIN,,SkinHealth Systems Inc. Class A Common Stock,Health Care,Medical/Dental Instruments,100284511.0,1168710.641698894,2020.0,United States
RCEL,,Avita Medical Inc. Common Stock,Health Care,Medical/Dental Instruments,133263063.0,1167112.3332455044,,United States
HIO,,Western Asset High Income Opportunity Fund Inc. Common Stock,Finance,Finance/Investors Services,,1165483.9990377426,,United States
AIFA,,All In FutureTech Alliance Inc. Common Stock,Consumer Discretionary,Services-Misc. Amusement & Recreation,20739655.0,1165454.265281558,2017.0,United States
WKHS,,Workhorse Group Inc. Common Stock,Industrials,Auto Manufacturing,41721722.0,1164450.1050313313,,United States
SDA,,SunCar Technology Group Inc. Class A Ordinary Shares,Consumer Discretionary,Automotive Aftermarket,86208699.0,1163232.4256493931,2021.0,Hong Kong
TAVI,,Tavia Acquisition Corp. Ordinary Shares,Finance,Blank Checks,,1162678.6807741437,2024.0,United States
WTF,,Waton Financial Limited Ordinary Shares,Finance,Investment Bankers/Brokers/Service,141818168.0,1160168.8138519016,2025.0,Hong Kong
BDSX,,Biodesix Inc. Common Stock,Health Care,Medical Specialities,169006803.0,1158301.7084621247,2020.0,United States
PSF,,Cohen & Steers Select Preferred and Income Fund Inc. Common Stock,Finance,Investment Managers,970979289.0,1156438.8139815559,2010.0,
RDAC,,Rising Dragon Acquisition Corp. Ordinary Shares,,,,1156125.5230381375,2024.0,China
EIM,,Eaton Vance Municipal Bond Fund Common Shares of Beneficial Interest $.01 par value,Finance,Finance/Investors Services,,1155699.0852764675,2002.0,United States
MGN,,Megan Holdings Limited Class A Ordinary Shares,Consumer Staples,Farming/Seeds/Milling,2388750.0,1155243.9647005429,2025.0,Malaysia
IVF,,INVO Fertility Inc. Common Stock,Health Care,Medical/Dental Instruments,2617372.0,1152507.616039117,,United States
RTAC,,Renatus Tactical Acquisition Corp I Class A Ordinary Shares,Finance,Blank Checks,,1151119.051333836,2025.0,United States
SRBK,,SR Bancorp Inc. Common stock,Finance,Banks,156623444.0,1146082.3768888202,2023.0,United States
ACTG,,Acacia Research Corporation (Acacia Tech) Common Stock,Miscellaneous,Multi-Sector Companies,449139464.0,1142029.9470856076,,United States
III,,Information Services Group Inc. Common Stock,Consumer Discretionary,Professional Services,215755126.0,1134980.4739679608,,United States
AMBO,,Ambow Education Holding Ltd. American Depository Shares (each representing twenty (20) Class A Ordinary Shares),Real Estate,Other Consumer Services,6836170.0,1127560.1039398285,,China
OMEX,,Odyssey Marine Exploration Inc. Common Stock,Consumer Discretionary,Marine Transportation,64431527.0,1124525.7677225838,,United States
GUT,,Gabelli Utility Trust (The) Common Stock,Finance,Trusts Except Educational Religious and Charitable,460211912.0,1123960.7550303142,,United States
ARCL,,ARC Group Acquisition I Corp Class A Ordinary Shares,,,,1123537.8043031693,,United States
KTF,,DWS Municipal Income Trust,Finance,Finance Companies,361236078.0,1123269.7921253387,1988.0,United States
PLYX,,Polaryx Therapeutics Inc. Common Stock,Health Care,Biotechnology: Pharmaceutical Preparations,154812581.0,1122446.466797874,,United States
JGH,,Nuveen Global High Income Fund Common Shares of Beneficial Interest,Finance,Investment Managers,,1121792.417344593,2014.0,United States
IXHL,,Incannex Healthcare Inc. Common Stock,Health Care,Biotechnology: Pharmaceutical Preparations,40081256.0,1121587.3351460411,,Australia
SDHC,,Smith Douglas Homes Corp. Class A Common Stock,Consumer Discretionary,Homebuilding,607366522.0,1119568.0545352753,2024.0,United States
ETJ,,Eaton Vance Risk-Managed Diversified Equity Income Fund Common Shares of Beneficial Interest,Finance,Finance Companies,,1118976.7650831314,2007.0,United States
GLO,,Clough Global Opportunities Fund Common Stock,Finance,Finance/Investors Services,,1115459.9921839577,2006.0,United States
RENX,,RenX Enterprises Corp. Common Stock,Finance,Real Estate,4339036.0,1114588.0879822231,,United States
CODA,,Coda Octopus Group Inc. Common stock,Industrials,Industrial Machinery/Components,141402946.0,1114462.62025379,,United States
FNUC,,Frontier Nuclear and Minerals Inc. Common Shares,Basic Materials,Other Metals and Minerals,43263046.0,1112335.9115316754,2021.0,Canada
GANX,,Gain Therapeutics Inc. Common Stock,Health Care,Biotechnology: Pharmaceutical Preparations,83175374.0,1109944.6225853194,2021.0,United States
CD,,Chaince Digital Holdings Inc. Ordinary Shares,Finance,Finance: Consumer Services,653822474.0,1106896.7003163837,2015.0,China
PZG,,Paramount Gold Nevada Corp. Common Stock,Basic Materials,Metal Mining,118382446.0,1106134.9067336037,2015.0,United States
EBMT,,Eagle Bancorp Montana Inc. Common Stock,Finance,Major Banks,176752914.0,1104133.8183720906,2010.0,United States
FNRN,,First Northern Community Bancorp Common stock,Finance,Savings Institutions,282200503.0,1103452.2085371471,,United States
NPFD,,Nuveen Variable Rate Preferred & Income Fund Common Shares,Finance,Trusts Except Educational Religious and Charitable,,1102162.2887838455,2021.0,United States
RANI,,Rani Therapeutics Holdings Inc. Class A Common Stock,Health Care,Biotechnology: Pharmaceutical Preparations,117787837.0,1092427.0950717586,2021.0,United States
ISD,,PGIM High Yield Bond Fund Inc.,Finance,Trusts Except Educational Religious and Charitable,,1087697.9013306755,2012.0,United States
NAUT,,Nautilus Biotechnology Inc. Common Stock,Industrials,Biotechnology: Laboratory Analytical Instruments,348196063.0,1085329.9034777142,2020.0,United States
ANTX,,AN2 Therapeutics Inc. Common Stock,Health Care,Biotechnology: Pharmaceutical Preparations,155949977.0,1085070.8033357349,2022.0,United States
FTHY,,First Trust High Yield Opportunities 2027 Term Fund Common Stock,Finance,Investment Managers,508570438.0,1084924.1384778705,2020.0,United States
PBM,,Psyence Biomedical Ltd. Common Shares,Health Care,Biotechnology: Pharmaceutical Preparations,8998594.0,1084370.4325324013,,Canada
BGH,,Barings Global Short Duration High Yield Fund Common Shares of Beneficial Interests,Finance,Investment Managers,,1070432.2932061695,2012.0,United States
LICN,,Lichen International Limited Class A Ordinary Shares,Consumer Discretionary,Professional Services,25148342.0,1064721.14083994,2023.0,China
SCLX,,Scilex Holding Company Common Stock,Health Care,Biotechnology: Biological Products (No Diagnostic Substances),75572276.0,1064274.6372472672,2021.0,United States
FTF,,Franklin Limited Duration Income Trust Common Shares of Beneficial Interest,Finance,Finance/Investors Services,237583599.0,1060675.625065395,2003.0,United States
LASE,,Laser Photonics Corporation Common Stock,Miscellaneous,Industrial Machinery/Components,35448091.0,1058501.013038272,2022.0,United States
BNTC,,Benitec Biopharma Inc. Common Stock,Health Care,Biotechnology: Pharmaceutical Preparations,397136101.0,1056565.1889029003,2015.0,United States
RILYN,,BRC Group Holdings Inc. 6.50% Senior Notes Due 2026,Finance,Investment Managers,762426650.0,1055343.5642605736,,United States
DMAC,,DiaMedica Therapeutics Inc. Common Stock,Health Care,Biotechnology: Pharmaceutical Preparations,322761237.0,1053742.6700092498,2018.0,United States
PDLB,,Ponce Financial Group Inc. Common Stock,Finance,Savings Institutions,456667571.0,1050301.8063772293,2017.0,United States
DTK,,DTE Energy Company 2025 Series H 6.25% Junior Subordinated Debentures due 2085,Utilities,Electric Utilities: Central,,1048664.5093736195,2025.0,United States
SHIM,,Shimmick Corporation Common Stock,Industrials,Military/Government/Technical,129906176.0,1047725.7962771824,2023.0,United States
TZOO,,Travelzoo Common Stock,Consumer Discretionary,Advertising,110095683.0,1044475.1420520601,,United States
OBIO,,Orchestra BioMed Holdings Inc. Ordinary Shares,Health Care,Medicinal Chemicals and Botanical Products,234133596.0,1043888.7242691858,2020.0,United States
NCMI,,National CineMedia Inc. Common Stock,Consumer Discretionary,Advertising,294470107.0,1041140.7210770107,2007.0,United States
TEI,,Templeton Emerging Markets Income Fund Inc. Common Stock,Finance,Finance Companies,,1040514.3803732736,1993.0,United States
OCCI,,OFS Credit Company Inc. Common Stock,Finance,Trusts Except Educational Religious and Charitable,38915309.0,1035504.81368133,2018.0,United States
ONL,,Orion Properties Inc. Common Stock,Real Estate,Real Estate Investment Trusts,169353603.0,1035192.2941060293,2021.0,United States
SPCB,,SuperCom Ltd. Ordinary Shares (Israel),Technology,Semiconductors,65292979.0,1030276.8049285526,,Israel
FTCI,,FTC Solar Inc. Common Stock,Technology,Semiconductors,88029117.0,1026778.8338945026,2021.0,United States
KLXE,,KLX Energy Services Holdings Inc. Common Stock,Energy,Oilfield Services/Equipment,54558220.0,1022467.433038212,,United States
IQST,,iQSTEL Inc. Common Stock,Telecommunications,Telecommunications Equipment,7948416.0,1018500.6568749746,,United States
WSBF,,Waterstone Financial Inc. Common Stock (MD),Finance,Savings Institutions,334162548.0,1016551.7949513027,2005.0,United States
ACNT,,Ascent Industries Co. Common Stock,Industrials,Steel/Iron Ore,122467813.0,1016487.1946652731,,United States
GNE,,Genie Energy Ltd. Class B Common Stock Stock,Utilities,Power Generation,366483370.0,1016280.8575176058,2011.0,United States
RFMZ,,RiverNorth Flexible Municipal Income Fund II Inc. Common Stock,Finance,Trusts Except Educational Religious and Charitable,321686697.0,1014681.8120456877,2021.0,
FCRS,,FutureCrest Acquisition Corp. Class A Ordinary Shares,Finance,Blank Checks,,1013376.8954549517,2025.0,
SGHT,,Sight Sciences Inc. Common Stock,Health Care,Medical/Dental Instruments,264432318.0,1011009.3754336948,2021.0,United States
TSBK,,Timberland Bancorp Inc. Common Stock,Finance,Banks,317658333.0,1010790.3730846586,,United States
OPTT,,Ocean Power Technologies Inc. Common Stock,Utilities,Electric Utilities: Central,85919232.0,1008125.5753949995,2007.0,United States
AEYE,,AudioEye Inc. Common Stock,Technology,Computer Software: Prepackaged Software,95949427.0,1006177.5145530701,,United States
CAF,,Morgan Stanley China A Share Fund Inc. Common Stock,Finance,Investment Managers,,1005618.1901840937,2006.0,United States
BODI,,The Beachbody Company Inc. Class A Common Stock,Consumer Discretionary,Other Consumer Services,79224898.0,1005036.185155596,,United States
LINK,,Interlink Electronics Inc. Common Stock,Technology,Computer peripheral equipment,84577538.0,1001882.3132026764,,United States
