ticker,company_name,cik,mic,exchange_context,aliases
A,"AGILENT TECHNOLOGIES, INC.",0001090872,XNYS,US,"agilent|agilent technologies|agilent technologies, inc."
AA,Alcoa Corp,0001675149,XNYS,US,alcoa|alcoa corp
AAAU,Goldman Sachs Physical Gold ETF,0001708646,BATS,US,goldman|goldman sachs|goldman sachs physical gold etf
AACB,Artius II Acquisition Inc.,0002034334,XNAS,US,artius|artius ii|artius ii acquisition|artius ii acquisition inc.
AACBR,Artius II Acquisition Inc.,0002034334,XNAS,US,artius|artius ii|artius ii acquisition|artius ii acquisition inc.
AACBU,Artius II Acquisition Inc.,0002034334,XNAS,US,artius|artius ii|artius ii acquisition|artius ii acquisition inc.
AACG,ATA Creativity Global,0001420529,XNAS,US,ata|ata creativity|ata creativity global
AACI,Armada Acquisition Corp. III,0002092897,XNAS,US,armada|armada acquisition|armada acquisition corp. iii|armada acquisition iii
AACIU,Armada Acquisition Corp. III,0002092897,XNAS,US,armada|armada acquisition|armada acquisition corp. iii|armada acquisition iii
AACIW,Armada Acquisition Corp. III,0002092897,XNAS,US,armada|armada acquisition|armada acquisition corp. iii|armada acquisition iii
AACO,Abony Acquisition Corp. I,0002099906,XNAS,US,abony|abony acquisition|abony acquisition corp. i|abony acquisition i
AACOU,Abony Acquisition Corp. I,0002099906,XNAS,US,abony|abony acquisition|abony acquisition corp. i|abony acquisition i
AACOW,Abony Acquisition Corp. I,0002099906,XNAS,US,abony|abony acquisition|abony acquisition corp. i|abony acquisition i
AACPU,Apogee Acquisition Corp,0002102123,XNAS,US,apogee|apogee acquisition|apogee acquisition corp
AAL,American Airlines Group Inc.,0000006201,XNAS,US,american|american airlines|american airlines group inc.
AAME,ATLANTIC AMERICAN CORP,0000008177,XNAS,US,atlantic|atlantic american|atlantic american corp
AAMI,Acadian Asset Management Inc.,0001748824,XNYS,US,acadian|acadian asset|acadian asset management|acadian asset management inc.
AAMTF,Armada Mercantile Ltd,0001327899,OOTC,US,armada|armada mercantile|armada mercantile ltd
AAOI,"APPLIED OPTOELECTRONICS, INC.",0001158114,XNAS,US,"applied|applied optoelectronics|applied optoelectronics, inc."
AAON,"AAON, INC.",0000824142,XNAS,US,"aaon|aaon, inc."
AAP,ADVANCE AUTO PARTS INC,0001158449,XNYS,US,advance|advance auto|advance auto parts|advance auto parts inc
AAPG,ASCENTAGE PHARMA GROUP INTERNATIONAL,0002023311,XNAS,US,ascentage|ascentage pharma|ascentage pharma group international|ascentage pharma international
AAPI,"Apple iSports Group, Inc.",0001134982,OOTC,US,"apple|apple isports|apple isports group, inc."
AAPL,Apple Inc.,0000320193,XNAS,US,apple|apple inc.
AAQL,Antiaging Quantum Living Inc.,0001672571,OOTC,US,antiaging|antiaging quantum|antiaging quantum living|antiaging quantum living inc.
AARD,"Aardvark Therapeutics, Inc.",0001774857,XNAS,US,"aardvark|aardvark therapeutics|aardvark therapeutics, inc."
AASP,Agassi Sports Entertainment Corp.,0000930245,OOTC,US,agassi|agassi sports|agassi sports entertainment|agassi sports entertainment corp.
AAT,"American Assets Trust, Inc.",0001500217,XNYS,US,"american|american assets|american assets trust, inc."
AATC,AUTOSCOPE TECHNOLOGIES CORP,0000943034,OOTC,US,autoscope|autoscope technologies|autoscope technologies corp
AAUAF,ALMADEN MINERALS LTD,0001015647,OOTC,US,almaden|almaden minerals|almaden minerals ltd
AAUC,Allied Gold Corp,0001993344,XNYS,US,allied|allied gold|allied gold corp
AAVXF,Abivax S.A.,0001956827,OOTC,US,abivax|abivax s.a.
AAWH,"Ascend Wellness Holdings, Inc.",0001756390,OOTC,US,"ascend|ascend wellness|ascend wellness holdings, inc."
AB,ALLIANCEBERNSTEIN HOLDING L.P.,0000825313,XNYS,US,alliancebernstein|alliancebernstein holding l.p.
ABAKF,"ABRDN ASIA-PACIFIC INCOME FUND, INC.",0000790500,OOTC,US,"abrdn|abrdn asia|abrdn asia pacific income fund|abrdn asia-pacific income fund, inc."
ABAT,AMERICAN BATTERY TECHNOLOGY Co,0001576873,XNAS,US,american|american battery|american battery technology|american battery technology co
ABBNY,ABB LTD,0001091587,OOTC,US,abb|abb ltd
ABBV,AbbVie Inc.,0001551152,XNYS,US,abbvie|abbvie inc.
ABCB,Ameris Bancorp,0000351569,XNYS,US,ameris|ameris bancorp
ABCFF,ABACUS MINING & EXPLORATION CORP,0001284237,OOTC,US,abacus|abacus mining|abacus mining & exploration corp|abacus mining exploration
ABCL,AbCellera Biologics Inc.,0001703057,XNAS,US,abcellera|abcellera biologics|abcellera biologics inc.
ABCP,AmBase Corp,0000020639,OOTC,US,ambase|ambase corp
ABEO,ABEONA THERAPEUTICS INC.,0000318306,XNAS,US,abeona|abeona therapeutics|abeona therapeutics inc.
ABEV,AMBEV S.A.,0001565025,XNYS,US,ambev|ambev s.a.
ABG,ASBURY AUTOMOTIVE GROUP INC,0001144980,XNYS,US,asbury|asbury automotive|asbury automotive group inc
ABIT,Athena Bitcoin Global,0001095146,OOTC,US,athena|athena bitcoin|athena bitcoin global
ABLV,Able View Global Inc.,0001957489,XNAS,US,able|able view|able view global|able view global inc.
ABLVW,Able View Global Inc.,0001957489,XNAS,US,able|able view|able view global|able view global inc.
ABLZF,ABB LTD,0001091587,OOTC,US,abb|abb ltd
ABM,ABM INDUSTRIES INC /DE/,0000771497,XNYS,US,abm|abm industries|abm industries de|abm industries inc /de/
ABNB,"Airbnb, Inc.",0001559720,XNAS,US,"airbnb|airbnb, inc."
ABOS,"Acumen Pharmaceuticals, Inc.",0001576885,XNAS,US,"acumen|acumen pharmaceuticals|acumen pharmaceuticals, inc."
ABPO,"Abpro Holdings, Inc.",0001893219,OOTC,US,"abpro|abpro holdings, inc."
ABPWW,"Abpro Holdings, Inc.",0001893219,OOTC,US,"abpro|abpro holdings, inc."
ABR,ARBOR REALTY TRUST INC,0001253986,XNYS,US,arbor|arbor realty|arbor realty trust inc
ABSI,Absci Corp,0001672688,XNAS,US,absci|absci corp
ABT,ABBOTT LABORATORIES,0000001800,XNYS,US,abbott|abbott laboratories
ABTC,American Bitcoin Corp.,0001755953,XNAS,US,american|american bitcoin|american bitcoin corp.
ABTS,Abits Group Inc,0001864055,XNAS,US,abits|abits group inc
ABUS,Arbutus Biopharma Corp,0001447028,XNAS,US,arbutus|arbutus biopharma|arbutus biopharma corp
ABVC,"ABVC BIOPHARMA, INC.",0001173313,XNAS,US,"abvc|abvc biopharma|abvc biopharma, inc."
ABVE,Above Food Ingredients Inc.,0001979484,XNAS,US,above|above food|above food ingredients|above food ingredients inc.
ABVEW,Above Food Ingredients Inc.,0001979484,XNAS,US,above|above food|above food ingredients|above food ingredients inc.
ABVX,Abivax S.A.,0001956827,XNAS,US,abivax|abivax s.a.
ABX,"Abacus Global Management, Inc.",0001814287,XNYS,US,"abacus|abacus global|abacus global management|abacus global management, inc."
ABXL,"Abacus Global Management, Inc.",0001814287,XNYS,US,"abacus|abacus global|abacus global management|abacus global management, inc."
ABXXF,Abaxx Technologies Inc.,0001971975,OOTC,US,abaxx|abaxx technologies|abaxx technologies inc.
ACA,"Arcosa, Inc.",0001739445,XNYS,US,"arcosa|arcosa, inc."
ACAA,Averin Capital Acquisition Corp.,0002096900,XNAS,US,averin|averin capital|averin capital acquisition|averin capital acquisition corp.
ACAAU,Averin Capital Acquisition Corp.,0002096900,XNAS,US,averin|averin capital|averin capital acquisition|averin capital acquisition corp.
ACAAW,Averin Capital Acquisition Corp.,0002096900,XNAS,US,averin|averin capital|averin capital acquisition|averin capital acquisition corp.
ACAD,ACADIA PHARMACEUTICALS INC,0001070494,XNAS,US,acadia|acadia pharmaceuticals|acadia pharmaceuticals inc
ACAT,NP Life Sciences Health Industry Group Inc.,0001781726,OOTC,US,np|np life|np life sciences health industry|np life sciences health industry group inc.
ACB,AURORA CANNABIS INC,0001683541,XNAS,US,aurora|aurora cannabis|aurora cannabis inc
ACBM,"ACRO BIOMEDICAL CO., LTD.",0001622996,OOTC,US,"acro|acro biomedical|acro biomedical co., ltd."
ACCL,Acco Group Holdings Ltd,0002038378,XNAS,US,acco|acco group holdings ltd
ACCO,ACCO BRANDS Corp,0000712034,XNYS,US,acco|acco brands|acco brands corp
ACCS,ACCESS Newswire Inc.,0000843006,XASE,US,access|access newswire|access newswire inc.
ACDC,ProFrac Holding Corp.,0001881487,XNAS,US,profrac|profrac holding corp.
ACEL,"Accel Entertainment, Inc.",0001698991,XNYS,US,"accel|accel entertainment|accel entertainment, inc."
ACET,"Adicet Bio, Inc.",0001720580,XNAS,US,"adicet|adicet bio|adicet bio, inc."
ACFN,"ACORN ENERGY, INC.",0000880984,XNAS,US,"acorn|acorn energy|acorn energy, inc."
ACGCU,ACP Holdings Acquisition Corp.,0002111542,XNAS,US,acp|acp acquisition|acp holdings acquisition corp.
ACGL,ARCH CAPITAL GROUP LTD.,0000947484,XNAS,US,arch|arch capital|arch capital group ltd.
ACGLN,ARCH CAPITAL GROUP LTD.,0000947484,XNAS,US,arch|arch capital|arch capital group ltd.
ACGLO,ARCH CAPITAL GROUP LTD.,0000947484,XNAS,US,arch|arch capital|arch capital group ltd.
ACGP,"Associated Capital Group, Inc.",0001642122,OOTC,US,"associated|associated capital|associated capital group, inc."
ACH,ACCENDRA HEALTH INC/VA/,0000075252,XNYS,US,accendra|accendra health|accendra health inc/va/|accendra health va
ACHC,"Acadia Healthcare Company, Inc.",0001520697,XNAS,US,"acadia|acadia healthcare|acadia healthcare company, inc."
ACHR,Archer Aviation Inc.,0001824502,XNYS,US,archer|archer aviation|archer aviation inc.
ACHV,"ACHIEVE LIFE SCIENCES, INC.",0000949858,XNAS,US,"achieve|achieve life|achieve life sciences|achieve life sciences, inc."
ACI,"Albertsons Companies, Inc.",0001646972,XNYS,US,"albertsons|albertsons companies|albertsons companies, inc."
ACIC,AMERICAN COASTAL INSURANCE Corp,0001401521,XNAS,US,american|american coastal|american coastal insurance|american coastal insurance corp
ACIU,AC Immune SA,0001651625,XNAS,US,ac|ac immune|ac immune sa
ACIW,"ACI WORLDWIDE, INC.",0000935036,XNAS,US,"aci|aci worldwide|aci worldwide, inc."
ACLS,AXCELIS TECHNOLOGIES INC,0001113232,XNAS,US,axcelis|axcelis technologies|axcelis technologies inc
ACM,AECOM,0000868857,XNYS,US,aecom
ACMIF,Allied Critical Metals Corp.,0002065282,OOTC,US,allied|allied critical|allied critical metals|allied critical metals corp.
ACMR,"ACM Research, Inc.",0001680062,XNAS,US,"acm|acm research|acm research, inc."
ACN,Accenture plc,0001467373,XNYS,US,accenture|accenture plc
ACNB,ACNB CORP,0000715579,XNAS,US,acnb|acnb corp
ACNT,ASCENT INDUSTRIES CO.,0000095953,XNAS,US,ascent|ascent industries|ascent industries co.
ACOG,Alpha Cognition Inc.,0001655923,XNAS,US,alpha|alpha cognition|alpha cognition inc.
ACON,"Aclarion, Inc.",0001635077,XNAS,US,"aclarion|aclarion, inc."
ACONW,"Aclarion, Inc.",0001635077,XNAS,US,"aclarion|aclarion, inc."
ACP,abrdn Income Credit Strategies Fund,0001503290,XNYS,US,abrdn|abrdn income|abrdn income credit strategies fund
ACQC,Relativity Acquisition Corp,0001860484,OOTC,US,relativity|relativity acquisition|relativity acquisition corp
ACR,ACRES Commercial Realty Corp.,0001332551,XNYS,US,acres|acres commercial|acres commercial realty|acres commercial realty corp.
ACRE,Ares Commercial Real Estate Corp,0001529377,XNYS,US,ares|ares commercial|ares commercial real estate|ares commercial real estate corp
ACRG,"American Clean Resources Group, Inc.",0000773717,OOTC,US,"american|american clean|american clean resources|american clean resources group, inc."
ACRL,"Atacama Resources International, Inc.",0001584618,OOTC,US,"atacama|atacama resources|atacama resources international|atacama resources international, inc."
ACRS,"Aclaris Therapeutics, Inc.",0001557746,XNAS,US,"aclaris|aclaris therapeutics|aclaris therapeutics, inc."
ACRV,"Acrivon Therapeutics, Inc.",0001781174,XNAS,US,"acrivon|acrivon therapeutics|acrivon therapeutics, inc."
ACT,"Enact Holdings, Inc.",0001823529,XNAS,US,"enact|enact holdings, inc."
ACTG,ACACIA RESEARCH CORP,0000934549,XNAS,US,acacia|acacia research|acacia research corp
ACTU,"ACTUATE THERAPEUTICS, INC.",0001652935,XNAS,US,"actuate|actuate therapeutics|actuate therapeutics, inc."
ACU,ACME UNITED CORP,0000002098,XASE,US,acme|acme united|acme united corp
ACUT,Accustem Sciences Inc.,0001850767,OOTC,US,accustem|accustem sciences|accustem sciences inc.
ACV,Virtus Diversified Income & Convertible Fund,0001636289,XNYS,US,virtus|virtus diversified|virtus diversified income & convertible fund|virtus diversified income convertible fund
ACVA,ACV Auctions Inc.,0001637873,XNYS,US,acv|acv auctions|acv auctions inc.
ACXP,"Acurx Pharmaceuticals, Inc.",0001736243,XNAS,US,"acurx|acurx pharmaceuticals|acurx pharmaceuticals, inc."
AD,"ARRAY DIGITAL INFRASTRUCTURE, INC.",0000821130,XNYS,US,"array|array digital|array digital infrastructure|array digital infrastructure, inc."
ADAC,American Drive Acquisition Co,0002083002,XNAS,US,american|american drive|american drive acquisition|american drive acquisition co
ADACU,American Drive Acquisition Co,0002083002,XNAS,US,american|american drive|american drive acquisition|american drive acquisition co
ADACW,American Drive Acquisition Co,0002083002,XNAS,US,american|american drive|american drive acquisition|american drive acquisition co
ADAG,Adagene Inc.,0001818838,XNAS,US,adagene|adagene inc.
ADAM,"ADAMAS TRUST, INC.",0001273685,XNAS,US,"adamas|adamas trust, inc."
ADAMG,"ADAMAS TRUST, INC.",0001273685,XNAS,US,"adamas|adamas trust, inc."
ADAMH,"ADAMAS TRUST, INC.",0001273685,XNAS,US,"adamas|adamas trust, inc."
ADAMI,"ADAMAS TRUST, INC.",0001273685,XNAS,US,"adamas|adamas trust, inc."
ADAML,"ADAMAS TRUST, INC.",0001273685,XNAS,US,"adamas|adamas trust, inc."
ADAMM,"ADAMAS TRUST, INC.",0001273685,XNAS,US,"adamas|adamas trust, inc."
ADAMN,"ADAMAS TRUST, INC.",0001273685,XNAS,US,"adamas|adamas trust, inc."
ADAMO,"ADAMAS TRUST, INC.",0001273685,XNAS,US,"adamas|adamas trust, inc."
ADAMZ,"ADAMAS TRUST, INC.",0001273685,XNAS,US,"adamas|adamas trust, inc."
ADBE,ADOBE INC.,0000796343,XNAS,US,adobe|adobe inc.
ADC,AGREE REALTY CORP,0000917251,XNYS,US,agree|agree realty|agree realty corp
ADCT,ADC Therapeutics SA,0001771910,XNYS,US,adc|adc therapeutics|adc therapeutics sa
ADDTF,Addtech AB/ADR,0001766868,OOTC,US,addtech|addtech ab|addtech ab/adr
ADEA,Adeia Inc.,0001803696,XNAS,US,adeia|adeia inc.
ADGM,"Adagio Medical Holdings, Inc.",0002006986,XNAS,US,"adagio|adagio medical|adagio medical holdings, inc."
ADI,ANALOG DEVICES INC,0000006281,XNAS,US,analog|analog devices|analog devices inc
ADIA,"Adia Nutrition, Inc.",0001160420,OOTC,US,"adia|adia nutrition|adia nutrition, inc."
ADIL,"ADIAL PHARMACEUTICALS, INC.",0001513525,XNAS,US,"adial|adial pharmaceuticals|adial pharmaceuticals, inc."
ADM,Archer-Daniels-Midland Co,0000007084,XNYS,US,archer|archer daniels|archer daniels midland|archer-daniels-midland co
ADMA,"ADMA BIOLOGICS, INC.",0001368514,XNAS,US,"adma|adma biologics|adma biologics, inc."
ADMG,ADAMANT DRI PROCESSING & MINERALS GROUP,0001171008,OOTC,US,adamant|adamant dri|adamant dri processing & minerals group|adamant dri processing minerals
ADMQ,"ADM ENDEAVORS, INC.",0001588014,OOTC,US,"adm|adm endeavors|adm endeavors, inc."
ADMT,"ADM TRONICS UNLIMITED, INC.",0000849401,OOTC,US,"adm|adm tronics|adm tronics unlimited|adm tronics unlimited, inc."
ADNH,"ADVENT TECHNOLOGIES HOLDINGS, INC.",0001744494,OOTC,US,"advent|advent technologies|advent technologies holdings, inc."
ADNT,Adient plc,0001670541,XNYS,US,adient|adient plc
ADOOY,Adaro Energy PT/ADR/,0001489079,OOTC,US,adaro|adaro energy|adaro energy pt|adaro energy pt/adr/
ADP,AUTOMATIC DATA PROCESSING INC,0000008670,XNAS,US,automatic|automatic data|automatic data processing|automatic data processing inc
ADPT,Adaptive Biotechnologies Corp,0001478320,XNAS,US,adaptive|adaptive biotechnologies|adaptive biotechnologies corp
ADSE,Ads-Tec Energy Public Ltd Co,0001879248,XNAS,US,ads-tec energy public ltd co|tec|tec energy|tec energy public
ADSEW,Ads-Tec Energy Public Ltd Co,0001879248,XNAS,US,ads-tec energy public ltd co|tec|tec energy|tec energy public
ADSK,"Autodesk, Inc.",0000769397,XNAS,US,"autodesk|autodesk, inc."
ADT,ADT Inc.,0001703056,XNYS,US,adt|adt inc.
ADTI,"Adapti, Inc.",0001420924,OOTC,US,"adapti|adapti, inc."
ADTN,"ADTRAN Holdings, Inc.",0000926282,XNAS,US,"adtran|adtran holdings, inc."
ADTTF,ADVANTEST CORP,0001158838,OOTC,US,advantest|advantest corp
ADTX,"Aditxt, Inc.",0001726711,XNAS,US,"aditxt|aditxt, inc."
ADUR,ADURO CLEAN TECHNOLOGIES INC.,0001863934,XNAS,US,aduro|aduro clean|aduro clean technologies|aduro clean technologies inc.
ADUS,Addus HomeCare Corp,0001468328,XNAS,US,addus|addus homecare|addus homecare corp
ADV,Advantage Solutions Inc.,0001776661,XNAS,US,advantage|advantage solutions|advantage solutions inc.
ADVB,Advanced Biomed Inc.,0001941029,XNAS,US,advanced|advanced biomed|advanced biomed inc.
ADX,"ADAMS DIVERSIFIED EQUITY FUND, INC.",0000002230,XNYS,US,"adams|adams diversified|adams diversified equity fund|adams diversified equity fund, inc."
ADXN,Addex Therapeutics Ltd.,0001574232,XNAS,US,addex|addex therapeutics|addex therapeutics ltd.
ADYYF,Adyen N.V./ADR,0001788707,OOTC,US,adyen|adyen n.v./adr
ADZCF,DEUTSCHE BANK AKTIENGESELLSCHAFT,0001159508,OOTC,US,deutsche|deutsche bank|deutsche bank aktiengesellschaft
AEAE,AltEnergy Acquisition Corp,0001852016,OOTC,US,altenergy|altenergy acquisition|altenergy acquisition corp
AEAEU,AltEnergy Acquisition Corp,0001852016,OOTC,US,altenergy|altenergy acquisition|altenergy acquisition corp
AEAEW,AltEnergy Acquisition Corp,0001852016,OOTC,US,altenergy|altenergy acquisition|altenergy acquisition corp
AEAQ,Activate Energy Acquisition Corp.,0002083689,XNAS,US,activate|activate energy|activate energy acquisition|activate energy acquisition corp.
AEAQU,Activate Energy Acquisition Corp.,0002083689,XNAS,US,activate|activate energy|activate energy acquisition|activate energy acquisition corp.
AEAQW,Activate Energy Acquisition Corp.,0002083689,XNAS,US,activate|activate energy|activate energy acquisition|activate energy acquisition corp.
AEBI,Aebi Schmidt Holding AG,0002048519,XNAS,US,aebi|aebi schmidt|aebi schmidt holding ag
AEBMF,ANADOLU EFES BIRACILIK VE MALT SANAYI A S/ADR,0001174511,OOTC,US,anadolu|anadolu efes|anadolu efes biracilik ve malt sanayi a s|anadolu efes biracilik ve malt sanayi a s/adr
AEBZY,ANADOLU EFES BIRACILIK VE MALT SANAYI A S/ADR,0001174511,OOTC,US,anadolu|anadolu efes|anadolu efes biracilik ve malt sanayi a s|anadolu efes biracilik ve malt sanayi a s/adr
AEC,ANFIELD ENERGY INC.,0001519469,XNAS,US,anfield|anfield energy|anfield energy inc.
AEE,AMEREN CORP,0001002910,XNYS,US,ameren|ameren corp
AEF,"abrdn Emerging Markets ex-China Fund, Inc.",0000846676,XASE,US,"abrdn|abrdn emerging|abrdn emerging markets ex china fund|abrdn emerging markets ex-china fund, inc."
AEFC,AEGON LTD.,0000769218,XNYS,US,aegon|aegon ltd.
AEG,AEGON LTD.,0000769218,XNYS,US,aegon|aegon ltd.
AEGOF,AEGON LTD.,0000769218,OOTC,US,aegon|aegon ltd.
AEGXF,Aecon Group Inc.,0001309167,OOTC,US,aecon|aecon group inc.
AEHGS,"Arrived Homes 5, LLC",0002032732,OOTC,US,"arrived|arrived homes|arrived homes 5|arrived homes 5, llc"
AEHL,Antelope Enterprise Holdings Ltd,0001470683,XNAS,US,antelope|antelope enterprise|antelope enterprise holdings ltd
AEHR,AEHR TEST SYSTEMS,0001040470,XNAS,US,aehr|aehr test|aehr test systems
AEI,Alset Inc.,0001750106,XNAS,US,alset|alset inc.
AEIS,ADVANCED ENERGY INDUSTRIES INC,0000927003,XNAS,US,advanced|advanced energy|advanced energy industries|advanced energy industries inc
AELKY,ASELSAN Elektronik Sanayi ve Ticaret Anonim Sirketi/ADR,0002110583,OOTC,US,aselsan|aselsan elektronik|aselsan elektronik sanayi ve ticaret anonim sirketi|aselsan elektronik sanayi ve ticaret anonim sirketi/adr
AEM,AGNICO EAGLE MINES LTD,0000002809,XNYS,US,agnico|agnico eagle|agnico eagle mines|agnico eagle mines ltd
AEMD,AETHLON MEDICAL INC,0000882291,XNAS,US,aethlon|aethlon medical|aethlon medical inc
AENT,ALLIANCE ENTERTAINMENT HOLDING CORP,0001823584,XNAS,US,alliance|alliance entertainment|alliance entertainment holding corp
AENTW,ALLIANCE ENTERTAINMENT HOLDING CORP,0001823584,XNAS,US,alliance|alliance entertainment|alliance entertainment holding corp
AEO,AMERICAN EAGLE OUTFITTERS INC,0000919012,XNYS,US,american|american eagle|american eagle outfitters|american eagle outfitters inc
AEON,"AEON Biopharma, Inc.",0001837607,XASE,US,"aeon|aeon biopharma|aeon biopharma, inc."
AEP,AMERICAN ELECTRIC POWER CO INC,0000004904,XNAS,US,american|american electric|american electric power|american electric power co inc
AER,AerCap Holdings N.V.,0001378789,XNYS,US,aercap|aercap holdings n.v.
AERA,AI Era Corp.,0001605331,OOTC,US,ai|ai era|ai era corp.
AERG,"APPLIED ENERGETICS, INC.",0000879911,OOTC,US,"applied|applied energetics|applied energetics, inc."
AERGP,"APPLIED ENERGETICS, INC.",0000879911,OOTC,US,"applied|applied energetics|applied energetics, inc."
AERO,"Grupo Aeromexico, S.A.B. de C.V.",0001561861,XNYS,US,"grupo|grupo aeromexico|grupo aeromexico b de c v|grupo aeromexico, s.a.b. de c.v."
AERT,"Aeries Technology, Inc.",0001853044,XNAS,US,"aeries|aeries technology|aeries technology, inc."
AERTW,"Aeries Technology, Inc.",0001853044,XNAS,US,"aeries|aeries technology|aeries technology, inc."
AES,AES CORP,0000874761,XNYS,US,aes|aes corp
AESI,Atlas Energy Solutions Inc.,0001984060,XNYS,US,atlas|atlas energy|atlas energy solutions|atlas energy solutions inc.
AETN,SHOREPOWER TECHNOLOGIES INC.,0000764630,OOTC,US,shorepower|shorepower technologies|shorepower technologies inc.
AEVA,"Aeva Technologies, Inc.",0001789029,XNAS,US,"aeva|aeva technologies|aeva technologies, inc."
AEXA,American Exceptionalism Acquisition Corp. A,0002079173,XNYS,US,american|american exceptionalism|american exceptionalism acquisition a|american exceptionalism acquisition corp. a
AEYE,AUDIOEYE INC,0001362190,XNAS,US,audioeye|audioeye inc
AFB,ALLIANCEBERNSTEIN NATIONAL MUNICIPAL INCOME FUND,0001162027,XNYS,US,alliancebernstein|alliancebernstein national|alliancebernstein national municipal income fund
AFBI,"Affinity Bancshares, Inc.",0001823406,XNAS,US,"affinity|affinity bancshares|affinity bancshares, inc."
AFCG,Advanced Flower Capital Inc.,0001822523,XNAS,US,advanced|advanced flower|advanced flower capital|advanced flower capital inc.
AFG,AMERICAN FINANCIAL GROUP INC,0001042046,XNYS,US,american|american financial|american financial group inc
AFGB,AMERICAN FINANCIAL GROUP INC,0001042046,XNYS,US,american|american financial|american financial group inc
AFGC,AMERICAN FINANCIAL GROUP INC,0001042046,XNYS,US,american|american financial|american financial group inc
AFGD,AMERICAN FINANCIAL GROUP INC,0001042046,XNYS,US,american|american financial|american financial group inc
AFGE,AMERICAN FINANCIAL GROUP INC,0001042046,XNYS,US,american|american financial|american financial group inc
AFJK,"Aimei Health Technology Co., Ltd.",0001979005,XNAS,US,"aimei|aimei health|aimei health technology|aimei health technology co., ltd."
AFJKR,"Aimei Health Technology Co., Ltd.",0001979005,XNAS,US,"aimei|aimei health|aimei health technology|aimei health technology co., ltd."
AFJKU,"Aimei Health Technology Co., Ltd.",0001979005,XNAS,US,"aimei|aimei health|aimei health technology|aimei health technology co., ltd."
AFL,AFLAC INC,0000004977,XNYS,US,aflac|aflac inc
AFRI,Forafric Global PLC,0001903870,XNAS,US,forafric|forafric global|forafric global plc
AFRIW,Forafric Global PLC,0001903870,XNAS,US,forafric|forafric global|forafric global plc
AFRM,"Affirm Holdings, Inc.",0001820953,XNAS,US,"affirm|affirm holdings, inc."
AFYA,Afya Ltd,0001771007,XNAS,US,afya|afya ltd
AG,FIRST MAJESTIC SILVER CORP,0001308648,XNYS,US,first|first majestic|first majestic silver|first majestic silver corp
AGAE,Allied Gaming & Entertainment Inc.,0001708341,XNAS,US,allied|allied gaming|allied gaming & entertainment inc.|allied gaming entertainment
AGBK,AGI Inc,0002081206,XNYS,US,agi|agi inc
AGCC,Agencia Comercial Spirits Ltd.,0002060016,XNAS,US,agencia|agencia comercial|agencia comercial spirits|agencia comercial spirits ltd.
AGCO,AGCO CORP /DE,0000880266,XNYS,US,agco|agco corp /de|agco de
AGD,abrdn Global Dynamic Dividend Fund,0001362481,XNYS,US,abrdn|abrdn global|abrdn global dynamic dividend fund
AGEN,AGENUS INC,0001098972,XNAS,US,agenus|agenus inc
AGGI,"Allied Energy, Inc.",0001109262,OOTC,US,"allied|allied energy|allied energy, inc."
AGI,ALAMOS GOLD INC,0001178819,XNYS,US,alamos|alamos gold|alamos gold inc
AGIG,"ABUNDIA GLOBAL IMPACT GROUP, INC.",0001156041,XASE,US,"abundia|abundia global|abundia global impact|abundia global impact group, inc."
AGIO,"AGIOS PHARMACEUTICALS, INC.",0001439222,XNAS,US,"agios|agios pharmaceuticals|agios pharmaceuticals, inc."
AGL,"agilon health, inc.",0001831097,XNYS,US,"agilon|agilon health|agilon health, inc."
AGLY,Atlantis Glory Inc.,0001673504,OOTC,US,atlantis|atlantis glory|atlantis glory inc.
AGM,FEDERAL AGRICULTURAL MORTGAGE CORP,0000845877,XNYS,US,federal|federal agricultural|federal agricultural mortgage|federal agricultural mortgage corp
AGMB,Agomab Therapeutics NV,0002020932,XNAS,US,agomab|agomab therapeutics|agomab therapeutics nv
AGMH,"AGM GROUP HOLDINGS, INC.",0001705402,XNAS,US,"agm|agm group holdings, inc."
AGMRF,"Silver Mountain Resources, Inc.",0002022059,OOTC,US,"silver|silver mountain|silver mountain resources|silver mountain resources, inc."
AGMWF,"Silver Mountain Resources, Inc.",0002022059,OOTC,US,"silver|silver mountain|silver mountain resources|silver mountain resources, inc."
AGNC,AGNC Investment Corp.,0001423689,XNAS,US,agnc|agnc investment|agnc investment corp.
AGNCL,AGNC Investment Corp.,0001423689,XNAS,US,agnc|agnc investment|agnc investment corp.
AGNCM,AGNC Investment Corp.,0001423689,XNAS,US,agnc|agnc investment|agnc investment corp.
AGNCN,AGNC Investment Corp.,0001423689,XNAS,US,agnc|agnc investment|agnc investment corp.
AGNCO,AGNC Investment Corp.,0001423689,XNAS,US,agnc|agnc investment|agnc investment corp.
AGNCP,AGNC Investment Corp.,0001423689,XNAS,US,agnc|agnc investment|agnc investment corp.
AGNCZ,AGNC Investment Corp.,0001423689,XNAS,US,agnc|agnc investment|agnc investment corp.
AGNPD,Algernon Health Inc.,0001642178,OOTC,US,algernon|algernon health|algernon health inc.
AGNT,"eXp World Holdings, Inc.",0001495932,XNAS,US,"exp|exp world|exp world holdings, inc."
AGO,ASSURED GUARANTY LTD,0001273813,XNYS,US,assured|assured guaranty|assured guaranty ltd
AGPU,Axe Compute Inc.,0001446159,XNAS,US,axe|axe compute|axe compute inc.
AGQ,ProShares Trust II,0001415311,ARCX,US,proshares|proshares ii|proshares trust ii
AGQPF,ALGONQUIN POWER & UTILITIES CORP.,0001174169,OOTC,US,algonquin|algonquin power|algonquin power & utilities corp.|algonquin power utilities
AGRO,Adecoagro S.A.,0001499505,XNYS,US,adecoagro|adecoagro s.a.
AGRZ,Agroz Inc.,0002009233,XNAS,US,agroz|agroz inc.
AGSS,"AMERIGUARD SECURITY SERVICES, INC.",0001514443,OOTC,US,"ameriguard|ameriguard security|ameriguard security services|ameriguard security services, inc."
AGTX,Agentix Corp.,0001603345,OOTC,US,agentix|agentix corp.
AGX,ARGAN INC,0000100591,XNYS,US,argan|argan inc
AGXPF,SILVER X MINING CORP.,0001482436,OOTC,US,silver|silver x|silver x mining|silver x mining corp.
AGYS,AGILYSYS INC,0000078749,XNAS,US,agilysys|agilysys inc
AHCO,AdaptHealth Corp.,0001725255,XNAS,US,adapthealth|adapthealth corp.
AHG,Akso Health Group,0001702318,XNAS,US,akso|akso health|akso health group
AHII,American Heritage International Inc.,0001545236,OOTC,US,american|american heritage|american heritage international|american heritage international inc.
AHMA,AMBITIONS ENTERPRISE MANAGEMENT CO. L.L.C,0002010959,XNAS,US,ambitions|ambitions enterprise|ambitions enterprise management co. l.l.c|ambitions enterprise management l l c
AHNRF,ATHENA GOLD CORP,0001304409,OOTC,US,athena|athena gold|athena gold corp
AHR,"American Healthcare REIT, Inc.",0001632970,XNYS,US,"american|american healthcare|american healthcare reit|american healthcare reit, inc."
AHRO,"Authentic Holdings, Inc.",0001338929,OOTC,US,"authentic|authentic holdings, inc."
AHRT,"AH Realty Trust, Inc.",0001569187,XNYS,US,"ah|ah realty|ah realty trust, inc."
AHT,ASHFORD HOSPITALITY TRUST INC,0001232582,XNYS,US,ashford|ashford hospitality|ashford hospitality trust inc
AI,"C3.ai, Inc.",0001577526,XNYS,US,"c3|c3 ai|c3.ai, inc."
AIAI,AIAI Holdings Corp,0002096362,XNAS,US,aiai|aiai holdings corp
AIB,"BlockchAIn Digital Infrastructure, Inc.",0002070542,XASE,US,"blockchain|blockchain digital|blockchain digital infrastructure|blockchain digital infrastructure, inc."
AIBRF,AIB Group plc/ADR,0001728918,OOTC,US,aib|aib group plc/adr
AIBT,"AIBOTICS, INC.",0001763329,OOTC,US,"aibotics|aibotics, inc."
AIDX,"20/20 Biolabs, Inc.",0001139685,XNAS,US,"20|20 20|20 20 biolabs|20/20 biolabs, inc."
AIEV,"Thunder Power Holdings, Inc.",0001912582,OOTC,US,"thunder|thunder power|thunder power holdings, inc."
AIFC,AI Financial Corp,0000862861,XNAS,US,ai|ai financial|ai financial corp
AIFF,"FIREFLY NEUROSCIENCE, INC.",0000803578,XNAS,US,"firefly|firefly neuroscience|firefly neuroscience, inc."
AIFU,AIFU Inc.,0001413855,XNAS,US,aifu|aifu inc.
AIG,"AMERICAN INTERNATIONAL GROUP, INC.",0000005272,XNYS,US,"american|american international|american international group, inc."
AIHS,Senmiao Technology Ltd,0001711012,XNAS,US,senmiao|senmiao technology|senmiao technology ltd
AII,"American Integrity Insurance Group, Inc.",0002007587,XNYS,US,"american|american integrity|american integrity insurance|american integrity insurance group, inc."
AIIA,AI Infrastructure Acquisition Corp.,0002073553,XNYS,US,ai|ai infrastructure|ai infrastructure acquisition|ai infrastructure acquisition corp.
AIIO,ROBO.AI INC.,0001932737,XNAS,US,robo|robo ai|robo.ai inc.
AIIOW,ROBO.AI INC.,0001932737,XNAS,US,robo|robo ai|robo.ai inc.
AIIR,AIR Holdings Ltd,0002097725,XNAS,US,air|air holdings ltd
AIJTY,Jianpu Technology Inc.,0001713923,OOTC,US,jianpu|jianpu technology|jianpu technology inc.
AIKCF,Aica Kogyo Co Limited/ADR,0002087856,OOTC,US,aica|aica kogyo|aica kogyo co limited/adr
AILIH,Ameren Illinois Co,0000018654,OOTC,US,ameren|ameren illinois|ameren illinois co
AILIM,Ameren Illinois Co,0000018654,OOTC,US,ameren|ameren illinois|ameren illinois co
AILIN,Ameren Illinois Co,0000018654,OOTC,US,ameren|ameren illinois|ameren illinois co
AILIO,Ameren Illinois Co,0000018654,OOTC,US,ameren|ameren illinois|ameren illinois co
AILIP,Ameren Illinois Co,0000018654,OOTC,US,ameren|ameren illinois|ameren illinois co
AILLI,Ameren Illinois Co,0000018654,OOTC,US,ameren|ameren illinois|ameren illinois co
AILLM,Ameren Illinois Co,0000018654,OOTC,US,ameren|ameren illinois|ameren illinois co
AILLN,Ameren Illinois Co,0000018654,OOTC,US,ameren|ameren illinois|ameren illinois co
AILLO,Ameren Illinois Co,0000018654,OOTC,US,ameren|ameren illinois|ameren illinois co
AILLP,Ameren Illinois Co,0000018654,OOTC,US,ameren|ameren illinois|ameren illinois co
AIM,AIM ImmunoTech Inc.,0000946644,XASE,US,aim|aim immunotech|aim immunotech inc.
AIMD,"Ainos, Inc.",0001014763,XNAS,US,"ainos|ainos, inc."
AIMDW,"Ainos, Inc.",0001014763,XNAS,US,"ainos|ainos, inc."
AIN,ALBANY INTERNATIONAL CORP /DE/,0000819793,XNYS,US,albany|albany international|albany international corp /de/|albany international de
AIO,Virtus Artificial Intelligence & Technology Opportunities Fund,0001778114,XNYS,US,virtus|virtus artificial|virtus artificial intelligence & technology opportunities fund|virtus artificial intelligence technology opportunities fund
AIOS,AIOS Tech Inc.,0001603993,XNAS,US,aios|aios tech|aios tech inc.
AIOT,"Powerfleet, Inc.",0001774170,XNAS,US,"powerfleet|powerfleet, inc."
AIP,"Arteris, Inc.",0001667011,XNAS,US,"arteris|arteris, inc."
AIQUF,L AIR LIQUIDE SA /FI,0001161167,OOTC,US,l air|l air liquide fi|l air liquide sa /fi
AIR,AAR CORP,0000001750,XNYS,US,aar|aar corp
AIRE,reAlpha Tech Corp.,0001859199,XNAS,US,realpha|realpha tech|realpha tech corp.
AIRG,AIRGAIN INC,0001272842,XNAS,US,airgain|airgain inc
AIRI,AIR INDUSTRIES GROUP,0001009891,XASE,US,air|air industries|air industries group
AIRJ,AirJoule Technologies Corp.,0001855474,XNAS,US,airjoule|airjoule technologies|airjoule technologies corp.
AIRJW,AirJoule Technologies Corp.,0001855474,XNAS,US,airjoule|airjoule technologies|airjoule technologies corp.
AIRO,"AIRO Group Holdings, Inc.",0001927958,XNAS,US,"airo|airo group holdings, inc."
AIRRF,Aurion Resources Ltd.,0001476573,OOTC,US,aurion|aurion resources|aurion resources ltd.
AIRS,"Airsculpt Technologies, Inc.",0001870940,XNAS,US,"airsculpt|airsculpt technologies|airsculpt technologies, inc."
AIRT,AIR T INC,0000353184,XNAS,US,air|air t|air t inc
AIRTP,AIR T INC,0000353184,XNAS,US,air|air t|air t inc
AISP,"Airship AI Holdings, Inc.",0001842566,XNAS,US,"airship|airship ai|airship ai holdings, inc."
AISPW,"Airship AI Holdings, Inc.",0001842566,XNAS,US,"airship|airship ai|airship ai holdings, inc."
AIT,APPLIED INDUSTRIAL TECHNOLOGIES INC,0000109563,XNYS,US,applied|applied industrial|applied industrial technologies|applied industrial technologies inc
AITTF,TRENCHANT TECHNOLOGIES CAPITAL CORP.,0001520556,OOTC,US,trenchant|trenchant technologies|trenchant technologies capital|trenchant technologies capital corp.
AITX,Artificial Intelligence Technology Solutions Inc.,0001498148,OOTC,US,artificial|artificial intelligence|artificial intelligence technology solutions|artificial intelligence technology solutions inc.
AIV,APARTMENT INVESTMENT & MANAGEMENT CO,0000922864,XNYS,US,apartment|apartment investment|apartment investment & management co|apartment investment management
AIXC,"AIxCrypto Holdings, Inc.",0001460702,XNAS,US,"aixcrypto|aixcrypto holdings, inc."
AIXI,Xiao-I Corp,0001935172,XNAS,US,xiao|xiao i|xiao-i corp
AIXN,"AiXin Life International, Inc.",0000835662,OOTC,US,"aixin|aixin life|aixin life international|aixin life international, inc."
AIZ,"ASSURANT, INC.",0001267238,XNYS,US,"assurant|assurant, inc."
AIZN,"ASSURANT, INC.",0001267238,XNYS,US,"assurant|assurant, inc."
AJG,Arthur J. Gallagher & Co.,0000354190,XNYS,US,arthur|arthur j|arthur j gallagher|arthur j. gallagher & co.
AKA,A.K.A. BRANDS HOLDING CORP.,0001865107,XNYS,US,a k|a k a brands|a.k.a. brands holding corp.
AKAM,AKAMAI TECHNOLOGIES INC,0001086222,XNAS,US,akamai|akamai technologies|akamai technologies inc
AKAN,AKANDA CORP.,0001888014,XNAS,US,akanda|akanda corp.
AKBA,"Akebia Therapeutics, Inc.",0001517022,XNAS,US,"akebia|akebia therapeutics|akebia therapeutics, inc."
AKCLY,Aica Kogyo Co Limited/ADR,0002087856,OOTC,US,aica|aica kogyo|aica kogyo co limited/adr
AKR,ACADIA REALTY TRUST,0000899629,XNYS,US,acadia|acadia realty|acadia realty trust
AKTS,"Aktis Oncology, Inc.",0002035832,XNAS,US,"aktis|aktis oncology|aktis oncology, inc."
AKTX,Akari Therapeutics Plc,0001541157,XNAS,US,akari|akari therapeutics|akari therapeutics plc
ALAB,"Astera Labs, Inc.",0001736297,XNAS,US,"astera|astera labs|astera labs, inc."
ALAR,Alarum Technologies Ltd.,0001725332,XNAS,US,alarum|alarum technologies|alarum technologies ltd.
ALB,ALBEMARLE CORP,0000915913,XNYS,US,albemarle|albemarle corp
ALBC,Alternative Ballistics Corp,0001834868,OOTC,US,alternative|alternative ballistics|alternative ballistics corp
ALBT,Avalon GloboCare Corp.,0001630212,XNAS,US,avalon|avalon globocare|avalon globocare corp.
ALC,ALCON INC,0001167379,XNYS,US,alcon|alcon inc
ALCO,"ALICO, INC.",0000003545,XNAS,US,"alico|alico, inc."
ALCYF,Alchemy Investments Acquisition Corp 1,0001901336,OOTC,US,alchemy|alchemy investments|alchemy investments acquisition 1|alchemy investments acquisition corp 1
ALDA,ATLANTICA INC,0001062506,OOTC,US,atlantica|atlantica inc
ALDF,Aldel Financial II Inc.,0002031561,XNAS,US,aldel|aldel financial|aldel financial ii|aldel financial ii inc.
ALDFU,Aldel Financial II Inc.,0002031561,XNAS,US,aldel|aldel financial|aldel financial ii|aldel financial ii inc.
ALDFW,Aldel Financial II Inc.,0002031561,XNAS,US,aldel|aldel financial|aldel financial ii|aldel financial ii inc.
ALDS,APPlife Digital Solutions Inc,0001755101,OOTC,US,applife|applife digital|applife digital solutions|applife digital solutions inc
ALDX,"Aldeyra Therapeutics, Inc.",0001341235,XNAS,US,"aldeyra|aldeyra therapeutics|aldeyra therapeutics, inc."
ALEC,"Alector, Inc.",0001653087,XNAS,US,"alector|alector, inc."
ALEGF,ALLEGRO.EU SA/ADR,0002046098,OOTC,US,allegro|allegro eu|allegro.eu sa/adr
ALEUY,ALLEGRO.EU SA/ADR,0002046098,OOTC,US,allegro|allegro eu|allegro.eu sa/adr
ALF,Centurion Acquisition Corp.,0002010930,XNAS,US,centurion|centurion acquisition|centurion acquisition corp.
ALFUU,Centurion Acquisition Corp.,0002010930,XNAS,US,centurion|centurion acquisition|centurion acquisition corp.
ALFUW,Centurion Acquisition Corp.,0002010930,XNAS,US,centurion|centurion acquisition|centurion acquisition corp.
ALG,ALAMO GROUP INC,0000897077,XNYS,US,alamo|alamo group inc
ALGM,"ALLEGRO MICROSYSTEMS, INC.",0000866291,XNAS,US,"allegro|allegro microsystems|allegro microsystems, inc."
ALGN,ALIGN TECHNOLOGY INC,0001097149,XNAS,US,align|align technology|align technology inc
ALGRF,KENADYR METALS CORP,0001703292,OOTC,US,kenadyr|kenadyr metals|kenadyr metals corp
ALGS,"Aligos Therapeutics, Inc.",0001799448,XNAS,US,"aligos|aligos therapeutics|aligos therapeutics, inc."
ALGT,Allegiant Travel CO,0001362468,XNAS,US,allegiant|allegiant travel|allegiant travel co
ALH,Alliance Laundry Holdings Inc.,0001317685,XNYS,US,alliance|alliance laundry|alliance laundry holdings inc.
ALHC,"Alignment Healthcare, Inc.",0001832466,XNAS,US,"alignment|alignment healthcare|alignment healthcare, inc."
ALIS,Calisa Acquisition Corp,0002026767,XNAS,US,calisa|calisa acquisition|calisa acquisition corp
ALISR,Calisa Acquisition Corp,0002026767,XNAS,US,calisa|calisa acquisition|calisa acquisition corp
ALISU,Calisa Acquisition Corp,0002026767,XNAS,US,calisa|calisa acquisition|calisa acquisition corp
ALIT,"Alight, Inc. / Delaware",0001809104,XNYS,US,"alight|alight delaware|alight, inc. / delaware"
ALK,"ALASKA AIR GROUP, INC.",0000766421,XNYS,US,"alaska|alaska air|alaska air group, inc."
ALKS,Alkermes plc.,0001520262,XNAS,US,alkermes|alkermes plc.
ALKT,"ALKAMI TECHNOLOGY, INC.",0001529274,XNAS,US,"alkami|alkami technology|alkami technology, inc."
ALL,ALLSTATE CORP,0000899051,XNYS,US,allstate|allstate corp
ALLE,Allegion plc,0001579241,XNYS,US,allegion|allegion plc
ALLO,"Allogene Therapeutics, Inc.",0001737287,XNAS,US,"allogene|allogene therapeutics|allogene therapeutics, inc."
ALLR,"Allarity Therapeutics, Inc.",0001860657,XNAS,US,"allarity|allarity therapeutics|allarity therapeutics, inc."
ALLT,Allot Ltd.,0001365767,XNAS,US,allot|allot ltd.
ALLY,Ally Financial Inc.,0000040729,XNYS,US,ally|ally financial|ally financial inc.
ALM,Almonty Industries Inc.,0001670061,XNAS,US,almonty|almonty industries|almonty industries inc.
ALMMF,ALUMINUM CORP OF CHINA LTD,0001161611,OOTC,US,aluminum|aluminum corp of china ltd|aluminum of|aluminum of china
ALMP,Almco Plumbing Inc,0001956237,OOTC,US,almco|almco plumbing|almco plumbing inc
ALMR,"Alamar Biosciences, Inc.",0002104204,XNAS,US,"alamar|alamar biosciences|alamar biosciences, inc."
ALMS,ALUMIS INC.,0001847367,XNAS,US,alumis|alumis inc.
ALMU,"Aeluma, Inc.",0001828805,XNAS,US,"aeluma|aeluma, inc."
ALNT,ALLIENT INC,0000046129,XNAS,US,allient|allient inc
ALNY,"ALNYLAM PHARMACEUTICALS, INC.",0001178670,XNAS,US,"alnylam|alnylam pharmaceuticals|alnylam pharmaceuticals, inc."
ALOIS,"Arrived Homes 5, LLC",0002032732,OOTC,US,"arrived|arrived homes|arrived homes 5|arrived homes 5, llc"
ALOT,"AstroNova, Inc.",0000008146,XNAS,US,"astronova|astronova, inc."
ALOV,"Aldabra 4 Liquidity Opportunity Vehicle, Inc.",0002083989,XNAS,US,"aldabra|aldabra 4|aldabra 4 liquidity opportunity vehicle|aldabra 4 liquidity opportunity vehicle, inc."
ALOVU,"Aldabra 4 Liquidity Opportunity Vehicle, Inc.",0002083989,XNAS,US,"aldabra|aldabra 4|aldabra 4 liquidity opportunity vehicle|aldabra 4 liquidity opportunity vehicle, inc."
ALOVW,"Aldabra 4 Liquidity Opportunity Vehicle, Inc.",0002083989,XNAS,US,"aldabra|aldabra 4|aldabra 4 liquidity opportunity vehicle|aldabra 4 liquidity opportunity vehicle, inc."
ALOY,REALLOYS INC.,0001567900,XNAS,US,realloys|realloys inc.
ALP,Alpha Compute Corp,0001095435,XNAS,US,alpha|alpha compute|alpha compute corp
ALPIB,ALPINE BANKS OF COLORADO,0000872716,OOTC,US,alpine|alpine banks|alpine banks of colorado
ALPS,Alps Group Inc,0002025774,XNAS,US,alps|alps group inc
ALPWF,Alps Group Inc,0002025774,OOTC,US,alps|alps group inc
ALRM,"Alarm.com Holdings, Inc.",0001459200,XNAS,US,"alarm|alarm com|alarm.com holdings, inc."
ALRS,ALERUS FINANCIAL CORP,0000903419,XNAS,US,alerus|alerus financial|alerus financial corp
ALRTF,ALR Technologies SG Ltd.,0001930419,OOTC,US,alr|alr technologies|alr technologies sg|alr technologies sg ltd.
ALSAF,Alpha Star Acquisition Corp,0001865111,OOTC,US,alpha|alpha star|alpha star acquisition|alpha star acquisition corp
ALSN,Allison Transmission Holdings Inc,0001411207,XNYS,US,allison|allison transmission|allison transmission holdings inc
ALSTF,Alpha Star Acquisition Corp,0001865111,OOTC,US,alpha|alpha star|alpha star acquisition|alpha star acquisition corp
ALSUF,Alpha Star Acquisition Corp,0001865111,OOTC,US,alpha|alpha star|alpha star acquisition|alpha star acquisition corp
ALSWF,Alpha Star Acquisition Corp,0001865111,OOTC,US,alpha|alpha star|alpha star acquisition|alpha star acquisition corp
ALT,"Altimmune, Inc.",0001326190,XNAS,US,"altimmune|altimmune, inc."
ALTB,Alpine Auto Brokers Inc.,0001642365,OOTC,US,alpine|alpine auto|alpine auto brokers|alpine auto brokers inc.
ALTG,ALTA EQUIPMENT GROUP INC.,0001759824,XNYS,US,alta|alta equipment|alta equipment group inc.
ALTI,"AlTi Global, Inc.",0001838615,XNAS,US,"alti|alti global|alti global, inc."
ALTO,"Alto Ingredients, Inc.",0000778164,XNAS,US,"alto|alto ingredients|alto ingredients, inc."
ALTUF,Altura Energy Corp.,0001977971,OOTC,US,altura|altura energy|altura energy corp.
ALTX,ALTEX INDUSTRIES INC,0000775057,OOTC,US,altex|altex industries|altex industries inc
ALUB,Alussa Energy Acquisition Corp. II,0002041493,XNYS,US,alussa|alussa energy|alussa energy acquisition corp. ii|alussa energy acquisition ii
ALUR,"ALLURION TECHNOLOGIES, INC.",0001964979,OOTC,US,"allurion|allurion technologies|allurion technologies, inc."
ALURW,"ALLURION TECHNOLOGIES, INC.",0001964979,OOTC,US,"allurion|allurion technologies|allurion technologies, inc."
ALV,AUTOLIV INC,0001034670,XNYS,US,autoliv|autoliv inc
ALVO,Alvotech,0001898416,XNAS,US,alvotech
ALVOW,Alvotech,0001898416,XNAS,US,alvotech
ALX,ALEXANDERS INC,0000003499,XNYS,US,alexanders|alexanders inc
ALXO,ALX ONCOLOGY HOLDINGS INC,0001810182,XNAS,US,alx|alx oncology|alx oncology holdings inc
ALYAF,Alithya Group inc,0001734520,OOTC,US,alithya|alithya group inc
ALZN,"Alzamend Neuro, Inc.",0001677077,XNAS,US,"alzamend|alzamend neuro|alzamend neuro, inc."
AM,Antero Midstream Corp,0001623925,XNYS,US,antero|antero midstream|antero midstream corp
AMAL,Amalgamated Financial Corp.,0001823608,XNAS,US,amalgamated|amalgamated financial|amalgamated financial corp.
AMAT,APPLIED MATERIALS INC /DE,0000006951,XNAS,US,applied|applied materials|applied materials de|applied materials inc /de
AMBA,AMBARELLA INC,0001280263,XNAS,US,ambarella|ambarella inc
AMBIQ,Ambipar Emergency Response,0001937441,OOTC,US,ambipar|ambipar emergency|ambipar emergency response
AMBO,Ambow Education Holding Ltd.,0001494558,XASE,US,ambow|ambow education|ambow education holding ltd.
AMBP,Ardagh Metal Packaging S.A.,0001845097,XNYS,US,ardagh|ardagh metal|ardagh metal packaging|ardagh metal packaging s.a.
AMBQ,"Ambiq Micro, Inc.",0001500412,XNYS,US,"ambiq|ambiq micro|ambiq micro, inc."
AMBR,Amber International Holding Ltd,0001697818,XNAS,US,amber|amber international|amber international holding ltd
AMBWQ,Ambipar Emergency Response,0001937441,OOTC,US,ambipar|ambipar emergency|ambipar emergency response
AMC,"AMC ENTERTAINMENT HOLDINGS, INC.",0001411579,XNYS,US,"amc|amc entertainment|amc entertainment holdings, inc."
AMCCF,Amcor plc,0001748790,OOTC,US,amcor|amcor plc
AMCI,AMC Robotics Corp,0001937891,XNAS,US,amc|amc robotics|amc robotics corp
AMCR,Amcor plc,0001748790,XNYS,US,amcor|amcor plc
AMCX,AMC Global Media Inc.,0001514991,XNAS,US,amc|amc global|amc global media|amc global media inc.
AMD,ADVANCED MICRO DEVICES INC,0000002488,XNAS,US,advanced|advanced micro|advanced micro devices|advanced micro devices inc
AME,AMETEK INC/,0001037868,XNYS,US,ametek|ametek inc/
AMEGF,American Eagle Gold Corp.,0002129284,OOTC,US,american|american eagle|american eagle gold|american eagle gold corp.
AMFN,"American Fusion, Inc.",0000096664,OOTC,US,"american|american fusion|american fusion, inc."
AMG,"AFFILIATED MANAGERS GROUP, INC.",0001004434,XNYS,US,"affiliated|affiliated managers|affiliated managers group, inc."
AMGN,AMGEN INC,0000318154,XNAS,US,amgen|amgen inc
AMH,American Homes 4 Rent,0001562401,XNYS,US,american|american homes|american homes 4 rent
AMIX,"Autonomix Medical, Inc.",0001617867,XNAS,US,"autonomix|autonomix medical|autonomix medical, inc."
AMJB,JPMORGAN CHASE & CO,0000019617,ARCX,US,jpmorgan|jpmorgan chase|jpmorgan chase & co
AMKR,"AMKOR TECHNOLOGY, INC.",0001047127,XNAS,US,"amkor|amkor technology|amkor technology, inc."
AMLIF,American Lithium Corp.,0001699880,OOTC,US,american|american lithium|american lithium corp.
AMLM,"AMERICAN LITHIUM MINERALS, INC.",0001356371,OOTC,US,"american|american lithium|american lithium minerals|american lithium minerals, inc."
AMLX,"Amylyx Pharmaceuticals, Inc.",0001658551,XNAS,US,"amylyx|amylyx pharmaceuticals|amylyx pharmaceuticals, inc."
AMN,AMN HEALTHCARE SERVICES INC,0001142750,XNYS,US,amn|amn healthcare|amn healthcare services|amn healthcare services inc
AMOD,"ALPHA MODUS HOLDINGS, INC.",0001862463,XNAS,US,"alpha|alpha modus|alpha modus holdings, inc."
AMODW,"ALPHA MODUS HOLDINGS, INC.",0001862463,XNAS,US,"alpha|alpha modus|alpha modus holdings, inc."
AMP,AMERIPRISE FINANCIAL INC,0000820027,XNYS,US,ameriprise|ameriprise financial|ameriprise financial inc
AMPG,"AmpliTech Group, Inc.",0001518461,XNAS,US,"amplitech|amplitech group, inc."
AMPGR,"AmpliTech Group, Inc.",0001518461,XNAS,US,"amplitech|amplitech group, inc."
AMPGZ,"AmpliTech Group, Inc.",0001518461,XNAS,US,"amplitech|amplitech group, inc."
AMPH,"Amphastar Pharmaceuticals, Inc.",0001297184,XNAS,US,"amphastar|amphastar pharmaceuticals|amphastar pharmaceuticals, inc."
AMPL,"Amplitude, Inc.",0001866692,XNAS,US,"amplitude|amplitude, inc."
AMPWF,Ardagh Metal Packaging S.A.,0001845097,OOTC,US,ardagh|ardagh metal|ardagh metal packaging|ardagh metal packaging s.a.
AMPX,"Amprius Technologies, Inc.",0001899287,XNYS,US,"amprius|amprius technologies|amprius technologies, inc."
AMPY,Amplify Energy Corp.,0001533924,XNYS,US,amplify|amplify energy|amplify energy corp.
AMR,"Alpha Metallurgical Resources, Inc.",0001704715,XNYS,US,"alpha|alpha metallurgical|alpha metallurgical resources|alpha metallurgical resources, inc."
AMRC,"Ameresco, Inc.",0001488139,XNYS,US,"ameresco|ameresco, inc."
AMRN,AMARIN CORP PLCUK,0000897448,XNAS,US,amarin|amarin corp plcuk|amarin plcuk
AMRQF,AMAROQ LTD.,0002076631,OOTC,US,amaroq|amaroq ltd.
AMRX,"Amneal Pharmaceuticals, Inc.",0001723128,XNAS,US,"amneal|amneal pharmaceuticals|amneal pharmaceuticals, inc."
AMRZ,Amrize Ltd,0002035989,XNYS,US,amrize|amrize ltd
AMS,AMERICAN SHARED HOSPITAL SERVICES,0000744825,XASE,US,american|american shared|american shared hospital services
AMSC,AMERICAN SUPERCONDUCTOR CORP /DE/,0000880807,XNAS,US,american|american superconductor|american superconductor corp /de/|american superconductor de
AMSF,AMERISAFE INC,0001018979,XNAS,US,amerisafe|amerisafe inc
AMST,Amesite Inc.,0001807166,XNAS,US,amesite|amesite inc.
AMSYF,ArcelorMittal,0001243429,OOTC,US,arcelormittal
AMT,AMERICAN TOWER CORP /MA/,0001053507,XNYS,US,american|american tower|american tower corp /ma/|american tower ma
AMTB,Amerant Bancorp Inc.,0001734342,XNYS,US,amerant|amerant bancorp|amerant bancorp inc.
AMTD,AMTD IDEA GROUP,0001769731,XNYS,US,amtd|amtd idea|amtd idea group
AMTM,"Amentum Holdings, Inc.",0002011286,XNYS,US,"amentum|amentum holdings, inc."
AMTX,"AEMETIS, INC",0000738214,XNAS,US,"aemetis|aemetis, inc"
AMUB,UBS AG,0001114446,ARCX,US,ubs|ubs ag
AMVIF,AUMOVIO SE,0002085236,OOTC,US,aumovio|aumovio se
AMVOY,AUMOVIO SE,0002085236,OOTC,US,aumovio|aumovio se
AMWD,AMERICAN WOODMARK CORP,0000794619,XNAS,US,american|american woodmark|american woodmark corp
AMWL,American Well Corp,0001393584,XNYS,US,american|american well|american well corp
AMX,AMERICA MOVIL SAB DE CV/,0001129137,XNYS,US,america|america movil|america movil sab de cv|america movil sab de cv/
AMXOF,AMERICA MOVIL SAB DE CV/,0001129137,OOTC,US,america|america movil|america movil sab de cv|america movil sab de cv/
AMZE,"AMAZE HOLDINGS, INC.",0001880343,XASE,US,"amaze|amaze holdings, inc."
AMZN,AMAZON COM INC,0001018724,XNAS,US,amazon|amazon com|amazon com inc
AN,"AUTONATION, INC.",0000350698,XNYS,US,"autonation|autonation, inc."
ANAB,"ANAPTYSBIO, INC",0001370053,XNAS,US,"anaptysbio|anaptysbio, inc"
ANDE,"Andersons, Inc.",0000821026,XNAS,US,"andersons|andersons, inc."
ANDG,Andersen Group Inc.,0002065708,XNYS,US,andersen|andersen group inc.
ANEB,"Anebulo Pharmaceuticals, Inc.",0001815974,OOTC,US,"anebulo|anebulo pharmaceuticals|anebulo pharmaceuticals, inc."
ANET,"Arista Networks, Inc.",0001596532,XNYS,US,"arista|arista networks|arista networks, inc."
ANF,ABERCROMBIE & FITCH CO /DE/,0001018840,XNYS,US,abercrombie|abercrombie & fitch co /de/|abercrombie fitch|abercrombie fitch de
ANGH,Anghami Inc,0001871983,XNAS,US,anghami|anghami inc
ANGHW,Anghami Inc,0001871983,XNAS,US,anghami|anghami inc
ANGI,Angi Inc.,0001705110,XNAS,US,angi|angi inc.
ANGO,ANGIODYNAMICS INC,0001275187,XNAS,US,angiodynamics|angiodynamics inc
ANGX,"Angel Studios, Inc.",0001865200,XNYS,US,"angel|angel studios|angel studios, inc."
ANIK,"Anika Therapeutics, Inc.",0000898437,XNAS,US,"anika|anika therapeutics|anika therapeutics, inc."
ANIP,ANI PHARMACEUTICALS INC,0001023024,XNAS,US,ani|ani pharmaceuticals|ani pharmaceuticals inc
ANIX,Anixa Biosciences Inc,0000715446,XNAS,US,anixa|anixa biosciences|anixa biosciences inc
ANJFY,"Anjoy Foods Group Co., Ltd./ADR",0002098397,OOTC,US,"anjoy|anjoy foods|anjoy foods group co., ltd./adr"
ANKM,"Ankam, Inc.",0001781629,OOTC,US,"ankam|ankam, inc."
ANL,Adlai Nortye Ltd.,0001944552,XNAS,US,adlai|adlai nortye|adlai nortye ltd.
ANNA,"AleAnna, Inc.",0001845123,XNAS,US,"aleanna|aleanna, inc."
ANNAW,"AleAnna, Inc.",0001845123,XNAS,US,"aleanna|aleanna, inc."
ANNSF,Aena S.A./ADR,0001700171,OOTC,US,aena|aena s.a./adr
ANNX,"Annexon, Inc.",0001528115,XNAS,US,"annexon|annexon, inc."
ANPA,Rich Sparkle Holdings Ltd,0002031688,XNAS,US,rich|rich sparkle|rich sparkle holdings ltd
ANPCF,ANGLE plc,0001620678,OOTC,US,angle|angle plc
ANRO,"Alto Neuroscience, Inc.",0001999480,XNYS,US,"alto|alto neuroscience|alto neuroscience, inc."
ANSC,Agriculture & Natural Solutions Acquisition Corp,0001854149,XNAS,US,agriculture|agriculture & natural solutions acquisition corp|agriculture natural|agriculture natural solutions acquisition
ANSCU,Agriculture & Natural Solutions Acquisition Corp,0001854149,XNAS,US,agriculture|agriculture & natural solutions acquisition corp|agriculture natural|agriculture natural solutions acquisition
ANSCW,Agriculture & Natural Solutions Acquisition Corp,0001854149,XNAS,US,agriculture|agriculture & natural solutions acquisition corp|agriculture natural|agriculture natural solutions acquisition
ANTA,Antalpha Platform Holding Co,0002044255,XNAS,US,antalpha|antalpha platform|antalpha platform holding co
ANTX,"AN2 Therapeutics, Inc.",0001880438,XNAS,US,"an2|an2 therapeutics|an2 therapeutics, inc."
ANVI,"ANVI GLOBAL HOLDINGS, INC.",0001570132,OOTC,US,"anvi|anvi global|anvi global holdings, inc."
ANVS,"Annovis Bio, Inc.",0001477845,XNYS,US,"annovis|annovis bio|annovis bio, inc."
ANY,Sphere 3D Corp.,0001591956,XNAS,US,sphere|sphere 3d|sphere 3d corp.
AOAO,Alpha One Inc.,0002042320,OOTC,US,alpha|alpha one|alpha one inc.
AOD,abrdn Total Dynamic Dividend Fund,0001379400,XNYS,US,abrdn|abrdn total|abrdn total dynamic dividend fund
AOMD,"Angel Oak Mortgage REIT, Inc.",0001766478,XNYS,US,"angel|angel oak|angel oak mortgage reit|angel oak mortgage reit, inc."
AOMN,"Angel Oak Mortgage REIT, Inc.",0001766478,XNYS,US,"angel|angel oak|angel oak mortgage reit|angel oak mortgage reit, inc."
AOMR,"Angel Oak Mortgage REIT, Inc.",0001766478,XNYS,US,"angel|angel oak|angel oak mortgage reit|angel oak mortgage reit, inc."
AON,Aon plc,0000315293,XNYS,US,aon|aon plc
AORT,"ARTIVION, INC.",0000784199,XNYS,US,"artivion|artivion, inc."
AOS,SMITH A O CORP,0000091142,XNYS,US,smith|smith a|smith a o|smith a o corp
AOSL,ALPHA & OMEGA SEMICONDUCTOR Ltd,0001387467,XNAS,US,alpha|alpha & omega semiconductor ltd|alpha omega|alpha omega semiconductor
AOUT,"American Outdoor Brands, Inc.",0001808997,XNAS,US,"american|american outdoor|american outdoor brands|american outdoor brands, inc."
AOXY,ADVANCED OXYGEN TECHNOLOGIES INC,0000352991,OOTC,US,advanced|advanced oxygen|advanced oxygen technologies|advanced oxygen technologies inc
AP,AMPCO PITTSBURGH CORP,0000006176,XNYS,US,ampco|ampco pittsburgh|ampco pittsburgh corp
APA,APA Corp,0001841666,XNAS,US,apa|apa corp
APAAF,Appia Rare Earths & Uranium Corp.,0001419336,OOTC,US,appia|appia rare|appia rare earths & uranium corp.|appia rare earths uranium
APAC,StoneBridge Acquisition II Corp,0002043630,XNAS,US,stonebridge|stonebridge acquisition|stonebridge acquisition ii|stonebridge acquisition ii corp
APACR,StoneBridge Acquisition II Corp,0002043630,XNAS,US,stonebridge|stonebridge acquisition|stonebridge acquisition ii|stonebridge acquisition ii corp
APACU,StoneBridge Acquisition II Corp,0002043630,XNAS,US,stonebridge|stonebridge acquisition|stonebridge acquisition ii|stonebridge acquisition ii corp
APAM,Artisan Partners Asset Management Inc.,0001517302,XNYS,US,artisan|artisan partners|artisan partners asset management|artisan partners asset management inc.
APC,ARKO Petroleum Corp.,0002080921,XNAS,US,arko|arko petroleum|arko petroleum corp.
APCX,AppTech Payments Corp.,0001070050,OOTC,US,apptech|apptech payments|apptech payments corp.
APCXW,AppTech Payments Corp.,0001070050,OOTC,US,apptech|apptech payments|apptech payments corp.
APD,"Air Products & Chemicals, Inc.",0000002969,XNYS,US,"air|air products|air products & chemicals, inc.|air products chemicals"
APEI,AMERICAN PUBLIC EDUCATION INC,0001201792,XNAS,US,american|american public|american public education|american public education inc
APG,APi Group Corp,0001796209,XNYS,US,api|api group corp
APGE,"Apogee Therapeutics, Inc.",0001974640,XNAS,US,"apogee|apogee therapeutics|apogee therapeutics, inc."
APGOF,Apollo Silver Corp,0001811931,OOTC,US,apollo|apollo silver|apollo silver corp
APH,AMPHENOL CORP /DE/,0000820313,XNYS,US,amphenol|amphenol corp /de/|amphenol de
APHD,"VERDE BIO HOLDINGS, INC.",0001490054,OOTC,US,"verde|verde bio|verde bio holdings, inc."
APHP,American Picture House Corp,0001771995,OOTC,US,american|american picture|american picture house|american picture house corp
API,"Agora, Inc.",0001802883,XNAS,US,"agora|agora, inc."
APLD,Applied Digital Corp.,0001144879,XNAS,US,applied|applied digital|applied digital corp.
APLE,"Apple Hospitality REIT, Inc.",0001418121,XNYS,US,"apple|apple hospitality|apple hospitality reit|apple hospitality reit, inc."
APLM,Apollomics Inc.,0001944885,XNAS,US,apollomics|apollomics inc.
APLMW,Apollomics Inc.,0001944885,XNAS,US,apollomics|apollomics inc.
APM,Aptorum Group Ltd,0001734005,XNAS,US,aptorum|aptorum group ltd
APMCF,MORIEN RESOURCES CORP.,0001628935,OOTC,US,morien|morien resources|morien resources corp.
APO,"Apollo Global Management, Inc.",0001858681,XNYS,US,"apollo|apollo global|apollo global management|apollo global management, inc."
APOG,"APOGEE ENTERPRISES, INC.",0000006845,XNAS,US,"apogee|apogee enterprises|apogee enterprises, inc."
APOS,"Apollo Global Management, Inc.",0001858681,XNYS,US,"apollo|apollo global|apollo global management|apollo global management, inc."
APP,AppLovin Corp,0001751008,XNAS,US,applovin|applovin corp
APPF,APPFOLIO INC,0001433195,XNAS,US,appfolio|appfolio inc
APPN,APPIAN CORP,0001441683,XNAS,US,appian|appian corp
APPS,"Digital Turbine, Inc.",0000317788,XNAS,US,"digital|digital turbine|digital turbine, inc."
APRE,"Aprea Therapeutics, Inc.",0001781983,XNAS,US,"aprea|aprea therapeutics|aprea therapeutics, inc."
APT,ALPHA PRO TECH LTD,0000884269,XASE,US,alpha|alpha pro|alpha pro tech|alpha pro tech ltd
APTN,"ADAPTIN BIO, INC.",0001938571,OOTC,US,"adaptin|adaptin bio|adaptin bio, inc."
APTOF,Aptose Biosciences Inc.,0000882361,OOTC,US,aptose|aptose biosciences|aptose biosciences inc.
APTV,Aptiv PLC,0001521332,XNYS,US,aptiv|aptiv plc
APUS,"Apimeds Pharmaceuticals US, Inc.",0001894525,XASE,US,"apimeds|apimeds pharmaceuticals|apimeds pharmaceuticals us|apimeds pharmaceuticals us, inc."
APVO,Aptevo Therapeutics Inc.,0001671584,XNAS,US,aptevo|aptevo therapeutics|aptevo therapeutics inc.
APWC,ASIA PACIFIC WIRE & CABLE CORP LTD,0001026980,XNAS,US,asia|asia pacific|asia pacific wire & cable corp ltd|asia pacific wire cable
APXCF,APEX CRITICAL METALS CORP.,0002093856,OOTC,US,apex|apex critical|apex critical metals|apex critical metals corp.
APXT,Apex Treasury Corp,0002079253,XNAS,US,apex|apex treasury|apex treasury corp
APXTU,Apex Treasury Corp,0002079253,XNAS,US,apex|apex treasury|apex treasury corp
APXTW,Apex Treasury Corp,0002079253,XNAS,US,apex|apex treasury|apex treasury corp
APYP,"APPYEA, INC",0001568969,OOTC,US,"appyea|appyea, inc"
APYX,Apyx Medical Corp,0000719135,XNAS,US,apyx|apyx medical|apyx medical corp
AQB,AQUABOUNTY TECHNOLOGIES INC,0001603978,XNAS,US,aquabounty|aquabounty technologies|aquabounty technologies inc
AQMS,"Aqua Metals, Inc.",0001621832,XNAS,US,"aqua|aqua metals|aqua metals, inc."
AQN,ALGONQUIN POWER & UTILITIES CORP.,0001174169,XNYS,US,algonquin|algonquin power|algonquin power & utilities corp.|algonquin power utilities
AQNB,ALGONQUIN POWER & UTILITIES CORP.,0001174169,XNYS,US,algonquin|algonquin power|algonquin power & utilities corp.|algonquin power utilities
AQST,"Aquestive Therapeutics, Inc.",0001398733,XNAS,US,"aquestive|aquestive therapeutics|aquestive therapeutics, inc."
AR,ANTERO RESOURCES Corp,0001433270,XNYS,US,antero|antero resources|antero resources corp
ARAI,Arrive AI Inc.,0001818274,XNAS,US,arrive|arrive ai|arrive ai inc.
ARAY,ACCURAY INC,0001138723,XNAS,US,accuray|accuray inc
ARBB,ARB IOT Group Ltd,0001930179,XNAS,US,arb|arb iot|arb iot group ltd
ARBE,Arbe Robotics Ltd.,0001861841,XNAS,US,arbe|arbe robotics|arbe robotics ltd.
ARBEW,Arbe Robotics Ltd.,0001861841,XNAS,US,arbe|arbe robotics|arbe robotics ltd.
ARBK,Argo Blockchain Plc,0001841675,XNAS,US,argo|argo blockchain|argo blockchain plc
ARCB,ARCBEST CORP /DE/,0000894405,XNAS,US,arcbest|arcbest corp /de/|arcbest de
ARCC,ARES CAPITAL CORP,0001287750,XNAS,US,ares|ares capital|ares capital corp
ARCI,Archimedes Tech SPAC Partners III Co.,0002083910,XNAS,US,archimedes|archimedes tech|archimedes tech spac partners iii|archimedes tech spac partners iii co.
ARCIU,Archimedes Tech SPAC Partners III Co.,0002083910,XNAS,US,archimedes|archimedes tech|archimedes tech spac partners iii|archimedes tech spac partners iii co.
ARCIW,Archimedes Tech SPAC Partners III Co.,0002083910,XNAS,US,archimedes|archimedes tech|archimedes tech spac partners iii|archimedes tech spac partners iii co.
ARCLU,ARC Group Acquisition I Corp.,0002073515,XNAS,US,arc|arc acquisition|arc acquisition i|arc group acquisition i corp.
ARCO,Arcos Dorados Holdings Inc.,0001508478,XNYS,US,arcos|arcos dorados|arcos dorados holdings inc.
ARCT,Arcturus Therapeutics Holdings Inc.,0001768224,XNAS,US,arcturus|arcturus therapeutics|arcturus therapeutics holdings inc.
ARCXF,ArcelorMittal,0001243429,OOTC,US,arcelormittal
ARDC,"Ares Dynamic Credit Allocation Fund, Inc.",0001515324,XNYS,US,"ares|ares dynamic|ares dynamic credit allocation fund|ares dynamic credit allocation fund, inc."
ARDT,"Ardent Health, Inc.",0001756655,XNYS,US,"ardent|ardent health|ardent health, inc."
ARDX,"ARDELYX, INC.",0001437402,XNAS,US,"ardelyx|ardelyx, inc."
ARE,"ALEXANDRIA REAL ESTATE EQUITIES, INC.",0001035443,XNYS,US,"alexandria|alexandria real|alexandria real estate equities|alexandria real estate equities, inc."
AREB,AMERICAN REBEL HOLDINGS INC,0001648087,OOTC,US,american|american rebel|american rebel holdings inc
AREBW,AMERICAN REBEL HOLDINGS INC,0001648087,OOTC,US,american|american rebel|american rebel holdings inc
AREC,American Resources Corp,0001590715,XNAS,US,american|american resources|american resources corp
AREN,"Arena Group Holdings, Inc.",0000894871,XASE,US,"arena|arena group holdings, inc."
ARES,Ares Management Corp,0001176948,XNYS,US,ares|ares management|ares management corp
ARGX,ARGENX SE,0001697862,XNAS,US,argenx|argenx se
ARHS,"Arhaus, Inc.",0001875444,XNAS,US,"arhaus|arhaus, inc."
ARI,"Apollo Commercial Real Estate Finance, Inc.",0001467760,XNYS,US,"apollo|apollo commercial|apollo commercial real estate finance|apollo commercial real estate finance, inc."
ARIS,Aris Mining Corp,0001964504,XNYS,US,aris|aris mining|aris mining corp
ARKB,Ark 21Shares Bitcoin ETF,0001869699,BATS,US,ark|ark 21shares|ark 21shares bitcoin etf
ARKO,ARKO Corp.,0001823794,XNAS,US,arko|arko corp.
ARKR,ARK RESTAURANTS CORP,0000779544,XNAS,US,ark|ark restaurants|ark restaurants corp
ARL,AMERICAN REALTY INVESTORS INC,0001102238,XNYS,US,american|american realty|american realty investors|american realty investors inc
ARLO,"Arlo Technologies, Inc.",0001736946,XNYS,US,"arlo|arlo technologies|arlo technologies, inc."
ARLP,ALLIANCE RESOURCE PARTNERS LP,0001086600,XNAS,US,alliance|alliance resource|alliance resource partners|alliance resource partners lp
ARM,ARM HOLDINGS PLC /UK,0001973239,XNAS,US,arm|arm holdings plc /uk|arm uk
ARMK,Aramark,0001584509,XNYS,US,aramark
ARMP,"Armata Pharmaceuticals, Inc.",0000921114,XASE,US,"armata|armata pharmaceuticals|armata pharmaceuticals, inc."
ARNNY,ASR Nederland N.V./ADR,0001719117,OOTC,US,asr|asr nederland|asr nederland n.v./adr
AROC,"Archrock, Inc.",0001389050,XNYS,US,"archrock|archrock, inc."
AROW,ARROW FINANCIAL CORP,0000717538,XNAS,US,arrow|arrow financial|arrow financial corp
ARQ,"Arq, Inc.",0001515156,XNAS,US,"arq|arq, inc."
ARQQ,Arqit Quantum Inc.,0001859690,XNAS,US,arqit|arqit quantum|arqit quantum inc.
ARQQW,Arqit Quantum Inc.,0001859690,XNAS,US,arqit|arqit quantum|arqit quantum inc.
ARQT,"Arcutis Biotherapeutics, Inc.",0001787306,XNAS,US,"arcutis|arcutis biotherapeutics|arcutis biotherapeutics, inc."
ARR,"Armour Residential REIT, Inc.",0001428205,XNYS,US,"armour|armour residential|armour residential reit|armour residential reit, inc."
ARRKF,ARRAS MINERALS CORP.,0001855743,OOTC,US,arras|arras minerals|arras minerals corp.
ARRT,"Artisan Consumer Goods, Inc.",0001530425,OOTC,US,"artisan|artisan consumer|artisan consumer goods|artisan consumer goods, inc."
ARRY,"Array Technologies, Inc.",0001820721,XNAS,US,"array|array technologies|array technologies, inc."
ARSMF,ARES STRATEGIC MINING INC.,0001804792,OOTC,US,ares|ares strategic|ares strategic mining|ares strategic mining inc.
ARSTY,Ariston Holding N.V./ADR,0002044984,OOTC,US,ariston|ariston holding n.v./adr
ARTC,Art Technology Acquisition Corp.,0002086545,XNAS,US,art|art technology|art technology acquisition|art technology acquisition corp.
ARTCU,Art Technology Acquisition Corp.,0002086545,XNAS,US,art|art technology|art technology acquisition|art technology acquisition corp.
ARTCW,Art Technology Acquisition Corp.,0002086545,XNAS,US,art|art technology|art technology acquisition|art technology acquisition corp.
ARTL,"ARTELO BIOSCIENCES, INC.",0001621221,XNAS,US,"artelo|artelo biosciences|artelo biosciences, inc."
ARTNA,ARTESIAN RESOURCES CORP,0000863110,XNAS,US,artesian|artesian resources|artesian resources corp
ARTNB,ARTESIAN RESOURCES CORP,0000863110,OOTC,US,artesian|artesian resources|artesian resources corp
ARTV,"Artiva Biotherapeutics, Inc.",0001817241,XNAS,US,"artiva|artiva biotherapeutics|artiva biotherapeutics, inc."
ARTW,ARTS WAY MANUFACTURING CO INC,0000007623,XNAS,US,arts|arts way|arts way manufacturing|arts way manufacturing co inc
ARVN,"ARVINAS, INC.",0001655759,XNAS,US,"arvinas|arvinas, inc."
ARW,"ARROW ELECTRONICS, INC.",0000007536,XNYS,US,"arrow|arrow electronics|arrow electronics, inc."
ARWR,"ARROWHEAD PHARMACEUTICALS, INC.",0000879407,XNAS,US,"arrowhead|arrowhead pharmaceuticals|arrowhead pharmaceuticals, inc."
ARX,Accelerant Holdings,0001997350,XNYS,US,accelerant|accelerant holdings
ARXS,"Arxis, Inc.",0002093536,XNAS,US,"arxis|arxis, inc."
ARZTF,ARYZTA AG (fka IAWS GROUP PLC),0001423210,OOTC,US,aryzta|aryzta ag (fka iaws group plc)|aryzta fka|aryzta fka iaws
AS,"Amer Sports, Inc.",0001988894,XNYS,US,"amer|amer sports|amer sports, inc."
ASA,ASA Gold & Precious Metals Ltd,0001230869,XNYS,US,asa|asa gold|asa gold & precious metals ltd|asa gold precious metals
ASAIY,Sendas Distributor S.A.,0001834048,OOTC,US,sendas|sendas distributor|sendas distributor s.a.
ASAN,"Asana, Inc.",0001477720,XNYS,US,"asana|asana, inc."
ASB,ASSOCIATED BANC-CORP,0000007789,XNYS,US,associated|associated banc|associated banc-corp
ASBA,ASSOCIATED BANC-CORP,0000007789,XNYS,US,associated|associated banc|associated banc-corp
ASBHY,"Asahi Group Holdings, Ltd./ADR",0002055337,OOTC,US,"asahi|asahi group holdings, ltd./adr"
ASBP,"Aspire Biopharma Holdings, Inc.",0001847345,XNAS,US,"aspire|aspire biopharma|aspire biopharma holdings, inc."
ASBPW,"Aspire Biopharma Holdings, Inc.",0001847345,XNAS,US,"aspire|aspire biopharma|aspire biopharma holdings, inc."
ASBRF,"Asahi Group Holdings, Ltd./ADR",0002055337,OOTC,US,"asahi|asahi group holdings, ltd./adr"
ASC,Ardmore Shipping Corp,0001577437,XNYS,US,ardmore|ardmore shipping|ardmore shipping corp
ASCBF,ASPAC II Acquisition Corp.,0001876716,OOTC,US,aspac|aspac ii|aspac ii acquisition|aspac ii acquisition corp.
ASCRF,ASPAC II Acquisition Corp.,0001876716,OOTC,US,aspac|aspac ii|aspac ii acquisition|aspac ii acquisition corp.
ASCWF,ASPAC II Acquisition Corp.,0001876716,OOTC,US,aspac|aspac ii|aspac ii acquisition|aspac ii acquisition corp.
ASFH,ASIAFIN HOLDINGS CORP.,0001828748,OOTC,US,asiafin|asiafin holdings corp.
ASFT,"Appsoft Technologies, Inc.",0001651992,OOTC,US,"appsoft|appsoft technologies|appsoft technologies, inc."
ASG,LIBERTY ALL STAR GROWTH FUND INC.,0000786035,XNYS,US,liberty|liberty all|liberty all star growth fund|liberty all star growth fund inc.
ASGI,abrdn Global Infrastructure Income Fund,0001793855,XNYS,US,abrdn|abrdn global|abrdn global infrastructure income fund
ASH,ASHLAND INC.,0001674862,XNYS,US,ashland|ashland inc.
ASIC,Ategrity Specialty Insurance Co Holdings,0002040491,XNYS,US,ategrity|ategrity specialty|ategrity specialty insurance|ategrity specialty insurance co holdings
ASII,"Accredited Solutions, Inc.",0001464865,OOTC,US,"accredited|accredited solutions|accredited solutions, inc."
ASIX,AdvanSix Inc.,0001673985,XNYS,US,advansix|advansix inc.
ASKRY,Asker Healthcare Group AB/ADR,0002078895,OOTC,US,asker|asker healthcare|asker healthcare ab|asker healthcare group ab/adr
ASLE,AerSale Corp,0001754170,XNAS,US,aersale|aersale corp
ASM,AVINO SILVER & GOLD MINES LTD,0000316888,XASE,US,avino|avino silver|avino silver & gold mines ltd|avino silver gold mines
ASMB,"ASSEMBLY BIOSCIENCES, INC.",0001426800,XNAS,US,"assembly|assembly biosciences|assembly biosciences, inc."
ASML,ASML HOLDING NV,0000937966,XNAS,US,asml|asml holding nv
ASMLF,ASML HOLDING NV,0000937966,OOTC,US,asml|asml holding nv
ASND,Ascendis Pharma A/S,0001612042,XNAS,US,ascendis|ascendis pharma|ascendis pharma a s|ascendis pharma a/s
ASNS,ACTELIS NETWORKS INC,0001141284,OOTC,US,actelis|actelis networks|actelis networks inc
ASO,"Academy Sports & Outdoors, Inc.",0001817358,XNAS,US,"academy|academy sports|academy sports & outdoors, inc.|academy sports outdoors"
ASPC,ASPAC III Acquisition Corp.,0001890361,XNAS,US,aspac|aspac iii|aspac iii acquisition|aspac iii acquisition corp.
ASPCR,ASPAC III Acquisition Corp.,0001890361,XNAS,US,aspac|aspac iii|aspac iii acquisition|aspac iii acquisition corp.
ASPCU,ASPAC III Acquisition Corp.,0001890361,XNAS,US,aspac|aspac iii|aspac iii acquisition|aspac iii acquisition corp.
ASPI,ASP Isotopes Inc.,0001921865,XNAS,US,asp|asp isotopes|asp isotopes inc.
ASPN,ASPEN AEROGELS INC,0001145986,XNYS,US,aspen|aspen aerogels|aspen aerogels inc
ASPS,ALTISOURCE PORTFOLIO SOLUTIONS S.A.,0001462418,XNAS,US,altisource|altisource portfolio|altisource portfolio solutions|altisource portfolio solutions s.a.
ASPSW,ALTISOURCE PORTFOLIO SOLUTIONS S.A.,0001462418,XNAS,US,altisource|altisource portfolio|altisource portfolio solutions|altisource portfolio solutions s.a.
ASPSZ,ALTISOURCE PORTFOLIO SOLUTIONS S.A.,0001462418,XNAS,US,altisource|altisource portfolio|altisource portfolio solutions|altisource portfolio solutions s.a.
ASPU,"ASPEN GROUP, INC.",0001487198,OOTC,US,"aspen|aspen group, inc."
ASR,SOUTHEAST AIRPORT GROUP,0001123452,XNYS,US,southeast|southeast airport|southeast airport group
ASRMF,SOUTHEAST AIRPORT GROUP,0001123452,OOTC,US,southeast|southeast airport|southeast airport group
ASRRF,ASR Nederland N.V./ADR,0001719117,OOTC,US,asr|asr nederland|asr nederland n.v./adr
ASRT,"Assertio Holdings, Inc.",0001808665,XNAS,US,"assertio|assertio holdings, inc."
ASRV,AMERISERV FINANCIAL INC /PA/,0000707605,XNAS,US,ameriserv|ameriserv financial|ameriserv financial inc /pa/|ameriserv financial pa
ASST,"Strive, Inc.",0001920406,XNAS,US,"strive|strive, inc."
ASTC,ASTROTECH Corp,0001001907,XNAS,US,astrotech|astrotech corp
ASTE,ASTEC INDUSTRIES INC,0000792987,XNAS,US,astec|astec industries|astec industries inc
ASTH,"Astrana Health, Inc.",0001083446,XNAS,US,"astrana|astrana health|astrana health, inc."
ASTI,"Ascent Solar Technologies, Inc.",0001350102,XNAS,US,"ascent|ascent solar|ascent solar technologies|ascent solar technologies, inc."
ASTL,Algoma Steel Group Inc.,0001860805,XNAS,US,algoma|algoma steel|algoma steel group inc.
ASTLW,Algoma Steel Group Inc.,0001860805,XNAS,US,algoma|algoma steel|algoma steel group inc.
ASTS,"AST SpaceMobile, Inc.",0001780312,XNAS,US,"ast|ast spacemobile|ast spacemobile, inc."
ASUR,ASURE SOFTWARE INC,0000884144,XNAS,US,asure|asure software|asure software inc
ASUUF,ASPAC II Acquisition Corp.,0001876716,OOTC,US,aspac|aspac ii|aspac ii acquisition|aspac ii acquisition corp.
ASX,"ASE Technology Holding Co., Ltd.",0001122411,XNYS,US,"ase|ase technology|ase technology holding co., ltd."
ASYS,AMTECH SYSTEMS INC,0000720500,XNAS,US,amtech|amtech systems|amtech systems inc
ATAI,AtaiBeckley Inc.,0002081043,XNAS,US,ataibeckley|ataibeckley inc.
ATALF,American Tungsten & Antimony Ltd,0002127653,OOTC,US,american|american tungsten|american tungsten & antimony ltd|american tungsten antimony
ATAT,Atour Lifestyle Holdings Ltd,0001853717,XNAS,US,atour|atour lifestyle|atour lifestyle holdings ltd
ATAYY,American Tungsten & Antimony Ltd,0002127653,OOTC,US,american|american tungsten|american tungsten & antimony ltd|american tungsten antimony
ATCH,"AtlasClear Holdings, Inc.",0001963088,XASE,US,"atlasclear|atlasclear holdings, inc."
ATCHW,"AtlasClear Holdings, Inc.",0001963088,OOTC,US,"atlasclear|atlasclear holdings, inc."
ATCMF,ATICO MINING Corp,0001567663,OOTC,US,atico|atico mining|atico mining corp
ATCX,ATLAS CRITICAL MINERALS Corp,0001684688,XNAS,US,atlas|atlas critical|atlas critical minerals|atlas critical minerals corp
ATDRF,Auto Trader Group plc/ADR,0001647435,OOTC,US,auto|auto trader|auto trader group plc/adr
ATDS,"Data443 Risk Mitigation, Inc.",0001068689,OOTC,US,"data443|data443 risk|data443 risk mitigation|data443 risk mitigation, inc."
ATEC,"Alphatec Holdings, Inc.",0001350653,XNAS,US,"alphatec|alphatec holdings, inc."
ATEK,Athena Technology Acquisition Corp. II,0001882198,OOTC,US,athena|athena technology|athena technology acquisition corp. ii|athena technology acquisition ii
ATEKU,Athena Technology Acquisition Corp. II,0001882198,OOTC,US,athena|athena technology|athena technology acquisition corp. ii|athena technology acquisition ii
ATEKW,Athena Technology Acquisition Corp. II,0001882198,OOTC,US,athena|athena technology|athena technology acquisition corp. ii|athena technology acquisition ii
ATEN,"A10 Networks, Inc.",0001580808,XNYS,US,"a10|a10 networks|a10 networks, inc."
ATER,"Aterian, Inc.",0001757715,XNAS,US,"aterian|aterian, inc."
ATEX,Anterix Inc.,0001304492,XNAS,US,anterix|anterix inc.
ATEYY,ADVANTEST CORP,0001158838,OOTC,US,advantest|advantest corp
ATGL,Alpha Technology Group Ltd,0001967621,XNAS,US,alpha|alpha technology|alpha technology group ltd
ATHE,ALTERITY THERAPEUTICS LTD,0001131343,XNAS,US,alterity|alterity therapeutics|alterity therapeutics ltd
ATHM,Autohome Inc.,0001527636,XNYS,US,autohome|autohome inc.
ATHR,"Aether Holdings, Inc.",0002026353,XNAS,US,"aether|aether holdings, inc."
ATHS,Athene Holding Ltd.,0001527469,XNYS,US,athene|athene holding ltd.
ATI,ATI INC,0001018963,XNYS,US,ati|ati inc
ATII,Archimedes Tech SPAC Partners II Co.,0002028516,XNAS,US,archimedes|archimedes tech|archimedes tech spac partners ii|archimedes tech spac partners ii co.
ATIIU,Archimedes Tech SPAC Partners II Co.,0002028516,XNAS,US,archimedes|archimedes tech|archimedes tech spac partners ii|archimedes tech spac partners ii co.
ATIIW,Archimedes Tech SPAC Partners II Co.,0002028516,XNAS,US,archimedes|archimedes tech|archimedes tech spac partners ii|archimedes tech spac partners ii co.
ATKR,Atkore Inc.,0001666138,XNYS,US,atkore|atkore inc.
ATLC,Atlanticus Holdings Corp,0001464343,XNAS,US,atlanticus|atlanticus holdings corp
ATLCL,Atlanticus Holdings Corp,0001464343,XNAS,US,atlanticus|atlanticus holdings corp
ATLCP,Atlanticus Holdings Corp,0001464343,XNAS,US,atlanticus|atlanticus holdings corp
ATLCZ,Atlanticus Holdings Corp,0001464343,XNAS,US,atlanticus|atlanticus holdings corp
ATLN,ATLANTIC INTERNATIONAL CORP.,0001605888,XNAS,US,atlantic|atlantic international|atlantic international corp.
ATLO,AMES NATIONAL CORP,0001132651,XNAS,US,ames|ames national|ames national corp
ATLX,Atlas Lithium Corp,0001540684,XNAS,US,atlas|atlas lithium|atlas lithium corp
ATMH,"ALL THINGS MOBILE ANALYTIC, INC.",0001484674,OOTC,US,"all|all things|all things mobile analytic|all things mobile analytic, inc."
ATMP,BARCLAYS BANK PLC,0000312070,BATS,US,barclays|barclays bank|barclays bank plc
ATMU,Atmus Filtration Technologies Inc.,0001921963,XNYS,US,atmus|atmus filtration|atmus filtration technologies|atmus filtration technologies inc.
ATNI,"ATN International, Inc.",0000879585,XNAS,US,"atn|atn international|atn international, inc."
ATNM,"Actinium Pharmaceuticals, Inc.",0001388320,XASE,US,"actinium|actinium pharmaceuticals|actinium pharmaceuticals, inc."
ATO,ATMOS ENERGY CORP,0000731802,XNYS,US,atmos|atmos energy|atmos energy corp
ATOM,Atomera Inc,0001420520,XNAS,US,atomera|atomera inc
ATOS,"ATOSSA THERAPEUTICS, INC.",0001488039,XNAS,US,"atossa|atossa therapeutics|atossa therapeutics, inc."
ATPC,Agape ATP Corp,0001713210,XNAS,US,agape|agape atp|agape atp corp
ATR,"APTARGROUP, INC.",0000896622,XNYS,US,"aptargroup|aptargroup, inc."
ATRA,"Atara Biotherapeutics, Inc.",0001604464,XNAS,US,"atara|atara biotherapeutics|atara biotherapeutics, inc."
ATRC,"AtriCure, Inc.",0001323885,XNAS,US,"atricure|atricure, inc."
ATRO,ASTRONICS CORP,0000008063,XNAS,US,astronics|astronics corp
ATROB,ASTRONICS CORP,0000008063,OOTC,US,astronics|astronics corp
ATS,ATS Corp /ATS,0001394832,XNYS,US,ats|ats ats|ats corp /ats
ATVK,"Globaltek Ventures, Inc.",0001530185,OOTC,US,"globaltek|globaltek ventures|globaltek ventures, inc."
ATXG,ADDENTAX GROUP CORP.,0001650101,XNAS,US,addentax|addentax group corp.
ATXI,"AVENUE THERAPEUTICS, INC.",0001644963,OOTC,US,"avenue|avenue therapeutics|avenue therapeutics, inc."
ATYR,aTYR PHARMA INC,0001339970,XNAS,US,atyr|atyr pharma|atyr pharma inc
AU,AngloGold Ashanti PLC,0001973832,XNYS,US,anglogold|anglogold ashanti|anglogold ashanti plc
AUB,Atlantic Union Bankshares Corp,0000883948,XNYS,US,atlantic|atlantic union|atlantic union bankshares|atlantic union bankshares corp
AUBN,"AUBURN NATIONAL BANCORPORATION, INC",0000750574,XNAS,US,"auburn|auburn national|auburn national bancorporation|auburn national bancorporation, inc"
AUDC,AUDIOCODES LTD,0001086434,XNAS,US,audiocodes|audiocodes ltd
AUGCF,AU Gold Corp.,0001839290,OOTC,US,au|au gold|au gold corp.
AUGO,Aura Minerals Inc.,0001468642,XNAS,US,aura|aura minerals|aura minerals inc.
AUIAF,AURANIA RESOURCES LTD.,0001568183,OOTC,US,aurania|aurania resources|aurania resources ltd.
AUID,authID Inc.,0001534154,XNAS,US,authid|authid inc.
AUIWF,AURANIA RESOURCES LTD.,0001568183,OOTC,US,aurania|aurania resources|aurania resources ltd.
AUMN,Golden Minerals Co,0001011509,OOTC,US,golden|golden minerals|golden minerals co
AUNA,AUNA S.A.,0001799207,XNYS,US,auna|auna s.a.
AUPH,Aurinia Pharmaceuticals Inc.,0001600620,XNAS,US,aurinia|aurinia pharmaceuticals|aurinia pharmaceuticals inc.
AUR,"Aurora Innovation, Inc.",0001828108,XNAS,US,"aurora|aurora innovation|aurora innovation, inc."
AURA,"Aura Biosciences, Inc.",0001501796,XNAS,US,"aura|aura biosciences|aura biosciences, inc."
AURE,Aurelion Inc.,0001765850,XNAS,US,aurelion|aurelion inc.
AUROW,"Aurora Innovation, Inc.",0001828108,XNAS,US,"aurora|aurora innovation|aurora innovation, inc."
AURX,"Nuo Therapeutics, Inc.",0001091596,OOTC,US,"nuo|nuo therapeutics|nuo therapeutics, inc."
AUSI,AURA SYSTEMS INC,0000826253,OOTC,US,aura|aura systems|aura systems inc
AUST,Austin Gold Corp.,0001817740,XASE,US,austin|austin gold|austin gold corp.
AUTL,Autolus Therapeutics plc,0001730463,XNAS,US,autolus|autolus therapeutics|autolus therapeutics plc
AUUD,AUDDIA INC.,0001554818,XNAS,US,auddia|auddia inc.
AUXXF,A2 Gold Corp.,0001725603,OOTC,US,a2|a2 gold|a2 gold corp.
AVA,AVISTA CORP,0000104918,XNYS,US,avista|avista corp
AVAH,"Aveanna Healthcare Holdings, Inc.",0001832332,XNAS,US,"aveanna|aveanna healthcare|aveanna healthcare holdings, inc."
AVAI,"AVAI BIO, INC.",0001740797,OOTC,US,"avai|avai bio|avai bio, inc."
AVAL,Grupo Aval Acciones Y Valores S.A.,0001504764,XNYS,US,grupo|grupo aval|grupo aval acciones y valores|grupo aval acciones y valores s.a.
AVAV,AeroVironment Inc,0001368622,XNAS,US,aerovironment|aerovironment inc
AVB,AVALONBAY COMMUNITIES INC,0000915912,XNYS,US,avalonbay|avalonbay communities|avalonbay communities inc
AVBC,"Avidia Bancorp, Inc.",0002058758,XNYS,US,"avidia|avidia bancorp|avidia bancorp, inc."
AVBH,"Avidbank Holdings, Inc.",0001443575,XNAS,US,"avidbank|avidbank holdings, inc."
AVBP,"ArriVent BioPharma, Inc.",0001868279,XNAS,US,"arrivent|arrivent biopharma|arrivent biopharma, inc."
AVCRF,Avricore Health Inc.,0001355736,OOTC,US,avricore|avricore health|avricore health inc.
AVD,AMERICAN VANGUARD CORP,0000005981,XNYS,US,american|american vanguard|american vanguard corp
AVEX,AEVEX Corp.,0002096300,XNYS,US,aevex|aevex corp.
AVGO,Broadcom Inc.,0001730168,XNAS,US,broadcom|broadcom inc.
AVHHL,"AVITA Medical, Inc.",0001762303,OOTC,US,"avita|avita medical|avita medical, inc."
AVIR,"Atea Pharmaceuticals, Inc.",0001593899,XNAS,US,"atea|atea pharmaceuticals|atea pharmaceuticals, inc."
AVK,ADVENT CONVERTIBLE & INCOME FUND,0001219120,XNYS,US,advent|advent convertible|advent convertible & income fund|advent convertible income fund
AVLN,Avalyn Pharma Inc.,0001540171,XNAS,US,avalyn|avalyn pharma|avalyn pharma inc.
AVLNF,Avalon Advanced Materials Inc.,0001362898,OOTC,US,avalon|avalon advanced|avalon advanced materials|avalon advanced materials inc.
AVNI,ARVANA INC,0001113313,OOTC,US,arvana|arvana inc
AVNS,"AVANOS MEDICAL, INC.",0001606498,XNYS,US,"avanos|avanos medical|avanos medical, inc."
AVNT,AVIENT CORP,0001122976,XNYS,US,avient|avient corp
AVNW,"AVIAT NETWORKS, INC.",0001377789,XNAS,US,"aviat|aviat networks|aviat networks, inc."
AVO,"Mission Produce, Inc.",0001802974,XNAS,US,"mission|mission produce|mission produce, inc."
AVPKS,"Arrived Homes 5, LLC",0002032732,OOTC,US,"arrived|arrived homes|arrived homes 5|arrived homes 5, llc"
AVPMF,AVRUPA MINERALS LTD.,0001445467,OOTC,US,avrupa|avrupa minerals|avrupa minerals ltd.
AVPT,"AvePoint, Inc.",0001777921,XNAS,US,"avepoint|avepoint, inc."
AVR,Anteris Technologies Global Corp.,0002011514,XNAS,US,anteris|anteris technologies|anteris technologies global|anteris technologies global corp.
AVSBS,"Arrived Homes 5, LLC",0002032732,OOTC,US,"arrived|arrived homes|arrived homes 5|arrived homes 5, llc"
AVT,AVNET INC,0000008858,XNAS,US,avnet|avnet inc
AVTR,"Avantor, Inc.",0001722482,XNYS,US,"avantor|avantor, inc."
AVTX,"Avalo Therapeutics, Inc.",0001534120,XNAS,US,"avalo|avalo therapeutics|avalo therapeutics, inc."
AVVOF,Avio S.p.A./ADR,0002082141,OOTC,US,avio|avio s|avio s p a|avio s.p.a./adr
AVVSY,Avio S.p.A./ADR,0002082141,OOTC,US,avio|avio s|avio s p a|avio s.p.a./adr
AVX,AVAX ONE TECHNOLOGY LTD.,0001826397,XNAS,US,avax|avax one|avax one technology|avax one technology ltd.
AVXL,ANAVEX LIFE SCIENCES CORP.,0001314052,XNAS,US,anavex|anavex life|anavex life sciences|anavex life sciences corp.
AVY,Avery Dennison Corp,0000008818,XNYS,US,avery|avery dennison|avery dennison corp
AWATY,Air Water Inc./ADR,0002092258,OOTC,US,air|air water|air water inc./adr
AWCA,"Awaysis Capital, Inc.",0001021917,OOTC,US,"awaysis|awaysis capital|awaysis capital, inc."
AWF,ALLIANCEBERNSTEIN GLOBAL HIGH INCOME FUND INC,0000906013,XNYS,US,alliancebernstein|alliancebernstein global|alliancebernstein global high income fund|alliancebernstein global high income fund inc
AWHL,Aspira Women's Health Inc.,0000926617,OOTC,US,aspira|aspira women|aspira women s health|aspira women's health inc.
AWI,ARMSTRONG WORLD INDUSTRIES INC,0000007431,XNYS,US,armstrong|armstrong world|armstrong world industries|armstrong world industries inc
AWK,"American Water Works Company, Inc.",0001410636,XNYS,US,"american|american water|american water works|american water works company, inc."
AWLIF,Ameriwest Critical Metals Inc.,0001866034,OOTC,US,ameriwest|ameriwest critical|ameriwest critical metals|ameriwest critical metals inc.
AWP,abrdn Global Premier Properties Fund,0001390195,XNYS,US,abrdn|abrdn global|abrdn global premier properties fund
AWR,AMERICAN STATES WATER CO,0001056903,XNYS,US,american|american states|american states water|american states water co
AWRE,AWARE INC /MA/,0001015739,XNAS,US,aware|aware inc /ma/|aware ma
AWTRF,Air Water Inc./ADR,0002092258,OOTC,US,air|air water|air water inc./adr
AWX,AVALON HOLDINGS CORP,0001061069,XASE,US,avalon|avalon holdings corp
AX,"Axos Financial, Inc.",0001299709,XNYS,US,"axos|axos financial|axos financial, inc."
AXG,"Solowin Holdings, Ltd.",0001959224,XNAS,US,"solowin|solowin holdings, ltd."
AXGN,"Axogen, Inc.",0000805928,XNAS,US,"axogen|axogen, inc."
AXIA,AXIA Energia S.A.,0001439124,XNYS,US,axia|axia energia|axia energia s.a.
AXIL,"Axil Brands, Inc.",0001718500,XASE,US,"axil|axil brands|axil brands, inc."
AXIM,"AXIM BIOTECHNOLOGIES, INC.",0001514946,OOTC,US,"axim|axim biotechnologies|axim biotechnologies, inc."
AXIN,Axiom Intelligence Acquisition Corp 1,0002057030,XNAS,US,axiom|axiom intelligence|axiom intelligence acquisition 1|axiom intelligence acquisition corp 1
AXINR,Axiom Intelligence Acquisition Corp 1,0002057030,XNAS,US,axiom|axiom intelligence|axiom intelligence acquisition 1|axiom intelligence acquisition corp 1
AXINU,Axiom Intelligence Acquisition Corp 1,0002057030,XNAS,US,axiom|axiom intelligence|axiom intelligence acquisition 1|axiom intelligence acquisition corp 1
AXON,"AXON ENTERPRISE, INC.",0001069183,XNAS,US,"axon|axon enterprise|axon enterprise, inc."
AXP,AMERICAN EXPRESS CO,0000004962,XNYS,US,american|american express|american express co
AXR,AMREP CORP.,0000006207,XNYS,US,amrep|amrep corp.
AXREF,AMARC RESOURCES LTD,0001175596,OOTC,US,amarc|amarc resources|amarc resources ltd
AXS,AXIS CAPITAL HOLDINGS LTD,0001214816,XNYS,US,axis|axis capital|axis capital holdings ltd
AXSM,"Axsome Therapeutics, Inc.",0001579428,XNAS,US,"axsome|axsome therapeutics|axsome therapeutics, inc."
AXTA,Axalta Coating Systems Ltd.,0001616862,XNYS,US,axalta|axalta coating|axalta coating systems|axalta coating systems ltd.
AXTI,AXT INC,0001051627,XNAS,US,axt|axt inc
AYA,Aya Gold & Silver Inc.,0001826836,XNAS,US,aya|aya gold|aya gold & silver inc.|aya gold silver
AYI,ACUITY INC. (DE),0001144215,XNYS,US,acuity|acuity de|acuity inc. (de)
AYRWF,Ayr Wellness Inc.,0001847462,OOTC,US,ayr|ayr wellness|ayr wellness inc.
AYTU,"AYTU BIOPHARMA, INC",0001385818,XNAS,US,"aytu|aytu biopharma|aytu biopharma, inc"
AZ,A2Z CUST2MATE SOLUTIONS CORP.,0001866030,XNAS,US,a2z|a2z cust2mate|a2z cust2mate solutions|a2z cust2mate solutions corp.
AZASF,Arizona Gold & Silver Inc.,0001701599,OOTC,US,arizona|arizona gold|arizona gold & silver inc.|arizona gold silver
AZBLY,Azbil Corporation/ADR,0002108185,OOTC,US,azbil|azbil corporation/adr
AZI,Autozi Internet Technology (Global) Ltd.,0001959726,XNAS,US,autozi|autozi internet|autozi internet technology (global) ltd.|autozi internet technology global
AZLUY,AZUL SA,0001432364,OOTC,US,azul|azul sa
AZN,ASTRAZENECA PLC,0000901832,XNYS,US,astrazeneca|astrazeneca plc
AZO,AUTOZONE INC,0000866787,XNYS,US,autozone|autozone inc
AZTA,"Azenta, Inc.",0000933974,XNAS,US,"azenta|azenta, inc."
AZTR,"Azitra, Inc.",0001701478,XASE,US,"azitra|azitra, inc."
AZZ,AZZ INC,0000008947,XNYS,US,azz|azz inc
AZZTF,Aztec Minerals Corp.,0001706404,OOTC,US,aztec|aztec minerals|aztec minerals corp.
B,BARRICK MINING CORP,0000756894,XNYS,US,barrick|barrick mining|barrick mining corp
BA,BOEING CO,0000012927,XNYS,US,boeing|boeing co
BABA,Alibaba Group Holding Ltd,0001577552,XNYS,US,alibaba|alibaba group holding ltd
BABAF,Alibaba Group Holding Ltd,0001577552,OOTC,US,alibaba|alibaba group holding ltd
BABB,"BAB, INC.",0001123596,OOTC,US,"bab|bab, inc."
BABYF,Else Nutrition Holdings Inc.,0001807936,OOTC,US,else|else nutrition|else nutrition holdings inc.
BAC,BANK OF AMERICA CORP /DE/,0000070858,XNYS,US,bank|bank of|bank of america corp /de/|bank of america de
BACC,Blue Acquisition Corp/Cayman,0002059654,XNAS,US,blue|blue acquisition|blue acquisition cayman|blue acquisition corp/cayman
BACCR,Blue Acquisition Corp/Cayman,0002059654,XNAS,US,blue|blue acquisition|blue acquisition cayman|blue acquisition corp/cayman
BACCU,Blue Acquisition Corp/Cayman,0002059654,XNAS,US,blue|blue acquisition|blue acquisition cayman|blue acquisition corp/cayman
BACK,"IMAC Holdings, Inc.",0001729944,OOTC,US,"imac|imac holdings, inc."
BACRP,BANK OF AMERICA CORP /DE/,0000070858,OOTC,US,bank|bank of|bank of america corp /de/|bank of america de
BAER,"Bridger Aerospace Group Holdings, Inc.",0001941536,XNAS,US,"bridger|bridger aerospace|bridger aerospace group holdings, inc."
BAERW,"Bridger Aerospace Group Holdings, Inc.",0001941536,XNAS,US,"bridger|bridger aerospace|bridger aerospace group holdings, inc."
BAESF,BAE SYSTEMS PLC /FI/,0000895564,OOTC,US,bae|bae systems|bae systems fi|bae systems plc /fi/
BAESY,BAE SYSTEMS PLC /FI/,0000895564,OOTC,US,bae|bae systems|bae systems fi|bae systems plc /fi/
BAFBF,Balfour Beatty plc/ADR,0001506721,OOTC,US,balfour|balfour beatty|balfour beatty plc/adr
BAFN,BayFirst Financial Corp.,0001649739,XNAS,US,bayfirst|bayfirst financial|bayfirst financial corp.
BAH,Booz Allen Hamilton Holding Corp,0001443646,XNYS,US,booz|booz allen|booz allen hamilton|booz allen hamilton holding corp
BAIDF,"Baidu, Inc.",0001329099,OOTC,US,"baidu|baidu, inc."
BAK,BRASKEM SA,0001071438,XNYS,US,braskem|braskem sa
BAKR,Baker Global Asset Management Inc.,0001904616,OOTC,US,baker|baker global|baker global asset management|baker global asset management inc.
BALL,BALL Corp,0000009389,XNYS,US,ball|ball corp
BALY,Bally's Corp,0001747079,XNYS,US,bally|bally s|bally's corp
BAM,Brookfield Asset Management Ltd.,0001937926,XNYS,US,brookfield|brookfield asset|brookfield asset management|brookfield asset management ltd.
BAMGF,BROOKFIELD Corp /ON/,0001001085,OOTC,US,brookfield|brookfield corp /on/|brookfield on
BAMKF,BROOKFIELD Corp /ON/,0001001085,OOTC,US,brookfield|brookfield corp /on/|brookfield on
BAMXF,Bayerische Motoren Werke AG/ADR,0001446250,OOTC,US,bayerische|bayerische motoren|bayerische motoren werke|bayerische motoren werke ag/adr
BANC,"BANC OF CALIFORNIA, INC.",0001169770,XNYS,US,"banc|banc of|banc of california|banc of california, inc."
BAND,Bandwidth Inc.,0001514416,XNAS,US,bandwidth|bandwidth inc.
BANF,BANCFIRST CORP /OK/,0000760498,XNAS,US,bancfirst|bancfirst corp /ok/|bancfirst ok
BANFP,BANCFIRST CORP /OK/,0000760498,XNAS,US,bancfirst|bancfirst corp /ok/|bancfirst ok
BANL,CBL International Ltd,0001914805,XNAS,US,cbl|cbl international|cbl international ltd
BANR,BANNER CORP,0000946673,XNAS,US,banner|banner corp
BANX,ArrowMark Financial Corp.,0001578987,XNAS,US,arrowmark|arrowmark financial|arrowmark financial corp.
BAOS,Baosheng Media Group Holdings Ltd,0001811216,XNAS,US,baosheng|baosheng media|baosheng media group holdings ltd
BAP,CREDICORP LTD,0001001290,XNYS,US,credicorp|credicorp ltd
BAR,GraniteShares Gold Trust,0001690437,ARCX,US,graniteshares|graniteshares gold|graniteshares gold trust
BARK,"Bark, Inc.",0001819574,XNYS,US,"bark|bark, inc."
BASA,"BASANITE, INC.",0001448705,OOTC,US,"basanite|basanite, inc."
BATL,BATTALION OIL CORP,0001282648,XASE,US,battalion|battalion oil|battalion oil corp
BATRA,"Atlanta Braves Holdings, Inc.",0001958140,XNAS,US,"atlanta|atlanta braves|atlanta braves holdings, inc."
BATRB,"Atlanta Braves Holdings, Inc.",0001958140,OOTC,US,"atlanta|atlanta braves|atlanta braves holdings, inc."
BATRK,"Atlanta Braves Holdings, Inc.",0001958140,XNAS,US,"atlanta|atlanta braves|atlanta braves holdings, inc."
BAVA,Bitwise Avalanche ETF,0002086017,ARCX,US,bitwise|bitwise avalanche|bitwise avalanche etf
BAWAY,BAWAG Group AG/ADR,0001968385,OOTC,US,bawag|bawag group ag/adr
BAX,BAXTER INTERNATIONAL INC,0000010456,XNYS,US,baxter|baxter international|baxter international inc
BAYA,Bayview Acquisition Corp,0001969475,XNAS,US,bayview|bayview acquisition|bayview acquisition corp
BAYAR,Bayview Acquisition Corp,0001969475,XNAS,US,bayview|bayview acquisition|bayview acquisition corp
BAYAU,Bayview Acquisition Corp,0001969475,XNAS,US,bayview|bayview acquisition|bayview acquisition corp
BB,BLACKBERRY Ltd,0001070235,XNYS,US,blackberry|blackberry ltd
BBAI,"BigBear.ai Holdings, Inc.",0001836981,XNYS,US,"bigbear|bigbear ai|bigbear.ai holdings, inc."
BBAR,Banco BBVA Argentina S.A.,0000913059,XNYS,US,banco|banco bbva|banco bbva argentina|banco bbva argentina s.a.
BBBMF,Lux Metals Corp.,0001829809,OOTC,US,lux|lux metals|lux metals corp.
BBBXF,Brixton Metals Corp,0001548958,OOTC,US,brixton|brixton metals|brixton metals corp
BBBY,"BED BATH & BEYOND, INC.",0001130713,XNYS,US,"bed|bed bath|bed bath & beyond, inc.|bed bath beyond"
BBCP,"Concrete Pumping Holdings, Inc.",0001703956,XNAS,US,"concrete|concrete pumping|concrete pumping holdings, inc."
BBCQ,Bleichroeder Acquisition Corp. II,0002088295,XNAS,US,bleichroeder|bleichroeder acquisition|bleichroeder acquisition corp. ii|bleichroeder acquisition ii
BBCQU,Bleichroeder Acquisition Corp. II,0002088295,XNAS,US,bleichroeder|bleichroeder acquisition|bleichroeder acquisition corp. ii|bleichroeder acquisition ii
BBCQW,Bleichroeder Acquisition Corp. II,0002088295,XNAS,US,bleichroeder|bleichroeder acquisition|bleichroeder acquisition corp. ii|bleichroeder acquisition ii
BBD,BANK BRADESCO,0001160330,XNYS,US,bank|bank bradesco
BBDC,"Barings BDC, Inc.",0001379785,XNYS,US,"barings|barings bdc|barings bdc, inc."
BBDO,BANK BRADESCO,0001160330,XNYS,US,bank|bank bradesco
BBGI,BEASLEY BROADCAST GROUP INC,0001099160,XNAS,US,beasley|beasley broadcast|beasley broadcast group inc
BBIO,"BridgeBio Pharma, Inc.",0001743881,XNAS,US,"bridgebio|bridgebio pharma|bridgebio pharma, inc."
BBLG,Bone Biologics Corp,0001419554,XNAS,US,bone|bone biologics|bone biologics corp
BBLGW,Bone Biologics Corp,0001419554,XNAS,US,bone|bone biologics|bone biologics corp
BBLR,Bubblr Inc.,0001873722,OOTC,US,bubblr|bubblr inc.
BBN,BlackRock Taxable Municipal Bond Trust,0001493683,XNYS,US,blackrock|blackrock taxable|blackrock taxable municipal bond|blackrock taxable municipal bond trust
BBNX,"Beta Bionics, Inc.",0001674632,XNAS,US,"beta|beta bionics|beta bionics, inc."
BBOT,"BridgeBio Oncology Therapeutics, Inc.",0001869105,XNAS,US,"bridgebio|bridgebio oncology|bridgebio oncology therapeutics|bridgebio oncology therapeutics, inc."
BBSI,BARRETT BUSINESS SERVICES INC,0000902791,XNAS,US,barrett|barrett business|barrett business services|barrett business services inc
BBT,Beacon Financial Corp,0001108134,XNYS,US,beacon|beacon financial|beacon financial corp
BBUC,Brookfield Business Corp,0001654795,XNYS,US,brookfield|brookfield business|brookfield business corp
BBVA,"BANCO BILBAO VIZCAYA ARGENTARIA, S.A.",0000842180,XNYS,US,"banco|banco bilbao|banco bilbao vizcaya argentaria|banco bilbao vizcaya argentaria, s.a."
BBVXF,"BANCO BILBAO VIZCAYA ARGENTARIA, S.A.",0000842180,OOTC,US,"banco|banco bilbao|banco bilbao vizcaya argentaria|banco bilbao vizcaya argentaria, s.a."
BBW,BUILD-A-BEAR WORKSHOP INC,0001113809,XNYS,US,build|build a|build a bear workshop|build-a-bear workshop inc
BBWI,"Bath & Body Works, Inc.",0000701985,XNYS,US,"bath|bath & body works, inc.|bath body|bath body works"
BBXIA,"BBX Capital, Inc.",0001814974,OOTC,US,"bbx|bbx capital|bbx capital, inc."
BBXIB,"BBX Capital, Inc.",0001814974,OOTC,US,"bbx|bbx capital|bbx capital, inc."
BBY,BEST BUY CO INC,0000764478,XNYS,US,best|best buy|best buy co inc
BC,BRUNSWICK CORP,0000014930,XNYS,US,brunswick|brunswick corp
BCAB,"BioAtla, Inc.",0001826892,XNAS,US,"bioatla|bioatla, inc."
BCAEF,BCE INC,0000718940,OOTC,US,bce|bce inc
BCAL,California BanCorp \ CA,0001795815,XNAS,US,california|california bancorp|california bancorp \ ca|california bancorp ca
BCAR,D. Boral ARC Acquisition I Corp.,0002065779,XNAS,US,d boral|d boral arc acquisition i|d. boral arc acquisition i corp.
BCARU,D. Boral ARC Acquisition I Corp.,0002065779,XNAS,US,d boral|d boral arc acquisition i|d. boral arc acquisition i corp.
BCARW,D. Boral ARC Acquisition I Corp.,0002065779,XNAS,US,d boral|d boral arc acquisition i|d. boral arc acquisition i corp.
BCAT,BlackRock Capital Allocation Term Trust,0001809541,XNYS,US,blackrock|blackrock capital|blackrock capital allocation term|blackrock capital allocation term trust
BCAX,Bicara Therapeutics Inc.,0002023658,XNAS,US,bicara|bicara therapeutics|bicara therapeutics inc.
BCBP,BCB BANCORP INC,0001228454,XNAS,US,bcb|bcb bancorp|bcb bancorp inc
BCC,BOISE CASCADE Co,0001328581,XNYS,US,boise|boise cascade|boise cascade co
BCDA,"BioCardia, Inc.",0000925741,XNAS,US,"biocardia|biocardia, inc."
BCDRF,"Banco Santander, S.A.",0000891478,OOTC,US,"banco|banco santander|banco santander, s.a."
BCE,BCE INC,0000718940,XNYS,US,bce|bce inc
BCEFF,BCE INC,0000718940,OOTC,US,bce|bce inc
BCEIF,BCE INC,0000718940,OOTC,US,bce|bce inc
BCENF,BCE INC,0000718940,OOTC,US,bce|bce inc
BCEPF,BCE INC,0000718940,OOTC,US,bce|bce inc
BCEXF,BCE INC,0000718940,OOTC,US,bce|bce inc
BCG,"Binah Capital Group, Inc.",0001953984,XNAS,US,"binah|binah capital|binah capital group, inc."
BCGWW,"Binah Capital Group, Inc.",0001953984,XNAS,US,"binah|binah capital|binah capital group, inc."
BCH,BANK OF CHILE,0001161125,XNYS,US,bank|bank of|bank of chile
BCHG,Grayscale Bitcoin Cash Trust (BCH),0001732409,OOTC,US,grayscale|grayscale bitcoin|grayscale bitcoin cash bch|grayscale bitcoin cash trust (bch)
BCHT,Birchtech Corp.,0000728385,XASE,US,birchtech|birchtech corp.
BCIC,BCP Investment Corp,0001372807,XNAS,US,bcp|bcp investment|bcp investment corp
BCKIF,Babcock International Group PLC/ADR,0001516323,OOTC,US,babcock|babcock international|babcock international group plc/adr
BCLGY,BALTIC CLASSIFIEDS GROUP PLC/ADR,0002127862,OOTC,US,baltic|baltic classifieds|baltic classifieds group plc/adr
BCLI,BRAINSTORM CELL THERAPEUTICS INC.,0001137883,OOTC,US,brainstorm|brainstorm cell|brainstorm cell therapeutics|brainstorm cell therapeutics inc.
BCLYF,BARCLAYS PLC,0000312069,OOTC,US,barclays|barclays plc
BCML,BayCom Corp,0001730984,XNAS,US,baycom|baycom corp
BCO,BRINKS CO,0000078890,XNYS,US,brinks|brinks co
BCOW,"1895 Bancorp of Wisconsin, Inc. /MD/",0001847360,OOTC,US,"1895|1895 bancorp|1895 bancorp of wisconsin md|1895 bancorp of wisconsin, inc. /md/"
BCPC,BALCHEM CORP,0000009326,XNAS,US,balchem|balchem corp
BCPPF,BCE INC,0000718940,OOTC,US,bce|bce inc
BCRD,"BlueOne Technologies, Inc.",0001496690,OOTC,US,"blueone|blueone technologies|blueone technologies, inc."
BCRX,BIOCRYST PHARMACEUTICALS INC,0000882796,XNAS,US,biocryst|biocryst pharmaceuticals|biocryst pharmaceuticals inc
BCS,BARCLAYS PLC,0000312069,XNYS,US,barclays|barclays plc
BCSF,"Bain Capital Specialty Finance, Inc.",0001655050,XNYS,US,"bain|bain capital|bain capital specialty finance|bain capital specialty finance, inc."
BCSS,Bain Capital GSS Investment Corp.,0002064355,XNYS,US,bain|bain capital|bain capital gss investment|bain capital gss investment corp.
BCTF,"Bancorp 34, Inc.",0001668340,OOTC,US,"bancorp|bancorp 34|bancorp 34, inc."
BCTX,BriaCell Therapeutics Corp.,0001610820,XNAS,US,briacell|briacell therapeutics|briacell therapeutics corp.
BCTXL,BriaCell Therapeutics Corp.,0001610820,XNAS,US,briacell|briacell therapeutics|briacell therapeutics corp.
BCTXZ,BriaCell Therapeutics Corp.,0001610820,XNAS,US,briacell|briacell therapeutics|briacell therapeutics corp.
BCUCF,Brunello Cucinelli S.p.A./ADR,0001581285,OOTC,US,brunello|brunello cucinelli|brunello cucinelli s p a|brunello cucinelli s.p.a./adr
BCUFF,Bell Copper Corp,0001477201,OOTC,US,bell|bell copper|bell copper corp
BCV,BANCROFT FUND LTD,0000009521,XASE,US,bancroft|bancroft fund|bancroft fund ltd
BCX,BlackRock Resources & Commodities Strategy Trust,0001506289,XNYS,US,blackrock|blackrock resources|blackrock resources & commodities strategy trust|blackrock resources commodities strategy
BCYC,BICYCLE THERAPEUTICS PLC,0001761612,XNAS,US,bicycle|bicycle therapeutics|bicycle therapeutics plc
BDC,BELDEN INC.,0000913142,XNYS,US,belden|belden inc.
BDCC,Blackwell 3D Construction Corp.,0001495648,OOTC,US,blackwell|blackwell 3d|blackwell 3d construction|blackwell 3d construction corp.
BDCI,BTC Development Corp.,0002042292,XNAS,US,btc|btc development|btc development corp.
BDCIU,BTC Development Corp.,0002042292,XNAS,US,btc|btc development|btc development corp.
BDCIW,BTC Development Corp.,0002042292,XNAS,US,btc|btc development|btc development corp.
BDCO,BLUE DOLPHIN ENERGY CO,0000793306,OOTC,US,blue|blue dolphin|blue dolphin energy|blue dolphin energy co
BDCTF,BuildDirect.com Technologies Inc.,0001576159,OOTC,US,builddirect|builddirect com|builddirect com technologies|builddirect.com technologies inc.
BDCX,UBS AG,0001114446,ARCX,US,ubs|ubs ag
BDCZ,UBS AG,0001114446,ARCX,US,ubs|ubs ag
BDJ,BlackRock Enhanced Equity Dividend Trust,0001332283,XNYS,US,blackrock|blackrock enhanced|blackrock enhanced equity dividend|blackrock enhanced equity dividend trust
BDL,FLANIGANS ENTERPRISES INC,0000012040,XASE,US,flanigans|flanigans enterprises|flanigans enterprises inc
BDMD,Baird Medical Investment Holdings Ltd,0001982444,XNAS,US,baird|baird medical|baird medical investment|baird medical investment holdings ltd
BDMDW,Baird Medical Investment Holdings Ltd,0001982444,XNAS,US,baird|baird medical|baird medical investment|baird medical investment holdings ltd
BDN,BRANDYWINE REALTY TRUST,0000790816,XNYS,US,brandywine|brandywine realty|brandywine realty trust
BDPT,"BIOADAPTIVES, INC.",0001575142,OOTC,US,"bioadaptives|bioadaptives, inc."
BDRX,Biodexa Pharmaceuticals Plc,0001643918,XNAS,US,biodexa|biodexa pharmaceuticals|biodexa pharmaceuticals plc
BDRY,Amplify Commodity Trust,0001610940,ARCX,US,amplify|amplify commodity|amplify commodity trust
BDSX,BIODESIX INC,0001439725,XNAS,US,biodesix|biodesix inc
BDTB,Bodhi Tree Biotechnology Inc,0002041531,OOTC,US,bodhi|bodhi tree|bodhi tree biotechnology|bodhi tree biotechnology inc
BDTX,"Black Diamond Therapeutics, Inc.",0001701541,XNAS,US,"black|black diamond|black diamond therapeutics|black diamond therapeutics, inc."
BDX,BECTON DICKINSON & CO,0000010795,XNYS,US,becton|becton dickinson|becton dickinson & co
BE,Bloom Energy Corp,0001664703,XNYS,US,bloom|bloom energy|bloom energy corp
BEAG,Bold Eagle Acquisition Corp.,0001852207,XNAS,US,bold|bold eagle|bold eagle acquisition|bold eagle acquisition corp.
BEAGR,Bold Eagle Acquisition Corp.,0001852207,XNAS,US,bold|bold eagle|bold eagle acquisition|bold eagle acquisition corp.
BEAGU,Bold Eagle Acquisition Corp.,0001852207,XNAS,US,bold|bold eagle|bold eagle acquisition|bold eagle acquisition corp.
BEAM,Beam Therapeutics Inc.,0001745999,XNAS,US,beam|beam therapeutics|beam therapeutics inc.
BEAT,"HeartBeam, Inc.",0001779372,XNAS,US,"heartbeam|heartbeam, inc."
BEATW,"HeartBeam, Inc.",0001779372,XNAS,US,"heartbeam|heartbeam, inc."
BEBE,TGE Value Creative Solutions Corp,0002079933,XNYS,US,tge|tge value|tge value creative solutions|tge value creative solutions corp
BECEF,BCE INC,0000718940,OOTC,US,bce|bce inc
BEEM,Beam Global,0001398805,XNAS,US,beam|beam global
BEEP,Mobile Infrastructure Corp,0001847874,XNAS,US,mobile|mobile infrastructure|mobile infrastructure corp
BEIGF,BeOne Medicines Ltd.,0001651308,OOTC,US,beone|beone medicines|beone medicines ltd.
BEKE,KE Holdings Inc.,0001809587,XNYS,US,ke|ke holdings inc.
BELFA,BEL FUSE INC /NJ,0000729580,XNAS,US,bel|bel fuse|bel fuse inc /nj|bel fuse nj
BELFB,BEL FUSE INC /NJ,0000729580,XNAS,US,bel|bel fuse|bel fuse inc /nj|bel fuse nj
BELGF,Bellevue Gold Ltd./ADR,0002127839,OOTC,US,bellevue|bellevue gold|bellevue gold ltd./adr
BEN,FRANKLIN RESOURCES INC,0000038777,XNYS,US,franklin|franklin resources|franklin resources inc
BENF,Beneficient,0001775734,XNAS,US,beneficient
BENFW,Beneficient,0001775734,XNAS,US,beneficient
BEOB,BEO BANCORP,0001480170,OOTC,US,beo|beo bancorp
BEP,Brookfield Renewable Partners L.P.,0001533232,XNYS,US,brookfield|brookfield renewable|brookfield renewable partners|brookfield renewable partners l.p.
BEPC,Brookfield Renewable Corp,0001791863,XNYS,US,brookfield|brookfield renewable|brookfield renewable corp
BEPH,Brookfield Renewable Partners L.P.,0001533232,XNYS,US,brookfield|brookfield renewable|brookfield renewable partners|brookfield renewable partners l.p.
BEPI,Brookfield Renewable Partners L.P.,0001533232,XNYS,US,brookfield|brookfield renewable|brookfield renewable partners|brookfield renewable partners l.p.
BEPJ,Brookfield Renewable Partners L.P.,0001533232,XNYS,US,brookfield|brookfield renewable|brookfield renewable partners|brookfield renewable partners l.p.
BERZ,BANK OF MONTREAL /CAN/,0000927971,ARCX,US,bank|bank of|bank of montreal /can/|bank of montreal can
BESS,Bimergen Energy Corp,0001066764,XASE,US,bimergen|bimergen energy|bimergen energy corp
BETA,"BETA Technologies, Inc.",0001784570,XNYS,US,"beta|beta technologies|beta technologies, inc."
BETR,Better Home & Finance Holding Co,0001835856,XNAS,US,better|better home|better home & finance holding co|better home finance
BETRF,BetterLife Pharma Inc.,0001464165,OOTC,US,betterlife|betterlife pharma|betterlife pharma inc.
BETRW,Better Home & Finance Holding Co,0001835856,XNAS,US,better|better home|better home & finance holding co|better home finance
BEWFF,BEWHERE HOLDINGS INC,0001113152,OOTC,US,bewhere|bewhere holdings inc
BFAM,BRIGHT HORIZONS FAMILY SOLUTIONS INC.,0001437578,XNYS,US,bright|bright horizons|bright horizons family solutions|bright horizons family solutions inc.
BFC,Bank First Corp,0001746109,XNAS,US,bank|bank first|bank first corp
BFGFD,GIANT MINING CORP.,0001836503,OOTC,US,giant|giant mining|giant mining corp.
BFH,"BREAD FINANCIAL HOLDINGS, INC.",0001101215,XNYS,US,"bread|bread financial|bread financial holdings, inc."
BFLY,"Butterfly Network, Inc.",0001804176,XNYS,US,"butterfly|butterfly network|butterfly network, inc."
BFNH,"BIOFORCE NANOSCIENCES HOLDINGS, INC.",0001310488,OOTC,US,"bioforce|bioforce nanosciences|bioforce nanosciences holdings, inc."
BFRG,"BullFrog AI Holdings, Inc.",0001829247,XNAS,US,"bullfrog|bullfrog ai|bullfrog ai holdings, inc."
BFRGW,"BullFrog AI Holdings, Inc.",0001829247,XNAS,US,"bullfrog|bullfrog ai|bullfrog ai holdings, inc."
BFRI,Biofrontera Inc.,0001858685,XNAS,US,biofrontera|biofrontera inc.
BFRIW,Biofrontera Inc.,0001858685,XNAS,US,biofrontera|biofrontera inc.
BFS,"SAUL CENTERS, INC.",0000907254,XNYS,US,"saul|saul centers|saul centers, inc."
BFST,"Business First Bancshares, Inc.",0001624322,XNAS,US,"business|business first|business first bancshares|business first bancshares, inc."
BG,Bunge Global SA,0001996862,XNYS,US,bunge|bunge global|bunge global sa
BGAVF,Bravada Gold Corp,0001500620,OOTC,US,bravada|bravada gold|bravada gold corp
BGB,Blackstone Strategic Credit 2027 Term Fund,0001546429,XNYS,US,blackstone|blackstone strategic|blackstone strategic credit 2027 term fund
BGC,"BGC Group, Inc.",0001094831,XNAS,US,"bgc|bgc group, inc."
BGDE,"Big Digital Energy, Inc.",0001218683,XNAS,US,"big|big digital|big digital energy|big digital energy, inc."
BGH,BARINGS GLOBAL SHORT DURATION HIGH YIELD FUND,0001521404,XNYS,US,barings|barings global|barings global short duration high yield fund
BGI,BIRKS GROUP INC.,0001179821,XASE,US,birks|birks group inc.
BGIN,BGIN BLOCKCHAIN Ltd,0001945565,XNAS,US,bgin|bgin blockchain|bgin blockchain ltd
BGL,Blue Gold Ltd,0002019435,XNAS,US,blue|blue gold|blue gold ltd
BGLC,BioNexus Gene Lab Corp,0001737523,XNAS,US,bionexus|bionexus gene|bionexus gene lab|bionexus gene lab corp
BGLWW,Blue Gold Ltd,0002019435,XNAS,US,blue|blue gold|blue gold ltd
BGM,BGM Group Ltd.,0001779578,XNAS,US,bgm|bgm group ltd.
BGMS,"Bio Green Med Solution, Inc.",0001130166,XNAS,US,"bio|bio green|bio green med solution|bio green med solution, inc."
BGMSP,"Bio Green Med Solution, Inc.",0001130166,OOTC,US,"bio|bio green|bio green med solution|bio green med solution, inc."
BGR,BlackRock Energy & Resources Trust,0001306550,XNYS,US,blackrock|blackrock energy|blackrock energy & resources trust|blackrock energy resources
BGS,"B&G Foods, Inc.",0001278027,XNYS,US,"b g|b g foods|b&g foods, inc."
BGSF,"BGSF, INC.",0001474903,XNYS,US,"bgsf|bgsf, inc."
BGSI,Boyd Group Services Inc.,0002091467,XNYS,US,boyd|boyd group services inc.|boyd services
BGT,BLACKROCK FLOATING RATE INCOME TRUST,0001287480,XNYS,US,blackrock|blackrock floating|blackrock floating rate income|blackrock floating rate income trust
BGTCF,"Beijing Geekplus Technology Co., Ltd./ADR",0002098425,OOTC,US,"beijing|beijing geekplus|beijing geekplus technology|beijing geekplus technology co., ltd./adr"
BGX,Blackstone Long-Short Credit Income Fund,0001504234,XNYS,US,blackstone|blackstone long|blackstone long short credit income fund|blackstone long-short credit income fund
BGY,BlackRock Enhanced International Dividend Trust,0001393299,XNYS,US,blackrock|blackrock enhanced|blackrock enhanced international dividend|blackrock enhanced international dividend trust
BH,Biglari Holdings Inc.,0001726173,XNYS,US,biglari|biglari holdings inc.
BHATF,Blue Hat Interactive Entertainment Technology,0001759136,OOTC,US,blue|blue hat|blue hat interactive entertainment technology
BHAV,BHAV Acquisition Corp,0002097288,XNAS,US,bhav|bhav acquisition|bhav acquisition corp
BHAVR,BHAV Acquisition Corp,0002097288,XNAS,US,bhav|bhav acquisition|bhav acquisition corp
BHAVU,BHAV Acquisition Corp,0002097288,XNAS,US,bhav|bhav acquisition|bhav acquisition corp
BHB,BAR HARBOR BANKSHARES,0000743367,XASE,US,bar|bar harbor|bar harbor bankshares
BHC,Bausch Health Companies Inc.,0000885590,XNYS,US,bausch|bausch health|bausch health companies|bausch health companies inc.
BHE,BENCHMARK ELECTRONICS INC,0000863436,XNYS,US,benchmark|benchmark electronics|benchmark electronics inc
BHF,"Brighthouse Financial, Inc.",0001685040,XNAS,US,"brighthouse|brighthouse financial|brighthouse financial, inc."
BHFAL,"Brighthouse Financial, Inc.",0001685040,XNAS,US,"brighthouse|brighthouse financial|brighthouse financial, inc."
BHFAM,"Brighthouse Financial, Inc.",0001685040,XNAS,US,"brighthouse|brighthouse financial|brighthouse financial, inc."
BHFAN,"Brighthouse Financial, Inc.",0001685040,XNAS,US,"brighthouse|brighthouse financial|brighthouse financial, inc."
BHFAO,"Brighthouse Financial, Inc.",0001685040,XNAS,US,"brighthouse|brighthouse financial|brighthouse financial, inc."
BHFAP,"Brighthouse Financial, Inc.",0001685040,XNAS,US,"brighthouse|brighthouse financial|brighthouse financial, inc."
BHIC,"BioScience Health Innovations, Inc.",0001784440,OOTC,US,"bioscience|bioscience health|bioscience health innovations|bioscience health innovations, inc."
BHK,BLACKROCK CORE BOND TRUST,0001160864,XNYS,US,blackrock|blackrock core|blackrock core bond|blackrock core bond trust
BHLL,Bunker Hill Mining Corp.,0001407583,OOTC,US,bunker|bunker hill|bunker hill mining|bunker hill mining corp.
BHM,"Bluerock Homes Trust, Inc.",0001903382,XASE,US,"bluerock|bluerock homes|bluerock homes trust, inc."
BHP,BHP Group Ltd,0000811809,XNYS,US,bhp|bhp group ltd
BHPLF,BHP Group Ltd,0000811809,OOTC,US,bhp|bhp group ltd
BHR,Braemar Hotels & Resorts Inc.,0001574085,XNYS,US,braemar|braemar hotels|braemar hotels & resorts inc.|braemar hotels resorts
BHRB,Burke & Herbert Financial Services Corp.,0001964333,XNAS,US,burke|burke & herbert financial services corp.|burke herbert|burke herbert financial services
BHSIF,BAYHORSE SILVER INC.,0001432588,OOTC,US,bayhorse|bayhorse silver|bayhorse silver inc.
BHST,BIOHARVEST SCIENCES INC.,0001723464,XNAS,US,bioharvest|bioharvest sciences|bioharvest sciences inc.
BHTGY,"Beijing Haizhi Technology Group Co., Ltd./ADR",0002125951,OOTC,US,"beijing|beijing haizhi|beijing haizhi technology|beijing haizhi technology group co., ltd./adr"
BHV,BLACKROCK VIRGINIA MUNICIPAL BOND TRUST,0001169034,XNYS,US,blackrock|blackrock virginia|blackrock virginia municipal bond|blackrock virginia municipal bond trust
BHVN,Biohaven Ltd.,0001935979,XNYS,US,biohaven|biohaven ltd.
BHYP,Bitwise Hyperliquid ETF,0002088139,ARCX,US,bitwise|bitwise hyperliquid|bitwise hyperliquid etf
BIAF,"bioAffinity Technologies, Inc.",0001712762,XNAS,US,"bioaffinity|bioaffinity technologies|bioaffinity technologies, inc."
BIAFW,"bioAffinity Technologies, Inc.",0001712762,XNAS,US,"bioaffinity|bioaffinity technologies|bioaffinity technologies, inc."
BICX,BioCorRx Inc.,0001443863,OOTC,US,biocorrx|biocorrx inc.
BIDU,"Baidu, Inc.",0001329099,XNAS,US,"baidu|baidu, inc."
BIIB,BIOGEN INC.,0000875045,XNAS,US,biogen|biogen inc.
BIII,Black Spade Acquisition III Co,0002087087,XNYS,US,black|black spade|black spade acquisition iii|black spade acquisition iii co
BILI,Bilibili Inc.,0001723690,XNAS,US,bilibili|bilibili inc.
BILL,"BILL Holdings, Inc.",0001786352,XNYS,US,"bill|bill holdings, inc."
BINI,"BOLLINGER INNOVATIONS, INC.",0001499961,OOTC,US,"bollinger|bollinger innovations|bollinger innovations, inc."
BIO,"BIO-RAD LABORATORIES, INC.",0000012208,XNYS,US,"bio|bio rad|bio rad laboratories|bio-rad laboratories, inc."
BIOA,"BioAge Labs, Inc.",0001709941,XNAS,US,"bioage|bioage labs|bioage labs, inc."
BIOE,Bio Essence Corp,0001723059,OOTC,US,bio|bio essence|bio essence corp
BIOF,"BLUE BIOFUELS, INC.",0001549145,OOTC,US,"blue|blue biofuels|blue biofuels, inc."
BIOX,Bioceres Crop Solutions Corp.,0001769484,XNAS,US,bioceres|bioceres crop|bioceres crop solutions|bioceres crop solutions corp.
BIP,Brookfield Infrastructure Partners L.P.,0001406234,XNYS,US,brookfield|brookfield infrastructure|brookfield infrastructure partners|brookfield infrastructure partners l.p.
BIPC,Brookfield Infrastructure Corp,0001788348,XNYS,US,brookfield|brookfield infrastructure|brookfield infrastructure corp
BIPH,Brookfield Infrastructure Partners L.P.,0001406234,XNYS,US,brookfield|brookfield infrastructure|brookfield infrastructure partners|brookfield infrastructure partners l.p.
BIPI,Brookfield Infrastructure Partners L.P.,0001406234,XNYS,US,brookfield|brookfield infrastructure|brookfield infrastructure partners|brookfield infrastructure partners l.p.
BIPJ,Brookfield Infrastructure Partners L.P.,0001406234,XNYS,US,brookfield|brookfield infrastructure|brookfield infrastructure partners|brookfield infrastructure partners l.p.
BIRD,"Allbirds, Inc.",0001653909,XNAS,US,"allbirds|allbirds, inc."
BIREF,Birchcliff Energy Ltd./ADR,0002073268,OOTC,US,birchcliff|birchcliff energy|birchcliff energy ltd./adr
BIREY,Birchcliff Energy Ltd./ADR,0002073268,OOTC,US,birchcliff|birchcliff energy|birchcliff energy ltd./adr
BIRK,Birkenstock Holding plc,0001977102,XNYS,US,birkenstock|birkenstock holding plc
BIT,BlackRock Multi-Sector Income Trust,0001562818,XNYS,US,blackrock|blackrock multi|blackrock multi sector income|blackrock multi-sector income trust
BITB,Bitwise Bitcoin ETF,0001763415,ARCX,US,bitwise|bitwise bitcoin|bitwise bitcoin etf
BITTF,BITTERROOT RESOURCES LTD,0001028357,OOTC,US,bitterroot|bitterroot resources|bitterroot resources ltd
BITW,Bitwise 10 Crypto Index ETF,0001723788,ARCX,US,bitwise|bitwise 10|bitwise 10 crypto index etf
BIVI,BIOVIE INC.,0001580149,XNAS,US,biovie|biovie inc.
BIVIW,BIOVIE INC.,0001580149,XNAS,US,biovie|biovie inc.
BIXI,Bitcoin Infrastructure Acquisition Corp Ltd,0002082542,XNAS,US,bitcoin|bitcoin infrastructure|bitcoin infrastructure acquisition|bitcoin infrastructure acquisition corp ltd
BIXIU,Bitcoin Infrastructure Acquisition Corp Ltd,0002082542,XNAS,US,bitcoin|bitcoin infrastructure|bitcoin infrastructure acquisition|bitcoin infrastructure acquisition corp ltd
BIXIW,Bitcoin Infrastructure Acquisition Corp Ltd,0002082542,XNAS,US,bitcoin|bitcoin infrastructure|bitcoin infrastructure acquisition|bitcoin infrastructure acquisition corp ltd
BIXT,"BIOXYTRAN, INC",0001445815,OOTC,US,"bioxytran|bioxytran, inc"
BIYA,Baiya International Group Inc.,0001944712,XNAS,US,baiya|baiya international|baiya international group inc.
BJ,"BJ's Wholesale Club Holdings, Inc.",0001531152,XNYS,US,"bj|bj s|bj s wholesale club|bj's wholesale club holdings, inc."
BJDX,"Bluejay Diagnostics, Inc.",0001704287,XNAS,US,"bluejay|bluejay diagnostics|bluejay diagnostics, inc."
BJGPY,"Beijing Geekplus Technology Co., Ltd./ADR",0002098425,OOTC,US,"beijing|beijing geekplus|beijing geekplus technology|beijing geekplus technology co., ltd./adr"
BJRI,BJs RESTAURANTS INC,0001013488,XNAS,US,bjs|bjs restaurants|bjs restaurants inc
BK,Bank of New York Mellon Corp,0001390777,XNYS,US,bank|bank of|bank of new york mellon|bank of new york mellon corp
BKAMF,BROOKFIELD Corp /ON/,0001001085,OOTC,US,brookfield|brookfield corp /on/|brookfield on
BKD,Brookdale Senior Living Inc.,0001332349,XNYS,US,brookdale|brookdale senior|brookdale senior living|brookdale senior living inc.
BKE,BUCKLE INC,0000885245,XNYS,US,buckle|buckle inc
BKFAF,BROOKFIELD Corp /ON/,0001001085,OOTC,US,brookfield|brookfield corp /on/|brookfield on
BKFDF,BROOKFIELD Corp /ON/,0001001085,OOTC,US,brookfield|brookfield corp /on/|brookfield on
BKFOF,BROOKFIELD Corp /ON/,0001001085,OOTC,US,brookfield|brookfield corp /on/|brookfield on
BKFPF,BROOKFIELD Corp /ON/,0001001085,OOTC,US,brookfield|brookfield corp /on/|brookfield on
BKH,BLACK HILLS CORP /SD/,0001130464,XNYS,US,black|black hills|black hills corp /sd/|black hills sd
BKHA,Black Hawk Acquisition Corp,0002000775,XNAS,US,black|black hawk|black hawk acquisition|black hawk acquisition corp
BKHAR,Black Hawk Acquisition Corp,0002000775,XNAS,US,black|black hawk|black hawk acquisition|black hawk acquisition corp
BKHAU,Black Hawk Acquisition Corp,0002000775,XNAS,US,black|black hawk|black hawk acquisition|black hawk acquisition corp
BKKT,"Bakkt, Inc.",0001820302,XNYS,US,"bakkt|bakkt, inc."
BKLPF,PT Bukalapak.com Tbk/ADR,0001884130,OOTC,US,pt|pt bukalapak|pt bukalapak com tbk|pt bukalapak.com tbk/adr
BKNG,Booking Holdings Inc.,0001075531,XNAS,US,booking|booking holdings inc.
BKPA,BROOKFIELD Corp /ON/,0001001085,OOTC,US,brookfield|brookfield corp /on/|brookfield on
BKPKF,Bank Pekao S.A./ADR,0002075877,OOTC,US,bank|bank pekao|bank pekao s.a./adr
BKR,Baker Hughes Co,0001701605,XNAS,US,baker|baker hughes|baker hughes co
BKRRF,BLACKROCK SILVER CORP.,0001699906,OOTC,US,blackrock|blackrock silver|blackrock silver corp.
BKSC,BANK OF SOUTH CAROLINA CORP,0001007273,OOTC,US,bank|bank of|bank of south carolina|bank of south carolina corp
BKSY,BlackSky Technology Inc.,0001753539,XNYS,US,blacksky|blacksky technology|blacksky technology inc.
BKT,"BLACKROCK INCOME TRUST, INC.",0000832327,XNYS,US,"blackrock|blackrock income|blackrock income trust, inc."
BKTH,MEGOLA INC,0001144392,OOTC,US,megola|megola inc
BKTI,BK Technologies Corp,0000002186,XASE,US,bk|bk technologies|bk technologies corp
BKU,"BankUnited, Inc.",0001504008,XNYS,US,"bankunited|bankunited, inc."
BKUCF,BLUE SKY URANIUM CORP.,0001463978,OOTC,US,blue|blue sky|blue sky uranium|blue sky uranium corp.
BKV,BKV Corp,0001838406,XNYS,US,bkv|bkv corp
BKYI,BIO KEY INTERNATIONAL INC,0001019034,OOTC,US,bio|bio key|bio key international|bio key international inc
BKZHF,Santander Bank Polska SA/ADR,0001459334,OOTC,US,santander|santander bank|santander bank polska|santander bank polska sa/adr
BKZHY,Santander Bank Polska SA/ADR,0001459334,OOTC,US,santander|santander bank|santander bank polska|santander bank polska sa/adr
BL,"BLACKLINE, INC.",0001666134,XNAS,US,"blackline|blackline, inc."
BLBD,Blue Bird Corp,0001589526,XNAS,US,blue|blue bird|blue bird corp
BLBLF,Bilibili Inc.,0001723690,OOTC,US,bilibili|bilibili inc.
BLCO,Bausch & Lomb Corp,0001860742,XNYS,US,bausch|bausch & lomb corp|bausch lomb
BLD,TopBuild Corp,0001633931,XNYS,US,topbuild|topbuild corp
BLDP,Ballard Power Systems Inc.,0001453015,XNAS,US,ballard|ballard power|ballard power systems|ballard power systems inc.
BLDR,"Builders FirstSource, Inc.",0001316835,XNYS,US,"builders|builders firstsource|builders firstsource, inc."
BLFBY,Balfour Beatty plc/ADR,0001506721,OOTC,US,balfour|balfour beatty|balfour beatty plc/adr
BLFS,BIOLIFE SOLUTIONS INC,0000834365,XNAS,US,biolife|biolife solutions|biolife solutions inc
BLGO,"BIOLARGO, INC.",0000880242,OOTC,US,"biolargo|biolargo, inc."
BLHWF,BELIMO Holding AG/ADR,0002109234,OOTC,US,belimo|belimo holding ag/adr
BLIN,"Bridgeline Digital, Inc.",0001378590,XNAS,US,"bridgeline|bridgeline digital|bridgeline digital, inc."
BLIS,"NAPC Defense, Inc.",0001703625,OOTC,US,"napc|napc defense|napc defense, inc."
BLIV,BeLive Holdings,0001982448,XNAS,US,belive|belive holdings
BLK,"BlackRock, Inc.",0002012383,XNYS,US,"blackrock|blackrock, inc."
BLKB,BLACKBAUD INC,0001280058,XNAS,US,blackbaud|blackbaud inc
BLLN,"BillionToOne, Inc.",0002070849,XNAS,US,"billiontoone|billiontoone, inc."
BLMH,"BLUM HOLDINGS, INC.",0001996210,OOTC,US,"blum|blum holdings, inc."
BLMN,"Bloomin' Brands, Inc.",0001546417,XNAS,US,"bloomin|bloomin brands|bloomin' brands, inc."
BLMOY,BELIMO Holding AG/ADR,0002109234,OOTC,US,belimo|belimo holding ag/adr
BLMZF,Harrison Global Holdings Inc.,0001984014,OOTC,US,harrison|harrison global|harrison global holdings inc.
BLNC,"Balance Labs, Inc.",0001632121,OOTC,US,"balance|balance labs|balance labs, inc."
BLND,"Blend Labs, Inc.",0001855747,XNYS,US,"blend|blend labs|blend labs, inc."
BLNE,"Beeline Holdings, Inc.",0001534708,XNAS,US,"beeline|beeline holdings, inc."
BLNH,"Blue Line Holdings, Inc.",0002029586,OOTC,US,"blue|blue line|blue line holdings, inc."
BLNK,Blink Charging Co.,0001429764,XNAS,US,blink|blink charging|blink charging co.
BLPG,"Blue Line Protection Group, Inc.",0001416697,OOTC,US,"blue|blue line|blue line protection|blue line protection group, inc."
BLRK,Bluerock Acquisition Corp.,0002081532,XNAS,US,bluerock|bluerock acquisition|bluerock acquisition corp.
BLRKU,Bluerock Acquisition Corp.,0002081532,XNAS,US,bluerock|bluerock acquisition|bluerock acquisition corp.
BLRKW,Bluerock Acquisition Corp.,0002081532,XNAS,US,bluerock|bluerock acquisition|bluerock acquisition corp.
BLRX,BioLineRx Ltd.,0001498403,XNAS,US,biolinerx|biolinerx ltd.
BLSH,Bullish,0001872195,XNYS,US,bullish
BLTE,"BELITE BIO, INC",0001889109,XNAS,US,"belite|belite bio|belite bio, inc"
BLTH,"AMERICAN BATTERY MATERIALS, INC.",0001487718,OOTC,US,"american|american battery|american battery materials|american battery materials, inc."
BLUW,Blue Water Acquisition Corp. III,0002050501,XNAS,US,blue|blue water|blue water acquisition corp. iii|blue water acquisition iii
BLUWU,Blue Water Acquisition Corp. III,0002050501,XNAS,US,blue|blue water|blue water acquisition corp. iii|blue water acquisition iii
BLUWW,Blue Water Acquisition Corp. III,0002050501,XNAS,US,blue|blue water|blue water acquisition corp. iii|blue water acquisition iii
BLW,BLACKROCK Ltd DURATION INCOME TRUST,0001233681,XNYS,US,blackrock|blackrock duration|blackrock duration income|blackrock ltd duration income trust
BLX,"FOREIGN TRADE BANK OF LATIN AMERICA, INC.",0000890541,XNYS,US,"foreign|foreign trade|foreign trade bank of latin america|foreign trade bank of latin america, inc."
BLZE,"Backblaze, Inc.",0001462056,XNAS,US,"backblaze|backblaze, inc."
BLZR,Trailblazer Acquisition Corp.,0002075310,XNAS,US,trailblazer|trailblazer acquisition|trailblazer acquisition corp.
BLZRU,Trailblazer Acquisition Corp.,0002075310,XNAS,US,trailblazer|trailblazer acquisition|trailblazer acquisition corp.
BLZRW,Trailblazer Acquisition Corp.,0002075310,XNAS,US,trailblazer|trailblazer acquisition|trailblazer acquisition corp.
BMA,Macro Bank Inc.,0001347426,XNYS,US,macro|macro bank|macro bank inc.
BMBL,Bumble Inc.,0001830043,XNAS,US,bumble|bumble inc.
BMBN,BENCHMARK BANKSHARES INC,0000804563,OOTC,US,benchmark|benchmark bankshares|benchmark bankshares inc
BMDPF,BANCA MONTE DEI PASCHI DI SIENA SPA,0001002788,OOTC,US,banca|banca monte|banca monte dei paschi di siena spa
BME,BlackRock Health Sciences Trust,0001314966,XNYS,US,blackrock|blackrock health|blackrock health sciences|blackrock health sciences trust
BMEA,"Biomea Fusion, Inc.",0001840439,XNAS,US,"biomea|biomea fusion|biomea fusion, inc."
BMEZ,BlackRock Health Sciences Term Trust,0001785971,XNYS,US,blackrock|blackrock health|blackrock health sciences term|blackrock health sciences term trust
BMGL,Basel Medical Group Ltd,0002004489,XNAS,US,basel|basel medical|basel medical group ltd
BMHL,Bluemount Holdings Ltd,0002027815,XNAS,US,bluemount|bluemount holdings ltd
BMI,BADGER METER INC,0000009092,XNYS,US,badger|badger meter|badger meter inc
BMM,Blue Moon Metals Inc.,0001732379,XNAS,US,blue|blue moon|blue moon metals|blue moon metals inc.
BMN,BlackRock 2037 Municipal Target Term Trust,0001832871,XNYS,US,blackrock|blackrock 2037|blackrock 2037 municipal target term|blackrock 2037 municipal target term trust
BMNM,"BIMINI CAPITAL MANAGEMENT, INC.",0001275477,OOTC,US,"bimini|bimini capital|bimini capital management|bimini capital management, inc."
BMNR,"BITMINE IMMERSION TECHNOLOGIES, INC.",0001829311,XNYS,US,"bitmine|bitmine immersion|bitmine immersion technologies|bitmine immersion technologies, inc."
BMO,BANK OF MONTREAL /CAN/,0000927971,XNYS,US,bank|bank of|bank of montreal /can/|bank of montreal can
BMPA,"BMP AI Technologies, Inc.",0001130781,OOTC,US,"bmp|bmp ai|bmp ai technologies|bmp ai technologies, inc."
BMR,Beamr Imaging Ltd.,0001899005,XNAS,US,beamr|beamr imaging|beamr imaging ltd.
BMRA,BIOMERICA INC,0000073290,XNAS,US,biomerica|biomerica inc
BMRC,Bank of Marin Bancorp,0001403475,XNAS,US,bank|bank of|bank of marin bancorp
BMRN,BIOMARIN PHARMACEUTICAL INC,0001048477,XNAS,US,biomarin|biomarin pharmaceutical|biomarin pharmaceutical inc
BMRPF,B&M European Value Retail S.A./ADR,0001671235,OOTC,US,b m|b m european value retail|b&m european value retail s.a./adr
BMRRY,B&M European Value Retail S.A./ADR,0001671235,OOTC,US,b m|b m european value retail|b&m european value retail s.a./adr
BMTM,"Bright Mountain Media, Inc.",0001568385,OOTC,US,"bright|bright mountain|bright mountain media|bright mountain media, inc."
BMWKY,Bayerische Motoren Werke AG/ADR,0001446250,OOTC,US,bayerische|bayerische motoren|bayerische motoren werke|bayerische motoren werke ag/adr
BMXI,BROOKMOUNT EXPLORATIONS INC,0001122993,OOTC,US,brookmount|brookmount explorations|brookmount explorations inc
BMY,BRISTOL MYERS SQUIBB CO,0000014272,XNYS,US,bristol|bristol myers|bristol myers squibb|bristol myers squibb co
BN,BROOKFIELD Corp /ON/,0001001085,XNYS,US,brookfield|brookfield corp /on/|brookfield on
BNAI,Brand Engagement Network Inc.,0001838163,XNAS,US,brand|brand engagement|brand engagement network|brand engagement network inc.
BNAIW,Brand Engagement Network Inc.,0001838163,XNAS,US,brand|brand engagement|brand engagement network|brand engagement network inc.
BNBX,BNB PLUS CORP.,0000744452,XNAS,US,bnb|bnb plus|bnb plus corp.
BNC,CEA Industries Inc.,0001482541,XNAS,US,cea|cea industries|cea industries inc.
BNCWW,CEA Industries Inc.,0001482541,XNAS,US,cea|cea industries|cea industries inc.
BNCWZ,CEA Industries Inc.,0001482541,XNAS,US,cea|cea industries|cea industries inc.
BNED,"Barnes & Noble Education, Inc.",0001634117,XNYS,US,"barnes|barnes & noble education, inc.|barnes noble|barnes noble education"
BNET,BION ENVIRONMENTAL TECHNOLOGIES INC,0000875729,OOTC,US,bion|bion environmental|bion environmental technologies|bion environmental technologies inc
BNGO,"Bionano Genomics, Inc.",0001411690,XNAS,US,"bionano|bionano genomics|bionano genomics, inc."
BNH,BROOKFIELD Corp /ON/,0001001085,XNYS,US,brookfield|brookfield corp /on/|brookfield on
BNIGF,Beroni Group Ltd,0001851651,OOTC,US,beroni|beroni group ltd
BNJ,BROOKFIELD Corp /ON/,0001001085,XNYS,US,brookfield|brookfield corp /on/|brookfield on
BNKD,BANK OF MONTREAL /CAN/,0000927971,ARCX,US,bank|bank of|bank of montreal /can/|bank of montreal can
BNKK,"BONK, INC.",0001760903,XNAS,US,"bonk|bonk, inc."
BNKU,BANK OF MONTREAL /CAN/,0000927971,ARCX,US,bank|bank of|bank of montreal /can/|bank of montreal can
BNL,"Broadstone Net Lease, Inc.",0001424182,XNYS,US,"broadstone|broadstone net|broadstone net lease|broadstone net lease, inc."
BNO,"United States Brent Oil Fund, LP",0001472494,ARCX,US,"united|united states|united states brent oil fund|united states brent oil fund, lp"
BNR,Burning Rock Biotech Ltd,0001792267,XNAS,US,burning|burning rock|burning rock biotech|burning rock biotech ltd
BNRG,Brenmiller Energy Ltd.,0001901215,XNAS,US,brenmiller|brenmiller energy|brenmiller energy ltd.
BNS,BANK OF NOVA SCOTIA,0000009631,XNYS,US,bank|bank of|bank of nova scotia
BNSOF,BONSO ELECTRONICS INTERNATIONAL INC,0000846546,OOTC,US,bonso|bonso electronics|bonso electronics international|bonso electronics international inc
BNT,Brookfield Wealth Solutions Ltd.,0001837429,XNYS,US,brookfield|brookfield wealth|brookfield wealth solutions|brookfield wealth solutions ltd.
BNTC,Benitec Biopharma Inc.,0001808898,XNAS,US,benitec|benitec biopharma|benitec biopharma inc.
BNTX,BioNTech SE,0001776985,XNAS,US,biontech|biontech se
BNZI,"Banzai International, Inc.",0001826011,XNAS,US,"banzai|banzai international|banzai international, inc."
BNZIW,"Banzai International, Inc.",0001826011,XNAS,US,"banzai|banzai international|banzai international, inc."
BOBS,"Bob's Discount Furniture, Inc.",0002085187,XNYS,US,"bob|bob s|bob s discount furniture|bob's discount furniture, inc."
BOC,BOSTON OMAHA Corp,0001494582,XNYS,US,boston|boston omaha|boston omaha corp
BODI,"Beachbody Company, Inc.",0001826889,XNAS,US,"beachbody|beachbody company, inc."
BODYW,"Beachbody Company, Inc.",0001826889,OOTC,US,"beachbody|beachbody company, inc."
BOE,BlackRock Enhanced Global Dividend Trust,0001320375,XNYS,US,blackrock|blackrock enhanced|blackrock enhanced global dividend|blackrock enhanced global dividend trust
BOF,BranchOut Food Inc.,0001962481,XNAS,US,branchout|branchout food|branchout food inc.
BOH,BANK OF HAWAII CORP,0000046195,XNYS,US,bank|bank of|bank of hawaii|bank of hawaii corp
BOIL,ProShares Trust II,0001415311,ARCX,US,proshares|proshares ii|proshares trust ii
BOKF,BOK FINANCIAL CORP,0000875357,XNAS,US,bok|bok financial|bok financial corp
BOLD,"Boundless Bio, Inc.",0001782303,XNAS,US,"boundless|boundless bio|boundless bio, inc."
BOLT,"Bolt Biotherapeutics, Inc.",0001641281,XNAS,US,"bolt|bolt biotherapeutics|bolt biotherapeutics, inc."
BON,Bon Natural Life Ltd,0001816815,XNAS,US,bon|bon natural|bon natural life|bon natural life ltd
BONXF,BONTERRA RESOURCES INC.,0001544770,OOTC,US,bonterra|bonterra resources|bonterra resources inc.
BOOM,DMC Global Inc.,0000034067,XNAS,US,dmc|dmc global|dmc global inc.
BOOT,"Boot Barn Holdings, Inc.",0001610250,XNYS,US,"boot|boot barn|boot barn holdings, inc."
BORAY,"Bora Pharmaceuticals Co., Ltd./ADR",0002097461,OOTC,US,"bora|bora pharmaceuticals|bora pharmaceuticals co., ltd./adr"
BORR,Borr Drilling Ltd,0001715497,XNYS,US,borr|borr drilling|borr drilling ltd
BOSC,BOS BETTER ONLINE SOLUTIONS LTD,0001005516,XNAS,US,bos|bos better|bos better online solutions|bos better online solutions ltd
BOT,"RoboStrategy, Inc.",0002081119,XNAS,US,"robostrategy|robostrategy, inc."
BOTJ,BANK OF THE JAMES FINANCIAL GROUP INC,0001275101,XNAS,US,bank|bank of|bank of james financial|bank of the james financial group inc
BOTY,"LINGERIE FIGHTING CHAMPIONSHIPS, INC.",0001407704,OOTC,US,"lingerie|lingerie fighting|lingerie fighting championships|lingerie fighting championships, inc."
BOW,Bowhead Specialty Holdings Inc.,0002002473,XNYS,US,bowhead|bowhead specialty|bowhead specialty holdings inc.
BOX,BOX INC,0001372612,XNYS,US,box|box inc
BOXL,Boxlight Corp,0001624512,XNAS,US,boxlight|boxlight corp
BP,BP PLC,0000313807,XNYS,US,bp|bp plc
BPAC,Blueport Acquisition Ltd,0002064177,XNAS,US,blueport|blueport acquisition|blueport acquisition ltd
BPACR,Blueport Acquisition Ltd,0002064177,XNAS,US,blueport|blueport acquisition|blueport acquisition ltd
BPACU,Blueport Acquisition Ltd,0002064177,XNAS,US,blueport|blueport acquisition|blueport acquisition ltd
BPAQF,BP PLC,0000313807,OOTC,US,bp|bp plc
BPOP,"POPULAR, INC.",0000763901,XNAS,US,"popular|popular, inc."
BPOPM,"POPULAR, INC.",0000763901,XNAS,US,"popular|popular, inc."
BPOPO,"POPULAR, INC.",0000763901,OOTC,US,"popular|popular, inc."
BPPFF,BP PLC,0000313807,OOTC,US,bp|bp plc
BPRE,Bluerock Private Real Estate Fund,0001551047,XNYS,US,bluerock|bluerock private|bluerock private real estate fund
BPRN,"Princeton Bancorp, Inc.",0001913971,XNAS,US,"princeton|princeton bancorp|princeton bancorp, inc."
BPTH,"BIO-PATH HOLDINGS, INC.",0001133818,OOTC,US,"bio|bio path|bio-path holdings, inc."
BPYPM,Brookfield Property Partners L.P.,0001545772,XNAS,US,brookfield|brookfield property|brookfield property partners|brookfield property partners l.p.
BPYPN,Brookfield Property Partners L.P.,0001545772,XNAS,US,brookfield|brookfield property|brookfield property partners|brookfield property partners l.p.
BPYPO,Brookfield Property Partners L.P.,0001545772,XNAS,US,brookfield|brookfield property|brookfield property partners|brookfield property partners l.p.
BPYPP,Brookfield Property Partners L.P.,0001545772,XNAS,US,brookfield|brookfield property|brookfield property partners|brookfield property partners l.p.
BQ,Boqii Holding Ltd,0001815021,XASE,US,boqii|boqii holding ltd
BQST,Bioquest Corp,0001568628,OOTC,US,bioquest|bioquest corp
BR,"BROADRIDGE FINANCIAL SOLUTIONS, INC.",0001383312,XNYS,US,"broadridge|broadridge financial|broadridge financial solutions|broadridge financial solutions, inc."
BRAG,Bragg Gaming Group Inc.,0001867834,XNAS,US,bragg|bragg gaming|bragg gaming group inc.
BRAI,Braiin Ltd,0002076975,XNAS,US,braiin|braiin ltd
BRBI,BRBI BR Partners S.A.,0002058601,XNAS,US,brbi|brbi br|brbi br partners|brbi br partners s.a.
BRBR,"BELLRING BRANDS, INC.",0001772016,XNYS,US,"bellring|bellring brands|bellring brands, inc."
BRBS,"BLUE RIDGE BANKSHARES, INC.",0000842717,XASE,US,"blue|blue ridge|blue ridge bankshares|blue ridge bankshares, inc."
BRC,BRADY CORP,0000746598,XNYS,US,brady|brady corp
BRCB,"Black Rock Coffee Bar, Inc.",0002068577,XNAS,US,"black|black rock|black rock coffee bar|black rock coffee bar, inc."
BRCC,BRC Inc.,0001891101,XNYS,US,brc|brc inc.
BRCFF,BROOKFIELD Corp /ON/,0001001085,OOTC,US,brookfield|brookfield corp /on/|brookfield on
BRCNF,Burcon NutraScience Corp,0001158399,OOTC,US,burcon|burcon nutrascience|burcon nutrascience corp
BRELY,Brazilian Rare Earths Limited/ADR,0002018463,OOTC,US,brazilian|brazilian rare|brazilian rare earths|brazilian rare earths limited/adr
BRETF,Brazilian Rare Earths Limited/ADR,0002018463,OOTC,US,brazilian|brazilian rare|brazilian rare earths|brazilian rare earths limited/adr
BREZU,Breeze Acquisition Corp. II,0002095443,XNAS,US,breeze|breeze acquisition|breeze acquisition corp. ii|breeze acquisition ii
BRFCF,BROOKFIELD Corp /ON/,0001001085,OOTC,US,brookfield|brookfield corp /on/|brookfield on
BRFH,BARFRESH FOOD GROUP INC.,0001487197,XNAS,US,barfresh|barfresh food|barfresh food group inc.
BRGX,"BIOREGENX, INC.",0001593184,OOTC,US,"bioregenx|bioregenx, inc."
BRIA,BrilliA Inc,0002000230,XASE,US,brillia|brillia inc
BRID,BRIDGFORD FOODS CORP,0000014177,XNAS,US,bridgford|bridgford foods|bridgford foods corp
BRIPF,Brookfield Infrastructure Partners L.P.,0001406234,OOTC,US,brookfield|brookfield infrastructure|brookfield infrastructure partners|brookfield infrastructure partners l.p.
BRKCF,BARKSDALE RESOURCES CORP.,0001019742,OOTC,US,barksdale|barksdale resources|barksdale resources corp.
BRKR,BRUKER CORP,0001109354,XNAS,US,bruker|bruker corp
BRKRP,BRUKER CORP,0001109354,XNAS,US,bruker|bruker corp
BRLS,Borealis Foods Inc.,0001852973,XNAS,US,borealis|borealis foods|borealis foods inc.
BRLSW,Borealis Foods Inc.,0001852973,XNAS,US,borealis|borealis foods|borealis foods inc.
BRLT,"Brilliant Earth Group, Inc.",0001866757,XNAS,US,"brilliant|brilliant earth|brilliant earth group, inc."
BRN,BARNWELL INDUSTRIES INC,0000010048,XASE,US,barnwell|barnwell industries|barnwell industries inc
BRNS,Barinthus Biotherapeutics plc.,0001828185,XNAS,US,barinthus|barinthus biotherapeutics|barinthus biotherapeutics plc.
BRO,"BROWN & BROWN, INC.",0000079282,XNYS,US,"brown|brown & brown, inc.|brown brown"
BROS,Dutch Bros Inc.,0001866581,XNYS,US,dutch|dutch bros|dutch bros inc.
BROXF,BROOKFIELD Corp /ON/,0001001085,OOTC,US,brookfield|brookfield corp /on/|brookfield on
BRPSF,BROOKFIELD Corp /ON/,0001001085,OOTC,US,brookfield|brookfield corp /on/|brookfield on
BRQL,DYNAMIC AEROSPACE SYSTEMS Corp,0001854526,OOTC,US,dynamic|dynamic aerospace|dynamic aerospace systems|dynamic aerospace systems corp
BRQSF,"Borqs Technologies, Inc.",0001650575,OOTC,US,"borqs|borqs technologies|borqs technologies, inc."
BRR,"ProCap Financial, Inc.",0002076163,XNAS,US,"procap|procap financial|procap financial, inc."
BRRN,Bryn Inc.,0001397795,OOTC,US,bryn|bryn inc.
BRRR,CoinShares Bitcoin ETF,0001841175,XNAS,US,coinshares|coinshares bitcoin|coinshares bitcoin etf
BRRWW,"ProCap Financial, Inc.",0002076163,XNAS,US,"procap|procap financial|procap financial, inc."
BRSL,Brightstar Lottery PLC,0001619762,XNYS,US,brightstar|brightstar lottery|brightstar lottery plc
BRSP,"BrightSpire Capital, Inc.",0001717547,XNYS,US,"brightspire|brightspire capital|brightspire capital, inc."
BRSYF,Brainsway Ltd.,0001505065,OOTC,US,brainsway|brainsway ltd.
BRT,BRT Apartments Corp.,0000014846,XNYS,US,brt|brt apartments|brt apartments corp.
BRTX,"BioRestorative Therapies, Inc.",0001505497,XNAS,US,"biorestorative|biorestorative therapies|biorestorative therapies, inc."
BRUN,Boost Run Inc.,0002090646,XNAS,US,boost|boost run|boost run inc.
BRUNW,Boost Run Inc.,0002090646,XNAS,US,boost|boost run|boost run inc.
BRVMF,Bravo Mining Corp.,0001913288,OOTC,US,bravo|bravo mining|bravo mining corp.
BRVO,Bravo Multinational Inc.,0001444839,OOTC,US,bravo|bravo multinational|bravo multinational inc.
BRW,Saba Capital Income & Opportunities Fund,0000826020,XNYS,US,saba|saba capital|saba capital income & opportunities fund|saba capital income opportunities fund
BRWC,Birdie Win Corp,0001873213,OOTC,US,birdie|birdie win|birdie win corp
BRX,Brixmor Property Group Inc.,0001581068,XNYS,US,brixmor|brixmor property|brixmor property group inc.
BRZE,"Braze, Inc.",0001676238,XNAS,US,"braze|braze, inc."
BSAA,BEST SPAC I Acquisition Corp.,0002051587,XNAS,US,best|best spac|best spac i acquisition|best spac i acquisition corp.
BSAAR,BEST SPAC I Acquisition Corp.,0002051587,XNAS,US,best|best spac|best spac i acquisition|best spac i acquisition corp.
BSAAU,BEST SPAC I Acquisition Corp.,0002051587,XNAS,US,best|best spac|best spac i acquisition|best spac i acquisition corp.
BSAC,BANCO SANTANDER CHILE,0001027552,XNYS,US,banco|banco santander|banco santander chile
BSAI,BLUSKY AI INC.,0001416090,OOTC,US,blusky|blusky ai|blusky ai inc.
BSBK,Bogota Financial Corp.,0001787414,XNAS,US,bogota|bogota financial|bogota financial corp.
BSBR,Banco Santander (Brasil) S.A.,0001471055,XNYS,US,banco|banco santander|banco santander (brasil) s.a.|banco santander brasil
BSEM,BIOSTEM TECHNOLOGIES,0001658678,OOTC,US,biostem|biostem technologies
BSET,BASSETT FURNITURE INDUSTRIES INC,0000010329,XNAS,US,bassett|bassett furniture|bassett furniture industries|bassett furniture industries inc
BSFC,Blue Star Foods Corp.,0001730773,OOTC,US,blue|blue star|blue star foods|blue star foods corp.
BSL,Blackstone Senior Floating Rate 2027 Term Fund,0001486298,XNYS,US,blackstone|blackstone senior|blackstone senior floating rate 2027 term fund
BSLK,"Bolt Projects Holdings, Inc.",0001841125,OOTC,US,"bolt|bolt projects|bolt projects holdings, inc."
BSLKW,"Bolt Projects Holdings, Inc.",0001841125,OOTC,US,"bolt|bolt projects|bolt projects holdings, inc."
BSM,"Black Stone Minerals, L.P.",0001621434,XNYS,US,"black|black stone|black stone minerals|black stone minerals, l.p."
BSOL,Bitwise Solana Staking ETF,0002045872,ARCX,US,bitwise|bitwise solana|bitwise solana staking etf
BSPA,"Ballston Spa Bancorp, Inc.",0002094107,OOTC,US,"ballston|ballston spa|ballston spa bancorp|ballston spa bancorp, inc."
BSPK,"Bespoke Extracts, Inc.",0001409197,OOTC,US,"bespoke|bespoke extracts|bespoke extracts, inc."
BSQKZ,"Block, Inc.",0001512673,OOTC,US,"block|block, inc."
BSRR,SIERRA BANCORP,0001130144,XNAS,US,sierra|sierra bancorp
BST,BlackRock Science & Technology Trust,0001616678,XNYS,US,blackrock|blackrock science|blackrock science & technology trust|blackrock science technology
BSTT,"Blackstone Real Estate Income Trust, Inc.",0001662972,OOTC,US,"blackstone|blackstone real|blackstone real estate income|blackstone real estate income trust, inc."
BSTZ,BlackRock Science & Technology Term Trust,0001768666,XNYS,US,blackrock|blackrock science|blackrock science & technology term trust|blackrock science technology term
BSVN,Bank7 Corp.,0001746129,XNAS,US,bank7|bank7 corp.
BSX,BOSTON SCIENTIFIC CORP,0000885725,XNYS,US,boston|boston scientific|boston scientific corp
BSY,BENTLEY SYSTEMS INC,0001031308,XNAS,US,bentley|bentley systems|bentley systems inc
BTAFF,British American Tobacco p.l.c.,0001303523,OOTC,US,british|british american|british american tobacco p l c|british american tobacco p.l.c.
BTAI,"BioXcel Therapeutics, Inc.",0001720893,XNAS,US,"bioxcel|bioxcel therapeutics|bioxcel therapeutics, inc."
BTBD,"BT Brands, Inc.",0001718224,XNAS,US,"bt|bt brands|bt brands, inc."
BTBDW,"BT Brands, Inc.",0001718224,XNAS,US,"bt|bt brands|bt brands, inc."
BTBT,"Bit Digital, Inc",0001710350,XNAS,US,"bit|bit digital|bit digital, inc"
BTC,Grayscale Bitcoin Mini Trust ETF,0002015034,ARCX,US,grayscale|grayscale bitcoin|grayscale bitcoin mini etf|grayscale bitcoin mini trust etf
BTCO,Invesco Galaxy Bitcoin ETF,0001855781,BATS,US,invesco|invesco galaxy|invesco galaxy bitcoin etf
BTCS,BTCS Inc.,0001436229,XNAS,US,btcs|btcs inc.
BTCT,BTC Digital Ltd.,0001796514,XNAS,US,btc|btc digital|btc digital ltd.
BTCW,WisdomTree Bitcoin Fund,0001850391,BATS,US,wisdomtree|wisdomtree bitcoin|wisdomtree bitcoin fund
BTCY,BIOTRICITY INC.,0001630113,OOTC,US,biotricity|biotricity inc.
BTDPF,Barratt Developments PLC/ADR,0001516324,OOTC,US,barratt|barratt developments|barratt developments plc/adr
BTDPY,Barratt Developments PLC/ADR,0001516324,OOTC,US,barratt|barratt developments|barratt developments plc/adr
BTDR,Bitdeer Technologies Group,0001899123,XNAS,US,bitdeer|bitdeer technologies|bitdeer technologies group
BTE,BAYTEX ENERGY CORP.,0001279495,XNYS,US,baytex|baytex energy|baytex energy corp.
BTG,B2GOLD CORP,0001429937,XASE,US,b2gold|b2gold corp
BTGO,"BITGO HOLDINGS, INC.",0001740604,XNYS,US,"bitgo|bitgo holdings, inc."
BTGRF,BTS Group Holdings Public Co Limited/ADR,0001546538,OOTC,US,bts|bts group holdings public co limited/adr|bts public
BTI,British American Tobacco p.l.c.,0001303523,XNYS,US,british|british american|british american tobacco p l c|british american tobacco p.l.c.
BTLWF,BTS Group Holdings Public Co Limited/ADR,0001546538,OOTC,US,bts|bts group holdings public co limited/adr|bts public
BTM,Bitcoin Depot Inc.,0001901799,XNAS,US,bitcoin|bitcoin depot|bitcoin depot inc.
BTMD,biote Corp.,0001819253,XNAS,US,biote|biote corp.
BTMWW,Bitcoin Depot Inc.,0001901799,XNAS,US,bitcoin|bitcoin depot|bitcoin depot inc.
BTO,JOHN HANCOCK FINANCIAL OPPORTUNITIES FUND,0000925683,XNYS,US,john|john hancock|john hancock financial opportunities fund
BTOC,Armlogi Holding Corp.,0001972529,XNAS,US,armlogi|armlogi holding corp.
BTOG,BIT ORIGIN Ltd,0001735556,XNAS,US,bit|bit origin|bit origin ltd
BTQ,BTQ Technologies Corp.,0001821866,XNAS,US,btq|btq technologies|btq technologies corp.
BTSG,"BrightSpring Health Services, Inc.",0001865782,XNAS,US,"brightspring|brightspring health|brightspring health services|brightspring health services, inc."
BTSGU,"BrightSpring Health Services, Inc.",0001865782,XNAS,US,"brightspring|brightspring health|brightspring health services|brightspring health services, inc."
BTT,BlackRock Municipal 2030 Target Term Trust,0001528437,XNYS,US,blackrock|blackrock municipal|blackrock municipal 2030 target term|blackrock municipal 2030 target term trust
BTTC,Black Titan Corp,0002034400,XNAS,US,black|black titan|black titan corp
BTU,PEABODY ENERGY CORP,0001064728,XNYS,US,peabody|peabody energy|peabody energy corp
BTX,BlackRock Technology & Private Equity Term Trust,0001836057,XNYS,US,blackrock|blackrock technology|blackrock technology & private equity term trust|blackrock technology private equity term
BTZ,BLACKROCK CREDIT ALLOCATION INCOME TRUST,0001379384,XNYS,US,blackrock|blackrock credit|blackrock credit allocation income|blackrock credit allocation income trust
BUD,Anheuser-Busch InBev SA/NV,0001668717,XNYS,US,anheuser|anheuser busch|anheuser busch inbev|anheuser-busch inbev sa/nv
BUDA,"BUDA JUICE, INC.",0002079720,XASE,US,"buda|buda juice|buda juice, inc."
BUDFF,Anheuser-Busch InBev SA/NV,0001668717,OOTC,US,anheuser|anheuser busch|anheuser busch inbev|anheuser-busch inbev sa/nv
BUDZ,"WEED, INC.",0001393772,OOTC,US,"weed|weed, inc."
BUGDF,Bumrungrad Hospital Public Co Limited/ADR,0001547870,OOTC,US,bumrungrad|bumrungrad hospital|bumrungrad hospital public|bumrungrad hospital public co limited/adr
BUHHF,Bumrungrad Hospital Public Co Limited/ADR,0001547870,OOTC,US,bumrungrad|bumrungrad hospital|bumrungrad hospital public|bumrungrad hospital public co limited/adr
BUHPF,Bumrungrad Hospital Public Co Limited/ADR,0001547870,OOTC,US,bumrungrad|bumrungrad hospital|bumrungrad hospital public|bumrungrad hospital public co limited/adr
BUHPY,Bumrungrad Hospital Public Co Limited/ADR,0001547870,OOTC,US,bumrungrad|bumrungrad hospital|bumrungrad hospital public|bumrungrad hospital public co limited/adr
BUI,"BlackRock Utilities, Infrastructure & Power Opportunities Trust",0001528988,XNYS,US,"blackrock|blackrock utilities|blackrock utilities infrastructure power opportunities|blackrock utilities, infrastructure & power opportunities trust"
BUKS,BUTLER NATIONAL CORP,0000015847,OOTC,US,butler|butler national|butler national corp
BULL,Webull Corp,0001866364,XNAS,US,webull|webull corp
BULLW,Webull Corp,0001866364,XNAS,US,webull|webull corp
BULZ,BANK OF MONTREAL /CAN/,0000927971,ARCX,US,bank|bank of|bank of montreal /can/|bank of montreal can
BUR,Burford Capital Ltd,0001714174,XNYS,US,burford|burford capital|burford capital ltd
BURL,"Burlington Stores, Inc.",0001579298,XNYS,US,"burlington|burlington stores|burlington stores, inc."
BURU,"Nuburu, Inc.",0001814215,XASE,US,"nuburu|nuburu, inc."
BURUW,"Nuburu, Inc.",0001814215,OOTC,US,"nuburu|nuburu, inc."
BUSE,FIRST BUSEY CORP /NV/,0000314489,XNAS,US,first|first busey|first busey corp /nv/
BUSEP,FIRST BUSEY CORP /NV/,0000314489,XNAS,US,first|first busey|first busey corp /nv/
BUUU,BUUU Group Ltd,0002047273,XNAS,US,buuu|buuu group ltd
BV,"BrightView Holdings, Inc.",0001734713,XNYS,US,"brightview|brightview holdings, inc."
BVAXF,BioVaxys Technology Corp.,0001882559,OOTC,US,biovaxys|biovaxys technology|biovaxys technology corp.
BVC,BitVentures Ltd,0001785680,XNAS,US,bitventures|bitventures ltd
BVENY,Brava Energia S.A.,0002095292,OOTC,US,brava|brava energia|brava energia s.a.
BVFL,"BV Financial, Inc.",0001302387,XNAS,US,"bv|bv financial|bv financial, inc."
BVN,BUENAVENTURA MINING CO INC,0001013131,XNYS,US,buenaventura|buenaventura mining|buenaventura mining co inc
BVS,Bioventus Inc.,0001665988,XNAS,US,bioventus|bioventus inc.
BW,"Babcock & Wilcox Enterprises, Inc.",0001630805,XNYS,US,"babcock|babcock & wilcox enterprises, inc.|babcock wilcox|babcock wilcox enterprises"
BWA,BORGWARNER INC,0000908255,XNYS,US,borgwarner|borgwarner inc
BWAGF,BAWAG Group AG/ADR,0001968385,OOTC,US,bawag|bawag group ag/adr
BWAY,Brainsway Ltd.,0001505065,XNAS,US,brainsway|brainsway ltd.
BWB,Bridgewater Bancshares Inc,0001341317,XNAS,US,bridgewater|bridgewater bancshares|bridgewater bancshares inc
BWBBP,Bridgewater Bancshares Inc,0001341317,XNAS,US,bridgewater|bridgewater bancshares|bridgewater bancshares inc
BWEN,"BROADWIND, INC.",0001120370,XNAS,US,"broadwind|broadwind, inc."
BWET,Amplify Commodity Trust,0001610940,ARCX,US,amplify|amplify commodity|amplify commodity trust
BWFG,"Bankwell Financial Group, Inc.",0001505732,XNAS,US,"bankwell|bankwell financial|bankwell financial group, inc."
BWG,BrandywineGLOBAL-Global Income Opportunities Fund Inc,0001504545,XNYS,US,brandywineglobal|brandywineglobal global|brandywineglobal global income opportunities fund|brandywineglobal-global income opportunities fund inc
BWIN,"Baldwin Insurance Group, Inc.",0001781755,XNAS,US,"baldwin|baldwin insurance|baldwin insurance group, inc."
BWIV,Blue Water Acquisition Corp. IV,0002082847,XNYS,US,blue|blue water|blue water acquisition corp. iv|blue water acquisition iv
BWLP,BW LPG Ltd,0001649313,XNYS,US,bw|bw lpg|bw lpg ltd
BWMG,"Brownie's Marine Group, Inc",0001166708,OOTC,US,"brownie|brownie s|brownie s marine|brownie's marine group, inc"
BWMN,Bowman Consulting Group Ltd.,0001847590,XNAS,US,bowman|bowman consulting|bowman consulting group ltd.
BWMX,"BETTERWARE DE MEXICO, S.A.P.I. DE C.V",0001788257,XNYS,US,"betterware|betterware de|betterware de mexico p i de c v|betterware de mexico, s.a.p.i. de c.v"
BWNB,"Babcock & Wilcox Enterprises, Inc.",0001630805,XNYS,US,"babcock|babcock & wilcox enterprises, inc.|babcock wilcox|babcock wilcox enterprises"
BWOW,Bitwise Dogecoin ETF,0002053791,ARCX,US,bitwise|bitwise dogecoin|bitwise dogecoin etf
BWVTF,BARCLAYS BANK PLC,0000312070,OOTC,US,barclays|barclays bank|barclays bank plc
BWXT,"BWX Technologies, Inc.",0001486957,XNYS,US,"bwx|bwx technologies|bwx technologies, inc."
BX,Blackstone Inc.,0001393818,XNYS,US,blackstone|blackstone inc.
BXC,BlueLinx Holdings Inc.,0001301787,XNYS,US,bluelinx|bluelinx holdings inc.
BXCAP,BOX INC,0001372612,OOTC,US,box|box inc
BXDC,Blackstone Digital Infrastructure Trust Inc.,0002100161,XNYS,US,blackstone|blackstone digital|blackstone digital infrastructure|blackstone digital infrastructure trust inc.
BXDIF,BROOKFIELD Corp /ON/,0001001085,OOTC,US,brookfield|brookfield corp /on/|brookfield on
BXMT,"BLACKSTONE MORTGAGE TRUST, INC.",0001061630,XNYS,US,"blackstone|blackstone mortgage|blackstone mortgage trust, inc."
BXP,"BXP, Inc.",0001037540,XNYS,US,"bxp|bxp, inc."
BXSL,Blackstone Secured Lending Fund,0001736035,XNYS,US,blackstone|blackstone secured|blackstone secured lending fund
BXSY,BEXIL INVESTMENT TRUST,0001059213,OOTC,US,bexil|bexil investment|bexil investment trust
BY,"BYLINE BANCORP, INC.",0001702750,XNYS,US,"byline|byline bancorp|byline bancorp, inc."
BYAH,"Park Ha Biological Technology Co., Ltd.",0001986247,XNAS,US,"park|park ha|park ha biological technology|park ha biological technology co., ltd."
BYCBF,Barry Callebaut AG/ADR,0001706795,OOTC,US,barry|barry callebaut|barry callebaut ag/adr
BYD,BOYD GAMING CORP,0000906553,XNYS,US,boyd|boyd gaming|boyd gaming corp
BYDDF,BYD CO LTD,0001445162,OOTC,US,byd|byd co ltd
BYDIF,BYD Electronic (International) Co Ltd,0001447956,OOTC,US,byd|byd electronic|byd electronic (international) co ltd|byd electronic international
BYFC,BROADWAY FINANCIAL CORP \DE\,0001001171,XNAS,US,broadway|broadway financial|broadway financial corp \de\|broadway financial de
BYMOF,Bayerische Motoren Werke AG/ADR,0001446250,OOTC,US,bayerische|bayerische motoren|bayerische motoren werke|bayerische motoren werke ag/adr
BYND,"BEYOND MEAT, INC.",0001655210,XNAS,US,"beyond|beyond meat|beyond meat, inc."
BYNO,byNordic Acquisition Corp,0001801417,OOTC,US,bynordic|bynordic acquisition|bynordic acquisition corp
BYNOU,byNordic Acquisition Corp,0001801417,OOTC,US,bynordic|bynordic acquisition|bynordic acquisition corp
BYNOW,byNordic Acquisition Corp,0001801417,OOTC,US,bynordic|bynordic acquisition|bynordic acquisition corp
BYOC,"Beyond Commerce, Inc.",0001386049,OOTC,US,"beyond|beyond commerce|beyond commerce, inc."
BYRN,Byrna Technologies Inc.,0001354866,XNAS,US,byrna|byrna technologies|byrna technologies inc.
BYSI,BeyondSpring Inc.,0001677940,XNAS,US,beyondspring|beyondspring inc.
BZ,Kanzhun Ltd,0001842827,XNAS,US,kanzhun|kanzhun ltd
BZAI,"Blaize Holdings, Inc.",0001871638,XNAS,US,"blaize|blaize holdings, inc."
BZAIW,"Blaize Holdings, Inc.",0001871638,XNAS,US,"blaize|blaize holdings, inc."
BZDLF,KINCORA COPPER LTD,0001527038,OOTC,US,kincora|kincora copper|kincora copper ltd
BZFD,"BuzzFeed, Inc.",0001828972,XNAS,US,"buzzfeed|buzzfeed, inc."
BZFDW,"BuzzFeed, Inc.",0001828972,XNAS,US,"buzzfeed|buzzfeed, inc."
BZH,BEAZER HOMES USA INC,0000915840,XNYS,US,beazer|beazer homes|beazer homes usa|beazer homes usa inc
BZLFF,BUNZL PLC,0001072397,OOTC,US,bunzl|bunzl plc
BZLFY,BUNZL PLC,0001072397,OOTC,US,bunzl|bunzl plc
BZRD,"Blubuzzard, Inc.",0001765826,OOTC,US,"blubuzzard|blubuzzard, inc."
BZUN,Baozun Inc.,0001625414,XNAS,US,baozun|baozun inc.
BZYR,BURZYNSKI RESEARCH INSTITUTE INC,0000724445,OOTC,US,burzynski|burzynski research|burzynski research institute|burzynski research institute inc
C,CITIGROUP INC,0000831001,XNYS,US,citigroup|citigroup inc
CAAP,CORPORACION AMERICA AIRPORTS S.A.,0001717393,XNYS,US,corporacion|corporacion america|corporacion america airports|corporacion america airports s.a.
CAAS,"China Automotive Systems, Inc.",0002037400,XNAS,US,"china|china automotive|china automotive systems|china automotive systems, inc."
CABA,"Cabaletta Bio, Inc.",0001759138,XNAS,US,"cabaletta|cabaletta bio|cabaletta bio, inc."
CABO,"Cable One, Inc.",0001632127,XNYS,US,"cable|cable one|cable one, inc."
CABR,"Caring Brands, Inc.",0002020737,XNAS,US,"caring|caring brands|caring brands, inc."
CAC,CAMDEN NATIONAL CORP,0000750686,XNAS,US,camden|camden national|camden national corp
CACC,CREDIT ACCEPTANCE CORP,0000885550,XNAS,US,credit|credit acceptance|credit acceptance corp
CACI,CACI INTERNATIONAL INC /DE/,0000016058,XNYS,US,caci|caci international|caci international de|caci international inc /de/
CADL,"Candel Therapeutics, Inc.",0001841387,XNAS,US,"candel|candel therapeutics|candel therapeutics, inc."
CAE,CAE INC,0001173382,XNYS,US,cae|cae inc
CAF,"Morgan Stanley China A Share Fund, Inc.",0001368493,XNYS,US,"morgan|morgan stanley|morgan stanley china a share fund|morgan stanley china a share fund, inc."
CAG,CONAGRA BRANDS INC.,0000023217,XNYS,US,conagra|conagra brands|conagra brands inc.
CAH,CARDINAL HEALTH INC,0000721371,XNYS,US,cardinal|cardinal health|cardinal health inc
CAHO,Caro Holdings Inc.,0001678105,OOTC,US,caro|caro holdings inc.
CAHPF,Evolution Mining Limited/ADR,0001686009,OOTC,US,evolution|evolution mining|evolution mining limited/adr
CAI,"Caris Life Sciences, Inc.",0002019410,XNAS,US,"caris|caris life|caris life sciences|caris life sciences, inc."
CAIIU,Collective Acquisition Corp. II,0002115404,XNAS,US,collective|collective acquisition|collective acquisition corp. ii|collective acquisition ii
CAJFF,CANON INC,0000016988,OOTC,US,canon|canon inc
CAJPY,CANON INC,0000016988,OOTC,US,canon|canon inc
CAKE,CHEESECAKE FACTORY INC,0000887596,XNAS,US,cheesecake|cheesecake factory|cheesecake factory inc
CAL,CALERES INC,0000014707,XNYS,US,caleres|caleres inc
CALC,"CalciMedica, Inc.",0001534133,XNAS,US,"calcimedica|calcimedica, inc."
CALM,CAL-MAINE FOODS INC,0000016160,XNAS,US,cal|cal maine|cal maine foods|cal-maine foods inc
CALX,"CALIX, INC",0001406666,XNYS,US,"calix|calix, inc"
CALY,Callaway Golf Co,0000837465,XNYS,US,callaway|callaway golf|callaway golf co
CAMP,Camp4 Therapeutics Corp,0001736730,XNAS,US,camp4|camp4 therapeutics|camp4 therapeutics corp
CAMT,CAMTEK LTD,0001109138,XNAS,US,camtek|camtek ltd
CAMVF,Cambria Gold Mines Inc.,0001407582,OOTC,US,cambria|cambria gold|cambria gold mines|cambria gold mines inc.
CAN,Canaan Inc.,0001780652,XNAS,US,canaan|canaan inc.
CANE,Teucrium Commodity Trust,0001471824,ARCX,US,teucrium|teucrium commodity|teucrium commodity trust
CANF,Can-Fite BioPharma Ltd.,0001536196,XASE,US,can|can fite|can fite biopharma|can-fite biopharma ltd.
CANG,Cango Inc.,0001725123,XNYS,US,cango|cango inc.
CANN,TREES Corp (Colorado),0001477009,OOTC,US,trees|trees colorado|trees corp (colorado)
CAPC,"CAPSTONE COMPANIES, INC.",0000814926,OOTC,US,"capstone|capstone companies|capstone companies, inc."
CAPL,CrossAmerica Partners LP,0001538849,XNYS,US,crossamerica|crossamerica partners|crossamerica partners lp
CAPN,Cayson Acquisition Corp,0002024203,XNAS,US,cayson|cayson acquisition|cayson acquisition corp
CAPNR,Cayson Acquisition Corp,0002024203,XNAS,US,cayson|cayson acquisition|cayson acquisition corp
CAPNU,Cayson Acquisition Corp,0002024203,XNAS,US,cayson|cayson acquisition|cayson acquisition corp
CAPR,"CAPRICOR THERAPEUTICS, INC.",0001133869,XNAS,US,"capricor|capricor therapeutics|capricor therapeutics, inc."
CAPS,Capstone Holding Corp.,0000887151,XNAS,US,capstone|capstone holding corp.
CAQ,Cambridge Acquisition Corp.,0002100125,XNAS,US,cambridge|cambridge acquisition|cambridge acquisition corp.
CAQUU,Cambridge Acquisition Corp.,0002100125,XNAS,US,cambridge|cambridge acquisition|cambridge acquisition corp.
CAQUW,Cambridge Acquisition Corp.,0002100125,XNAS,US,cambridge|cambridge acquisition|cambridge acquisition corp.
CAR,"AVIS BUDGET GROUP, INC.",0000723612,XNAS,US,"avis|avis budget|avis budget group, inc."
CARD,BANK OF MONTREAL /CAN/,0000927971,ARCX,US,bank|bank of|bank of montreal /can/|bank of montreal can
CARE,"Carter Bankshares, Inc.",0001829576,XNAS,US,"carter|carter bankshares|carter bankshares, inc."
CARG,"CarGurus, Inc.",0001494259,XNAS,US,"cargurus|cargurus, inc."
CARL,"CARLSMED, INC.",0001794546,XNAS,US,"carlsmed|carlsmed, inc."
CARM,Carisma Therapeutics Inc.,0001485003,OOTC,US,carisma|carisma therapeutics|carisma therapeutics inc.
CARR,CARRIER GLOBAL Corp,0001783180,XNYS,US,carrier|carrier global|carrier global corp
CARS,Cars.com Inc.,0001683606,XNYS,US,cars|cars com|cars.com inc.
CART,Maplebear Inc.,0001579091,XNAS,US,maplebear|maplebear inc.
CARU,BANK OF MONTREAL /CAN/,0000927971,ARCX,US,bank|bank of|bank of montreal /can/|bank of montreal can
CARV,CARVER BANCORP INC,0001016178,OOTC,US,carver|carver bancorp|carver bancorp inc
CASH,"PATHWARD FINANCIAL, INC.",0000907471,XNAS,US,"pathward|pathward financial|pathward financial, inc."
CASIF,"CASI Pharmaceuticals, Inc.",0001962738,OOTC,US,"casi|casi pharmaceuticals|casi pharmaceuticals, inc."
CASS,CASS INFORMATION SYSTEMS INC,0000708781,XNAS,US,cass|cass information|cass information systems|cass information systems inc
CAST,"FreeCast, Inc.",0001633369,XNAS,US,"freecast|freecast, inc."
CASY,CASEYS GENERAL STORES INC,0000726958,XNAS,US,caseys|caseys general|caseys general stores|caseys general stores inc
CAT,CATERPILLAR INC,0000018230,XNYS,US,caterpillar|caterpillar inc
CATO,CATO CORP,0000018255,XNYS,US,cato|cato corp
CATX,"Perspective Therapeutics, Inc.",0000728387,XASE,US,"perspective|perspective therapeutics|perspective therapeutics, inc."
CATY,CATHAY GENERAL BANCORP,0000861842,XNAS,US,cathay|cathay general|cathay general bancorp
CAVA,"CAVA GROUP, INC.",0001639438,XNYS,US,"cava|cava group, inc."
CAZGF,Catapult Group International Ltd,0002074220,OOTC,US,catapult|catapult group international ltd|catapult international
CB,Chubb Ltd,0000896159,XNYS,US,chubb|chubb ltd
CBAN,COLONY BANKCORP INC,0000711669,XNYS,US,colony|colony bankcorp|colony bankcorp inc
CBAT,"CBAK Energy Technology, Inc.",0001117171,XNAS,US,"cbak|cbak energy|cbak energy technology|cbak energy technology, inc."
CBC,"Central Bancompany, Inc.",0002065601,XNAS,US,"central|central bancompany|central bancompany, inc."
CBDL,CBD Life Sciences Inc.,0001776073,OOTC,US,cbd|cbd life|cbd life sciences|cbd life sciences inc.
CBDW,1606 CORP.,0001877461,OOTC,US,1606|1606 corp.
CBDY,Target Group Inc.,0001586554,OOTC,US,target|target group inc.
CBFV,"CB Financial Services, Inc.",0001605301,XNAS,US,"cb|cb financial|cb financial services|cb financial services, inc."
CBGGF,Chain Bridge I,0001845149,OOTC,US,chain|chain bridge|chain bridge i
CBIH,"Cannabis Bioscience International Holdings, Inc.",0001411057,OOTC,US,"cannabis|cannabis bioscience|cannabis bioscience international|cannabis bioscience international holdings, inc."
CBIO,"CRESCENT BIOPHARMA, INC.",0001253689,XNAS,US,"crescent|crescent biopharma|crescent biopharma, inc."
CBK,"Commercial Bancgroup, Inc.",0001981546,XNAS,US,"commercial|commercial bancgroup|commercial bancgroup, inc."
CBKM,CONSUMERS BANCORP INC /OH/,0001006830,OOTC,US,consumers|consumers bancorp|consumers bancorp inc /oh/|consumers bancorp oh
CBL,CBL & ASSOCIATES PROPERTIES INC,0000910612,XNYS,US,cbl|cbl & associates properties inc|cbl associates|cbl associates properties
CBLL,"Ceribell, Inc.",0001861107,XNAS,US,"ceribell|ceribell, inc."
CBLO,"C2 Blockchain, Inc.",0001882781,OOTC,US,"c2|c2 blockchain|c2 blockchain, inc."
CBMJ,"CONSERVATIVE BROADCAST MEDIA & PUBLISHING, INC.",0001452583,OOTC,US,"conservative|conservative broadcast|conservative broadcast media & publishing, inc.|conservative broadcast media publishing"
CBNA,CHAIN BRIDGE BANCORP INC,0001392272,XNYS,US,chain|chain bridge|chain bridge bancorp|chain bridge bancorp inc
CBNK,Capital Bancorp Inc,0001419536,XNAS,US,capital|capital bancorp|capital bancorp inc
CBOE,"Cboe Global Markets, Inc.",0001374310,BATS,US,"cboe|cboe global|cboe global markets|cboe global markets, inc."
CBPHF,"Clover Biopharmaceuticals, Ltd.",0001856491,OOTC,US,"clover|clover biopharmaceuticals|clover biopharmaceuticals, ltd."
CBRE,"CBRE GROUP, INC.",0001138118,XNYS,US,"cbre|cbre group, inc."
CBRGF,Chain Bridge I,0001845149,OOTC,US,chain|chain bridge|chain bridge i
CBRL,"CRACKER BARREL OLD COUNTRY STORE, INC",0001067294,XNAS,US,"cracker|cracker barrel|cracker barrel old country store|cracker barrel old country store, inc"
CBRRF,Chain Bridge I,0001845149,OOTC,US,chain|chain bridge|chain bridge i
CBRS,Cerebras Systems Inc.,0002021728,XNAS,US,cerebras|cerebras systems|cerebras systems inc.
CBSH,COMMERCE BANCSHARES INC /MO/,0000022356,XNAS,US,commerce|commerce bancshares|commerce bancshares inc /mo/|commerce bancshares mo
CBT,CABOT CORP,0000016040,XNYS,US,cabot|cabot corp
CBU,"COMMUNITY FINANCIAL SYSTEM, INC.",0000723188,XNYS,US,"community|community financial|community financial system|community financial system, inc."
CBUS,"Cibus, Inc.",0001705843,XNAS,US,"cibus|cibus, inc."
CBZ,"CBIZ, Inc.",0000944148,XNYS,US,"cbiz|cbiz, inc."
CC,Chemours Co,0001627223,XNYS,US,chemours|chemours co
CCAP,"Crescent Capital BDC, Inc.",0001633336,XNAS,US,"crescent|crescent capital|crescent capital bdc|crescent capital bdc, inc."
CCB,COASTAL FINANCIAL CORP,0001437958,XNAS,US,coastal|coastal financial|coastal financial corp
CCBG,CAPITAL CITY BANK GROUP INC,0000726601,XNAS,US,capital|capital city|capital city bank|capital city bank group inc
CCC,CCC Intelligent Solutions Holdings Inc.,0001818201,XNAS,US,ccc|ccc intelligent|ccc intelligent solutions|ccc intelligent solutions holdings inc.
CCCC,"C4 Therapeutics, Inc.",0001662579,XNAS,US,"c4|c4 therapeutics|c4 therapeutics, inc."
CCD,Calamos Dynamic Convertible & Income Fund,0001602584,XNAS,US,calamos|calamos dynamic|calamos dynamic convertible & income fund|calamos dynamic convertible income fund
CCEC,Capital Clean Energy Carriers Corp.,0001392326,XNAS,US,capital|capital clean|capital clean energy carriers|capital clean energy carriers corp.
CCEL,CRYO CELL INTERNATIONAL INC,0000862692,XASE,US,cryo|cryo cell|cryo cell international|cryo cell international inc
CCEP,COCA-COLA EUROPACIFIC PARTNERS plc,0001650107,XNAS,US,coca|coca cola|coca cola europacific partners|coca-cola europacific partners plc
CCEYF,CanCambria Energy Corp.,0001992604,OOTC,US,cancambria|cancambria energy|cancambria energy corp.
CCFN,MUNCY COLUMBIA FINANCIAL Corp,0000731122,OOTC,US,muncy|muncy columbia|muncy columbia financial|muncy columbia financial corp
CCG,Cheche Group Inc.,0001965473,XNAS,US,cheche|cheche group inc.
CCGWW,Cheche Group Inc.,0001965473,XNAS,US,cheche|cheche group inc.
CCHH,CCH Holdings Ltd,0002074123,XNAS,US,cch|cch holdings ltd
CCI,CROWN CASTLE INC.,0001051470,XNYS,US,crown|crown castle|crown castle inc.
CCID,Carlyle Credit Income Fund,0001517767,XNYS,US,carlyle|carlyle credit|carlyle credit income fund
CCIF,Carlyle Credit Income Fund,0001517767,XNYS,US,carlyle|carlyle credit|carlyle credit income fund
CCII,Cohen Circle Acquisition Corp. II,0002064683,XNAS,US,cohen|cohen circle|cohen circle acquisition corp. ii|cohen circle acquisition ii
CCIIU,Cohen Circle Acquisition Corp. II,0002064683,XNAS,US,cohen|cohen circle|cohen circle acquisition corp. ii|cohen circle acquisition ii
CCIIW,Cohen Circle Acquisition Corp. II,0002064683,XNAS,US,cohen|cohen circle|cohen circle acquisition corp. ii|cohen circle acquisition ii
CCIX,Churchill Capital Corp IX/Cayman,0002006291,XNAS,US,churchill|churchill capital|churchill capital corp ix/cayman|churchill capital ix cayman
CCIXU,Churchill Capital Corp IX/Cayman,0002006291,XNAS,US,churchill|churchill capital|churchill capital corp ix/cayman|churchill capital ix cayman
CCIXW,Churchill Capital Corp IX/Cayman,0002006291,XNAS,US,churchill|churchill capital|churchill capital corp ix/cayman|churchill capital ix cayman
CCJ,CAMECO CORP,0001009001,XNYS,US,cameco|cameco corp
CCK,"CROWN HOLDINGS, INC.",0001219601,XNYS,US,"crown|crown holdings, inc."
CCL,Carnival Corp Ltd.,0000815097,XNYS,US,carnival|carnival corp ltd.
CCLD,"CareCloud, Inc.",0001582982,XNAS,US,"carecloud|carecloud, inc."
CCM,Concord Medical Services Holdings Ltd,0001472072,XNYS,US,concord|concord medical|concord medical services|concord medical services holdings ltd
CCNB,"Coastal Carolina Bancshares, Inc.",0001437213,OOTC,US,"coastal|coastal carolina|coastal carolina bancshares|coastal carolina bancshares, inc."
CCNE,CNB FINANCIAL CORP/PA,0000736772,XNAS,US,cnb|cnb financial|cnb financial corp/pa|cnb financial pa
CCNEP,CNB FINANCIAL CORP/PA,0000736772,XNAS,US,cnb|cnb financial|cnb financial corp/pa|cnb financial pa
CCO,"Clear Channel Outdoor Holdings, Inc.",0001334978,XNYS,US,"clear|clear channel|clear channel outdoor|clear channel outdoor holdings, inc."
CCOI,"COGENT COMMUNICATIONS HOLDINGS, INC.",0001158324,XNAS,US,"cogent|cogent communications|cogent communications holdings, inc."
CCOOF,CORE SILVER CORP.,0001853599,OOTC,US,core|core silver|core silver corp.
CCRN,CROSS COUNTRY HEALTHCARE INC,0001141103,XNAS,US,cross|cross country|cross country healthcare|cross country healthcare inc
CCS,"Century Communities, Inc.",0001576940,XNYS,US,"century|century communities|century communities, inc."
CCSI,"Consensus Cloud Solutions, Inc.",0001866633,XNAS,US,"consensus|consensus cloud|consensus cloud solutions|consensus cloud solutions, inc."
CCTG,CCSC Technology International Holdings Ltd,0001931717,XNAS,US,ccsc|ccsc technology|ccsc technology international|ccsc technology international holdings ltd
CCU,UNITED BREWERIES CO INC,0000888746,XNYS,US,united|united breweries|united breweries co inc
CCXI,Churchill Capital Corp XI,0002074973,XNAS,US,churchill|churchill capital|churchill capital corp xi|churchill capital xi
CCXIU,Churchill Capital Corp XI,0002074973,XNAS,US,churchill|churchill capital|churchill capital corp xi|churchill capital xi
CCXIW,Churchill Capital Corp XI,0002074973,XNAS,US,churchill|churchill capital|churchill capital corp xi|churchill capital xi
CCZ,COMCAST CORP,0001166691,XNYS,US,comcast|comcast corp
CD,Chaince Digital Holdings Inc.,0001527762,XNAS,US,chaince|chaince digital|chaince digital holdings inc.
CDAQF,Compass Digital Acquisition Corp.,0001851909,OOTC,US,compass|compass digital|compass digital acquisition|compass digital acquisition corp.
CDAUF,Compass Digital Acquisition Corp.,0001851909,OOTC,US,compass|compass digital|compass digital acquisition|compass digital acquisition corp.
CDAWF,Compass Digital Acquisition Corp.,0001851909,OOTC,US,compass|compass digital|compass digital acquisition|compass digital acquisition corp.
CDE,"Coeur Mining, Inc.",0000215466,XNYS,US,"coeur|coeur mining|coeur mining, inc."
CDGLF,ComfortDelGro Corp Ltd,0001448611,OOTC,US,comfortdelgro|comfortdelgro corp ltd
CDIO,"Cardio Diagnostics Holdings, Inc.",0001870144,XNAS,US,"cardio|cardio diagnostics|cardio diagnostics holdings, inc."
CDIOW,"Cardio Diagnostics Holdings, Inc.",0001870144,XNAS,US,"cardio|cardio diagnostics|cardio diagnostics holdings, inc."
CDIX,Cardiff Lexington Corp,0000811222,OOTC,US,cardiff|cardiff lexington|cardiff lexington corp
CDLR,Cadeler A/S,0001978867,XNYS,US,cadeler|cadeler a|cadeler a s|cadeler a/s
CDLX,"Cardlytics, Inc.",0001666071,XNAS,US,"cardlytics|cardlytics, inc."
CDNA,"CareDx, Inc.",0001217234,XNAS,US,"caredx|caredx, inc."
CDNL,Cardinal Infrastructure Group Inc.,0002079999,XNAS,US,cardinal|cardinal infrastructure|cardinal infrastructure group inc.
CDNS,CADENCE DESIGN SYSTEMS INC,0000813672,XNAS,US,cadence|cadence design|cadence design systems|cadence design systems inc
CDP,COPT DEFENSE PROPERTIES,0000860546,XNYS,US,copt|copt defense|copt defense properties
CDPMF,Cerro de Pasco Resources Inc.,0002046223,OOTC,US,cerro|cerro de|cerro de pasco resources|cerro de pasco resources inc.
CDRE,"Cadre Holdings, Inc.",0001860543,XNYS,US,"cadre|cadre holdings, inc."
CDRO,"Codere Online Luxembourg, S.A.",0001866782,XNAS,US,"codere|codere online|codere online luxembourg|codere online luxembourg, s.a."
CDROW,"Codere Online Luxembourg, S.A.",0001866782,XNAS,US,"codere|codere online|codere online luxembourg|codere online luxembourg, s.a."
CDSG,"China Dongsheng International, Inc.",0000946112,OOTC,US,"china|china dongsheng|china dongsheng international|china dongsheng international, inc."
CDT,CDT Equity Inc.,0001896212,XNAS,US,cdt|cdt equity|cdt equity inc.
CDTG,CDT Environmental Technology Investment Holdings Ltd,0001793895,XNAS,US,cdt|cdt environmental|cdt environmental technology investment|cdt environmental technology investment holdings ltd
CDTHY,CONDUIT HOLDINGS LTD/ADR,0002091663,OOTC,US,conduit|conduit holdings ltd/adr
CDTTW,CDT Equity Inc.,0001896212,XNAS,US,cdt|cdt equity|cdt equity inc.
CDW,CDW Corp,0001402057,XNAS,US,cdw|cdw corp
CDXS,"CODEXIS, INC.",0001200375,XNAS,US,"codexis|codexis, inc."
CDZI,CADIZ INC,0000727273,XNAS,US,cadiz|cadiz inc
CDZIP,CADIZ INC,0000727273,XNAS,US,cadiz|cadiz inc
CE,Celanese Corp,0001306830,XNYS,US,celanese|celanese corp
CECO,CECO ENVIRONMENTAL CORP,0000003197,XNAS,US,ceco|ceco environmental|ceco environmental corp
CEE,"CENTRAL & EASTERN EUROPE FUND, INC.",0000860489,XNYS,US,"central|central & eastern europe fund, inc.|central eastern|central eastern europe fund"
CEF,Sprott Physical Gold & Silver Trust,0001726122,ARCX,US,sprott|sprott physical|sprott physical gold & silver trust|sprott physical gold silver
CEFD,UBS AG,0001114446,ARCX,US,ubs|ubs ag
CEG,Constellation Energy Corp,0001868275,XNAS,US,constellation|constellation energy|constellation energy corp
CEHCF,"Cosmo Energy Holdings Co., Ltd./ADR",0001668393,OOTC,US,"cosmo|cosmo energy|cosmo energy holdings co., ltd./adr"
CEIN,"CAMBER ENERGY, INC.",0001309082,OOTC,US,"camber|camber energy|camber energy, inc."
CELC,Celcuity Inc.,0001603454,XNAS,US,celcuity|celcuity inc.
CELH,"Celsius Holdings, Inc.",0001341766,XNAS,US,"celsius|celsius holdings, inc."
CELU,Celularity Inc,0001752828,XNAS,US,celularity|celularity inc
CELUW,Celularity Inc,0001752828,XNAS,US,celularity|celularity inc
CELZ,"CREATIVE MEDICAL TECHNOLOGY HOLDINGS, INC.",0001187953,XNAS,US,"creative|creative medical|creative medical technology|creative medical technology holdings, inc."
CENN,Cenntro Inc.,0001707919,XNAS,US,cenntro|cenntro inc.
CENT,CENTRAL GARDEN & PET CO,0000887733,XNAS,US,central|central garden|central garden & pet co|central garden pet
CENTA,CENTRAL GARDEN & PET CO,0000887733,XNAS,US,central|central garden|central garden & pet co|central garden pet
CENX,CENTURY ALUMINUM CO,0000949157,XNAS,US,century|century aluminum|century aluminum co
CEPF,"Cantor Equity Partners IV, Inc.",0002034267,XNAS,US,"cantor|cantor equity|cantor equity partners iv|cantor equity partners iv, inc."
CEPO,"Cantor Equity Partners I, Inc.",0002027708,XNAS,US,"cantor|cantor equity|cantor equity partners i|cantor equity partners i, inc."
CEPS,"Cantor Equity Partners VI, Inc.",0002089536,XNAS,US,"cantor|cantor equity|cantor equity partners vi|cantor equity partners vi, inc."
CEPT,"Cantor Equity Partners II, Inc.",0002034269,XNAS,US,"cantor|cantor equity|cantor equity partners ii|cantor equity partners ii, inc."
CEPU,CENTRAL PUERTO S.A.,0001717161,XNYS,US,central|central puerto|central puerto s.a.
CEPV,"Cantor Equity Partners V, Inc.",0002034266,XNAS,US,"cantor|cantor equity|cantor equity partners v|cantor equity partners v, inc."
CERO,"CERO THERAPEUTICS HOLDINGS, INC.",0001870404,OOTC,US,"cero|cero therapeutics|cero therapeutics holdings, inc."
CEROW,"CERO THERAPEUTICS HOLDINGS, INC.",0001870404,OOTC,US,"cero|cero therapeutics|cero therapeutics holdings, inc."
CERS,CERUS CORP,0001020214,XNAS,US,cerus|cerus corp
CERT,"Certara, Inc.",0001827090,XNAS,US,"certara|certara, inc."
CET,CENTRAL SECURITIES CORP,0000018748,XASE,US,central|central securities|central securities corp
CETI,"Cyber Enviro-Tech, Inc.",0001935092,OOTC,US,"cyber|cyber enviro|cyber enviro tech|cyber enviro-tech, inc."
CETX,CEMTREX INC,0001435064,XNAS,US,cemtrex|cemtrex inc
CETXP,CEMTREX INC,0001435064,OOTC,US,cemtrex|cemtrex inc
CETY,"Clean Energy Technologies, Inc.",0001329606,XNAS,US,"clean|clean energy|clean energy technologies|clean energy technologies, inc."
CEV,Eaton Vance California Municipal Income Trust,0001074692,XASE,US,eaton|eaton vance|eaton vance california municipal income|eaton vance california municipal income trust
CEVA,CEVA INC,0001173489,XNAS,US,ceva|ceva inc
CF,"CF Industries Holdings, Inc.",0001324404,XNYS,US,"cf|cf industries|cf industries holdings, inc."
CFBK,CF BANKSHARES INC.,0001070680,XNAS,US,cf|cf bankshares|cf bankshares inc.
CFFI,C & F FINANCIAL CORP,0000913341,XNAS,US,c & f financial corp|c f|c f financial
CFFN,"Capitol Federal Financial, Inc.",0001490906,XNAS,US,"capitol|capitol federal|capitol federal financial|capitol federal financial, inc."
CFG,CITIZENS FINANCIAL GROUP INC/RI,0000759944,XNYS,US,citizens|citizens financial|citizens financial group inc/ri|citizens financial ri
CFNB,CALIFORNIA FIRST LEASING CORP,0000803016,OOTC,US,california|california first|california first leasing|california first leasing corp
CFND,C1 Fund Inc.,0002044327,XNYS,US,c1|c1 fund|c1 fund inc.
CFOO,China Foods Holdings Ltd.,0001310630,OOTC,US,china|china foods|china foods holdings ltd.
CFR,"CULLEN/FROST BANKERS, INC.",0000039263,XNYS,US,"cullen|cullen frost|cullen frost bankers|cullen/frost bankers, inc."
CFSU,Complete Financial Solutions Inc.,0001621888,OOTC,US,complete|complete financial|complete financial solutions|complete financial solutions inc.
CG,Carlyle Group Inc.,0001527166,XNAS,US,carlyle|carlyle group inc.
CGABL,Carlyle Group Inc.,0001527166,XNAS,US,carlyle|carlyle group inc.
CGAU,Centerra Gold Inc.,0001854640,XNYS,US,centerra|centerra gold|centerra gold inc.
CGBD,"Carlyle Secured Lending, Inc.",0001544206,XNAS,US,"carlyle|carlyle secured|carlyle secured lending|carlyle secured lending, inc."
CGC,Canopy Growth Corp,0001737927,XNAS,US,canopy|canopy growth|canopy growth corp
CGCT,Cartesian Growth Corp III,0002049662,XNAS,US,cartesian|cartesian growth|cartesian growth corp iii|cartesian growth iii
CGCTU,Cartesian Growth Corp III,0002049662,XNAS,US,cartesian|cartesian growth|cartesian growth corp iii|cartesian growth iii
CGCTW,Cartesian Growth Corp III,0002049662,XNAS,US,cartesian|cartesian growth|cartesian growth corp iii|cartesian growth iii
CGDCF,Carlin Gold Corp,0001342325,OOTC,US,carlin|carlin gold|carlin gold corp
CGDXF,XALI GOLD CORP.,0001479480,OOTC,US,xali|xali gold|xali gold corp.
CGEH,"Capstone Energy Plus, Inc.",0001009759,OOTC,US,"capstone|capstone energy|capstone energy plus|capstone energy plus, inc."
CGEM,"Cullinan Therapeutics, Inc.",0001789972,XNAS,US,"cullinan|cullinan therapeutics|cullinan therapeutics, inc."
CGEN,COMPUGEN LTD,0001119774,XNAS,US,compugen|compugen ltd
CGNT,Cognyte Software Ltd.,0001824814,XNAS,US,cognyte|cognyte software|cognyte software ltd.
CGNX,COGNEX CORP,0000851205,XNAS,US,cognex|cognex corp
CGO,CALAMOS GLOBAL TOTAL RETURN FUND,0001285650,XNAS,US,calamos|calamos global|calamos global total return fund
CGON,"CG Oncology, Inc.",0001991792,XNAS,US,"cg|cg oncology|cg oncology, inc."
CGTL,Creative Global Technology Holdings Ltd,0001967822,XNAS,US,creative|creative global|creative global technology|creative global technology holdings ltd
CGTX,COGNITION THERAPEUTICS INC,0001455365,XNAS,US,cognition|cognition therapeutics|cognition therapeutics inc
CHA,Chagee Holdings Ltd.,0002013649,XNAS,US,chagee|chagee holdings ltd.
CHAI,"Core AI Holdings, Inc.",0001649009,XNAS,US,"core|core ai|core ai holdings, inc."
CHAR,Charlton Aria Acquisition Corp,0002024459,XNAS,US,charlton|charlton aria|charlton aria acquisition|charlton aria acquisition corp
CHARR,Charlton Aria Acquisition Corp,0002024459,XNAS,US,charlton|charlton aria|charlton aria acquisition|charlton aria acquisition corp
CHARU,Charlton Aria Acquisition Corp,0002024459,XNAS,US,charlton|charlton aria|charlton aria acquisition|charlton aria acquisition corp
CHCI,"Comstock Holding Companies, Inc.",0001299969,XNAS,US,"comstock|comstock companies|comstock holding companies, inc."
CHCO,CITY HOLDING CO,0000726854,XNAS,US,city|city holding co
CHCT,Community Healthcare Trust Inc,0001631569,XNYS,US,community|community healthcare|community healthcare trust inc
CHD,CHURCH & DWIGHT CO INC /DE/,0000313927,XNYS,US,church|church & dwight co inc /de/|church dwight|church dwight de
CHDN,Churchill Downs Inc,0000020212,XNAS,US,churchill|churchill downs|churchill downs inc
CHE,CHEMED CORP,0000019584,XNYS,US,chemed|chemed corp
CHEC,Chenghe Acquisition III Co.,0002047177,XNAS,US,chenghe|chenghe acquisition|chenghe acquisition iii|chenghe acquisition iii co.
CHECU,Chenghe Acquisition III Co.,0002047177,XNAS,US,chenghe|chenghe acquisition|chenghe acquisition iii|chenghe acquisition iii co.
CHECW,Chenghe Acquisition III Co.,0002047177,XNAS,US,chenghe|chenghe acquisition|chenghe acquisition iii|chenghe acquisition iii co.
CHEF,"Chefs' Warehouse, Inc.",0001517175,XNAS,US,"chefs|chefs warehouse|chefs' warehouse, inc."
CHEV,Charging Robotics Inc.,0001459188,OOTC,US,charging|charging robotics|charging robotics inc.
CHGG,"CHEGG, INC",0001364954,XNYS,US,"chegg|chegg, inc"
CHH,CHOICE HOTELS INTERNATIONAL INC /DE,0001046311,XNYS,US,choice|choice hotels|choice hotels international de|choice hotels international inc /de
CHI,CALAMOS CONVERTIBLE OPPORTUNITIES & INCOME FUND,0001171471,XNAS,US,calamos|calamos convertible|calamos convertible opportunities & income fund|calamos convertible opportunities income fund
CHKIF,CHINA SOUTHERN AIRLINES CO LTD,0001041668,OOTC,US,china|china southern|china southern airlines|china southern airlines co ltd
CHKP,CHECK POINT SOFTWARE TECHNOLOGIES LTD,0001015922,XNAS,US,check|check point|check point software technologies|check point software technologies ltd
CHKR,CHESAPEAKE GRANITE WASH TRUST,0001524769,OOTC,US,chesapeake|chesapeake granite|chesapeake granite wash|chesapeake granite wash trust
CHLSY,Chocoladefabriken Lindt & Spruengli AG/ADR,0001885110,OOTC,US,chocoladefabriken|chocoladefabriken lindt|chocoladefabriken lindt & spruengli ag/adr|chocoladefabriken lindt spruengli
CHMG,CHEMUNG FINANCIAL CORP,0000763563,XNAS,US,chemung|chemung financial|chemung financial corp
CHMI,Cherry Hill Mortgage Investment Corp,0001571776,XNYS,US,cherry|cherry hill|cherry hill mortgage investment|cherry hill mortgage investment corp
CHNR,CHINA NATURAL RESOURCES INC,0000793628,XNAS,US,china|china natural|china natural resources|china natural resources inc
CHOW,ChowChow Cloud International Holdings Ltd,0002041829,XASE,US,chowchow|chowchow cloud|chowchow cloud international|chowchow cloud international holdings ltd
CHPG,ChampionsGate Acquisition Corp,0002024460,XNAS,US,championsgate|championsgate acquisition|championsgate acquisition corp
CHPGF,Chesapeake Gold Corp,0001394189,OOTC,US,chesapeake|chesapeake gold|chesapeake gold corp
CHPGR,ChampionsGate Acquisition Corp,0002024460,XNAS,US,championsgate|championsgate acquisition|championsgate acquisition corp
CHPGU,ChampionsGate Acquisition Corp,0002024460,XNAS,US,championsgate|championsgate acquisition|championsgate acquisition corp
CHPT,"ChargePoint Holdings, Inc.",0001777393,XNYS,US,"chargepoint|chargepoint holdings, inc."
CHR,"Cheer Holding, Inc.",0001738758,XNAS,US,"cheer|cheer holding, inc."
CHRD,Chord Energy Corp,0001486159,XNAS,US,chord|chord energy|chord energy corp
CHRN,ChronoScale Corp,0001549084,XNAS,US,chronoscale|chronoscale corp
CHRS,"Coherus Oncology, Inc.",0001512762,XNAS,US,"coherus|coherus oncology|coherus oncology, inc."
CHRW,"C. H. ROBINSON WORLDWIDE, INC.",0001043277,XNAS,US,"c h|c h robinson worldwide|c. h. robinson worldwide, inc."
CHSCL,CHS INC,0000823277,XNAS,US,chs|chs inc
CHSCM,CHS INC,0000823277,XNAS,US,chs|chs inc
CHSCN,CHS INC,0000823277,XNAS,US,chs|chs inc
CHSCO,CHS INC,0000823277,XNAS,US,chs|chs inc
CHSCP,CHS INC,0000823277,XNAS,US,chs|chs inc
CHSN,Chanson International Holding,0001825349,XNAS,US,chanson|chanson international|chanson international holding
CHT,CHUNGHWA TELECOM CO LTD,0001132924,XNYS,US,chunghwa|chunghwa telecom|chunghwa telecom co ltd
CHTR,"CHARTER COMMUNICATIONS, INC. /MO/",0001091667,XNAS,US,"charter|charter communications|charter communications mo|charter communications, inc. /mo/"
CHUC,"Charlie's Holdings, Inc.",0001134765,OOTC,US,"charlie|charlie s|charlie's holdings, inc."
CHW,Calamos Global Dynamic Income Fund,0001396277,XNAS,US,calamos|calamos global|calamos global dynamic income fund
CHWRF,China Tower Corp Limited/ADR,0001751162,OOTC,US,china|china tower|china tower corp limited/adr
CHWY,"Chewy, Inc.",0001766502,XNYS,US,"chewy|chewy, inc."
CHY,CALAMOS CONVERTIBLE & HIGH INCOME FUND,0001222719,XNAS,US,calamos|calamos convertible|calamos convertible & high income fund|calamos convertible high income fund
CHYM,"Chime Financial, Inc.",0001795586,XNAS,US,"chime|chime financial|chime financial, inc."
CI,Cigna Group,0001739940,XNYS,US,cigna|cigna group
CIA,"CITIZENS, INC.",0000024090,XNYS,US,"citizens|citizens, inc."
CIB,Grupo Cibest S.A.,0002058897,XNYS,US,grupo|grupo cibest|grupo cibest s.a.
CICB,CION Investment Corp,0001534254,XNYS,US,cion|cion investment|cion investment corp
CICC,CION Investment Corp,0001534254,XNYS,US,cion|cion investment|cion investment corp
CIEN,CIENA CORP,0000936395,XNYS,US,ciena|ciena corp
CIF,MFS INTERMEDIATE HIGH INCOME FUND,0000833021,XNYS,US,mfs|mfs intermediate|mfs intermediate high income fund
CIFR,Cipher Digital Inc.,0001819989,XNAS,US,cipher|cipher digital|cipher digital inc.
CIG,ENERGY CO OF MINAS GERAIS,0001157557,XNYS,US,energy|energy co of minas gerais|energy of|energy of minas gerais
CIGI,Colliers International Group Inc.,0000913353,XNAS,US,colliers|colliers international|colliers international group inc.
CII,"BlackRock Enhanced Large Cap Core Fund, Inc.",0001278895,XNYS,US,"blackrock|blackrock enhanced|blackrock enhanced large cap core fund|blackrock enhanced large cap core fund, inc."
CIIT,"Tianci International, Inc.",0001557798,XNAS,US,"tianci|tianci international|tianci international, inc."
CIK,"CREDIT SUISSE ASSET MANAGEMENT INCOME FUND, INC.",0000810766,XASE,US,"credit|credit suisse|credit suisse asset management income fund|credit suisse asset management income fund, inc."
CILFY,CHINA LIFE INSURANCE CO LTD,0001268896,OOTC,US,china|china life|china life insurance|china life insurance co ltd
CILJF,CHINA LIFE INSURANCE CO LTD,0001268896,OOTC,US,china|china life|china life insurance|china life insurance co ltd
CIM,CHIMERA INVESTMENT CORP,0001409493,XNYS,US,chimera|chimera investment|chimera investment corp
CIMG,CIMG Inc.,0001527613,OOTC,US,cimg|cimg inc.
CIMN,CHIMERA INVESTMENT CORP,0001409493,XNYS,US,chimera|chimera investment|chimera investment corp
CIMO,CHIMERA INVESTMENT CORP,0001409493,XNYS,US,chimera|chimera investment|chimera investment corp
CIMP,CHIMERA INVESTMENT CORP,0001409493,XNYS,US,chimera|chimera investment|chimera investment corp
CINF,CINCINNATI FINANCIAL CORP,0000020286,XNAS,US,cincinnati|cincinnati financial|cincinnati financial corp
CING,Cingulate Inc.,0001862150,XNAS,US,cingulate|cingulate inc.
CINGW,Cingulate Inc.,0001862150,XNAS,US,cingulate|cingulate inc.
CINT,CI&T Inc,0001868995,XNYS,US,ci|ci t|ci&t inc
CION,CION Investment Corp,0001534254,XNYS,US,cion|cion investment|cion investment corp
CIRX,CIRTRAN CORP,0000813716,OOTC,US,cirtran|cirtran corp
CISO,"CISO Global, Inc.",0001777319,XNAS,US,"ciso|ciso global|ciso global, inc."
CISS,C3is Inc.,0001951067,XNAS,US,c3is|c3is inc.
CITAF,CHINA SHIPPING CONTAINER LINES CO LTD,0001317295,OOTC,US,china|china shipping|china shipping container lines|china shipping container lines co ltd
CITR,CitroTech Inc.,0000894556,XASE,US,citrotech|citrotech inc.
CIVB,"CIVISTA BANCSHARES, INC.",0000944745,XNAS,US,"civista|civista bancshares|civista bancshares, inc."
CIX,COMPX INTERNATIONAL INC,0001049606,XASE,US,compx|compx international|compx international inc
CIXPF,CaixaBank/ADR,0001535628,OOTC,US,caixabank|caixabank/adr
CIZN,CITIZENS HOLDING CO /MS/,0001075706,OOTC,US,citizens|citizens holding co /ms/|citizens ms
CJAX,CoJax Oil & Gas Corp,0001763925,OOTC,US,cojax|cojax oil|cojax oil & gas corp|cojax oil gas
CJMB,CALLAN JMB INC.,0002032545,XNAS,US,callan|callan jmb|callan jmb inc.
CKDXF,Opthea Ltd,0001815620,OOTC,US,opthea|opthea ltd
CKHGF,Capitec Bank Holdings Ltd / ADR,0001469059,OOTC,US,capitec|capitec bank|capitec bank holdings ltd / adr
CKX,"CKX LANDS, INC.",0000352955,XASE,US,"ckx|ckx lands|ckx lands, inc."
CL,COLGATE PALMOLIVE CO,0000021665,XNYS,US,colgate|colgate palmolive|colgate palmolive co
CLAR,Clarus Corp,0000913277,XNAS,US,clarus|clarus corp
CLB,Core Laboratories Inc. /DE/,0001958086,XNYS,US,core|core laboratories|core laboratories de|core laboratories inc. /de/
CLBK,"Columbia Financial, Inc.",0001723596,XNAS,US,"columbia|columbia financial|columbia financial, inc."
CLBR,Colombier Acquisition Corp. III,0002091024,XNYS,US,colombier|colombier acquisition|colombier acquisition corp. iii|colombier acquisition iii
CLBT,Cellebrite DI Ltd.,0001854587,XNAS,US,cellebrite|cellebrite di|cellebrite di ltd.
CLCHF,Clinch Resources Ltd.,0002125750,OOTC,US,clinch|clinch resources|clinch resources ltd.
CLCS,"Cell Source, Inc.",0001569340,OOTC,US,"cell|cell source|cell source, inc."
CLDI,"Calidi Biotherapeutics, Inc.",0001855485,XASE,US,"calidi|calidi biotherapeutics|calidi biotherapeutics, inc."
CLDT,Chatham Lodging Trust,0001476045,XNYS,US,chatham|chatham lodging|chatham lodging trust
CLDVF,Cloud3 Ventures Inc.,0001971260,OOTC,US,cloud3|cloud3 ventures|cloud3 ventures inc.
CLDWW,"Calidi Biotherapeutics, Inc.",0001855485,OOTC,US,"calidi|calidi biotherapeutics|calidi biotherapeutics, inc."
CLDX,"Celldex Therapeutics, Inc.",0000744218,XNAS,US,"celldex|celldex therapeutics|celldex therapeutics, inc."
CLEV,Concrete Leveling Systems Inc,0001414382,OOTC,US,concrete|concrete leveling|concrete leveling systems|concrete leveling systems inc
CLF,CLEVELAND-CLIFFS INC.,0000764065,XNYS,US,cleveland|cleveland cliffs|cleveland-cliffs inc.
CLFD,"Clearfield, Inc.",0000796505,XNAS,US,"clearfield|clearfield, inc."
CLGN,CollPlant Biotechnologies Ltd,0001631487,XNAS,US,collplant|collplant biotechnologies|collplant biotechnologies ltd
CLH,CLEAN HARBORS INC,0000822818,XNYS,US,clean|clean harbors|clean harbors inc
CLIK,Click Holdings Ltd.,0002020027,XNAS,US,click|click holdings ltd.
CLIR,ClearSign Technologies Corp,0001434524,XNAS,US,clearsign|clearsign technologies|clearsign technologies corp
CLLS,Cellectis S.A.,0001627281,XNAS,US,cellectis|cellectis s.a.
CLM,"Cornerstone Strategic Investment Fund, Inc.",0000814083,XASE,US,"cornerstone|cornerstone strategic|cornerstone strategic investment fund|cornerstone strategic investment fund, inc."
CLMB,"Climb Global Solutions, Inc.",0000945983,XNAS,US,"climb|climb global|climb global solutions|climb global solutions, inc."
CLMT,"Calumet, Inc. /DE",0002013745,XNAS,US,"calumet|calumet de|calumet, inc. /de"
CLNE,Clean Energy Fuels Corp.,0001368265,XNAS,US,clean|clean energy|clean energy fuels|clean energy fuels corp.
CLNK,Bitwise Chainlink ETF,0002082889,ARCX,US,bitwise|bitwise chainlink|bitwise chainlink etf
CLNN,Clene Inc.,0001822791,XNAS,US,clene|clene inc.
CLNV,Clean Vision Corp,0001391426,OOTC,US,clean|clean vision|clean vision corp
CLOQ,"CYBERLOQ TECHNOLOGIES, INC.",0001437517,OOTC,US,"cyberloq|cyberloq technologies|cyberloq technologies, inc."
CLOV,"CLOVER HEALTH INVESTMENTS, CORP. /DE",0001801170,XNAS,US,"clover|clover health|clover health investments de|clover health investments, corp. /de"
CLOW,"Cloudweb, Inc.",0001619227,OOTC,US,"cloudweb|cloudweb, inc."
CLPR,Clipper Realty Inc.,0001649096,XNYS,US,clipper|clipper realty|clipper realty inc.
CLPS,CLPS Inc,0001724542,XNAS,US,clps|clps inc
CLPT,"ClearPoint Neuro, Inc.",0001285550,XNAS,US,"clearpoint|clearpoint neuro|clearpoint neuro, inc."
CLRB,"Cellectar Biosciences, Inc.",0001279704,XNAS,US,"cellectar|cellectar biosciences|cellectar biosciences, inc."
CLRCF,ClimateRock,0001903392,OOTC,US,climaterock
CLRI,"Cleartronic, Inc.",0001362516,OOTC,US,"cleartronic|cleartronic, inc."
CLRLY,Central Retail Corp Public Co Limited/ADR,0002063231,OOTC,US,central|central retail|central retail corp public co limited/adr|central retail public
CLRO,CLEARONE INC,0000840715,XNAS,US,clearone|clearone inc
CLRRF,ClimateRock,0001903392,OOTC,US,climaterock
CLS,CELESTICA INC,0001030894,XNYS,US,celestica|celestica inc
CLSDQ,"Clearside Biomedical, Inc.",0001539029,OOTC,US,"clearside|clearside biomedical|clearside biomedical, inc."
CLSK,"CLEANSPARK, INC.",0000827876,XNAS,US,"cleanspark|cleanspark, inc."
CLSKW,"CLEANSPARK, INC.",0000827876,XNAS,US,"cleanspark|cleanspark, inc."
CLST,"Catalyst Bancorp, Inc.",0001849867,XNAS,US,"catalyst|catalyst bancorp|catalyst bancorp, inc."
CLVT,CLARIVATE PLC,0001764046,XNYS,US,clarivate|clarivate plc
CLW,Clearwater Paper Corp,0001441236,XNYS,US,clearwater|clearwater paper|clearwater paper corp
CLWT,EURO TECH HOLDINGS CO LTD,0001026662,XNAS,US,euro|euro tech|euro tech holdings co ltd
CLX,CLOROX CO /DE/,0000021076,XNYS,US,clorox|clorox co /de/|clorox de
CLYM,"Climb Bio, Inc.",0001768446,XNAS,US,"climb|climb bio|climb bio, inc."
CM,CANADIAN IMPERIAL BANK OF COMMERCE /CAN/,0001045520,XNYS,US,canadian|canadian imperial|canadian imperial bank of commerce /can/|canadian imperial bank of commerce can
CMBMF,Cambium Networks Corp,0001738177,OOTC,US,cambium|cambium networks|cambium networks corp
CMBT,CMB.TECH NV,0001604481,XNYS,US,cmb|cmb tech|cmb.tech nv
CMC,COMMERCIAL METALS Co,0000022444,XNYS,US,commercial|commercial metals|commercial metals co
CMCAF,Piermont Valley Acquisition Corp,0001865248,OOTC,US,piermont|piermont valley|piermont valley acquisition|piermont valley acquisition corp
CMCL,Caledonia Mining Corp Plc,0000766011,XASE,US,caledonia|caledonia mining|caledonia mining corp plc
CMCLF,"China Molybdenum Co., Ltd.",0001447960,OOTC,US,"china|china molybdenum|china molybdenum co., ltd."
CMCM,Cheetah Mobile Inc.,0001597835,XNYS,US,cheetah|cheetah mobile|cheetah mobile inc.
CMCO,COLUMBUS MCKINNON CORP,0001005229,XNAS,US,columbus|columbus mckinnon|columbus mckinnon corp
CMCSA,COMCAST CORP,0001166691,XNAS,US,comcast|comcast corp
CMCT,Creative Media & Community Trust Corp,0000908311,XNAS,US,creative|creative media|creative media & community trust corp|creative media community
CMCUF,Piermont Valley Acquisition Corp,0001865248,OOTC,US,piermont|piermont valley|piermont valley acquisition|piermont valley acquisition corp
CMCWF,Piermont Valley Acquisition Corp,0001865248,OOTC,US,piermont|piermont valley|piermont valley acquisition|piermont valley acquisition corp
CMDB,Costamare Bulkers Holdings Ltd,0002033535,XNYS,US,costamare|costamare bulkers|costamare bulkers holdings ltd
CME,CME GROUP INC.,0001156375,XNAS,US,cme|cme group inc.
CMG,CHIPOTLE MEXICAN GRILL INC,0001058090,XNYS,US,chipotle|chipotle mexican|chipotle mexican grill|chipotle mexican grill inc
CMGHF,CHAODA MODERN AGRICULTURE HOLDINGS LTD /FI,0001169760,OOTC,US,chaoda|chaoda modern|chaoda modern agriculture fi|chaoda modern agriculture holdings ltd /fi
CMGMF,Chemring Group PLC/ADR,0001503154,OOTC,US,chemring|chemring group plc/adr
CMHSF,COMPREHENSIVE HEALTHCARE SYSTEMS INC. (CANADA),0001889352,OOTC,US,comprehensive|comprehensive healthcare|comprehensive healthcare systems canada|comprehensive healthcare systems inc. (canada)
CMI,CUMMINS INC,0000026172,XNYS,US,cummins|cummins inc
CMII,Columbus Circle Capital Corp II,0002088805,XNAS,US,columbus|columbus circle|columbus circle capital corp ii|columbus circle capital ii
CMIIU,Columbus Circle Capital Corp II,0002088805,XNAS,US,columbus|columbus circle|columbus circle capital corp ii|columbus circle capital ii
CMIIW,Columbus Circle Capital Corp II,0002088805,XNAS,US,columbus|columbus circle|columbus circle capital corp ii|columbus circle capital ii
CMLSQ,CUMULUS MEDIA INC,0001058623,OOTC,US,cumulus|cumulus media|cumulus media inc
CMMB,Chemomab Therapeutics Ltd.,0001534248,XNAS,US,chemomab|chemomab therapeutics|chemomab therapeutics ltd.
CMND,Clearmind Medicine Inc.,0001892500,XNAS,US,clearmind|clearmind medicine|clearmind medicine inc.
CMP,COMPASS MINERALS INTERNATIONAL INC,0001227654,XNYS,US,compass|compass minerals|compass minerals international|compass minerals international inc
CMPLY,Com7 PCL/ADR,0002117197,OOTC,US,com7|com7 pcl|com7 pcl/adr
CMPR,CIMPRESS plc,0001262976,XNAS,US,cimpress|cimpress plc
CMPS,COMPASS Pathways plc,0001816590,XNAS,US,compass|compass pathways|compass pathways plc
CMPX,"Compass Therapeutics, Inc.",0001738021,XNAS,US,"compass|compass therapeutics|compass therapeutics, inc."
CMRC,"Commerce.com, Inc.",0001626450,XNAS,US,"commerce|commerce com|commerce.com, inc."
CMRE,Costamare Inc.,0001503584,XNYS,US,costamare|costamare inc.
CMRF,"CIM REAL ESTATE FINANCE TRUST, INC.",0001498547,OOTC,US,"cim|cim real|cim real estate finance|cim real estate finance trust, inc."
CMS,CMS ENERGY CORP,0000811156,XNYS,US,cms|cms energy|cms energy corp
CMSA,CMS ENERGY CORP,0000811156,XNYS,US,cms|cms energy|cms energy corp
CMSC,CMS ENERGY CORP,0000811156,XNYS,US,cms|cms energy|cms energy corp
CMSD,CMS ENERGY CORP,0000811156,XNYS,US,cms|cms energy|cms energy corp
CMT,CORE MOLDING TECHNOLOGIES INC,0001026655,XASE,US,core|core molding|core molding technologies|core molding technologies inc
CMTG,"Claros Mortgage Trust, Inc.",0001666291,XNYS,US,"claros|claros mortgage|claros mortgage trust, inc."
CMTL,COMTECH TELECOMMUNICATIONS CORP /DE/,0000023197,XNAS,US,comtech|comtech telecommunications|comtech telecommunications corp /de/|comtech telecommunications de
CMTV,COMMUNITY BANCORP /VT,0000718413,XNAS,US,community|community bancorp|community bancorp /vt|community bancorp vt
CMU,MFS HIGH YIELD MUNICIPAL TRUST,0000809844,XNYS,US,mfs|mfs high|mfs high yield municipal|mfs high yield municipal trust
CMXHF,CSL LTD,0001274152,OOTC,US,csl|csl ltd
CNA,CNA FINANCIAL CORP,0000021175,XNYS,US,cna|cna financial|cna financial corp
CNBX,CNBX Pharmaceuticals Inc.,0001343009,OOTC,US,cnbx|cnbx pharmaceuticals|cnbx pharmaceuticals inc.
CNC,CENTENE CORP,0001071739,XNYS,US,centene|centene corp
CNCK,Coincheck Group N.V.,0001913847,XNAS,US,coincheck|coincheck group n.v.
CNCKW,Coincheck Group N.V.,0001913847,XNAS,US,coincheck|coincheck group n.v.
CNDA,Concord Acquisition Corp II,0001851959,OOTC,US,concord|concord acquisition|concord acquisition corp ii|concord acquisition ii
CNDAU,Concord Acquisition Corp II,0001851959,OOTC,US,concord|concord acquisition|concord acquisition corp ii|concord acquisition ii
CNDAW,Concord Acquisition Corp II,0001851959,OOTC,US,concord|concord acquisition|concord acquisition corp ii|concord acquisition ii
CNDHF,CONDUIT HOLDINGS LTD/ADR,0002091663,OOTC,US,conduit|conduit holdings ltd/adr
CNDIF,CANADIAN IMPERIAL BANK OF COMMERCE /CAN/,0001045520,OOTC,US,canadian|canadian imperial|canadian imperial bank of commerce /can/|canadian imperial bank of commerce can
CNDT,CONDUENT Inc,0001677703,XNAS,US,conduent|conduent inc
CNET,ZW Data Action Technologies Inc.,0001376321,XNAS,US,zw|zw data|zw data action technologies|zw data action technologies inc.
CNEY,CN ENERGY GROUP. INC.,0001780785,XNAS,US,cn|cn energy|cn energy group. inc.
CNF,CNFinance Holdings Ltd.,0001733868,XNYS,US,cnfinance|cnfinance holdings ltd.
CNFN,CFN Enterprises Inc.,0001352952,OOTC,US,cfn|cfn enterprises|cfn enterprises inc.
CNH,CNH Industrial N.V.,0001567094,XNYS,US,cnh|cnh industrial|cnh industrial n.v.
CNI,CANADIAN NATIONAL RAILWAY CO,0000016868,XNYS,US,canadian|canadian national|canadian national railway|canadian national railway co
CNK,"Cinemark Holdings, Inc.",0001385280,XNYS,US,"cinemark|cinemark holdings, inc."
CNL,Collective Mining Ltd.,0001953575,XASE,US,collective|collective mining|collective mining ltd.
CNLHN,CONNECTICUT LIGHT & POWER CO,0000023426,OOTC,US,connecticut|connecticut light|connecticut light & power co|connecticut light power
CNLHO,CONNECTICUT LIGHT & POWER CO,0000023426,OOTC,US,connecticut|connecticut light|connecticut light & power co|connecticut light power
CNLHP,CONNECTICUT LIGHT & POWER CO,0000023426,OOTC,US,connecticut|connecticut light|connecticut light & power co|connecticut light power
CNLPL,CONNECTICUT LIGHT & POWER CO,0000023426,OOTC,US,connecticut|connecticut light|connecticut light & power co|connecticut light power
CNLPM,CONNECTICUT LIGHT & POWER CO,0000023426,OOTC,US,connecticut|connecticut light|connecticut light & power co|connecticut light power
CNLTL,CONNECTICUT LIGHT & POWER CO,0000023426,OOTC,US,connecticut|connecticut light|connecticut light & power co|connecticut light power
CNLTN,CONNECTICUT LIGHT & POWER CO,0000023426,OOTC,US,connecticut|connecticut light|connecticut light & power co|connecticut light power
CNLTP,CONNECTICUT LIGHT & POWER CO,0000023426,OOTC,US,connecticut|connecticut light|connecticut light & power co|connecticut light power
CNM,"Core & Main, Inc.",0001856525,XNYS,US,"core|core & main, inc.|core main"
CNMD,CONMED Corp,0000816956,XNYS,US,conmed|conmed corp
CNNE,"Cannae Holdings, Inc.",0001704720,XNYS,US,"cannae|cannae holdings, inc."
CNO,"CNO Financial Group, Inc.",0001224608,XNYS,US,"cno|cno financial|cno financial group, inc."
CNOB,"ConnectOne Bancorp, Inc.",0000712771,XNAS,US,"connectone|connectone bancorp|connectone bancorp, inc."
CNOBP,"ConnectOne Bancorp, Inc.",0000712771,XNAS,US,"connectone|connectone bancorp|connectone bancorp, inc."
CNP,CENTERPOINT ENERGY INC,0001130310,XNYS,US,centerpoint|centerpoint energy|centerpoint energy inc
CNPWM,CONNECTICUT LIGHT & POWER CO,0000023426,OOTC,US,connecticut|connecticut light|connecticut light & power co|connecticut light power
CNPWP,CONNECTICUT LIGHT & POWER CO,0000023426,OOTC,US,connecticut|connecticut light|connecticut light & power co|connecticut light power
CNQ,CANADIAN NATURAL RESOURCES LTD,0001017413,XNYS,US,canadian|canadian natural|canadian natural resources|canadian natural resources ltd
CNR,"Core Natural Resources, Inc.",0001710366,XNYS,US,"core|core natural|core natural resources|core natural resources, inc."
CNRCF,Canter Resources Corp.,0001996586,OOTC,US,canter|canter resources|canter resources corp.
CNS,"COHEN & STEERS, INC.",0001284812,XNYS,US,"cohen|cohen & steers, inc.|cohen steers"
CNSP,"CNS Pharmaceuticals, Inc.",0001729427,XNAS,US,"cns|cns pharmaceuticals|cns pharmaceuticals, inc."
CNTA,Centessa Pharmaceuticals plc,0001847903,XNAS,US,centessa|centessa pharmaceuticals|centessa pharmaceuticals plc
CNTB,Connect Biopharma Holdings Ltd,0001835268,XNAS,US,connect|connect biopharma|connect biopharma holdings ltd
CNTHN,CONNECTICUT LIGHT & POWER CO,0000023426,OOTC,US,connecticut|connecticut light|connecticut light & power co|connecticut light power
CNTHO,CONNECTICUT LIGHT & POWER CO,0000023426,OOTC,US,connecticut|connecticut light|connecticut light & power co|connecticut light power
CNTHP,CONNECTICUT LIGHT & POWER CO,0000023426,OOTC,US,connecticut|connecticut light|connecticut light & power co|connecticut light power
CNTM,"ConnectM Technology Solutions, Inc.",0001895249,OOTC,US,"connectm|connectm technology|connectm technology solutions|connectm technology solutions, inc."
CNTMF,Fluent Corp.,0001758124,OOTC,US,fluent|fluent corp.
CNTN,"Canton Strategic Holdings, Inc.",0001861657,XNAS,US,"canton|canton strategic|canton strategic holdings, inc."
CNTX,Context Therapeutics Inc.,0001842952,XNAS,US,context|context therapeutics|context therapeutics inc.
CNTY,CENTURY CASINOS INC /CO/,0000911147,XNAS,US,century|century casinos|century casinos inc /co/
CNVS,Cineverse Corp.,0001173204,XNAS,US,cineverse|cineverse corp.
CNX,CNX Resources Corp,0001070412,XNYS,US,cnx|cnx resources|cnx resources corp
CNXC,Concentrix Corp,0001803599,XNAS,US,concentrix|concentrix corp
CNXN,PC CONNECTION INC,0001050377,XNAS,US,pc|pc connection|pc connection inc
COAG,"Hemab Therapeutics Holdings, Inc.",0002114044,XNAS,US,"hemab|hemab therapeutics|hemab therapeutics holdings, inc."
COBA,Chilean Cobalt Corp.,0001727255,OOTC,US,chilean|chilean cobalt|chilean cobalt corp.
COCH,"Envoy Medical, Inc.",0001840877,XNAS,US,"envoy|envoy medical|envoy medical, inc."
COCHW,"Envoy Medical, Inc.",0001840877,XNAS,US,"envoy|envoy medical|envoy medical, inc."
COCO,"Vita Coco Company, Inc.",0001482981,XNAS,US,"vita|vita coco|vita coco company, inc."
COCP,"Cocrystal Pharma, Inc.",0001412486,XNAS,US,"cocrystal|cocrystal pharma|cocrystal pharma, inc."
COCSF,COCA COLA FEMSA SAB DE CV,0000910631,OOTC,US,coca|coca cola|coca cola femsa sab de cv
CODA,"Coda Octopus Group, Inc.",0001334325,XNAS,US,"coda|coda octopus|coda octopus group, inc."
CODGF,COMPAGNIE DE SAINT GOBAIN,0001012037,OOTC,US,compagnie|compagnie de|compagnie de saint gobain
CODI,Compass Diversified Holdings,0001345126,XNYS,US,compass|compass diversified|compass diversified holdings
CODQL,Coronado Global Resources Inc.,0001770561,OOTC,US,coronado|coronado global|coronado global resources|coronado global resources inc.
CODX,"Co-Diagnostics, Inc.",0001692415,XNAS,US,"co-diagnostics, inc.|diagnostics"
COE,51Talk Online Education Group,0001659494,XASE,US,51talk|51talk online|51talk online education|51talk online education group
COF,CAPITAL ONE FINANCIAL CORP,0000927628,XNYS,US,capital|capital one|capital one financial|capital one financial corp
COFS,CHOICEONE FINANCIAL SERVICES INC,0000803164,XNAS,US,choiceone|choiceone financial|choiceone financial services|choiceone financial services inc
COGDF,Compass Gold Corp,0001557440,OOTC,US,compass|compass gold|compass gold corp
COGT,"Cogent Biosciences, Inc.",0001622229,XNAS,US,"cogent|cogent biosciences|cogent biosciences, inc."
COHN,Cohen & Co Inc.,0001270436,XASE,US,cohen|cohen & co inc.
COHR,COHERENT CORP.,0000820318,XNYS,US,coherent|coherent corp.
COHU,COHU INC,0000021535,XNAS,US,cohu|cohu inc
COIN,"Coinbase Global, Inc.",0001679788,XNAS,US,"coinbase|coinbase global|coinbase global, inc."
COKE,"Coca-Cola Consolidated, Inc.",0000317540,XNAS,US,"coca|coca cola|coca cola consolidated|coca-cola consolidated, inc."
COLA,Columbus Acquisition Corp/Cayman Islands,0002028201,XNAS,US,columbus|columbus acquisition|columbus acquisition cayman islands|columbus acquisition corp/cayman islands
COLAR,Columbus Acquisition Corp/Cayman Islands,0002028201,XNAS,US,columbus|columbus acquisition|columbus acquisition cayman islands|columbus acquisition corp/cayman islands
COLAU,Columbus Acquisition Corp/Cayman Islands,0002028201,XNAS,US,columbus|columbus acquisition|columbus acquisition cayman islands|columbus acquisition corp/cayman islands
COLB,"COLUMBIA BANKING SYSTEM, INC.",0000887343,XNAS,US,"columbia|columbia banking|columbia banking system|columbia banking system, inc."
COLD,AMERICOLD REALTY TRUST,0001455863,XNYS,US,americold|americold realty|americold realty trust
COLL,"COLLEGIUM PHARMACEUTICAL, INC",0001267565,XNAS,US,"collegium|collegium pharmaceutical|collegium pharmaceutical, inc"
COLM,COLUMBIA SPORTSWEAR CO,0001050797,XNAS,US,columbia|columbia sportswear|columbia sportswear co
COMP,"Compass, Inc.",0001563190,XNYS,US,"compass|compass, inc."
CON,"Concentra Group Holdings Parent, Inc.",0002014596,XNYS,US,"concentra|concentra group holdings parent, inc.|concentra parent"
CONC,CONECTISYS CORP,0000790273,OOTC,US,conectisys|conectisys corp
COO,"COOPER COMPANIES, INC.",0000711404,XNAS,US,"cooper|cooper companies|cooper companies, inc."
COOK,"Traeger, Inc.",0001857853,XNYS,US,"traeger|traeger, inc."
COOT,Australian Oilseeds Holdings Ltd,0001959994,XNAS,US,australian|australian oilseeds|australian oilseeds holdings ltd
COOTW,Australian Oilseeds Holdings Ltd,0001959994,XNAS,US,australian|australian oilseeds|australian oilseeds holdings ltd
COP,CONOCOPHILLIPS,0001163165,XNYS,US,conocophillips
COPAF,COPAUR MINERALS INC.,0001420049,OOTC,US,copaur|copaur minerals|copaur minerals inc.
COPL,Copley Acquisition Corp,0002045473,XNYS,US,copley|copley acquisition|copley acquisition corp
COPR,Idaho Copper Corp,0001263364,OOTC,US,idaho|idaho copper|idaho copper corp
COR,"Cencora, Inc.",0001140859,XNYS,US,"cencora|cencora, inc."
CORN,Teucrium Commodity Trust,0001471824,ARCX,US,teucrium|teucrium commodity|teucrium commodity trust
CORT,CORCEPT THERAPEUTICS INC,0001088856,XNAS,US,corcept|corcept therapeutics|corcept therapeutics inc
CORZ,"Core Scientific, Inc./tx",0001839341,XNAS,US,"core|core scientific|core scientific tx|core scientific, inc./tx"
CORZR,"Core Scientific, Inc./tx",0001839341,OOTC,US,"core|core scientific|core scientific tx|core scientific, inc./tx"
CORZW,"Core Scientific, Inc./tx",0001839341,XNAS,US,"core|core scientific|core scientific tx|core scientific, inc./tx"
CORZZ,"Core Scientific, Inc./tx",0001839341,XNAS,US,"core|core scientific|core scientific tx|core scientific, inc./tx"
COSG,Cosmos Group Holdings Inc.,0001706509,OOTC,US,cosmos|cosmos group holdings inc.
COSM,Cosmos Health Inc.,0001474167,XNAS,US,cosmos|cosmos health|cosmos health inc.
COSO,"CoastalSouth Bancshares, Inc.",0001297107,XNYS,US,"coastalsouth|coastalsouth bancshares|coastalsouth bancshares, inc."
COST,COSTCO WHOLESALE CORP /NEW,0000909832,XNAS,US,costco|costco wholesale|costco wholesale corp /new|costco wholesale new
COTY,COTY INC.,0001024305,XNYS,US,coty|coty inc.
COUR,"Coursera, Inc.",0001651562,XNYS,US,"coursera|coursera, inc."
COYA,"Coya Therapeutics, Inc.",0001835022,XNAS,US,"coya|coya therapeutics|coya therapeutics, inc."
CP,CANADIAN PACIFIC KANSAS CITY LTD/CN,0000016875,XNYS,US,canadian|canadian pacific|canadian pacific kansas city cn|canadian pacific kansas city ltd/cn
CPA,"Copa Holdings, S.A.",0001345105,XNYS,US,"copa|copa holdings, s.a."
CPAC,CEMENTOS PACASMAYO SAA,0001221029,XNYS,US,cementos|cementos pacasmayo|cementos pacasmayo saa
CPAY,"CORPAY, INC.",0001175454,XNYS,US,"corpay|corpay, inc."
CPB,CAMPBELL'S Co,0000016732,XNAS,US,campbell|campbell s|campbell's co
CPBI,"Central Plains Bancshares, Inc.",0001979332,XNAS,US,"central|central plains|central plains bancshares|central plains bancshares, inc."
CPCPF,CopperCorp Resources Inc.,0001868050,OOTC,US,coppercorp|coppercorp resources|coppercorp resources inc.
CPER,United States Commodity Index Funds Trust,0001479247,ARCX,US,united|united states|united states commodity index funds|united states commodity index funds trust
CPF,CENTRAL PACIFIC FINANCIAL CORP,0000701347,XNYS,US,central|central pacific|central pacific financial|central pacific financial corp
CPHC,Canterbury Park Holding Corp,0001672909,XNAS,US,canterbury|canterbury park|canterbury park holding corp
CPHI,"CHINA PHARMA HOLDINGS, INC.",0001106644,XASE,US,"china|china pharma|china pharma holdings, inc."
CPIVF,CAPTIVA VERDE WELLNESS CORP.,0001712294,OOTC,US,captiva|captiva verde|captiva verde wellness|captiva verde wellness corp.
CPIX,CUMBERLAND PHARMACEUTICALS INC,0001087294,XNAS,US,cumberland|cumberland pharmaceuticals|cumberland pharmaceuticals inc
CPK,CHESAPEAKE UTILITIES CORP,0000019745,XNYS,US,chesapeake|chesapeake utilities|chesapeake utilities corp
CPKF,CHESAPEAKE FINANCIAL SHARES INC,0000847538,OOTC,US,chesapeake|chesapeake financial|chesapeake financial shares|chesapeake financial shares inc
CPMD,"CANNAPHARMARX, INC.",0001081938,OOTC,US,"cannapharmarx|cannapharmarx, inc."
CPMV,Mosaic ImmunoEngineering Inc.,0000836564,OOTC,US,mosaic|mosaic immunoengineering|mosaic immunoengineering inc.
CPNG,"Coupang, Inc.",0001834584,XNYS,US,"coupang|coupang, inc."
CPNNF,Central Pattana Public Co Limited/ADR,0001551468,OOTC,US,central|central pattana|central pattana public|central pattana public co limited/adr
CPOP,"Pop Culture Group Co., Ltd",0001807389,XNAS,US,"pop|pop culture|pop culture group co., ltd"
CPPBY,Central Pattana Public Co Limited/ADR,0001551468,OOTC,US,central|central pattana|central pattana public|central pattana public co limited/adr
CPPKF,Faraday Copper Corp.,0001691710,OOTC,US,faraday|faraday copper|faraday copper corp.
CPPMF,Coppernico Metals Inc.,0001968617,OOTC,US,coppernico|coppernico metals|coppernico metals inc.
CPPTL,Copper Property CTL Pass Through Trust,0001837671,OOTC,US,copper|copper property|copper property ctl pass through|copper property ctl pass through trust
CPRHF,Capital Power Corp/ADR,0002071911,OOTC,US,capital|capital power|capital power corp/adr
CPRI,Capri Holdings Ltd,0001530721,XNYS,US,capri|capri holdings ltd
CPRT,COPART INC,0000900075,XNAS,US,copart|copart inc
CPRX,"CATALYST PHARMACEUTICALS, INC.",0001369568,XNAS,US,"catalyst|catalyst pharmaceuticals|catalyst pharmaceuticals, inc."
CPS,Cooper-Standard Holdings Inc.,0001320461,XNYS,US,cooper|cooper standard|cooper-standard holdings inc.
CPSH,CPS TECHNOLOGIES CORP/DE/,0000814676,XNAS,US,cps|cps technologies|cps technologies corp/de/|cps technologies de
CPSS,"CONSUMER PORTFOLIO SERVICES, INC.",0000889609,XNAS,US,"consumer|consumer portfolio|consumer portfolio services|consumer portfolio services, inc."
CPT,CAMDEN PROPERTY TRUST,0000906345,XNYS,US,camden|camden property|camden property trust
CPTAF,Captivision Inc.,0001967478,OOTC,US,captivision|captivision inc.
CPTKW,Crown PropTech Acquisitions,0001827899,OOTC,US,crown|crown proptech|crown proptech acquisitions
CPTP,CAPITAL PROPERTIES INC /RI/,0000202947,OOTC,US,capital|capital properties|capital properties inc /ri/|capital properties ri
CPWPF,Capital Power Corp/ADR,0002071911,OOTC,US,capital|capital power|capital power corp/adr
CPWR,Ocean Thermal Energy Corp,0000827099,OOTC,US,ocean|ocean thermal|ocean thermal energy|ocean thermal energy corp
CPXWF,Capital Power Corp/ADR,0002071911,OOTC,US,capital|capital power|capital power corp/adr
CPXXY,Capital Power Corp/ADR,0002071911,OOTC,US,capital|capital power|capital power corp/adr
CPZ,Calamos Long/Short Equity & Dynamic Income Trust,0001717457,XNAS,US,calamos|calamos long|calamos long short equity dynamic income|calamos long/short equity & dynamic income trust
CQP,"Cheniere Energy Partners, L.P.",0001383650,XNYS,US,"cheniere|cheniere energy|cheniere energy partners|cheniere energy partners, l.p."
CR,Crane Co,0001944013,XNYS,US,crane|crane co
CRAC,Crown Reserve Acquisition Corp. I,0002070887,XNAS,US,crown|crown reserve|crown reserve acquisition corp. i|crown reserve acquisition i
CRACR,Crown Reserve Acquisition Corp. I,0002070887,XNAS,US,crown|crown reserve|crown reserve acquisition corp. i|crown reserve acquisition i
CRACU,Crown Reserve Acquisition Corp. I,0002070887,XNAS,US,crown|crown reserve|crown reserve acquisition corp. i|crown reserve acquisition i
CRACW,Crown Reserve Acquisition Corp. I,0002070887,XNAS,US,crown|crown reserve|crown reserve acquisition corp. i|crown reserve acquisition i
CRAI,"CRA INTERNATIONAL, INC.",0001053706,XNAS,US,"cra|cra international|cra international, inc."
CRAN,Crane Harbor Acquisition Corp. II,0002081358,XNAS,US,crane|crane harbor|crane harbor acquisition corp. ii|crane harbor acquisition ii
CRANR,Crane Harbor Acquisition Corp. II,0002081358,XNAS,US,crane|crane harbor|crane harbor acquisition corp. ii|crane harbor acquisition ii
CRANU,Crane Harbor Acquisition Corp. II,0002081358,XNAS,US,crane|crane harbor|crane harbor acquisition corp. ii|crane harbor acquisition ii
CRAQ,Cal Redwood Acquisition Corp.,0002058359,XNAS,US,cal|cal redwood|cal redwood acquisition|cal redwood acquisition corp.
CRAQR,Cal Redwood Acquisition Corp.,0002058359,XNAS,US,cal|cal redwood|cal redwood acquisition|cal redwood acquisition corp.
CRAQU,Cal Redwood Acquisition Corp.,0002058359,XNAS,US,cal|cal redwood|cal redwood acquisition|cal redwood acquisition corp.
CRARF,CREDIT AGRICOLE S A,0001279967,OOTC,US,credit|credit agricole|credit agricole s a
CRBD,"Corebridge Financial, Inc.",0001889539,XNYS,US,"corebridge|corebridge financial|corebridge financial, inc."
CRBG,"Corebridge Financial, Inc.",0001889539,XNYS,US,"corebridge|corebridge financial|corebridge financial, inc."
CRBP,"Corbus Pharmaceuticals Holdings, Inc.",0001595097,XNAS,US,"corbus|corbus pharmaceuticals|corbus pharmaceuticals holdings, inc."
CRBU,"Caribou Biosciences, Inc.",0001619856,XNAS,US,"caribou|caribou biosciences|caribou biosciences, inc."
CRC,California Resources Corp,0001609253,XNYS,US,california|california resources|california resources corp
CRCE,"Circle Energy, Inc./NV",0001911467,OOTC,US,"circle|circle energy|circle energy, inc./nv"
CRCL,"Circle Internet Group, Inc.",0001876042,XNYS,US,"circle|circle internet|circle internet group, inc."
CRCT,"Cricut, Inc.",0001828962,XNAS,US,"cricut|cricut, inc."
CRCUF,Canagold Resources Ltd.,0000868822,OOTC,US,canagold|canagold resources|canagold resources ltd.
CRCW,Crypto Co,0001688126,OOTC,US,crypto|crypto co
CRDF,"Cardiff Oncology, Inc.",0001213037,XNAS,US,"cardiff|cardiff oncology|cardiff oncology, inc."
CRDL,Cardiol Therapeutics Inc.,0001702123,XNAS,US,cardiol|cardiol therapeutics|cardiol therapeutics inc.
CRDO,Credo Technology Group Holding Ltd,0001807794,XNAS,US,credo|credo technology|credo technology group holding ltd
CRDV,Community Redevelopment Inc.,0001084551,OOTC,US,community|community redevelopment|community redevelopment inc.
CRE,Cre8 Enterprise Ltd,0002003977,XNAS,US,cre8|cre8 enterprise|cre8 enterprise ltd
CREG,Smart Powerr Corp.,0000721693,XNAS,US,smart|smart powerr|smart powerr corp.
CRERF,CARREFOUR SA,0001078642,OOTC,US,carrefour|carrefour sa
CRESY,CRESUD INC,0001034957,XNAS,US,cresud|cresud inc
CREX,"CREATIVE REALITIES, INC.",0001356093,XNAS,US,"creative|creative realities|creative realities, inc."
CRF,CORNERSTONE TOTAL RETURN FUND INC,0000033934,XASE,US,cornerstone|cornerstone total|cornerstone total return fund|cornerstone total return fund inc
CRGO,Freightos Ltd,0001927719,XNAS,US,freightos|freightos ltd
CRGOW,Freightos Ltd,0001927719,XNAS,US,freightos|freightos ltd
CRGY,Crescent Energy Co,0001866175,XNYS,US,crescent|crescent energy|crescent energy co
CRH,CRH PUBLIC LTD CO,0000849395,XNYS,US,crh|crh public|crh public ltd co
CRI,CARTERS INC,0001060822,XNYS,US,carters|carters inc
CRIS,CURIS INC,0001108205,XNAS,US,curis|curis inc
CRK,COMSTOCK RESOURCES INC,0000023194,XNYS,US,comstock|comstock resources|comstock resources inc
CRL,"CHARLES RIVER LABORATORIES INTERNATIONAL, INC.",0001100682,XNYS,US,"charles|charles river|charles river laboratories international|charles river laboratories international, inc."
CRLBF,Cresco Labs Inc.,0001832928,OOTC,US,cresco|cresco labs|cresco labs inc.
CRM,"Salesforce, Inc.",0001108524,XNYS,US,"salesforce|salesforce, inc."
CRMD,CorMedix Inc.,0001410098,XNAS,US,cormedix|cormedix inc.
CRML,Critical Metals Corp.,0001951089,XNAS,US,critical|critical metals|critical metals corp.
CRMLW,Critical Metals Corp.,0001951089,XNAS,US,critical|critical metals|critical metals corp.
CRMT,AMERICAS CARMART INC,0000799850,XNAS,US,americas|americas carmart|americas carmart inc
CRMZ,CREDITRISKMONITOR COM INC,0000315958,OOTC,US,creditriskmonitor|creditriskmonitor com|creditriskmonitor com inc
CRNC,Cerence Inc.,0001768267,XNAS,US,cerence|cerence inc.
CRNT,CERAGON NETWORKS LTD,0001119769,XNAS,US,ceragon|ceragon networks|ceragon networks ltd
CRNX,"Crinetics Pharmaceuticals, Inc.",0001658247,XNAS,US,"crinetics|crinetics pharmaceuticals|crinetics pharmaceuticals, inc."
CRON,Cronos Group Inc.,0001656472,XNAS,US,cronos|cronos group inc.
CROX,"Crocs, Inc.",0001334036,XNAS,US,"crocs|crocs, inc."
CRRFY,CARREFOUR SA,0001078642,OOTC,US,carrefour|carrefour sa
CRS,CARPENTER TECHNOLOGY CORP,0000017843,XNYS,US,carpenter|carpenter technology|carpenter technology corp
CRSF,Crisp Momentum Inc.,0000924396,OOTC,US,crisp|crisp momentum|crisp momentum inc.
CRSP,CRISPR Therapeutics AG,0001674416,XNAS,US,crispr|crispr therapeutics|crispr therapeutics ag
CRSR,"Corsair Gaming, Inc.",0001743759,XNAS,US,"corsair|corsair gaming|corsair gaming, inc."
CRT,CROSS TIMBERS ROYALTY TRUST,0000881787,XNYS,US,cross|cross timbers|cross timbers royalty|cross timbers royalty trust
CRTD,"Creatd, Inc.",0001357671,OOTC,US,"creatd|creatd, inc."
CRTMF,Critical Metals Corp.,0001951089,OOTC,US,critical|critical metals|critical metals corp.
CRTO,Criteo S.A.,0001576427,XNAS,US,criteo|criteo s.a.
CRUCF,Colibri Resource Corp,0001734427,OOTC,US,colibri|colibri resource|colibri resource corp
CRUS,"CIRRUS LOGIC, INC.",0000772406,XNAS,US,"cirrus|cirrus logic|cirrus logic, inc."
CRVL,CORVEL CORP,0000874866,XNAS,US,corvel|corvel corp
CRVO,CervoMed Inc.,0001053691,XNAS,US,cervomed|cervomed inc.
CRVS,"Corvus Pharmaceuticals, Inc.",0001626971,XNAS,US,"corvus|corvus pharmaceuticals|corvus pharmaceuticals, inc."
CRVW,CareView Communications Inc,0001377149,OOTC,US,careview|careview communications|careview communications inc
CRWD,"CrowdStrike Holdings, Inc.",0001535527,XNAS,US,"crowdstrike|crowdstrike holdings, inc."
CRWE,"Crown Equity Holdings, Inc.",0001103833,OOTC,US,"crown|crown equity|crown equity holdings, inc."
CRWS,CROWN CRAFTS INC,0000025895,XNAS,US,crown|crown crafts|crown crafts inc
CRWV,"CoreWeave, Inc.",0001769628,XNAS,US,"coreweave|coreweave, inc."
CRYAF,"Chery Automobile Co., Ltd./ADR",0002094687,OOTC,US,"chery|chery automobile|chery automobile co., ltd./adr"
CSAI,"CLOUDASTRUCTURE, INC.",0001709628,XNAS,US,"cloudastructure|cloudastructure, inc."
CSAN,Cosan S.A.,0001430162,XNYS,US,cosan|cosan s.a.
CSBB,"CSB Bancorp, Inc.",0000880417,OOTC,US,"csb|csb bancorp|csb bancorp, inc."
CSBR,"CHAMPIONS ONCOLOGY, INC.",0000771856,XNAS,US,"champions|champions oncology|champions oncology, inc."
CSCCF,Capstone Copper Corp./ADR,0002075918,OOTC,US,capstone|capstone copper|capstone copper corp./adr
CSCIF,COSCIENS Biopharma Inc.,0001113423,OOTC,US,cosciens|cosciens biopharma|cosciens biopharma inc.
CSCO,"CISCO SYSTEMS, INC.",0000858877,XNAS,US,"cisco|cisco systems|cisco systems, inc."
CSDX,CS DIAGNOSTICS CORP.,0001106861,OOTC,US,cs|cs diagnostics|cs diagnostics corp.
CSGP,"COSTAR GROUP, INC.",0001057352,XNAS,US,"costar|costar group, inc."
CSHR,CoinShares PLC,0002087587,XNAS,US,coinshares|coinshares plc
CSHRW,CoinShares PLC,0002087587,XNAS,US,coinshares|coinshares plc
CSIQ,Canadian Solar Inc.,0001375877,XNAS,US,canadian|canadian solar|canadian solar inc.
CSL,CARLISLE COMPANIES INC,0000790051,XNYS,US,carlisle|carlisle companies|carlisle companies inc
CSLLY,CSL LTD,0001274152,OOTC,US,csl|csl ltd
CSPI,CSP INC /MA/,0000356037,XNAS,US,csp|csp inc /ma/|csp ma
CSQ,CALAMOS STRATEGIC TOTAL RETURN FUND,0001275214,XNAS,US,calamos|calamos strategic|calamos strategic total return fund
CSR,CENTERSPACE,0000798359,XNYS,US,centerspace
CSTAF,Constellation Acquisition Corp I,0001834032,OOTC,US,constellation|constellation acquisition|constellation acquisition corp i|constellation acquisition i
CSTE,Caesarstone Ltd.,0001504379,XNAS,US,caesarstone|caesarstone ltd.
CSTL,CASTLE BIOSCIENCES INC,0001447362,XNAS,US,castle|castle biosciences|castle biosciences inc
CSTM,CONSTELLIUM SE,0001563411,XNYS,US,constellium|constellium se
CSTUF,Constellation Acquisition Corp I,0001834032,OOTC,US,constellation|constellation acquisition|constellation acquisition corp i|constellation acquisition i
CSTWF,Constellation Acquisition Corp I,0001834032,OOTC,US,constellation|constellation acquisition|constellation acquisition corp i|constellation acquisition i
CSUI,CANNABIS SUISSE CORP.,0001680132,OOTC,US,cannabis|cannabis suisse|cannabis suisse corp.
CSV,CARRIAGE SERVICES INC,0001016281,XNYS,US,carriage|carriage services|carriage services inc
CSW,"CSW INDUSTRIALS, INC.",0001624794,XNYS,US,"csw|csw industrials|csw industrials, inc."
CSWC,CAPITAL SOUTHWEST CORP,0000017313,XNAS,US,capital|capital southwest|capital southwest corp
CSX,CSX CORP,0000277948,XNAS,US,csx|csx corp
CTAA,Clearthink 1 Acquisition Corp.,0002094073,XNAS,US,clearthink|clearthink 1|clearthink 1 acquisition|clearthink 1 acquisition corp.
CTAAR,Clearthink 1 Acquisition Corp.,0002094073,XNAS,US,clearthink|clearthink 1|clearthink 1 acquisition|clearthink 1 acquisition corp.
CTAAU,Clearthink 1 Acquisition Corp.,0002094073,XNAS,US,clearthink|clearthink 1|clearthink 1 acquisition|clearthink 1 acquisition corp.
CTAS,CINTAS CORP,0000723254,XNAS,US,cintas|cintas corp
CTATF,"Contemporary Amperex Technology Co., Limited/ADR",0002070829,OOTC,US,"contemporary|contemporary amperex|contemporary amperex technology|contemporary amperex technology co., limited/adr"
CTBI,COMMUNITY TRUST BANCORP INC /KY/,0000350852,XNAS,US,community|community bancorp|community bancorp ky|community trust bancorp inc /ky/
CTEV,Claritev Corp,0001793229,XNYS,US,claritev|claritev corp
CTGL,SKYTECH ORION GLOBAL CORP.,0001498067,OOTC,US,skytech|skytech orion|skytech orion global|skytech orion global corp.
CTGO,Contango Silver & Gold Inc.,0001502377,XASE,US,contango|contango silver|contango silver & gold inc.|contango silver gold
CTKB,"Cytek Biosciences, Inc.",0001831915,XNAS,US,"cytek|cytek biosciences|cytek biosciences, inc."
CTM,"Castellum, Inc.",0001877939,XASE,US,"castellum|castellum, inc."
CTMX,"CytomX Therapeutics, Inc.",0001501989,XNAS,US,"cytomx|cytomx therapeutics|cytomx therapeutics, inc."
CTNM,"Contineum Therapeutics, Inc.",0001855175,XNAS,US,"contineum|contineum therapeutics|contineum therapeutics, inc."
CTNT,CHEETAH NET SUPPLY CHAIN SERVICE INC.,0001951667,XNAS,US,cheetah|cheetah net|cheetah net supply chain service|cheetah net supply chain service inc.
CTO,"CTO Realty Growth, Inc.",0000023795,XNYS,US,"cto|cto realty|cto realty growth|cto realty growth, inc."
CTOR,"CITIUS ONCOLOGY, INC.",0001851484,XNAS,US,"citius|citius oncology|citius oncology, inc."
CTOS,"Custom Truck One Source, Inc.",0001709682,XNYS,US,"custom|custom truck|custom truck one source|custom truck one source, inc."
CTPUF,Central Pattana Public Co Limited/ADR,0001551468,OOTC,US,central|central pattana|central pattana public|central pattana public co limited/adr
CTRE,"CareTrust REIT, Inc.",0001590717,XNYS,US,"caretrust|caretrust reit|caretrust reit, inc."
CTRI,"Centuri Holdings, Inc.",0001981599,XNYS,US,"centuri|centuri holdings, inc."
CTRM,Castor Maritime Inc.,0001720161,XNAS,US,castor|castor maritime|castor maritime inc.
CTRN,Citi Trends Inc,0001318484,XNAS,US,citi|citi trends|citi trends inc
CTRVP,"Hepion Pharmaceuticals, Inc.",0001583771,OOTC,US,"hepion|hepion pharmaceuticals|hepion pharmaceuticals, inc."
CTS,CTS CORP,0000026058,XNYS,US,cts|cts corp
CTSH,COGNIZANT TECHNOLOGY SOLUTIONS CORP,0001058290,XNAS,US,cognizant|cognizant technology|cognizant technology solutions|cognizant technology solutions corp
CTSO,Cytosorbents Corp,0001175151,XNAS,US,cytosorbents|cytosorbents corp
CTTH,"CTT PHARMACEUTICAL HOLDINGS, INC.",0001035422,OOTC,US,"ctt|ctt pharmaceutical|ctt pharmaceutical holdings, inc."
CTTRF,"Controladora Vuela Compania de Aviacion, S.A.B. de C.V.",0001520504,OOTC,US,"controladora|controladora vuela|controladora vuela compania de aviacion b de c v|controladora vuela compania de aviacion, s.a.b. de c.v."
CTVA,"Corteva, Inc.",0001755672,XNYS,US,"corteva|corteva, inc."
CTW,CTW Cayman,0002047148,XNAS,US,ctw|ctw cayman
CTWO,COTWO ADVISORS PHYSICAL EUROPEAN CARBON ALLOWANCE TRUST,0001958928,ARCX,US,cotwo|cotwo advisors|cotwo advisors physical european carbon allowance|cotwo advisors physical european carbon allowance trust
CTXR,"Citius Pharmaceuticals, Inc.",0001506251,XNAS,US,"citius|citius pharmaceuticals|citius pharmaceuticals, inc."
CUAUF,C3 Metals Inc.,0001737319,OOTC,US,c3|c3 metals|c3 metals inc.
CUB,Lionheart Holdings,0002015955,XNAS,US,lionheart|lionheart holdings
CUBB,"Customers Bancorp, Inc.",0001488813,XNYS,US,"customers|customers bancorp|customers bancorp, inc."
CUBE,CubeSmart,0001298675,XNYS,US,cubesmart
CUBI,"Customers Bancorp, Inc.",0001488813,XNYS,US,"customers|customers bancorp|customers bancorp, inc."
CUBT,Curative Biotechnology Inc,0001400271,OOTC,US,curative|curative biotechnology|curative biotechnology inc
CUBWU,Lionheart Holdings,0002015955,XNAS,US,lionheart|lionheart holdings
CUBWW,Lionheart Holdings,0002015955,XNAS,US,lionheart|lionheart holdings
CUE,"Cue Biopharma, Inc.",0001645460,XNAS,US,"cue|cue biopharma|cue biopharma, inc."
CUEN,Cuentas Inc.,0001424657,OOTC,US,cuentas|cuentas inc.
CUENW,Cuentas Inc.,0001424657,OOTC,US,cuentas|cuentas inc.
CULL,"Cullman Bancorp, Inc. /MD/",0001845799,OOTC,US,"cullman|cullman bancorp|cullman bancorp md|cullman bancorp, inc. /md/"
CULP,CULP INC,0000723603,XNAS,US,culp|culp inc
CUPPF,Super Copper Corp.,0002021989,OOTC,US,super|super copper|super copper corp.
CUPR,Cuprina Holdings (Cayman) LTD,0001995704,XNAS,US,cuprina|cuprina cayman|cuprina holdings (cayman) ltd
CURB,Curbline Properties Corp.,0002027317,XNYS,US,curbline|curbline properties|curbline properties corp.
CURI,CuriosityStream Inc.,0001776909,XNAS,US,curiositystream|curiositystream inc.
CURLF,"Curaleaf Holdings, Inc.",0001756770,OOTC,US,"curaleaf|curaleaf holdings, inc."
CURR,Currenc Group Inc.,0001862935,XNAS,US,currenc|currenc group inc.
CURV,Torrid Holdings Inc.,0001792781,XNYS,US,torrid|torrid holdings inc.
CURX,Curanex Pharmaceuticals Inc,0002025942,XNAS,US,curanex|curanex pharmaceuticals|curanex pharmaceuticals inc
CUZ,COUSINS PROPERTIES INC,0000025232,XNYS,US,cousins|cousins properties|cousins properties inc
CV,"CapsoVision, Inc",0001378325,XNAS,US,"capsovision|capsovision, inc"
CVAT,"Cavitation Technologies, Inc.",0001376793,OOTC,US,"cavitation|cavitation technologies|cavitation technologies, inc."
CVBF,CVB FINANCIAL CORP,0000354647,XNAS,US,cvb|cvb financial|cvb financial corp
CVCCF,CVC Capital Partners plc/ADR,0002120046,OOTC,US,cvc|cvc capital|cvc capital partners|cvc capital partners plc/adr
CVCO,"CAVCO INDUSTRIES, INC.",0000278166,XNAS,US,"cavco|cavco industries|cavco industries, inc."
CVCPY,CVC Capital Partners plc/ADR,0002120046,OOTC,US,cvc|cvc capital|cvc capital partners|cvc capital partners plc/adr
CVE,CENOVUS ENERGY INC.,0001475260,XNYS,US,cenovus|cenovus energy|cenovus energy inc.
CVEO,Civeo Corp,0001590584,XNYS,US,civeo|civeo corp
CVGI,"Commercial Vehicle Group, Inc.",0001290900,XNAS,US,"commercial|commercial vehicle|commercial vehicle group, inc."
CVGW,CALAVO GROWERS INC,0001133470,XNAS,US,calavo|calavo growers|calavo growers inc
CVI,CVR ENERGY INC,0001376139,XNYS,US,cvr|cvr energy|cvr energy inc
CVKD,"Cadrenal Therapeutics, Inc.",0001937993,XNAS,US,"cadrenal|cadrenal therapeutics|cadrenal therapeutics, inc."
CVLG,"COVENANT LOGISTICS GROUP, INC.",0000928658,XNYS,US,"covenant|covenant logistics|covenant logistics group, inc."
CVLT,COMMVAULT SYSTEMS INC,0001169561,XNAS,US,commvault|commvault systems|commvault systems inc
CVM,CEL SCI CORP,0000725363,XASE,US,cel|cel sci|cel sci corp
CVNA,CARVANA CO.,0001690820,XNYS,US,carvana|carvana co.
CVR,CHICAGO RIVET & MACHINE CO,0000019871,XASE,US,chicago|chicago rivet|chicago rivet & machine co|chicago rivet machine
CVRX,"CVRx, Inc.",0001235912,XNAS,US,"cvrx|cvrx, inc."
CVS,CVS HEALTH Corp,0000064803,XNYS,US,cvs|cvs health|cvs health corp
CVSA,Covista Inc.,0000730464,XNYS,US,covista|covista inc.
CVSI,"CV Sciences, Inc.",0001510964,OOTC,US,"cv|cv sciences|cv sciences, inc."
CVU,CPI AEROSTRUCTURES INC,0000889348,XASE,US,cpi|cpi aerostructures|cpi aerostructures inc
CVV,CVD EQUIPMENT CORP,0000766792,XNAS,US,cvd|cvd equipment|cvd equipment corp
CVVUF,CANALASKA URANIUM LTD,0001023109,OOTC,US,canalaska|canalaska uranium|canalaska uranium ltd
CVX,CHEVRON CORP,0000093410,XNYS,US,chevron|chevron corp
CW,CURTISS WRIGHT CORP,0000026324,XNYS,US,curtiss|curtiss wright|curtiss wright corp
CWAN,"Clearwater Analytics Holdings, Inc.",0001866368,XNYS,US,"clearwater|clearwater analytics|clearwater analytics holdings, inc."
CWBC,Community West Bancshares,0001127371,XNAS,US,community|community west|community west bancshares
CWBHF,"Charlotte's Web Holdings, Inc.",0001750155,OOTC,US,"charlotte|charlotte s|charlotte s web|charlotte's web holdings, inc."
CWCO,Consolidated Water Co. Ltd.,0000928340,XNAS,US,consolidated|consolidated water|consolidated water co. ltd.
CWD,CaliberCos Inc.,0001627282,XNAS,US,calibercos|calibercos inc.
CWEN,"Clearway Energy, Inc.",0001567683,XNYS,US,"clearway|clearway energy|clearway energy, inc."
CWGL,"Crimson Wine Group, Ltd",0001562151,OOTC,US,"crimson|crimson wine|crimson wine group, ltd"
CWH,"Camping World Holdings, Inc.",0001669779,XNYS,US,"camping|camping world|camping world holdings, inc."
CWK,Cushman & Wakefield Ltd.,0001628369,XNYS,US,cushman|cushman & wakefield ltd.|cushman wakefield
CWNOF,CHINESEWORLDNET COM INC,0001145898,OOTC,US,chineseworldnet|chineseworldnet com|chineseworldnet com inc
CWPE,CW Petroleum Corp,0001741220,OOTC,US,cw|cw petroleum|cw petroleum corp
CWST,CASELLA WASTE SYSTEMS INC,0000911177,XNAS,US,casella|casella waste|casella waste systems|casella waste systems inc
CWT,CALIFORNIA WATER SERVICE GROUP,0001035201,XNYS,US,california|california water|california water service|california water service group
CX,CEMEX SAB DE CV,0001076378,XNYS,US,cemex|cemex sab|cemex sab de cv
CXAI,CXApp Inc.,0001820875,XNAS,US,cxapp|cxapp inc.
CXAIW,CXApp Inc.,0001820875,XNAS,US,cxapp|cxapp inc.
CXDO,"Crexendo, Inc.",0001075736,XNAS,US,"crexendo|crexendo, inc."
CXE,MFS HIGH INCOME MUNICIPAL TRUST,0000845606,XNYS,US,mfs|mfs high|mfs high income municipal|mfs high income municipal trust
CXH,MFS INVESTMENT GRADE MUNICIPAL TRUST,0000847411,XNYS,US,mfs|mfs investment|mfs investment grade municipal|mfs investment grade municipal trust
CXIIU,Churchill Capital Corp XII,0002114227,XNAS,US,churchill|churchill capital|churchill capital corp xii|churchill capital xii
CXM,"Sprinklr, Inc.",0001569345,XNYS,US,"sprinklr|sprinklr, inc."
CXMSF,CEMEX SAB DE CV,0001076378,OOTC,US,cemex|cemex sab|cemex sab de cv
CXT,"Crane NXT, Co.",0000025445,XNYS,US,"crane|crane nxt|crane nxt, co."
CXW,"CoreCivic, Inc.",0001070985,XNYS,US,"corecivic|corecivic, inc."
CXXIF,C21 Investments Inc.,0000831609,OOTC,US,c21|c21 investments|c21 investments inc.
CYAB,"CYABRA, INC.",0002032341,XNAS,US,"cyabra|cyabra, inc."
CYAN,CYANOTECH CORP,0000768408,OOTC,US,cyanotech|cyanotech corp
CYATY,"Contemporary Amperex Technology Co., Limited/ADR",0002070829,OOTC,US,"contemporary|contemporary amperex|contemporary amperex technology|contemporary amperex technology co., limited/adr"
CYCN,"Cyclerion Therapeutics, Inc.",0001755237,XNAS,US,"cyclerion|cyclerion therapeutics|cyclerion therapeutics, inc."
CYCU,"Cycurion, Inc.",0001868419,XNAS,US,"cycurion|cycurion, inc."
CYCUW,"Cycurion, Inc.",0001868419,XNAS,US,"cycurion|cycurion, inc."
CYD,CHINA YUCHAI INTERNATIONAL LTD,0000932695,XNYS,US,china|china yuchai|china yuchai international|china yuchai international ltd
CYDVF,Century Lithium Corp.,0001394039,OOTC,US,century|century lithium|century lithium corp.
CYDY,CytoDyn Inc.,0001175680,OOTC,US,cytodyn|cytodyn inc.
CYH,COMMUNITY HEALTH SYSTEMS INC,0001108109,XNYS,US,community|community health|community health systems|community health systems inc
CYJBF,Cargotec Corp OYJ,0001436741,OOTC,US,cargotec|cargotec corp oyj|cargotec oyj
CYN,Cyngn Inc.,0001874097,XNAS,US,cyngn|cyngn inc.
CYPH,CYPHERPUNK TECHNOLOGIES INC.,0001509745,XNAS,US,cypherpunk|cypherpunk technologies|cypherpunk technologies inc.
CYRX,"Cryoport, Inc.",0001124524,XNAS,US,"cryoport|cryoport, inc."
CYTK,CYTOKINETICS INC,0001061983,XNAS,US,cytokinetics|cytokinetics inc
CYTOF,Altamira Therapeutics Ltd.,0001601936,OOTC,US,altamira|altamira therapeutics|altamira therapeutics ltd.
CZFS,CITIZENS FINANCIAL SERVICES INC,0000739421,XNAS,US,citizens|citizens financial|citizens financial services|citizens financial services inc
CZNC,CITIZENS & NORTHERN CORP,0000810958,XNAS,US,citizens|citizens & northern corp|citizens northern
CZR,"Caesars Entertainment, Inc.",0001590895,XNAS,US,"caesars|caesars entertainment|caesars entertainment, inc."
CZWI,Citizens Community Bancorp Inc.,0001367859,XNAS,US,citizens|citizens community|citizens community bancorp|citizens community bancorp inc.
D,"DOMINION ENERGY, INC",0000715957,XNYS,US,"dominion|dominion energy|dominion energy, inc"
DAAQ,Digital Asset Acquisition Corp.,0002052162,XNAS,US,digital|digital asset|digital asset acquisition|digital asset acquisition corp.
DAAQU,Digital Asset Acquisition Corp.,0002052162,XNAS,US,digital|digital asset|digital asset acquisition|digital asset acquisition corp.
DAAQW,Digital Asset Acquisition Corp.,0002052162,XNAS,US,digital|digital asset|digital asset acquisition|digital asset acquisition corp.
DAC,Danaos Corp,0001369241,XNYS,US,danaos|danaos corp
DAIC,"CID Holdco, Inc.",0002033770,XNAS,US,"cid|cid holdco|cid holdco, inc."
DAICW,"CID Holdco, Inc.",0002033770,XNAS,US,"cid|cid holdco|cid holdco, inc."
DAIO,DATA I/O CORP,0000351998,XNAS,US,data|data i|data i o|data i/o corp
DAKT,DAKTRONICS INC /SD/,0000915779,XNAS,US,daktronics|daktronics inc /sd/|daktronics sd
DAL,"DELTA AIR LINES, INC.",0000027904,XNYS,US,"delta|delta air|delta air lines|delta air lines, inc."
DAN,DANA Inc,0000026780,XNYS,US,dana|dana inc
DAO,"Youdao, Inc.",0001781753,XNYS,US,"youdao|youdao, inc."
DAR,DARLING INGREDIENTS INC.,0000916540,XNYS,US,darling|darling ingredients|darling ingredients inc.
DARE,"Dare Bioscience, Inc.",0001401914,XNAS,US,"dare|dare bioscience|dare bioscience, inc."
DASH,"DoorDash, Inc.",0001792789,XNAS,US,"doordash|doordash, inc."
DAVA,Endava plc,0001656081,XNYS,US,endava|endava plc
DAVE,Dave Inc./DE,0001841408,XNAS,US,dave|dave de|dave inc./de
DAVEW,Dave Inc./DE,0001841408,XNAS,US,dave|dave de|dave inc./de
DAZSF,ZKGC New Energy Ltd,0001896511,OOTC,US,zkgc|zkgc new|zkgc new energy|zkgc new energy ltd
DB,DEUTSCHE BANK AKTIENGESELLSCHAFT,0001159508,XNYS,US,deutsche|deutsche bank|deutsche bank aktiengesellschaft
DBA,INVESCO DB AGRICULTURE FUND,0001383082,ARCX,US,invesco|invesco db|invesco db agriculture fund
DBB,INVESCO DB BASE METALS FUND,0001383084,ARCX,US,invesco|invesco db|invesco db base metals fund
DBC,Invesco DB Commodity Index Tracking Fund,0001328237,ARCX,US,invesco|invesco db|invesco db commodity index tracking fund
DBCA,D. Boral Acquisition I Corp.,0002095161,XNAS,US,d boral|d boral acquisition i|d. boral acquisition i corp.
DBCAU,D. Boral Acquisition I Corp.,0002095161,XNAS,US,d boral|d boral acquisition i|d. boral acquisition i corp.
DBCAW,D. Boral Acquisition I Corp.,0002095161,XNAS,US,d boral|d boral acquisition i|d. boral acquisition i corp.
DBD,"DIEBOLD NIXDORF, Inc",0000028823,XNYS,US,"diebold|diebold nixdorf|diebold nixdorf, inc"
DBE,Invesco DB Energy Fund,0001383062,ARCX,US,invesco|invesco db|invesco db energy fund
DBGI,"Digital Brands Group, Inc.",0001668010,XNAS,US,"digital|digital brands|digital brands group, inc."
DBI,Designer Brands Inc.,0001319947,XNYS,US,designer|designer brands|designer brands inc.
DBL,DoubleLine Opportunistic Credit Fund,0001525201,XNYS,US,doubleline|doubleline opportunistic|doubleline opportunistic credit fund
DBMM,"Digital Brand Media & Marketing Group, Inc.",0001127475,OOTC,US,"digital|digital brand|digital brand media & marketing group, inc.|digital brand media marketing"
DBO,Invesco DB Oil Fund,0001383058,ARCX,US,invesco|invesco db|invesco db oil fund
DBP,Invesco DB Precious Metals Fund,0001383057,ARCX,US,invesco|invesco db|invesco db precious metals fund
DBRG,"DigitalBridge Group, Inc.",0001679688,XNYS,US,"digitalbridge|digitalbridge group, inc."
DBVT,DBV Technologies S.A.,0001613780,XNAS,US,dbv|dbv technologies|dbv technologies s.a.
DBVTF,DBV Technologies S.A.,0001613780,OOTC,US,dbv|dbv technologies|dbv technologies s.a.
DBX,"DROPBOX, INC.",0001467623,XNAS,US,"dropbox|dropbox, inc."
DC,Dakota Gold Corp.,0001852353,XASE,US,dakota|dakota gold|dakota gold corp.
DCBG,"Dime Community Bancshares, Inc. /NY/",0000846617,XNYS,US,"dime|dime community|dime community bancshares ny|dime community bancshares, inc. /ny/"
DCBO,Docebo Inc.,0001829959,XNAS,US,docebo|docebo inc.
DCFBS,"DCFC Holdings, LLC",0001630745,OOTC,US,"dcfc|dcfc holdings, llc"
DCGO,DocGo Inc.,0001822359,XNAS,US,docgo|docgo inc.
DCH,Dauch Corp,0001062231,XNYS,US,dauch|dauch corp
DCI,DONALDSON Co INC,0000029644,XNYS,US,donaldson|donaldson co inc
DCO,DUCOMMUN INC /DE/,0000030305,XNYS,US,ducommun|ducommun de|ducommun inc /de/
DCOM,"Dime Community Bancshares, Inc. /NY/",0000846617,XNYS,US,"dime|dime community|dime community bancshares ny|dime community bancshares, inc. /ny/"
DCOY,Decoy Therapeutics Inc.,0001615219,XNAS,US,decoy|decoy therapeutics|decoy therapeutics inc.
DCTH,"DELCATH SYSTEMS, INC.",0000872912,XNAS,US,"delcath|delcath systems|delcath systems, inc."
DCX,Digital Currency X Technology Inc.,0001957413,XNAS,US,digital|digital currency|digital currency x technology|digital currency x technology inc.
DD,"DuPont de Nemours, Inc.",0001666700,XNYS,US,"dupont|dupont de|dupont de nemours|dupont de nemours, inc."
DDC,DDC Enterprise Ltd,0001808110,XASE,US,ddc|ddc enterprise|ddc enterprise ltd
DDD,3D SYSTEMS CORP,0000910638,XNYS,US,3d|3d systems|3d systems corp
DDDX,"3DX Industries, Inc.",0001453122,OOTC,US,"3dx|3dx industries|3dx industries, inc."
DDHLY,Digital Domain Holdings Limited/ADR,0002034300,OOTC,US,digital|digital domain|digital domain holdings limited/adr
DDI,"DoubleDown Interactive Co., Ltd.",0001799567,XNAS,US,"doubledown|doubledown interactive|doubledown interactive co., ltd."
DDL,Dingdong (Cayman) Ltd,0001854545,XNYS,US,dingdong|dingdong (cayman) ltd|dingdong cayman
DDOG,"Datadog, Inc.",0001561550,XNAS,US,"datadog|datadog, inc."
DDS,"DILLARD'S, INC.",0000028917,XNYS,US,"dillard|dillard s|dillard's, inc."
DDT,"DILLARD'S, INC.",0000028917,XNYS,US,"dillard|dillard s|dillard's, inc."
DE,DEERE & CO,0000315189,XNYS,US,deere|deere & co
DEA,"Easterly Government Properties, Inc.",0001622194,XNYS,US,"easterly|easterly government|easterly government properties|easterly government properties, inc."
DEC,Diversified Energy Co,0001922446,XNYS,US,diversified|diversified energy|diversified energy co
DECK,DECKERS OUTDOOR CORP,0000910521,XNYS,US,deckers|deckers outdoor|deckers outdoor corp
DEENF,DEUTSCHE BANK AKTIENGESELLSCHAFT,0001159508,OOTC,US,deutsche|deutsche bank|deutsche bank aktiengesellschaft
DEFG,Grayscale Decentralized Finance (DeFi) Fund LLC,0001874907,OOTC,US,grayscale|grayscale decentralized|grayscale decentralized finance (defi) fund llc|grayscale decentralized finance defi fund
DEFI,Hashdex Commodities Trust,0001985840,ARCX,US,hashdex|hashdex commodities|hashdex commodities trust
DEFT,"Defi Technologies, Inc.",0001888274,XNAS,US,"defi|defi technologies|defi technologies, inc."
DEI,Douglas Emmett Inc,0001364250,XNYS,US,douglas|douglas emmett|douglas emmett inc
DELL,Dell Technologies Inc.,0001571996,XNYS,US,dell|dell technologies|dell technologies inc.
DEO,DIAGEO PLC,0000835403,XNYS,US,diageo|diageo plc
DERM,Journey Medical Corp,0001867066,XNAS,US,journey|journey medical|journey medical corp
DETX,"LIBERTY DEFENSE HOLDINGS, LTD.",0001919776,XNAS,US,"liberty|liberty defense|liberty defense holdings, ltd."
DEVS,DevvStream Corp.,0001854480,XNAS,US,devvstream|devvstream corp.
DFDV,DeFi Development Corp.,0001805526,XNAS,US,defi|defi development|defi development corp.
DFDVW,DeFi Development Corp.,0001805526,XNAS,US,defi|defi development|defi development corp.
DFH,"Dream Finders Homes, Inc.",0001825088,XNYS,US,"dream|dream finders|dream finders homes|dream finders homes, inc."
DFIN,"Donnelley Financial Solutions, Inc.",0001669811,XNYS,US,"donnelley|donnelley financial|donnelley financial solutions|donnelley financial solutions, inc."
DFLI,Dragonfly Energy Holdings Corp.,0001847986,XNAS,US,dragonfly|dragonfly energy|dragonfly energy holdings corp.
DFLIW,Dragonfly Energy Holdings Corp.,0001847986,XNAS,US,dragonfly|dragonfly energy|dragonfly energy holdings corp.
DFNS,T3 Defense Inc.,0001787518,XNAS,US,t3|t3 defense|t3 defense inc.
DFNSW,T3 Defense Inc.,0001787518,XNAS,US,t3|t3 defense|t3 defense inc.
DFP,Flaherty & Crumrine Dynamic Preferred & Income Fund Inc,0001559991,XNYS,US,flaherty|flaherty & crumrine dynamic preferred & income fund inc|flaherty crumrine|flaherty crumrine dynamic preferred income fund
DFPH,"Oncology Institute, Inc.",0001799191,OOTC,US,"oncology|oncology institute|oncology institute, inc."
DFSC,DEFSEC Technologies Inc.,0001889823,XNAS,US,defsec|defsec technologies|defsec technologies inc.
DFSCW,DEFSEC Technologies Inc.,0001889823,XNAS,US,defsec|defsec technologies|defsec technologies inc.
DFSLY,Defeng Solife Holdings Limited/ADR,0002038919,OOTC,US,defeng|defeng solife|defeng solife holdings limited/adr
DFTX,"Definium Therapeutics, Inc.",0001813814,XNAS,US,"definium|definium therapeutics|definium therapeutics, inc."
DFUKF,DeFi Development Corp.,0001805526,OOTC,US,defi|defi development|defi development corp.
DG,DOLLAR GENERAL CORP,0000029534,XNYS,US,dollar|dollar general|dollar general corp
DGCOF,Daura Capital Corp.,0001809267,OOTC,US,daura|daura capital|daura capital corp.
DGEAF,DIAGEO PLC,0000835403,OOTC,US,diageo|diageo plc
DGICA,DONEGAL GROUP INC,0000800457,XNAS,US,donegal|donegal group inc
DGICB,DONEGAL GROUP INC,0000800457,XNAS,US,donegal|donegal group inc
DGII,DIGI INTERNATIONAL INC,0000854775,XNAS,US,digi|digi international|digi international inc
DGMDF,Digital Domain Holdings Limited/ADR,0002034300,OOTC,US,digital|digital domain|digital domain holdings limited/adr
DGNX,Diginex Ltd,0002010499,XNAS,US,diginex|diginex ltd
DGP,DEUTSCHE BANK AKTIENGESELLSCHAFT,0001159508,ARCX,US,deutsche|deutsche bank|deutsche bank aktiengesellschaft
DGTEF,Eat & Beyond Global Holdings Inc.,0001978151,OOTC,US,eat|eat & beyond global holdings inc.|eat beyond|eat beyond global
DGX,QUEST DIAGNOSTICS INC,0001022079,XNYS,US,quest|quest diagnostics|quest diagnostics inc
DGXX,Digi Power X Inc.,0001854368,XNAS,US,digi|digi power|digi power x|digi power x inc.
DGZ,DEUTSCHE BANK AKTIENGESELLSCHAFT,0001159508,ARCX,US,deutsche|deutsche bank|deutsche bank aktiengesellschaft
DH,Definitive Healthcare Corp.,0001861795,XNAS,US,definitive|definitive healthcare|definitive healthcare corp.
DHC,DIVERSIFIED HEALTHCARE TRUST,0001075415,XNAS,US,diversified|diversified healthcare|diversified healthcare trust
DHCNI,DIVERSIFIED HEALTHCARE TRUST,0001075415,XNAS,US,diversified|diversified healthcare|diversified healthcare trust
DHCNL,DIVERSIFIED HEALTHCARE TRUST,0001075415,XNAS,US,diversified|diversified healthcare|diversified healthcare trust
DHF,BNY MELLON HIGH YIELD STRATEGIES FUND,0001057861,XNYS,US,bny|bny mellon|bny mellon high yield strategies fund
DHI,HORTON D R INC /DE/,0000882184,XNYS,US,horton|horton d|horton d r de|horton d r inc /de/
DHR,DANAHER CORP /DE/,0000313616,XNYS,US,danaher|danaher corp /de/|danaher de
DHT,"DHT Holdings, Inc.",0001331284,XNYS,US,"dht|dht holdings, inc."
DHTI,"Dalrada Technology Group, Inc.",0000725394,OOTC,US,"dalrada|dalrada technology|dalrada technology group, inc."
DHX,"DHI GROUP, INC.",0001393883,XNYS,US,"dhi|dhi group, inc."
DHY,CREDIT SUISSE HIGH YIELD CREDIT FUND,0001061353,XASE,US,credit|credit suisse|credit suisse high yield credit fund
DIA,SPDR DOW JONES INDUSTRIAL AVERAGE ETF TRUST,0001041130,ARCX,US,spdr|spdr dow|spdr dow jones industrial average etf|spdr dow jones industrial average etf trust
DIBS,"1stdibs.com, Inc.",0001600641,XNAS,US,"1stdibs|1stdibs com|1stdibs.com, inc."
DIDIY,DiDi Global Inc.,0001764757,OOTC,US,didi|didi global|didi global inc.
DIN,"Dine Brands Global, Inc.",0000049754,XNYS,US,"dine|dine brands|dine brands global|dine brands global, inc."
DINO,HF Sinclair Corp,0001915657,XNYS,US,hf|hf sinclair|hf sinclair corp
DINRF,"SCREEN Holdings Co., Ltd./ADR",0001544379,OOTC,US,"screen|screen holdings co., ltd./adr"
DIOD,DIODES INC /DEL/,0000029002,XNAS,US,diodes|diodes del|diodes inc /del/
DIS,Walt Disney Co,0001744489,XNYS,US,walt|walt disney|walt disney co
DISPF,Disco Corporation/ADR,0001671750,OOTC,US,disco|disco corporation/adr
DIT,AMCON DISTRIBUTING CO,0000928465,XASE,US,amcon|amcon distributing|amcon distributing co
DJCO,DAILY JOURNAL CORP,0000783412,XNAS,US,daily|daily journal|daily journal corp
DJP,BARCLAYS BANK PLC,0000312070,ARCX,US,barclays|barclays bank|barclays bank plc
DJT,Trump Media & Technology Group Corp.,0001849635,XNAS,US,trump|trump media|trump media & technology group corp.|trump media technology
DJTWW,Trump Media & Technology Group Corp.,0001849635,XNAS,US,trump|trump media|trump media & technology group corp.|trump media technology
DK,"Delek US Holdings, Inc.",0001694426,XNYS,US,"delek|delek us|delek us holdings, inc."
DKI,DarkIris Inc.,0002058584,XNAS,US,darkiris|darkiris inc.
DKILF,Daikin Industries Ltd,0001446519,OOTC,US,daikin|daikin industries|daikin industries ltd
DKL,"Delek Logistics Partners, LP",0001552797,XNYS,US,"delek|delek logistics|delek logistics partners|delek logistics partners, lp"
DKNG,DraftKings Inc.,0001883685,XNAS,US,draftkings|draftkings inc.
DKS,"DICK'S SPORTING GOODS, INC.",0001089063,XNYS,US,"dick|dick s|dick s sporting goods|dick's sporting goods, inc."
DLAKF,DEUTSCHE LUFTHANSA A G /FI,0001049724,OOTC,US,deutsche|deutsche lufthansa|deutsche lufthansa a g /fi|deutsche lufthansa a g fi
DLAKY,DEUTSCHE LUFTHANSA A G /FI,0001049724,OOTC,US,deutsche|deutsche lufthansa|deutsche lufthansa a g /fi|deutsche lufthansa a g fi
DLB,"Dolby Laboratories, Inc.",0001308547,XNYS,US,"dolby|dolby laboratories|dolby laboratories, inc."
DLHC,DLH Holdings Corp.,0000785557,XNAS,US,dlh|dlh holdings corp.
DLMAF,Dollarama Inc./ADR,0002073893,OOTC,US,dollarama|dollarama inc./adr
DLMAY,Dollarama Inc./ADR,0002073893,OOTC,US,dollarama|dollarama inc./adr
DLNG,Dynagas LNG Partners LP,0001578453,XNYS,US,dynagas|dynagas lng|dynagas lng partners|dynagas lng partners lp
DLO,dLocal Ltd,0001846832,XNAS,US,dlocal|dlocal ltd
DLPN,"Dolphin Entertainment, Inc.",0001282224,XNAS,US,"dolphin|dolphin entertainment|dolphin entertainment, inc."
DLR,"DIGITAL REALTY TRUST, INC.",0001297996,XNYS,US,"digital|digital realty|digital realty trust, inc."
DLTH,DULUTH HOLDINGS INC.,0001649744,XNAS,US,duluth|duluth holdings inc.
DLTI,DLT Resolution Inc.,0001420368,OOTC,US,dlt|dlt resolution|dlt resolution inc.
DLTR,"DOLLAR TREE, INC.",0000935703,XNAS,US,"dollar|dollar tree|dollar tree, inc."
DLX,DELUXE CORP,0000027996,XNYS,US,deluxe|deluxe corp
DLXY,Delixy Holdings Ltd,0002025218,XNAS,US,delixy|delixy holdings ltd
DLY,DoubleLine Yield Opportunities Fund,0001788399,XNYS,US,doubleline|doubleline yield|doubleline yield opportunities fund
DMA,Destra Multi-Alternative Fund,0001523289,XNYS,US,destra|destra multi|destra multi alternative fund|destra multi-alternative fund
DMAA,Drugs Made In America Acquisition Corp.,0002028614,XNAS,US,drugs|drugs made|drugs made in america acquisition|drugs made in america acquisition corp.
DMAAR,Drugs Made In America Acquisition Corp.,0002028614,XNAS,US,drugs|drugs made|drugs made in america acquisition|drugs made in america acquisition corp.
DMAAU,Drugs Made In America Acquisition Corp.,0002028614,XNAS,US,drugs|drugs made|drugs made in america acquisition|drugs made in america acquisition corp.
DMAC,DiaMedica Therapeutics Inc.,0001401040,XNAS,US,diamedica|diamedica therapeutics|diamedica therapeutics inc.
DMB,"BNY Mellon Municipal Bond Infrastructure Fund, Inc.",0001565381,XNYS,US,"bny|bny mellon|bny mellon municipal bond infrastructure fund|bny mellon municipal bond infrastructure fund, inc."
DMII,Drugs Made In America Acquisition II Corp.,0002040475,XNAS,US,drugs|drugs made|drugs made in america acquisition ii|drugs made in america acquisition ii corp.
DMIIR,Drugs Made In America Acquisition II Corp.,0002040475,XNAS,US,drugs|drugs made|drugs made in america acquisition ii|drugs made in america acquisition ii corp.
DMIIU,Drugs Made In America Acquisition II Corp.,0002040475,XNAS,US,drugs|drugs made|drugs made in america acquisition ii|drugs made in america acquisition ii corp.
DMLP,"DORCHESTER MINERALS, L.P.",0001172358,XNAS,US,"dorchester|dorchester minerals|dorchester minerals, l.p."
DMNIF,Damon Inc.,0002000640,OOTC,US,damon|damon inc.
DMO,Western Asset Mortgage Opportunity Fund Inc.,0001478102,XNYS,US,western|western asset|western asset mortgage opportunity fund|western asset mortgage opportunity fund inc.
DMRA,"Damora Therapeutics, Inc.",0001800315,XNAS,US,"damora|damora therapeutics|damora therapeutics, inc."
DMRC,Digimarc CORP,0001438231,XNAS,US,digimarc|digimarc corp
DNA,"Ginkgo Bioworks Holdings, Inc.",0001830214,XNYS,US,"ginkgo|ginkgo bioworks|ginkgo bioworks holdings, inc."
DNABW,"Ginkgo Bioworks Holdings, Inc.",0001830214,OOTC,US,"ginkgo|ginkgo bioworks|ginkgo bioworks holdings, inc."
DNACF,"DeNA Co., Ltd./ADR",0002065660,OOTC,US,"dena|dena co., ltd./adr"
DNCLY,"DeNA Co., Ltd./ADR",0002065660,OOTC,US,"dena|dena co., ltd./adr"
DNLI,Denali Therapeutics Inc.,0001714899,XNAS,US,denali|denali therapeutics|denali therapeutics inc.
DNMX,Dynamix Corp III,0002081125,XNAS,US,dynamix|dynamix corp iii|dynamix iii
DNMXU,Dynamix Corp III,0002081125,XNAS,US,dynamix|dynamix corp iii|dynamix iii
DNMXW,Dynamix Corp III,0002081125,XNAS,US,dynamix|dynamix corp iii|dynamix iii
DNN,DENISON MINES CORP.,0001063259,XASE,US,denison|denison mines|denison mines corp.
DNOPF,Dino Polska S.A./ADR,0001796026,OOTC,US,dino|dino polska|dino polska s.a./adr
DNOW,DNOW Inc.,0001599617,XNYS,US,dnow|dnow inc.
DNP,DNP SELECT INCOME FUND INC,0000806628,XNYS,US,dnp|dnp select|dnp select income fund|dnp select income fund inc
DNTH,"Dianthus Therapeutics, Inc. /DE/",0001690585,XNAS,US,"dianthus|dianthus therapeutics|dianthus therapeutics de|dianthus therapeutics, inc. /de/"
DNUT,"Krispy Kreme, Inc.",0001857154,XNAS,US,"krispy|krispy kreme|krispy kreme, inc."
DOC,"HEALTHPEAK PROPERTIES, INC.",0000765880,XNYS,US,"healthpeak|healthpeak properties|healthpeak properties, inc."
DOCN,"DigitalOcean Holdings, Inc.",0001582961,XNYS,US,"digitalocean|digitalocean holdings, inc."
DOCS,"Doximity, Inc.",0001516513,XNYS,US,"doximity|doximity, inc."
DOCU,"DOCUSIGN, INC.",0001261333,XNAS,US,"docusign|docusign, inc."
DOGP,"Dogecoin Cash, Inc.",0001360442,OOTC,US,"dogecoin|dogecoin cash|dogecoin cash, inc."
DOGZ,Dogness (International) Corp,0001707303,XNAS,US,dogness|dogness (international) corp|dogness international
DOLE,Dole plc,0001857475,XNYS,US,dole|dole plc
DOMH,Dominari Holdings Inc.,0000012239,XNAS,US,dominari|dominari holdings inc.
DOMO,"DOMO, INC.",0001505952,XNAS,US,"domo|domo, inc."
DOO,BRP Inc.,0001748797,XNAS,US,brp|brp inc.
DORM,"Dorman Products, Inc.",0000868780,XNAS,US,"dorman|dorman products|dorman products, inc."
DOUG,Douglas Elliman Inc.,0001878897,XNYS,US,douglas|douglas elliman|douglas elliman inc.
DOV,DOVER Corp,0000029905,XNYS,US,dover|dover corp
DOW,DOW INC.,0001751788,XNYS,US,dow|dow inc.
DOX,AMDOCS LTD,0001062579,XNAS,US,amdocs|amdocs ltd
DOYU,DouYu International Holdings Ltd,0001762417,XNAS,US,douyu|douyu international|douyu international holdings ltd
DPCDF,DPC DASH LTD/ADR,0002094201,OOTC,US,dpc|dpc dash|dpc dash ltd/adr
DPG,Duff & Phelps Utility & Infrastructure Fund Inc.,0001515671,XNYS,US,duff|duff & phelps utility & infrastructure fund inc.|duff phelps|duff phelps utility infrastructure fund
DPLMF,Diploma plc/ADR,0001529906,OOTC,US,diploma|diploma plc/adr
DPLS,"DarkPulse, Inc.",0000866439,OOTC,US,"darkpulse|darkpulse, inc."
DPRO,Draganfly Inc.,0001786286,XNAS,US,draganfly|draganfly inc.
DPUI,"DISCOUNT PRINT USA, INC.",0001791929,OOTC,US,"discount|discount print|discount print usa|discount print usa, inc."
DPZ,DOMINOS PIZZA INC,0001286681,XNAS,US,dominos|dominos pizza|dominos pizza inc
DQ,DAQO NEW ENERGY CORP.,0001477641,XNYS,US,daqo|daqo new|daqo new energy|daqo new energy corp.
DQJCF,Don Quijote Holdings Co Ltd,0001446597,OOTC,US,don|don quijote|don quijote holdings co ltd
DQWS,DSwiss Inc,0001652561,OOTC,US,dswiss|dswiss inc
DRCT,"Direct Digital Holdings, Inc.",0001880613,XNAS,US,"direct|direct digital|direct digital holdings, inc."
DRD,DRDGOLD LTD,0001023512,XNYS,US,drdgold|drdgold ltd
DRDB,Roman DBDR Acquisition Corp. II,0002032528,XNAS,US,roman|roman dbdr|roman dbdr acquisition corp. ii|roman dbdr acquisition ii
DRDBU,Roman DBDR Acquisition Corp. II,0002032528,XNAS,US,roman|roman dbdr|roman dbdr acquisition corp. ii|roman dbdr acquisition ii
DRDBW,Roman DBDR Acquisition Corp. II,0002032528,XNAS,US,roman|roman dbdr|roman dbdr acquisition corp. ii|roman dbdr acquisition ii
DRDGF,DRDGOLD LTD,0001023512,OOTC,US,drdgold|drdgold ltd
DREM,Dream Homes & Development Corp.,0001518336,OOTC,US,dream|dream homes|dream homes & development corp.|dream homes development
DRH,DiamondRock Hospitality Co,0001298946,XNAS,US,diamondrock|diamondrock hospitality|diamondrock hospitality co
DRI,DARDEN RESTAURANTS INC,0000940944,XNYS,US,darden|darden restaurants|darden restaurants inc
DRIO,DarioHealth Corp.,0001533998,XNAS,US,dariohealth|dariohealth corp.
DRMA,"Dermata Therapeutics, Inc.",0001853816,XNAS,US,"dermata|dermata therapeutics|dermata therapeutics, inc."
DRMAW,"Dermata Therapeutics, Inc.",0001853816,XNAS,US,"dermata|dermata therapeutics|dermata therapeutics, inc."
DROR,"Dror Ortho-Design, Inc.",0001282980,OOTC,US,"dror|dror ortho|dror ortho design|dror ortho-design, inc."
DRRKF,dormakaba Holding AG,0001705969,OOTC,US,dormakaba|dormakaba holding ag
DRS,"Leonardo DRS, Inc.",0001833756,XNAS,US,"leonardo|leonardo drs|leonardo drs, inc."
DRSHF,DroneShield Ltd,0001671541,OOTC,US,droneshield|droneshield ltd
DRTS,Alpha Tau Medical Ltd.,0001871321,XNAS,US,alpha|alpha tau|alpha tau medical|alpha tau medical ltd.
DRTSW,Alpha Tau Medical Ltd.,0001871321,XNAS,US,alpha|alpha tau|alpha tau medical|alpha tau medical ltd.
DRTTF,DIRTT ENVIRONMENTAL SOLUTIONS LTD,0001340476,OOTC,US,dirtt|dirtt environmental|dirtt environmental solutions|dirtt environmental solutions ltd
DRUG,BRIGHT MINDS BIOSCIENCES INC.,0001827401,XNAS,US,bright|bright minds|bright minds biosciences|bright minds biosciences inc.
DRVN,Driven Brands Holdings Inc.,0001804745,XNAS,US,driven|driven brands|driven brands holdings inc.
DRYGF,Dryden Gold Corp.,0002006413,OOTC,US,dryden|dryden gold|dryden gold corp.
DSAC,Daedalus Special Acquisition Corp.,0002082149,XNAS,US,daedalus|daedalus special|daedalus special acquisition|daedalus special acquisition corp.
DSACU,Daedalus Special Acquisition Corp.,0002082149,XNAS,US,daedalus|daedalus special|daedalus special acquisition|daedalus special acquisition corp.
DSACW,Daedalus Special Acquisition Corp.,0002082149,XNAS,US,daedalus|daedalus special|daedalus special acquisition|daedalus special acquisition corp.
DSECF,Daiwa Securities Group Inc.,0001481045,OOTC,US,daiwa|daiwa securities|daiwa securities group inc.
DSEEY,Daiwa Securities Group Inc.,0001481045,OOTC,US,daiwa|daiwa securities|daiwa securities group inc.
DSGN,"Design Therapeutics, Inc.",0001807120,XNAS,US,"design|design therapeutics|design therapeutics, inc."
DSGR,"Distribution Solutions Group, Inc.",0000703604,XNAS,US,"distribution|distribution solutions|distribution solutions group, inc."
DSGT,DSG Global Inc.,0001413909,OOTC,US,dsg|dsg global|dsg global inc.
DSGX,DESCARTES SYSTEMS GROUP INC,0001050140,XNAS,US,descartes|descartes systems|descartes systems group inc
DSL,DoubleLine Income Solutions Fund,0001566388,XNYS,US,doubleline|doubleline income|doubleline income solutions fund
DSM,"BNY MELLON STRATEGIC MUNICIPAL BOND FUND, INC.",0000855887,XNYS,US,"bny|bny mellon|bny mellon strategic municipal bond fund|bny mellon strategic municipal bond fund, inc."
DSNY,DESTINY MEDIA TECHNOLOGIES INC,0001099369,OOTC,US,destiny|destiny media|destiny media technologies|destiny media technologies inc
DSP,Viant Technology Inc.,0001828791,XNAS,US,viant|viant technology|viant technology inc.
DSS,"DSS, INC.",0000771999,XASE,US,"dss|dss, inc."
DSU,"BLACKROCK DEBT STRATEGIES FUND, INC.",0001051003,XNYS,US,"blackrock|blackrock debt|blackrock debt strategies fund|blackrock debt strategies fund, inc."
DSWL,DESWELL INDUSTRIES INC,0000946936,XNAS,US,deswell|deswell industries|deswell industries inc
DSX,DIANA SHIPPING INC.,0001318885,XNYS,US,diana|diana shipping|diana shipping inc.
DSY,Big Tree Cloud Holdings Ltd,0001999297,XNAS,US,big|big tree|big tree cloud|big tree cloud holdings ltd
DSYWW,Big Tree Cloud Holdings Ltd,0001999297,XNAS,US,big|big tree|big tree cloud|big tree cloud holdings ltd
DT,"Dynatrace, Inc.",0001773383,XNYS,US,"dynatrace|dynatrace, inc."
DTB,DTE ENERGY CO,0000936340,XNYS,US,dte|dte energy|dte energy co
DTCKF,DAVIS COMMODITIES Ltd,0001949478,OOTC,US,davis|davis commodities|davis commodities ltd
DTCX,"Datacentrex, Inc.",0001853825,XNAS,US,"datacentrex|datacentrex, inc."
DTE,DTE ENERGY CO,0000936340,XNYS,US,dte|dte energy|dte energy co
DTEGF,DEUTSCHE TELEKOM AG,0000946770,OOTC,US,deutsche|deutsche telekom|deutsche telekom ag
DTEGY,DEUTSCHE TELEKOM AG,0000946770,OOTC,US,deutsche|deutsche telekom|deutsche telekom ag
DTF,DTF TAX-FREE INCOME 2028 TERM FUND INC,0000879535,XNYS,US,dtf|dtf tax|dtf tax free income 2028 term fund|dtf tax-free income 2028 term fund inc
DTG,DTE ENERGY CO,0000936340,XNYS,US,dte|dte energy|dte energy co
DTGI,"Digerati Technologies, Inc.",0001014052,OOTC,US,"digerati|digerati technologies|digerati technologies, inc."
DTI,Drilling Tools International Corp,0001884516,XNAS,US,drilling|drilling tools|drilling tools international|drilling tools international corp
DTII,DEFENSE TECHNOLOGIES INTERNATIONAL CORP.,0001533357,OOTC,US,defense|defense technologies|defense technologies international|defense technologies international corp.
DTIL,PRECISION BIOSCIENCES INC,0001357874,XNAS,US,precision|precision biosciences|precision biosciences inc
DTK,DTE ENERGY CO,0000936340,XNYS,US,dte|dte energy|dte energy co
DTM,"DT Midstream, Inc.",0001842022,XNYS,US,"dt|dt midstream|dt midstream, inc."
DTREF,DATELINE RESOURCES LTD/ADR,0002127860,OOTC,US,dateline|dateline resources|dateline resources ltd/adr
DTRSY,DATELINE RESOURCES LTD/ADR,0002127860,OOTC,US,dateline|dateline resources|dateline resources ltd/adr
DTSQ,DT Cloud Star Acquisition Corp,0002017950,XNAS,US,dt|dt cloud|dt cloud star acquisition|dt cloud star acquisition corp
DTSQR,DT Cloud Star Acquisition Corp,0002017950,XNAS,US,dt|dt cloud|dt cloud star acquisition|dt cloud star acquisition corp
DTSQU,DT Cloud Star Acquisition Corp,0002017950,XNAS,US,dt|dt cloud|dt cloud star acquisition|dt cloud star acquisition corp
DTSS,Datasea Intelligent Technology Ltd.,0002110423,XNAS,US,datasea|datasea intelligent|datasea intelligent technology|datasea intelligent technology ltd.
DTST,Data Storage Corp,0001419951,XNAS,US,data|data storage|data storage corp
DTSTW,Data Storage Corp,0001419951,XNAS,US,data|data storage|data storage corp
DTW,DTE ENERGY CO,0000936340,XNYS,US,dte|dte energy|dte energy co
DUK,Duke Energy CORP,0001326160,XNYS,US,duke|duke energy|duke energy corp
DUKB,Duke Energy CORP,0001326160,XNYS,US,duke|duke energy|duke energy corp
DUKR,DUKE Robotics Corp.,0001638911,XNAS,US,duke|duke robotics|duke robotics corp.
DULL,BANK OF MONTREAL /CAN/,0000927971,ARCX,US,bank|bank of|bank of montreal /can/|bank of montreal can
DUO,Fangdd Network Group Ltd.,0001750593,XNAS,US,fangdd|fangdd network|fangdd network group ltd.
DUOL,"Duolingo, Inc.",0001562088,XNAS,US,"duolingo|duolingo, inc."
DUOT,"DUOS TECHNOLOGIES GROUP, INC.",0001396536,XNAS,US,"duos|duos technologies|duos technologies group, inc."
DUTBF,Duality Biotherapeutics Inc/ADR,0002085208,OOTC,US,duality|duality biotherapeutics|duality biotherapeutics inc/adr
DV,"DoubleVerify Holdings, Inc.",0001819928,XNYS,US,"doubleverify|doubleverify holdings, inc."
DVA,DAVITA INC.,0000927066,XNYS,US,davita|davita inc.
DVLT,Datavault AI Inc.,0001682149,XNAS,US,datavault|datavault ai|datavault ai inc.
DVN,DEVON ENERGY CORP/DE,0001090012,XNYS,US,devon|devon energy|devon energy corp/de|devon energy de
DWAY,"Driveitaway Holdings, Inc.",0001394638,OOTC,US,"driveitaway|driveitaway holdings, inc."
DWNX,DELHI BANK CORP,0000927719,OOTC,US,delhi|delhi bank|delhi bank corp
DWSN,DAWSON GEOPHYSICAL CO,0000799165,XNAS,US,dawson|dawson geophysical|dawson geophysical co
DWTX,"Dogwood Therapeutics, Inc.",0001818844,XNAS,US,"dogwood|dogwood therapeutics|dogwood therapeutics, inc."
DX,DYNEX CAPITAL INC,0000826675,XNYS,US,dynex|dynex capital|dynex capital inc
DXC,DXC Technology Co,0001688568,XNYS,US,dxc|dxc technology|dxc technology co
DXCM,DEXCOM INC,0001093557,XNAS,US,dexcom|dexcom inc
DXF,Eason Technology Ltd,0001499494,XASE,US,eason|eason technology|eason technology ltd
DXLG,"DESTINATION XL GROUP, INC.",0000813298,XNAS,US,"destination|destination xl|destination xl group, inc."
DXPE,DXP ENTERPRISES INC,0001020710,XNAS,US,dxp|dxp enterprises|dxp enterprises inc
DXR,DAXOR CORP,0000027367,XNAS,US,daxor|daxor corp
DXST,Decent Holding Inc.,0001958133,XNAS,US,decent|decent holding inc.
DXYN,DIXIE GROUP INC,0000029332,OOTC,US,dixie|dixie group inc
DXYZ,Destiny Tech100 Inc.,0001843974,XNYS,US,destiny|destiny tech100|destiny tech100 inc.
DY,DYCOM INDUSTRIES INC,0000067215,XNYS,US,dycom|dycom industries|dycom industries inc
DYAI,DYADIC INTERNATIONAL INC,0001213809,XNAS,US,dyadic|dyadic international|dyadic international inc
DYBTY,Duality Biotherapeutics Inc/ADR,0002085208,OOTC,US,duality|duality biotherapeutics|duality biotherapeutics inc/adr
DYN,"Dyne Therapeutics, Inc.",0001818794,XNAS,US,"dyne|dyne therapeutics|dyne therapeutics, inc."
DYNC,Dynamix Corp,0002028699,XNAS,US,dynamix|dynamix corp
DYNCU,Dynamix Corp,0002028699,XNAS,US,dynamix|dynamix corp
DYNCW,Dynamix Corp,0002028699,XNAS,US,dynamix|dynamix corp
DYNR,"DYNARESOURCE, INC.",0001111741,OOTC,US,"dynaresource|dynaresource, inc."
DYOR,Insight Digital Partners II,0002079292,XNAS,US,insight|insight digital|insight digital partners ii
DYORU,Insight Digital Partners II,0002079292,XNAS,US,insight|insight digital|insight digital partners ii
DYORW,Insight Digital Partners II,0002079292,XNAS,US,insight|insight digital|insight digital partners ii
DZZ,DEUTSCHE BANK AKTIENGESELLSCHAFT,0001159508,ARCX,US,deutsche|deutsche bank|deutsche bank aktiengesellschaft
E,ENI SPA,0001002242,XNYS,US,eni|eni spa
EA,ELECTRONIC ARTS INC.,0000712515,XNAS,US,electronic|electronic arts|electronic arts inc.
EACO,EACO CORP,0000784539,OOTC,US,eaco|eaco corp
EAD,ALLSPRING INCOME OPPORTUNITIES FUND,0001210123,XASE,US,allspring|allspring income|allspring income opportunities fund
EAF,GRAFTECH INTERNATIONAL LTD,0000931148,XNYS,US,graftech|graftech international|graftech international ltd
EAI,"ENTERGY ARKANSAS, LLC",0000007323,XNYS,US,"entergy|entergy arkansas|entergy arkansas, llc"
EARN,Ellington Credit Co,0001560672,XNYS,US,ellington|ellington credit|ellington credit co
EAT,"BRINKER INTERNATIONAL, INC",0000703351,XNYS,US,"brinker|brinker international|brinker international, inc"
EAXR,"Ealixir, Inc.",0000832370,OOTC,US,"ealixir|ealixir, inc."
EBAY,EBAY INC,0001065088,XNAS,US,ebay|ebay inc
EBBGF,ENBRIDGE INC,0000895728,OOTC,US,enbridge|enbridge inc
EBBNF,ENBRIDGE INC,0000895728,OOTC,US,enbridge|enbridge inc
EBC,"Eastern Bankshares, Inc.",0001810546,XNAS,US,"eastern|eastern bankshares|eastern bankshares, inc."
EBCRY,Embracer Group AB/ADR,0001969796,OOTC,US,embracer|embracer ab|embracer group ab/adr
EBF,"ENNIS, INC.",0000033002,XNYS,US,"ennis|ennis, inc."
EBGCY,Eastroc Beverage Group Co. Ltd/ADR,0002123531,OOTC,US,eastroc|eastroc beverage|eastroc beverage group co. ltd/adr
EBGEF,ENBRIDGE INC,0000895728,OOTC,US,enbridge|enbridge inc
EBMT,"Eagle Bancorp Montana, Inc.",0001478454,XNAS,US,"eagle|eagle bancorp|eagle bancorp montana|eagle bancorp montana, inc."
EBON,Ebang International Holdings Inc.,0001799290,XNAS,US,ebang|ebang international|ebang international holdings inc.
EBOSF,EBOS Group Limited/ADR,0001533082,OOTC,US,ebos|ebos group limited/adr
EBOSY,EBOS Group Limited/ADR,0001533082,OOTC,US,ebos|ebos group limited/adr
EBRCZ,"EBR Systems, Inc.",0001347123,OOTC,US,"ebr|ebr systems|ebr systems, inc."
EBRGF,ENBRIDGE INC,0000895728,OOTC,US,enbridge|enbridge inc
EBRZF,ENBRIDGE INC,0000895728,OOTC,US,enbridge|enbridge inc
EBS,Emergent BioSolutions Inc.,0001367644,XNYS,US,emergent|emergent biosolutions|emergent biosolutions inc.
EBZT,"Everything Blockchain, Inc.",0001730869,OOTC,US,"everything|everything blockchain|everything blockchain, inc."
EC,ECOPETROL S.A.,0001444406,XNYS,US,ecopetrol|ecopetrol s.a.
ECAT,BlackRock ESG Capital Allocation Term Trust,0001864843,XNYS,US,blackrock|blackrock esg|blackrock esg capital allocation term|blackrock esg capital allocation term trust
ECBK,"ECB Bancorp, Inc. /MD/",0001914605,XNAS,US,"ecb|ecb bancorp|ecb bancorp md|ecb bancorp, inc. /md/"
ECC,Eagle Point Credit Co Inc.,0001604174,XNYS,US,eagle|eagle point|eagle point credit|eagle point credit co inc.
ECCC,Eagle Point Credit Co Inc.,0001604174,XNYS,US,eagle|eagle point|eagle point credit|eagle point credit co inc.
ECCU,Eagle Point Credit Co Inc.,0001604174,XNYS,US,eagle|eagle point|eagle point credit|eagle point credit co inc.
ECCV,Eagle Point Credit Co Inc.,0001604174,XNYS,US,eagle|eagle point|eagle point credit|eagle point credit co inc.
ECF,ELLSWORTH GROWTH & INCOME FUND LTD,0000793040,XASE,US,ellsworth|ellsworth growth|ellsworth growth & income fund ltd|ellsworth growth income fund
ECG,"Everus Construction Group, Inc.",0002015845,XNYS,US,"everus|everus construction|everus construction group, inc."
ECL,ECOLAB INC.,0000031462,XNYS,US,ecolab|ecolab inc.
ECO,Okeanis Eco Tankers Corp.,0001964954,XNYS,US,okeanis|okeanis eco|okeanis eco tankers|okeanis eco tankers corp.
ECOR,"electroCore, Inc.",0001560258,XNAS,US,"electrocore|electrocore, inc."
ECPG,ENCORE CAPITAL GROUP INC,0001084961,XNAS,US,encore|encore capital|encore capital group inc
ECPL,ECOPLUS INC,0001356914,OOTC,US,ecoplus|ecoplus inc
ECTM,ECA Marcellus Trust I,0001487798,OOTC,US,eca|eca marcellus|eca marcellus i|eca marcellus trust i
ECVT,Ecovyst Inc.,0001708035,XNYS,US,ecovyst|ecovyst inc.
ECX,ECARX Holdings Inc.,0001861974,XNAS,US,ecarx|ecarx holdings inc.
ECXJ,"CXJ GROUP CO., Ltd",0001823635,OOTC,US,"cxj|cxj group co., ltd"
ECXWW,ECARX Holdings Inc.,0001861974,XNAS,US,ecarx|ecarx holdings inc.
ED,CONSOLIDATED EDISON INC,0001047862,XNYS,US,consolidated|consolidated edison|consolidated edison inc
EDAP,EDAP TMS SA,0001041934,XNAS,US,edap|edap tms|edap tms sa
EDBL,Edible Garden AG Inc,0001809750,XNAS,US,edible|edible garden|edible garden ag inc
EDBLW,Edible Garden AG Inc,0001809750,XNAS,US,edible|edible garden|edible garden ag inc
EDD,"Morgan Stanley Emerging Markets Domestic Debt Fund, Inc.",0001388141,XNYS,US,"morgan|morgan stanley|morgan stanley emerging markets domestic debt fund|morgan stanley emerging markets domestic debt fund, inc."
EDF,Virtus Stone Harbor Emerging Markets Income Fund,0001501103,XNYS,US,virtus|virtus stone|virtus stone harbor emerging markets income fund
EDGM,"Edgemode, Inc.",0001652958,OOTC,US,"edgemode|edgemode, inc."
EDHL,Everbright Digital Holding Ltd.,0002024876,XNAS,US,everbright|everbright digital|everbright digital holding ltd.
EDIT,"Editas Medicine, Inc.",0001650664,XNAS,US,"editas|editas medicine|editas medicine, inc."
EDN,EDENOR,0001395213,XNYS,US,edenor
EDPFY,EDP ENERGIAS DE PORTUGAL SA,0001039610,OOTC,US,edp|edp energias|edp energias de portugal|edp energias de portugal sa
EDRY,EuroDry Ltd.,0001731388,XNAS,US,eurodry|eurodry ltd.
EDSA,"Edesa Biotech, Inc.",0001540159,XNAS,US,"edesa|edesa biotech|edesa biotech, inc."
EDTK,Skillful Craftsman Education Technology Ltd,0001782309,XNAS,US,skillful|skillful craftsman|skillful craftsman education technology|skillful craftsman education technology ltd
EDU,New Oriental Education & Technology Group Inc.,0001372920,XNYS,US,new|new oriental|new oriental education & technology group inc.|new oriental education technology
EDUC,EDUCATIONAL DEVELOPMENT CORP,0000031667,XNAS,US,educational|educational development|educational development corp
EDVR,Endeavor Bancorp,0001917599,OOTC,US,endeavor|endeavor bancorp
EE,"Excelerate Energy, Inc.",0001888447,XNYS,US,"excelerate|excelerate energy|excelerate energy, inc."
EEA,"EUROPEAN EQUITY FUND, INC / MD",0000791718,XNYS,US,"european|european equity|european equity fund md|european equity fund, inc / md"
EEFT,"EURONET WORLDWIDE, INC.",0001029199,XNAS,US,"euronet|euronet worldwide|euronet worldwide, inc."
EEGI,"Eline Entertainment Group, Inc.",0001043150,OOTC,US,"eline|eline entertainment|eline entertainment group, inc."
EEIQ,EpicQuest Education Group International Ltd,0001781397,XNAS,US,epicquest|epicquest education|epicquest education group international ltd|epicquest education international
EESH,"EESTech, Inc.",0001138867,OOTC,US,"eestech|eestech, inc."
EEX,"Emerald Holding, Inc.",0001579214,XNYS,US,"emerald|emerald holding, inc."
EFC,Ellington Financial Inc.,0001411342,XNYS,US,ellington|ellington financial|ellington financial inc.
EFOI,"ENERGY FOCUS, INC/DE",0000924168,XNAS,US,"energy|energy focus|energy focus de|energy focus, inc/de"
EFOR,Everforth Inc,0000890564,XNYS,US,everforth|everforth inc
EFR,Eaton Vance Senior Floating-Rate Trust,0001258623,XNYS,US,eaton|eaton vance|eaton vance senior floating rate|eaton vance senior floating-rate trust
EFSC,ENTERPRISE FINANCIAL SERVICES CORP,0001025835,XNAS,US,enterprise|enterprise financial|enterprise financial services|enterprise financial services corp
EFSCP,ENTERPRISE FINANCIAL SERVICES CORP,0001025835,XNAS,US,enterprise|enterprise financial|enterprise financial services|enterprise financial services corp
EFSI,EAGLE FINANCIAL SERVICES INC,0000880641,XNAS,US,eagle|eagle financial|eagle financial services|eagle financial services inc
EFT,Eaton Vance Floating-Rate Income Trust,0001288992,XNYS,US,eaton|eaton vance|eaton vance floating rate income|eaton vance floating-rate income trust
EFTY,"ETOILES CAPITAL GROUP CO., LTD",0002058349,XNAS,US,"etoiles|etoiles capital|etoiles capital group co., ltd"
EFX,EQUIFAX INC,0000033185,XNYS,US,equifax|equifax inc
EFXT,Enerflex Ltd.,0001904856,XNYS,US,enerflex|enerflex ltd.
EG,"EVEREST GROUP, LTD.",0001095073,XNYS,US,"everest|everest group, ltd."
EGAN,EGAIN Corp,0001066194,XNAS,US,egain|egain corp
EGBN,EAGLE BANCORP INC,0001050441,XNAS,US,eagle|eagle bancorp|eagle bancorp inc
EGG,ENIGMATIG LTD,0001982961,XASE,US,enigmatig|enigmatig ltd
EGHA,EGH Acquisition Corp.,0002052547,XNAS,US,egh|egh acquisition|egh acquisition corp.
EGHAR,EGH Acquisition Corp.,0002052547,XNAS,US,egh|egh acquisition|egh acquisition corp.
EGHAU,EGH Acquisition Corp.,0002052547,XNAS,US,egh|egh acquisition|egh acquisition corp.
EGHT,8X8 INC /DE/,0001023731,XNAS,US,8x8|8x8 de|8x8 inc /de/
EGLXF,Enthusiast Gaming Holdings Inc. / Canada,0001854233,OOTC,US,enthusiast|enthusiast gaming|enthusiast gaming canada|enthusiast gaming holdings inc. / canada
EGMCF,EMERGENT METALS CORP.,0001199392,OOTC,US,emergent|emergent metals|emergent metals corp.
EGO,ELDORADO GOLD CORP /FI,0000918608,XNYS,US,eldorado|eldorado gold|eldorado gold corp /fi|eldorado gold fi
EGP,EASTGROUP PROPERTIES INC,0000049600,XNYS,US,eastgroup|eastgroup properties|eastgroup properties inc
EGTYF,Eguana Technologies Inc.,0001629632,OOTC,US,eguana|eguana technologies|eguana technologies inc.
EGY,VAALCO ENERGY INC /DE/,0000894627,XNYS,US,vaalco|vaalco energy|vaalco energy de|vaalco energy inc /de/
EH,EHang Holdings Ltd,0001759783,XNAS,US,ehang|ehang holdings ltd
EHC,Encompass Health Corp,0000785161,XNYS,US,encompass|encompass health|encompass health corp
EHGO,EShallGo Inc.,0001879754,XNAS,US,eshallgo|eshallgo inc.
EHI,WESTERN ASSET GLOBAL HIGH INCOME FUND INC.,0001228509,XNYS,US,western|western asset|western asset global high income fund|western asset global high income fund inc.
EHLD,Euroholdings Ltd.,0002032779,XNAS,US,euroholdings|euroholdings ltd.
EHSI,Elite Health Systems Inc.,0001089815,OOTC,US,elite|elite health|elite health systems|elite health systems inc.
EHTH,"eHealth, Inc.",0001333493,XNAS,US,"ehealth|ehealth, inc."
EHVVF,"Ehave, Inc.",0001653606,OOTC,US,"ehave|ehave, inc."
EIC,Eagle Point Income Co Inc.,0001754836,XNYS,US,eagle|eagle point|eagle point income|eagle point income co inc.
EICA,Eagle Point Income Co Inc.,0001754836,XNYS,US,eagle|eagle point|eagle point income|eagle point income co inc.
EIG,"Employers Holdings, Inc.",0001379041,XNYS,US,"employers|employers holdings, inc."
EIIA,Eagle Point Institutional Income Fund,0001896036,XNYS,US,eagle|eagle point|eagle point institutional income fund
EIKN,"Eikon Therapeutics, Inc.",0001861123,XNAS,US,"eikon|eikon therapeutics|eikon therapeutics, inc."
EIM,Eaton Vance Municipal Bond Fund,0001176984,XASE,US,eaton|eaton vance|eaton vance municipal bond fund
EIPAF,ENI SPA,0001002242,OOTC,US,eni|eni spa
EIX,EDISON INTERNATIONAL,0000827052,XNYS,US,edison|edison international
EJH,E-Home Household Service Holdings Ltd,0001769768,XNAS,US,e home|e home household service|e-home household service holdings ltd
EJTTF,easyJet plc,0001470419,OOTC,US,easyjet|easyjet plc
EL,ESTEE LAUDER COMPANIES INC,0001001250,XNYS,US,estee|estee lauder|estee lauder companies|estee lauder companies inc
ELA,Envela Corp,0000701719,XASE,US,envela|envela corp
ELAB,PMGC Holdings Inc.,0001840563,XNAS,US,pmgc|pmgc holdings inc.
ELAN,Elanco Animal Health Inc,0001739104,XNYS,US,elanco|elanco animal|elanco animal health|elanco animal health inc
ELBM,Electra Battery Materials Corp,0001907184,XNAS,US,electra|electra battery|electra battery materials|electra battery materials corp
ELC,"ENTERGY LOUISIANA, LLC",0001348952,XNYS,US,"entergy|entergy louisiana|entergy louisiana, llc"
ELCPF,EDP ENERGIAS DE PORTUGAL SA,0001039610,OOTC,US,edp|edp energias|edp energias de portugal|edp energias de portugal sa
ELDN,"Eledon Pharmaceuticals, Inc.",0001404281,XNAS,US,"eledon|eledon pharmaceuticals|eledon pharmaceuticals, inc."
ELE,Elemental Royalty Corp,0002086771,XNAS,US,elemental|elemental royalty|elemental royalty corp
ELECF,Electric Royalties Ltd.,0001817083,OOTC,US,electric|electric royalties|electric royalties ltd.
ELEEF,Element Fleet Management Corp./ADR,0002073615,OOTC,US,element|element fleet|element fleet management|element fleet management corp./adr
ELF,"e.l.f. Beauty, Inc.",0001600033,XNYS,US,"e l|e l f beauty|e.l.f. beauty, inc."
ELLA,Ellington Credit Co,0001560672,XNYS,US,ellington|ellington credit|ellington credit co
ELLO,Ellomay Capital Ltd.,0000946394,XASE,US,ellomay|ellomay capital|ellomay capital ltd.
ELMD,"Electromed, Inc.",0001488917,XASE,US,"electromed|electromed, inc."
ELME,Elme Communities,0000104894,XNYS,US,elme|elme communities
ELMT,Elmet Group Co.,0002101698,XNAS,US,elmet|elmet group co.
ELOG,Eastern International Ltd.,0002013320,XNAS,US,eastern|eastern international|eastern international ltd.
ELOX,"Eloxx Pharmaceuticals, Inc.",0001035354,OOTC,US,"eloxx|eloxx pharmaceuticals|eloxx pharmaceuticals, inc."
ELPC,ENERGY CO OF PARANA,0001041792,XNYS,US,energy|energy co of parana|energy of|energy of parana
ELPW,Elong Power Holding Ltd.,0002015691,XNAS,US,elong|elong power|elong power holding ltd.
ELRE,Yinfu Gold Corp.,0001438461,OOTC,US,yinfu|yinfu gold|yinfu gold corp.
ELS,EQUITY LIFESTYLE PROPERTIES INC,0000895417,XNYS,US,equity|equity lifestyle|equity lifestyle properties|equity lifestyle properties inc
ELSE,ELECTRO SENSORS INC,0000351789,XNAS,US,electro|electro sensors|electro sensors inc
ELSSF,ELIS S.A./ADR,0002127861,OOTC,US,elis|elis s.a./adr
ELTK,ELTEK LTD,0001024672,XNAS,US,eltek|eltek ltd
ELTP,ELITE PHARMACEUTICALS INC /NV/,0001053369,OOTC,US,elite|elite pharmaceuticals|elite pharmaceuticals inc /nv/
ELTX,"Elicio Therapeutics, Inc.",0001601485,XNAS,US,"elicio|elicio therapeutics|elicio therapeutics, inc."
ELUT,ELUTIA INC.,0001708527,XNAS,US,elutia|elutia inc.
ELV,"Elevance Health, Inc.",0001156039,XNYS,US,"elevance|elevance health|elevance health, inc."
ELVA,Electrovaya Inc.,0001844450,XNAS,US,electrovaya|electrovaya inc.
ELVG,"Elvictor Group, Inc.",0001741489,OOTC,US,"elvictor|elvictor group, inc."
ELVN,"Enliven Therapeutics, Inc.",0001672619,XNAS,US,"enliven|enliven therapeutics|enliven therapeutics, inc."
ELVR,Elevra Lithium Ltd,0001739016,XNAS,US,elevra|elevra lithium|elevra lithium ltd
ELWT,"Elauwit Connection, Inc.",0002063863,XNAS,US,"elauwit|elauwit connection|elauwit connection, inc."
EMA,EMERA INC,0001127248,XNYS,US,emera|emera inc
EMAT,Evolution Metals & Technologies Corp.,0001866226,XNAS,US,evolution|evolution metals|evolution metals & technologies corp.|evolution metals technologies
EMBC,Embecta Corp.,0001872789,XNAS,US,embecta|embecta corp.
EMBJ,EMBRAER S.A.,0001355444,XNYS,US,embraer|embraer s.a.
EMBYF,Nexera Energy Inc.,0001487615,OOTC,US,nexera|nexera energy|nexera energy inc.
EMCGF,Embrace Change Acquisition Corp.,0001869601,OOTC,US,embrace|embrace change|embrace change acquisition|embrace change acquisition corp.
EMCRF,Embrace Change Acquisition Corp.,0001869601,OOTC,US,embrace|embrace change|embrace change acquisition|embrace change acquisition corp.
EMCWF,Embrace Change Acquisition Corp.,0001869601,OOTC,US,embrace|embrace change|embrace change acquisition|embrace change acquisition corp.
EMD,WESTERN ASSET EMERGING MARKETS DEBT FUND INC.,0001227862,XNYS,US,western|western asset|western asset emerging markets debt fund|western asset emerging markets debt fund inc.
EME,"EMCOR Group, Inc.",0000105634,XNYS,US,"emcor|emcor group, inc."
EMED,"Electromedical Technologies, Inc",0001715819,OOTC,US,"electromedical|electromedical technologies|electromedical technologies, inc"
EMF,TEMPLETON EMERGING MARKETS FUND,0000809708,XNYS,US,templeton|templeton emerging|templeton emerging markets fund
EMGDF,Eminent Gold Corp.,0001790607,OOTC,US,eminent|eminent gold|eminent gold corp.
EMICF,EMERA INC,0001127248,OOTC,US,emera|emera inc
EMIS,Emmis Acquisition Corp.,0002075816,XNAS,US,emmis|emmis acquisition|emmis acquisition corp.
EMISR,Emmis Acquisition Corp.,0002075816,XNAS,US,emmis|emmis acquisition|emmis acquisition corp.
EML,EASTERN CO,0000031107,XNAS,US,eastern|eastern co
EMMA,"Emmaus Life Sciences, Inc.",0000822370,OOTC,US,"emmaus|emmaus life|emmaus life sciences|emmaus life sciences, inc."
EMN,EASTMAN CHEMICAL CO,0000915389,XNYS,US,eastman|eastman chemical|eastman chemical co
EMO,ClearBridge Energy Midstream Opportunity Fund Inc.,0001517518,XNYS,US,clearbridge|clearbridge energy|clearbridge energy midstream opportunity fund|clearbridge energy midstream opportunity fund inc.
EMP,"ENTERGY MISSISSIPPI, LLC",0000066901,XNYS,US,"entergy|entergy mississippi|entergy mississippi, llc"
EMPD,Empery Digital Inc.,0001829794,XNAS,US,empery|empery digital|empery digital inc.
EMPG,Empro Group Inc.,0002005569,XNAS,US,empro|empro group inc.
EMR,EMERSON ELECTRIC CO,0000032604,XNYS,US,emerson|emerson electric|emerson electric co
EMRH,EMERGING HOLDINGS INC,0001300306,OOTC,US,emerging|emerging holdings inc
EMRJF,EMERA INC,0001127248,OOTC,US,emera|emera inc
EMYB,"Embassy Bancorp, Inc.",0001449794,OOTC,US,"embassy|embassy bancorp|embassy bancorp, inc."
ENAKF,E.ON SE,0001136808,OOTC,US,e on|e.on se
ENB,ENBRIDGE INC,0000895728,XNYS,US,enbridge|enbridge inc
ENBFF,ENBRIDGE INC,0000895728,OOTC,US,enbridge|enbridge inc
ENBGF,ENBRIDGE INC,0000895728,OOTC,US,enbridge|enbridge inc
ENBHF,ENBRIDGE INC,0000895728,OOTC,US,enbridge|enbridge inc
ENBMF,ENBRIDGE INC,0000895728,OOTC,US,enbridge|enbridge inc
ENBNF,ENBRIDGE INC,0000895728,OOTC,US,enbridge|enbridge inc
ENBOF,ENBRIDGE INC,0000895728,OOTC,US,enbridge|enbridge inc
ENBP,ENB Financial Corp,0001437479,OOTC,US,enb|enb financial|enb financial corp
ENBRF,ENBRIDGE INC,0000895728,OOTC,US,enbridge|enbridge inc
ENBSF,ENBRIDGE INC,0000895728,OOTC,US,enbridge|enbridge inc
ENDI,ENDI Corp.,0001908984,OOTC,US,endi|endi corp.
ENDMF,Enduro Metals Corp.,0001524326,OOTC,US,enduro|enduro metals|enduro metals corp.
ENDV,"ENDONOVO THERAPEUTICS, INC.",0001528172,OOTC,US,"endonovo|endonovo therapeutics|endonovo therapeutics, inc."
ENFFF,ENBRIDGE INC,0000895728,OOTC,US,enbridge|enbridge inc
ENGN,enGene Therapeutics Inc.,0001980845,XNAS,US,engene|engene therapeutics|engene therapeutics inc.
ENGNW,enGene Therapeutics Inc.,0001980845,XNAS,US,engene|engene therapeutics|engene therapeutics inc.
ENGS,Energys Group Ltd,0001971828,XNAS,US,energys|energys group ltd
ENHA,Enhanced Group Inc.,0001956439,XNYS,US,enhanced|enhanced group inc.
ENIC,Enel Chile S.A.,0001659939,XNYS,US,enel|enel chile|enel chile s.a.
ENJ,"ENTERGY NEW ORLEANS, LLC",0000071508,XNYS,US,"entergy|entergy new|entergy new orleans|entergy new orleans, llc"
ENLT,Enlight Renewable Energy Ltd.,0001922641,XNAS,US,enlight|enlight renewable|enlight renewable energy|enlight renewable energy ltd.
ENLV,Enlivex Ltd.,0001596812,XNAS,US,enlivex|enlivex ltd.
ENNPF,ENBRIDGE INC,0000895728,OOTC,US,enbridge|enbridge inc
ENO,"ENTERGY NEW ORLEANS, LLC",0000071508,XNYS,US,"entergy|entergy new|entergy new orleans|entergy new orleans, llc"
ENOV,Enovis CORP,0001420800,XNYS,US,enovis|enovis corp
ENPH,"Enphase Energy, Inc.",0001463101,XNAS,US,"enphase|enphase energy|enphase energy, inc."
ENR,"ENERGIZER HOLDINGS, INC.",0001632790,XNYS,US,"energizer|energizer holdings, inc."
ENRT,Enertopia Corp.,0001346022,OOTC,US,enertopia|enertopia corp.
ENS,EnerSys,0001289308,XNYS,US,enersys
ENSC,"Ensysce Biosciences, Inc.",0001716947,XNAS,US,"ensysce|ensysce biosciences|ensysce biosciences, inc."
ENSCW,"Ensysce Biosciences, Inc.",0001716947,OOTC,US,"ensysce|ensysce biosciences|ensysce biosciences, inc."
ENSG,"ENSIGN GROUP, INC",0001125376,XNAS,US,"ensign|ensign group, inc"
ENTA,ENANTA PHARMACEUTICALS INC,0001177648,XNAS,US,enanta|enanta pharmaceuticals|enanta pharmaceuticals inc
ENTG,ENTEGRIS INC,0001101302,XNAS,US,entegris|entegris inc
ENTX,Entera Bio Ltd.,0001638097,XNAS,US,entera|entera bio|entera bio ltd.
ENVA,"Enova International, Inc.",0001529864,XNYS,US,"enova|enova international|enova international, inc."
ENVB,"Enveric Biosciences, Inc.",0000890821,XNAS,US,"enveric|enveric biosciences|enveric biosciences, inc."
ENVX,Enovix Corp,0001828318,XNAS,US,enovix|enovix corp
ENZN,"Viskase Holdings, Inc.",0000727510,OOTC,US,"viskase|viskase holdings, inc."
EOD,ALLSPRING GLOBAL DIVIDEND OPPORTUNITY FUND,0001386067,XNYS,US,allspring|allspring global|allspring global dividend opportunity fund
EOG,EOG RESOURCES INC,0000821189,XNYS,US,eog|eog resources|eog resources inc
EOI,Eaton Vance Enhanced Equity Income Fund,0001300391,XNYS,US,eaton|eaton vance|eaton vance enhanced equity income fund
EOLS,"Evolus, Inc.",0001570562,XNAS,US,"evolus|evolus, inc."
EONGY,E.ON SE,0001136808,OOTC,US,e on|e.on se
EONR,EON Resources Inc.,0001842556,XASE,US,eon|eon resources|eon resources inc.
EOS,Eaton Vance Enhanced Equity Income Fund II,0001308335,XNYS,US,eaton|eaton vance|eaton vance enhanced equity income fund ii
EOSE,"Eos Energy Enterprises, Inc.",0001805077,XNAS,US,"eos|eos energy|eos energy enterprises|eos energy enterprises, inc."
EOT,Eaton Vance National Municipal Opportunities Trust,0001454741,XNYS,US,eaton|eaton vance|eaton vance national municipal opportunities|eaton vance national municipal opportunities trust
EP,EMPIRE PETROLEUM CORP,0000887396,XASE,US,empire|empire petroleum|empire petroleum corp
EPAC,ENERPAC TOOL GROUP CORP,0000006955,XNYS,US,enerpac|enerpac tool|enerpac tool group corp
EPAM,"EPAM Systems, Inc.",0001352010,XNYS,US,"epam|epam systems|epam systems, inc."
EPC,EDGEWELL PERSONAL CARE Co,0001096752,XNYS,US,edgewell|edgewell personal|edgewell personal care|edgewell personal care co
EPD,ENTERPRISE PRODUCTS PARTNERS L.P.,0001061219,XNYS,US,enterprise|enterprise products|enterprise products partners|enterprise products partners l.p.
EPDU,ENTERPRISE PRODUCTS PARTNERS L.P.,0001061219,OOTC,US,enterprise|enterprise products|enterprise products partners|enterprise products partners l.p.
EPM,EVOLUTION PETROLEUM CORP,0001006655,XASE,US,evolution|evolution petroleum|evolution petroleum corp
EPOW,E-Power Inc.,0001780731,XNAS,US,e power|e-power inc.
EPR,EPR PROPERTIES,0001045450,XNYS,US,epr|epr properties
EPRT,"ESSENTIAL PROPERTIES REALTY TRUST, INC.",0001728951,XNYS,US,"essential|essential properties|essential properties realty|essential properties realty trust, inc."
EPRX,EUPRAXIA PHARMACEUTICALS INC.,0001581178,XNAS,US,eupraxia|eupraxia pharmaceuticals|eupraxia pharmaceuticals inc.
EPSM,Epsium Enterprise Ltd,0001883437,XNAS,US,epsium|epsium enterprise|epsium enterprise ltd
EPSN,Epsilon Energy Ltd.,0001726126,XNAS,US,epsilon|epsilon energy|epsilon energy ltd.
EPWKF,EPWK Holdings Ltd.,0001900720,OOTC,US,epwk|epwk holdings ltd.
EQ,"Equillium, Inc.",0001746466,XNAS,US,"equillium|equillium, inc."
EQBK,EQUITY BANCSHARES INC,0001227500,XNYS,US,equity|equity bancshares|equity bancshares inc
EQH,"Equitable Holdings, Inc.",0001333986,XNYS,US,"equitable|equitable holdings, inc."
EQIX,EQUINIX INC,0001101239,XNAS,US,equinix|equinix inc
EQNR,EQUINOR ASA,0001140625,XNYS,US,equinor|equinor asa
EQPT,EquipmentShare.com Inc,0001693736,XNAS,US,equipmentshare|equipmentshare com|equipmentshare.com inc
EQR,EQUITY RESIDENTIAL,0000906107,XNYS,US,equity|equity residential
EQS,"EQUUS TOTAL RETURN, INC.",0000878932,XNYS,US,"equus|equus total|equus total return|equus total return, inc."
EQT,EQT Corp,0000033213,XNYS,US,eqt|eqt corp
EQTRF,Altamira Gold Corp.,0001635729,OOTC,US,altamira|altamira gold|altamira gold corp.
EQX,Equinox Gold Corp.,0001756607,XASE,US,equinox|equinox gold|equinox gold corp.
ERAS,"Erasca, Inc.",0001761918,XNAS,US,"erasca|erasca, inc."
ERBGF,Eastroc Beverage Group Co. Ltd/ADR,0002123531,OOTC,US,eastroc|eastroc beverage|eastroc beverage group co. ltd/adr
ERC,ALLSPRING MULTI-SECTOR INCOME FUND,0001227073,XASE,US,allspring|allspring multi|allspring multi sector income fund|allspring multi-sector income fund
ERELY,Eregli Demir ve Celik Fabrikalari TAS/ADR,0001454144,OOTC,US,eregli|eregli demir|eregli demir ve celik fabrikalari tas|eregli demir ve celik fabrikalari tas/adr
ERH,ALLSPRING UTILITIES & HIGH INCOME FUND,0001279014,XASE,US,allspring|allspring utilities|allspring utilities & high income fund|allspring utilities high income fund
ERIC,ERICSSON LM TELEPHONE CO,0000717826,XNAS,US,ericsson|ericsson lm|ericsson lm telephone|ericsson lm telephone co
ERIE,ERIE INDEMNITY CO,0000922621,XNAS,US,erie|erie indemnity|erie indemnity co
ERII,"Energy Recovery, Inc.",0001421517,XNAS,US,"energy|energy recovery|energy recovery, inc."
ERIXF,ERICSSON LM TELEPHONE CO,0000717826,OOTC,US,ericsson|ericsson lm|ericsson lm telephone|ericsson lm telephone co
ERLFF,Entree Resources Ltd.,0001271554,OOTC,US,entree|entree resources|entree resources ltd.
ERNA,Ernexa Therapeutics Inc.,0000748592,XNAS,US,ernexa|ernexa therapeutics|ernexa therapeutics inc.
ERNAW,Ernexa Therapeutics Inc.,0000748592,XNAS,US,ernexa|ernexa therapeutics|ernexa therapeutics inc.
ERO,Ero Copper Corp.,0001853860,XNYS,US,ero|ero copper|ero copper corp.
EROK,"EagleRock Land, LLC",0002104882,XNYS,US,"eaglerock|eaglerock land|eaglerock land, llc"
ERRAF,EMERA INC,0001127248,OOTC,US,emera|emera inc
ES,EVERSOURCE ENERGY,0000072741,XNYS,US,eversource|eversource energy
ESAB,ESAB Corp,0001877322,XNYS,US,esab|esab corp
ESAUF,ESGold Corp.,0001657800,OOTC,US,esgold|esgold corp.
ESBA,"Empire State Realty OP, L.P.",0001553079,ARCX,US,"empire|empire state|empire state realty op|empire state realty op, l.p."
ESCA,ESCALADE INC,0000033488,XNAS,US,escalade|escalade inc
ESE,ESCO TECHNOLOGIES INC,0000866706,XNYS,US,esco|esco technologies|esco technologies inc
ESEA,EUROSEAS LTD.,0001341170,XNAS,US,euroseas|euroseas ltd.
ESGH,ESG Inc.,0001883835,OOTC,US,esg|esg inc.
ESHSF,Eddy Smart Home Solutions Ltd.,0001907622,OOTC,US,eddy|eddy smart|eddy smart home solutions|eddy smart home solutions ltd.
ESI,Element Solutions Inc,0001590714,XNYS,US,element|element solutions|element solutions inc
ESLA,"Estrella Immunopharma, Inc.",0001844417,XNAS,US,"estrella|estrella immunopharma|estrella immunopharma, inc."
ESLAW,"Estrella Immunopharma, Inc.",0001844417,XNAS,US,"estrella|estrella immunopharma|estrella immunopharma, inc."
ESLT,ELBIT SYSTEMS LTD,0001027664,XNAS,US,elbit|elbit systems|elbit systems ltd
ESMC,ESCALON MEDICAL CORP,0000862668,OOTC,US,escalon|escalon medical|escalon medical corp
ESNT,Essent Group Ltd.,0001448893,XNYS,US,essent|essent group ltd.
ESOA,Energy Services of America CORP,0001357971,XNAS,US,energy|energy services|energy services of america|energy services of america corp
ESP,ESPEY MFG & ELECTRONICS CORP,0000033533,XASE,US,espey|espey mfg|espey mfg & electronics corp|espey mfg electronics
ESPR,"Esperion Therapeutics, Inc.",0001434868,XNAS,US,"esperion|esperion therapeutics|esperion therapeutics, inc."
ESQ,"Esquire Financial Holdings, Inc.",0001531031,XNAS,US,"esquire|esquire financial|esquire financial holdings, inc."
ESRT,"Empire State Realty Trust, Inc.",0001541401,XNYS,US,"empire|empire state|empire state realty|empire state realty trust, inc."
ESS,"ESSEX PROPERTY TRUST, INC.",0000920522,XNYS,US,"essex|essex property|essex property trust, inc."
ESSID,"ECO SCIENCE SOLUTIONS, INC.",0001490873,OOTC,US,"eco|eco science|eco science solutions|eco science solutions, inc."
ESTA,ESTABLISHMENT LABS HOLDINGS INC.,0001688757,XNAS,US,establishment|establishment labs|establishment labs holdings inc.
ESTC,Elastic N.V.,0001707753,XNYS,US,elastic|elastic n.v.
ESYJY,easyJet plc,0001470419,OOTC,US,easyjet|easyjet plc
ET,Energy Transfer LP,0001276187,XNYS,US,energy|energy transfer|energy transfer lp
ETB,Eaton Vance Tax-Managed Buy-Write Income Fund,0001308927,XNYS,US,eaton|eaton vance|eaton vance tax managed buy write income fund|eaton vance tax-managed buy-write income fund
ETCG,Grayscale Ethereum Classic Trust (ETC),0001705181,OOTC,US,grayscale|grayscale ethereum|grayscale ethereum classic etc|grayscale ethereum classic trust (etc)
ETD,ETHAN ALLEN INTERIORS INC,0000896156,XNYS,US,ethan|ethan allen|ethan allen interiors|ethan allen interiors inc
ETG,Eaton Vance Tax-Advantaged Global Dividend Income Fund,0001270523,XNYS,US,eaton|eaton vance|eaton vance tax advantaged global dividend income fund|eaton vance tax-advantaged global dividend income fund
ETH,Grayscale Ethereum Staking Mini ETF,0002020455,ARCX,US,grayscale|grayscale ethereum|grayscale ethereum staking mini etf
ETHA,iShares Ethereum Trust ETF,0002000638,XNAS,US,ishares|ishares ethereum|ishares ethereum etf|ishares ethereum trust etf
ETHB,iShares Staked Ethereum Trust ETF,0002099103,XNAS,US,ishares|ishares staked|ishares staked ethereum etf|ishares staked ethereum trust etf
ETHE,Grayscale Ethereum Staking ETF,0001725210,ARCX,US,grayscale|grayscale ethereum|grayscale ethereum staking etf
ETHV,VanEck Ethereum ETF,0001860788,BATS,US,vaneck|vaneck ethereum|vaneck ethereum etf
ETHW,Bitwise Ethereum ETF,0002013744,ARCX,US,bitwise|bitwise ethereum|bitwise ethereum etf
ETJ,Eaton Vance Risk-Managed Diversified Equity Income Fund,0001395325,XNYS,US,eaton|eaton vance|eaton vance risk managed diversified equity income fund|eaton vance risk-managed diversified equity income fund
ETN,Eaton Corp plc,0001551182,XNYS,US,eaton|eaton corp plc
ETO,Eaton Vance Tax-Advantaged Global Dividend Opportunities Fund,0001281926,XNYS,US,eaton|eaton vance|eaton vance tax advantaged global dividend opportunities fund|eaton vance tax-advantaged global dividend opportunities fund
ETON,"Eton Pharmaceuticals, Inc.",0001710340,XNAS,US,"eton|eton pharmaceuticals|eton pharmaceuticals, inc."
ETOR,eToro Group Ltd.,0001493318,XNAS,US,etoro|etoro group ltd.
ETR,ENTERGY CORP /DE/,0000065984,XNYS,US,entergy|entergy corp /de/|entergy de
ETS,Elite Express Holding Inc.,0002053641,XNAS,US,elite|elite express|elite express holding inc.
ETST,"Earth Science Tech, Inc.",0001538495,OOTC,US,"earth|earth science|earth science tech|earth science tech, inc."
ETSY,ETSY INC,0001370637,XNYS,US,etsy|etsy inc
ETUGF,E2Gold Inc.,0001877430,OOTC,US,e2gold|e2gold inc.
ETV,Eaton Vance Tax-Managed Buy-Write Opportunities Fund,0001322436,XNYS,US,eaton|eaton vance|eaton vance tax managed buy write opportunities fund|eaton vance tax-managed buy-write opportunities fund
ETW,Eaton Vance Tax-Managed Global Buy-Write Opportunities Fund,0001322435,XNYS,US,eaton|eaton vance|eaton vance tax managed global buy write opportunities fund|eaton vance tax-managed global buy-write opportunities fund
ETX,Eaton Vance Municipal Income 2028 Term Trust,0001563696,XNYS,US,eaton|eaton vance|eaton vance municipal income 2028 term|eaton vance municipal income 2028 term trust
ETY,Eaton Vance Tax-Managed Diversified Equity Income Fund,0001340736,XNYS,US,eaton|eaton vance|eaton vance tax managed diversified equity income fund|eaton vance tax-managed diversified equity income fund
EU,enCore Energy Corp.,0001500881,XNAS,US,encore|encore energy|encore energy corp.
EUBG,ENTREPRENEUR UNIVERSE BRIGHT GROUP,0001171326,OOTC,US,entrepreneur|entrepreneur universe|entrepreneur universe bright|entrepreneur universe bright group
EUDA,EUDA Health Holdings Ltd,0001847846,XNAS,US,euda|euda health|euda health holdings ltd
EUDAW,EUDA Health Holdings Ltd,0001847846,XNAS,US,euda|euda health|euda health holdings ltd
EUEMF,European Energy Metals Corp.,0001993599,OOTC,US,european|european energy|european energy metals|european energy metals corp.
EULIF,EUROPEAN LITHIUM LTD/ADR,0002127859,OOTC,US,european|european lithium|european lithium ltd/adr
EUO,ProShares Trust II,0001415311,ARCX,US,proshares|proshares ii|proshares trust ii
EURBF,Eurobank SA/ADR,0002106126,OOTC,US,eurobank|eurobank sa/adr
EURK,Eureka Acquisition Corp,0002000410,XNAS,US,eureka|eureka acquisition|eureka acquisition corp
EURKR,Eureka Acquisition Corp,0002000410,XNAS,US,eureka|eureka acquisition|eureka acquisition corp
EURKU,Eureka Acquisition Corp,0002000410,XNAS,US,eureka|eureka acquisition|eureka acquisition corp
EVAC,EQV Ventures Acquisition Corp. II,0002042902,XNYS,US,eqv|eqv ventures|eqv ventures acquisition corp. ii|eqv ventures acquisition ii
EVAX,Evaxion A/S,0001828253,XNAS,US,evaxion|evaxion a|evaxion a s|evaxion a/s
EVC,ENTRAVISION COMMUNICATIONS CORP,0001109116,XNYS,US,entravision|entravision communications|entravision communications corp
EVCM,EverCommerce Inc.,0001853145,XNAS,US,evercommerce|evercommerce inc.
EVER,"EverQuote, Inc.",0001640428,XNAS,US,"everquote|everquote, inc."
EVEX,"Eve Holding, Inc.",0001823652,XNYS,US,"eve|eve holding, inc."
EVF,Eaton Vance Senior Income Trust,0001070732,XNYS,US,eaton|eaton vance|eaton vance senior income|eaton vance senior income trust
EVFM,"Evofem Biosciences, Inc.",0001618835,OOTC,US,"evofem|evofem biosciences|evofem biosciences, inc."
EVG,Eaton Vance Short Duration Diversified Income Fund,0001287498,XNYS,US,eaton|eaton vance|eaton vance short duration diversified income fund
EVGN,Evogene Ltd.,0001574565,XNAS,US,evogene|evogene ltd.
EVGO,EVgo Inc.,0001821159,XNAS,US,evgo|evgo inc.
EVGOW,EVgo Inc.,0001821159,XNAS,US,evgo|evgo inc.
EVH,"Evolent Health, Inc.",0001628908,XNYS,US,"evolent|evolent health|evolent health, inc."
EVI,"EVI INDUSTRIES, INC.",0000065312,XASE,US,"evi|evi industries|evi industries, inc."
EVLV,"Evolv Technologies Holdings, Inc.",0001805385,XNAS,US,"evolv|evolv technologies|evolv technologies holdings, inc."
EVLVW,"Evolv Technologies Holdings, Inc.",0001805385,XNAS,US,"evolv|evolv technologies|evolv technologies holdings, inc."
EVMN,"Evommune, Inc.",0002044725,XNYS,US,"evommune|evommune, inc."
EVN,Eaton Vance Municipal Income Trust,0001074540,XNYS,US,eaton|eaton vance|eaton vance municipal income|eaton vance municipal income trust
EVO,Evotec SE,0001412558,XNAS,US,evotec|evotec se
EVOH,EvoAir Holdings Inc.,0001700844,OOTC,US,evoair|evoair holdings inc.
EVOTF,Evotec SE,0001412558,OOTC,US,evotec|evotec se
EVOX,Evolution Global Acquisition Corp,0002077954,XNAS,US,evolution|evolution global|evolution global acquisition|evolution global acquisition corp
EVOXU,Evolution Global Acquisition Corp,0002077954,XNAS,US,evolution|evolution global|evolution global acquisition|evolution global acquisition corp
EVOXW,Evolution Global Acquisition Corp,0002077954,XNAS,US,evolution|evolution global|evolution global acquisition|evolution global acquisition corp
EVR,Evercore Inc.,0001360901,XNYS,US,evercore|evercore inc.
EVRG,"Evergy, Inc.",0001711269,XNAS,US,"evergy|evergy, inc."
EVT,Eaton Vance Tax-Advantaged Dividend Income Fund,0001253327,XNYS,US,eaton|eaton vance|eaton vance tax advantaged dividend income fund|eaton vance tax-advantaged dividend income fund
EVTC,"EVERTEC, Inc.",0001559865,XNYS,US,"evertec|evertec, inc."
EVTK,EVENTIKO INC.,0001816554,OOTC,US,eventiko|eventiko inc.
EVTL,Vertical Aerospace Ltd.,0001867102,XNYS,US,vertical|vertical aerospace|vertical aerospace ltd.
EVTV,"Envirotech Vehicles, Inc.",0001563568,XNAS,US,"envirotech|envirotech vehicles|envirotech vehicles, inc."
EVTWF,Vertical Aerospace Ltd.,0001867102,OOTC,US,vertical|vertical aerospace|vertical aerospace ltd.
EVV,Eaton Vance Ltd Duration Income Fund,0001222922,XASE,US,eaton|eaton vance|eaton vance duration income fund|eaton vance ltd duration income fund
EW,Edwards Lifesciences Corp,0001099800,XNYS,US,edwards|edwards lifesciences|edwards lifesciences corp
EWBC,EAST WEST BANCORP INC,0001069157,XNAS,US,east|east west|east west bancorp|east west bancorp inc
EWSB,"EWSB Bancorp, Inc. /MD/",0002013792,OOTC,US,"ewsb|ewsb bancorp|ewsb bancorp md|ewsb bancorp, inc. /md/"
EWTX,"Edgewise Therapeutics, Inc.",0001710072,XNAS,US,"edgewise|edgewise therapeutics|edgewise therapeutics, inc."
EXC,EXELON CORP,0001109357,XNAS,US,exelon|exelon corp
EXE,EXPAND ENERGY Corp,0000895126,XNAS,US,expand|expand energy|expand energy corp
EXEL,"EXELIXIS, INC.",0000939767,XNAS,US,"exelixis|exelixis, inc."
EXFY,"Expensify, Inc.",0001476840,XNAS,US,"expensify|expensify, inc."
EXG,Eaton Vance Tax-Managed Global Diversified Equity Income Fund,0001379438,XNYS,US,eaton|eaton vance|eaton vance tax managed global diversified equity income fund|eaton vance tax-managed global diversified equity income fund
EXK,ENDEAVOUR SILVER CORP,0001277866,XNYS,US,endeavour|endeavour silver|endeavour silver corp
EXLS,"ExlService Holdings, Inc.",0001297989,XNAS,US,"exlservice|exlservice holdings, inc."
EXOD,"Exodus Movement, Inc.",0001821534,XASE,US,"exodus|exodus movement|exodus movement, inc."
EXOSF,Exosens SAS/ADR,0002109666,OOTC,US,exosens|exosens sas|exosens sas/adr
EXOZ,EXOZYMES INC.,0002010788,XNAS,US,exozymes|exozymes inc.
EXP,EAGLE MATERIALS INC,0000918646,XNYS,US,eagle|eagle materials|eagle materials inc
EXPD,EXPEDITORS INTERNATIONAL OF WASHINGTON INC,0000746515,XNYS,US,expeditors|expeditors international|expeditors international of washington|expeditors international of washington inc
EXPE,"Expedia Group, Inc.",0001324424,XNAS,US,"expedia|expedia group, inc."
EXPO,EXPONENT INC,0000851520,XNAS,US,exponent|exponent inc
EXR,Extra Space Storage Inc.,0001289490,XNYS,US,extra|extra space|extra space storage|extra space storage inc.
EXTR,EXTREME NETWORKS INC,0001078271,XNAS,US,extreme|extreme networks|extreme networks inc
EXYN,"Exyn Technologies, Inc.",0001960355,XNAS,US,"exyn|exyn technologies|exyn technologies, inc."
EYE,"National Vision Holdings, Inc.",0001710155,XNAS,US,"national|national vision|national vision holdings, inc."
EYGPF,Electricity Generating Public Co Limited/ADR,0001562294,OOTC,US,electricity|electricity generating|electricity generating public|electricity generating public co limited/adr
EYPT,"EyePoint, Inc.",0001314102,XNAS,US,"eyepoint|eyepoint, inc."
EYUBY,Electricity Generating Public Co Limited/ADR,0001562294,OOTC,US,electricity|electricity generating|electricity generating public|electricity generating public co limited/adr
EYUUF,Electricity Generating Public Co Limited/ADR,0001562294,OOTC,US,electricity|electricity generating|electricity generating public|electricity generating public co limited/adr
EZBC,Franklin Templeton Digital Holdings Trust,0001992870,BATS,US,franklin|franklin templeton|franklin templeton digital|franklin templeton digital holdings trust
EZET,Franklin Ethereum Trust,0002011535,BATS,US,franklin|franklin ethereum|franklin ethereum trust
EZGO,EZGO Technologies Ltd.,0001806904,XNAS,US,ezgo|ezgo technologies|ezgo technologies ltd.
EZPW,EZCORP INC,0000876523,XNAS,US,ezcorp|ezcorp inc
EZPZ,Franklin Crypto Trust,0002033807,BATS,US,franklin|franklin crypto|franklin crypto trust
EZRA,"Reliance Global Group, Inc.",0001812727,XNAS,US,"reliance|reliance global|reliance global group, inc."
F,FORD MOTOR CO,0000037996,XNYS,US,ford|ford motor|ford motor co
FA,FIRST ADVANTAGE CORP,0001210677,XNAS,US,first|first advantage|first advantage corp
FABC,"Fabric.AI, Inc.",0001086745,XNAS,US,"fabric|fabric ai|fabric.ai, inc."
FABTQ,"Fat Brands, Inc",0001705012,OOTC,US,"fat|fat brands|fat brands, inc"
FACT,FACT II Acquisition Corp.,0002028935,XNAS,US,fact|fact ii|fact ii acquisition|fact ii acquisition corp.
FACTU,FACT II Acquisition Corp.,0002028935,XNAS,US,fact|fact ii|fact ii acquisition|fact ii acquisition corp.
FACTW,FACT II Acquisition Corp.,0002028935,XNAS,US,fact|fact ii|fact ii acquisition|fact ii acquisition corp.
FAF,First American Financial Corp,0001472787,XNYS,US,first|first american|first american financial|first american financial corp
FAMI,"Farmmi, Inc.",0001701261,XNAS,US,"farmmi|farmmi, inc."
FANG,"Diamondback Energy, Inc.",0001539838,XNAS,US,"diamondback|diamondback energy|diamondback energy, inc."
FASLF,First Andes Silver Ltd.,0001731854,OOTC,US,first|first andes|first andes silver|first andes silver ltd.
FAST,FASTENAL CO,0000815556,XNAS,US,fastenal|fastenal co
FATAQ,"Fat Brands, Inc",0001705012,OOTC,US,"fat|fat brands|fat brands, inc"
FATE,FATE THERAPEUTICS INC,0001434316,XNAS,US,fate|fate therapeutics|fate therapeutics inc
FATN,Fatpipe Inc/UT,0001993400,XNAS,US,fatpipe|fatpipe inc/ut|fatpipe ut
FATPQ,"Fat Brands, Inc",0001705012,OOTC,US,"fat|fat brands|fat brands, inc"
FAX,"ABRDN ASIA-PACIFIC INCOME FUND, INC.",0000790500,XASE,US,"abrdn|abrdn asia|abrdn asia pacific income fund|abrdn asia-pacific income fund, inc."
FBCD,"FBC Holding, Inc.",0001370816,OOTC,US,"fbc|fbc holding, inc."
FBGL,FBS Global Ltd,0001938534,XNAS,US,fbs|fbs global|fbs global ltd
FBIN,"Fortune Brands Innovations, Inc.",0001519751,XNYS,US,"fortune|fortune brands|fortune brands innovations|fortune brands innovations, inc."
FBIO,"Fortress Biotech, Inc.",0001429260,XNAS,US,"fortress|fortress biotech|fortress biotech, inc."
FBIOP,"Fortress Biotech, Inc.",0001429260,XNAS,US,"fortress|fortress biotech|fortress biotech, inc."
FBIZ,"FIRST BUSINESS FINANCIAL SERVICES, INC.",0001521951,XNAS,US,"first|first business|first business financial services|first business financial services, inc."
FBK,FB Financial Corp,0001649749,XNYS,US,fb|fb financial|fb financial corp
FBLA,"FB Bancorp, Inc. /MD/",0002013639,XNAS,US,"fb|fb bancorp|fb bancorp md|fb bancorp, inc. /md/"
FBLG,"FibroBiologics, Inc.",0001958777,XNAS,US,"fibrobiologics|fibrobiologics, inc."
FBNC,FIRST BANCORP /NC/,0000811589,XNAS,US,first|first bancorp|first bancorp /nc/|first bancorp nc
FBP,FIRST BANCORP /PR/,0001057706,XNYS,US,first|first bancorp|first bancorp /pr/|first bancorp pr
FBRT,"Franklin BSP Realty Trust, Inc.",0001562528,XNYS,US,"franklin|franklin bsp|franklin bsp realty|franklin bsp realty trust, inc."
FBRX,"Forte Biosciences, Inc.",0001419041,XNAS,US,"forte|forte biosciences|forte biosciences, inc."
FBSI,FIRST BANCSHARES INC /MO/,0000912967,OOTC,US,first|first bancshares|first bancshares inc /mo/|first bancshares mo
FBTC,Fidelity Wise Origin Bitcoin Fund,0001852317,BATS,US,fidelity|fidelity wise|fidelity wise origin bitcoin fund
FBYD,"Falcon's Beyond Global, Inc.",0001937987,XNAS,US,"falcon|falcon s|falcon s beyond global|falcon's beyond global, inc."
FBYDW,"Falcon's Beyond Global, Inc.",0001937987,XNAS,US,"falcon|falcon s|falcon s beyond global|falcon's beyond global, inc."
FC,FRANKLIN COVEY CO,0000886206,XNYS,US,franklin|franklin covey|franklin covey co
FCAP,FIRST CAPITAL INC,0001070296,XNAS,US,first|first capital|first capital inc
FCBC,FIRST COMMUNITY BANKSHARES INC /VA/,0000859070,XNAS,US,first|first community|first community bankshares inc /va/|first community bankshares va
FCCI,"FAST CASUAL CONCEPTS, INC.",0001807689,OOTC,US,"fast|fast casual|fast casual concepts|fast casual concepts, inc."
FCCN,SPECTRAL CAPITAL Corp,0001131903,OOTC,US,spectral|spectral capital|spectral capital corp
FCCO,FIRST COMMUNITY CORP /SC/,0000932781,XNAS,US,first|first community|first community corp /sc/|first community sc
FCEL,FUELCELL ENERGY INC,0000886128,XNAS,US,fuelcell|fuelcell energy|fuelcell energy inc
FCELB,FUELCELL ENERGY INC,0000886128,OOTC,US,fuelcell|fuelcell energy|fuelcell energy inc
FCF,FIRST COMMONWEALTH FINANCIAL CORP /PA/,0000712537,XNYS,US,first|first commonwealth|first commonwealth financial corp /pa/|first commonwealth financial pa
FCFS,"FirstCash Holdings, Inc.",0000840489,XNAS,US,"firstcash|firstcash holdings, inc."
FCHDF,Fairchild Gold Corp.,0002048847,OOTC,US,fairchild|fairchild gold|fairchild gold corp.
FCHL,Fitness Champs Holdings Ltd,0002023796,XNAS,US,fitness|fitness champs|fitness champs holdings ltd
FCHS,"First Choice Healthcare Solutions, Inc.",0001416876,OOTC,US,"first|first choice|first choice healthcare solutions|first choice healthcare solutions, inc."
FCN,"FTI CONSULTING, INC",0000887936,XNYS,US,"fti|fti consulting|fti consulting, inc"
FCNCA,FIRST CITIZENS BANCSHARES INC /DE/,0000798941,XNAS,US,first|first citizens|first citizens bancshares de|first citizens bancshares inc /de/
FCNCB,FIRST CITIZENS BANCSHARES INC /DE/,0000798941,OOTC,US,first|first citizens|first citizens bancshares de|first citizens bancshares inc /de/
FCNCN,FIRST CITIZENS BANCSHARES INC /DE/,0000798941,XNAS,US,first|first citizens|first citizens bancshares de|first citizens bancshares inc /de/
FCNCO,FIRST CITIZENS BANCSHARES INC /DE/,0000798941,XNAS,US,first|first citizens|first citizens bancshares de|first citizens bancshares inc /de/
FCNCP,FIRST CITIZENS BANCSHARES INC /DE/,0000798941,XNAS,US,first|first citizens|first citizens bancshares de|first citizens bancshares inc /de/
FCPT,"Four Corners Property Trust, Inc.",0001650132,XNYS,US,"four|four corners|four corners property|four corners property trust, inc."
FCRS,FutureCrest Acquisition Corp.,0002074697,XNYS,US,futurecrest|futurecrest acquisition|futurecrest acquisition corp.
FCRX,"Crescent Capital BDC, Inc.",0001633336,XNYS,US,"crescent|crescent capital|crescent capital bdc|crescent capital bdc, inc."
FCT,FIRST TRUST SENIOR FLOATING RATE INCOME FUND II,0001282850,XNYS,US,first|first senior|first senior floating rate income fund ii|first trust senior floating rate income fund ii
FCUV,FOCUS UNIVERSAL INC.,0001590418,XNAS,US,focus|focus universal|focus universal inc.
FCX,FREEPORT-MCMORAN INC,0000831259,XNYS,US,freeport|freeport mcmoran|freeport-mcmoran inc
FDBC,FIDELITY D & D BANCORP INC,0001098151,XNAS,US,fidelity|fidelity d|fidelity d & d bancorp inc|fidelity d d bancorp
FDCT,"FDCTECH, INC.",0001722731,OOTC,US,"fdctech|fdctech, inc."
FDMT,"4D Molecular Therapeutics, Inc.",0001650648,XNAS,US,"4d|4d molecular|4d molecular therapeutics|4d molecular therapeutics, inc."
FDP,FRESH DEL MONTE PRODUCE INC,0001047340,XNYS,US,fresh|fresh del|fresh del monte produce|fresh del monte produce inc
FDS,FACTSET RESEARCH SYSTEMS INC,0001013237,XNYS,US,factset|factset research|factset research systems|factset research systems inc
FDSB,"Fifth District Bancorp, Inc.",0002012726,XNAS,US,"fifth|fifth district|fifth district bancorp|fifth district bancorp, inc."
FDUS,FIDUS INVESTMENT Corp,0001513363,XNAS,US,fidus|fidus investment|fidus investment corp
FDX,FEDEX CORP,0001048911,XNYS,US,fedex|fedex corp
FDXTF,FENDX TECHNOLOGIES INC.,0001970125,OOTC,US,fendx|fendx technologies|fendx technologies inc.
FE,FIRSTENERGY CORP,0001031296,XNYS,US,firstenergy|firstenergy corp
FEAM,"5E Advanced Materials, Inc.",0001888654,XNAS,US,"5e|5e advanced|5e advanced materials|5e advanced materials, inc."
FEAV,"5E Advanced Materials, Inc.",0001888654,OOTC,US,"5e|5e advanced|5e advanced materials|5e advanced materials, inc."
FEBO,Fenbo Holdings Ltd,0001957001,XNAS,US,fenbo|fenbo holdings ltd
FECOF,FEC Resources Inc.,0000849997,OOTC,US,fec|fec resources|fec resources inc.
FEDU,Four Seasons Education (Cayman) Inc.,0001709819,XNYS,US,four|four seasons|four seasons education (cayman) inc.|four seasons education cayman
FEED,"ENvue Medical, Inc.",0001326706,XNAS,US,"envue|envue medical|envue medical, inc."
FEIM,FREQUENCY ELECTRONICS INC,0000039020,XNAS,US,frequency|frequency electronics|frequency electronics inc
FELE,FRANKLIN ELECTRIC CO INC,0000038725,XNAS,US,franklin|franklin electric|franklin electric co inc
FEMY,FEMASYS INC,0001339005,XNAS,US,femasys|femasys inc
FENC,FENNEC PHARMACEUTICALS INC.,0001211583,XNAS,US,fennec|fennec pharmaceuticals|fennec pharmaceuticals inc.
FENG,Phoenix New Media Ltd,0001509646,XNYS,US,phoenix|phoenix new|phoenix new media|phoenix new media ltd
FEOVF,OCEANIC IRON ORE CORP,0000936801,OOTC,US,oceanic|oceanic iron|oceanic iron ore|oceanic iron ore corp
FER,Ferrovial N.V.,0001468522,XNAS,US,ferrovial|ferrovial n.v.
FERA,Fifth Era Acquisition Corp I,0002025401,XNAS,US,fifth|fifth era|fifth era acquisition corp i|fifth era acquisition i
FERAR,Fifth Era Acquisition Corp I,0002025401,XNAS,US,fifth|fifth era|fifth era acquisition corp i|fifth era acquisition i
FERAU,Fifth Era Acquisition Corp I,0002025401,XNAS,US,fifth|fifth era|fifth era acquisition corp i|fifth era acquisition i
FERG,Ferguson Enterprises Inc. /DE/,0002011641,XNYS,US,ferguson|ferguson enterprises|ferguson enterprises de|ferguson enterprises inc. /de/
FET,"FORUM ENERGY TECHNOLOGIES, INC.",0001401257,XNYS,US,"forum|forum energy|forum energy technologies|forum energy technologies, inc."
FETH,Fidelity Ethereum Fund,0002000046,BATS,US,fidelity|fidelity ethereum|fidelity ethereum fund
FF,FutureFuel Corp.,0001337298,XNYS,US,futurefuel|futurefuel corp.
FFA,FIRST TRUST ENHANCED EQUITY INCOME FUND,0001291334,XNYS,US,first|first enhanced|first enhanced equity income fund|first trust enhanced equity income fund
FFAI,FARADAY FUTURE INTELLIGENT ELECTRIC INC.,0001805521,XNAS,US,faraday|faraday future|faraday future intelligent electric|faraday future intelligent electric inc.
FFAIW,FARADAY FUTURE INTELLIGENT ELECTRIC INC.,0001805521,XNAS,US,faraday|faraday future|faraday future intelligent electric|faraday future intelligent electric inc.
FFBC,FIRST FINANCIAL BANCORP /OH/,0000708955,XNAS,US,first|first financial|first financial bancorp /oh/|first financial bancorp oh
FFC,Flaherty & Crumrine PREFERRED & INCOME SECURITIES FUND INC,0001174164,XNYS,US,flaherty|flaherty & crumrine preferred & income securities fund inc|flaherty crumrine|flaherty crumrine preferred income securities fund
FFIC,FLUSHING FINANCIAL CORP,0000923139,XNAS,US,flushing|flushing financial|flushing financial corp
FFIN,FIRST FINANCIAL BANKSHARES INC,0000036029,XNAS,US,first|first financial|first financial bankshares|first financial bankshares inc
FFIV,"F5, INC.",0001048695,XNAS,US,"f5|f5, inc."
FFLO,"Free Flow USA, Inc.",0001543652,OOTC,US,"free|free flow|free flow usa|free flow usa, inc."
FFMGF,First Mining Gold Corp.,0001641229,OOTC,US,first|first mining|first mining gold|first mining gold corp.
FG,"F&G Annuities & Life, Inc.",0001934850,XNYS,US,"f g|f g annuities life|f&g annuities & life, inc."
FGBI,"First Guaranty Bancshares, Inc.",0001408534,XNAS,US,"first|first guaranty|first guaranty bancshares|first guaranty bancshares, inc."
FGBIP,"First Guaranty Bancshares, Inc.",0001408534,XNAS,US,"first|first guaranty|first guaranty bancshares|first guaranty bancshares, inc."
FGCO,"Financial Gravity Companies, Inc.",0001377167,OOTC,US,"financial|financial gravity|financial gravity companies|financial gravity companies, inc."
FGDL,Franklin Templeton Holdings Trust,0001858258,ARCX,US,franklin|franklin templeton|franklin templeton holdings trust
FGFH,FORESIGHT FINANCIAL GROUP INC,0000786298,OOTC,US,foresight|foresight financial|foresight financial group inc
FGI,FGI Industries Ltd.,0001864943,XNAS,US,fgi|fgi industries|fgi industries ltd.
FGII,FG Imperii Acquisition Corp.,0002090452,XNAS,US,fg|fg imperii|fg imperii acquisition|fg imperii acquisition corp.
FGIIU,FG Imperii Acquisition Corp.,0002090452,XNAS,US,fg|fg imperii|fg imperii acquisition|fg imperii acquisition corp.
FGIIW,FG Imperii Acquisition Corp.,0002090452,XNAS,US,fg|fg imperii|fg imperii acquisition|fg imperii acquisition corp.
FGIWW,FGI Industries Ltd.,0001864943,XNAS,US,fgi|fgi industries|fgi industries ltd.
FGL,Founder Group Ltd,0001989930,XNAS,US,founder|founder group ltd
FGMC,FG Merger II Corp.,0001906364,XNAS,US,fg|fg merger|fg merger ii|fg merger ii corp.
FGMCR,FG Merger II Corp.,0001906364,XNAS,US,fg|fg merger|fg merger ii|fg merger ii corp.
FGMCU,FG Merger II Corp.,0001906364,XNAS,US,fg|fg merger|fg merger ii|fg merger ii corp.
FGN,"F&G Annuities & Life, Inc.",0001934850,XNYS,US,"f g|f g annuities life|f&g annuities & life, inc."
FGNV,FORGE INNOVATION DEVELOPMENT CORP.,0001687919,OOTC,US,forge|forge innovation|forge innovation development|forge innovation development corp.
FGNX,FG Nexus Inc.,0001591890,XNAS,US,fg|fg nexus|fg nexus inc.
FGNXP,FG Nexus Inc.,0001591890,XNAS,US,fg|fg nexus|fg nexus inc.
FGOVF,FREEGOLD VENTURES LTD,0001064052,OOTC,US,freegold|freegold ventures|freegold ventures ltd
FGPR,FERRELLGAS PARTNERS L P,0000922358,OOTC,US,ferrellgas|ferrellgas partners|ferrellgas partners l p
FGRS,"Figure Technology Solutions, Inc.",0002064124,OOTC,US,"figure|figure technology|figure technology solutions|figure technology solutions, inc."
FGSN,"F&G Annuities & Life, Inc.",0001934850,XNYS,US,"f g|f g annuities life|f&g annuities & life, inc."
FHB,"FIRST HAWAIIAN, INC.",0000036377,XNAS,US,"first|first hawaiian|first hawaiian, inc."
FHFFY,Foshan Haitian Flavouring & Food Co Ltd./ADR,0002082876,OOTC,US,foshan|foshan haitian|foshan haitian flavouring & food co ltd./adr|foshan haitian flavouring food
FHI,"FEDERATED HERMES, INC.",0001056288,XNYS,US,"federated|federated hermes|federated hermes, inc."
FHN,FIRST HORIZON CORP,0000036966,XNYS,US,first|first horizon|first horizon corp
FHTX,Foghorn Therapeutics Inc.,0001822462,XNAS,US,foghorn|foghorn therapeutics|foghorn therapeutics inc.
FIBK,FIRST INTERSTATE BANCSYSTEM INC,0000860413,XNAS,US,first|first interstate|first interstate bancsystem|first interstate bancsystem inc
FICO,FAIR ISAAC CORP,0000814547,XNYS,US,fair|fair isaac|fair isaac corp
FIEE,"FiEE, Inc.",0001467761,XNAS,US,"fiee|fiee, inc."
FIG,"Figma, Inc.",0001579878,XNYS,US,"figma|figma, inc."
FIGP,"Forge Group, Inc.",0001846702,OOTC,US,"forge|forge group, inc."
FIGR,"Figure Technology Solutions, Inc.",0002064124,XNAS,US,"figure|figure technology|figure technology solutions|figure technology solutions, inc."
FIGS,"FIGS, Inc.",0001846576,XNYS,US,"figs|figs, inc."
FIGX,FIGX Capital Acquisition Corp.,0002059033,XNAS,US,figx|figx capital|figx capital acquisition|figx capital acquisition corp.
FIGXU,FIGX Capital Acquisition Corp.,0002059033,XNAS,US,figx|figx capital|figx capital acquisition|figx capital acquisition corp.
FIGXW,FIGX Capital Acquisition Corp.,0002059033,XNAS,US,figx|figx capital|figx capital acquisition|figx capital acquisition corp.
FIISO,FINANCIAL INSTITUTIONS INC,0000862831,OOTC,US,financial|financial institutions|financial institutions inc
FIISP,FINANCIAL INSTITUTIONS INC,0000862831,OOTC,US,financial|financial institutions|financial institutions inc
FILG,Grayscale Filecoin Trust (FIL),0001852039,OOTC,US,grayscale|grayscale filecoin|grayscale filecoin fil|grayscale filecoin trust (fil)
FINCF,Fortis Inc.,0001666175,OOTC,US,fortis|fortis inc.
FINGF,Finning International Inc./ADR,0002073638,OOTC,US,finning|finning international|finning international inc./adr
FINS,Angel Oak Financial Strategies Income Term Trust,0001745059,XNYS,US,angel|angel oak|angel oak financial strategies income term|angel oak financial strategies income term trust
FINV,FinVolution Group,0001691445,XNYS,US,finvolution|finvolution group
FINW,Finwise Bancorp,0001856365,XNAS,US,finwise|finwise bancorp
FIP,FTAI Infrastructure Inc.,0001899883,XNAS,US,ftai|ftai infrastructure|ftai infrastructure inc.
FIS,"Fidelity National Information Services, Inc.",0001136893,XNYS,US,"fidelity|fidelity national|fidelity national information services|fidelity national information services, inc."
FISI,FINANCIAL INSTITUTIONS INC,0000862831,XNAS,US,financial|financial institutions|financial institutions inc
FISK,"Empire State Realty OP, L.P.",0001553079,ARCX,US,"empire|empire state|empire state realty op|empire state realty op, l.p."
FISV,FISERV INC,0000798354,XNAS,US,fiserv|fiserv inc
FITB,FIFTH THIRD BANCORP,0000035527,XNAS,US,fifth|fifth third|fifth third bancorp
FITBI,FIFTH THIRD BANCORP,0000035527,XNAS,US,fifth|fifth third|fifth third bancorp
FITBM,FIFTH THIRD BANCORP,0000035527,XNAS,US,fifth|fifth third|fifth third bancorp
FITBO,FIFTH THIRD BANCORP,0000035527,XNAS,US,fifth|fifth third|fifth third bancorp
FITBP,FIFTH THIRD BANCORP,0000035527,XNAS,US,fifth|fifth third|fifth third bancorp
FIVE,"FIVE BELOW, INC",0001177609,XNAS,US,"five|five below|five below, inc"
FIVN,"Five9, Inc.",0001288847,XNAS,US,"five9|five9, inc."
FIX,COMFORT SYSTEMS USA INC,0001035983,XNYS,US,comfort|comfort systems|comfort systems usa|comfort systems usa inc
FIZZ,NATIONAL BEVERAGE CORP,0000069891,XNAS,US,national|national beverage|national beverage corp
FJET,"Starfighters Space, Inc.",0001947016,XASE,US,"starfighters|starfighters space|starfighters space, inc."
FKURF,Fujikura Ltd/ADR,0002043424,OOTC,US,fujikura|fujikura ltd/adr
FKWL,FRANKLIN WIRELESS CORP,0000722572,XNAS,US,franklin|franklin wireless|franklin wireless corp
FKYS,FIRST KEYSTONE CORP,0000737875,OOTC,US,first|first keystone|first keystone corp
FLC,FLAHERTY & CRUMRINE TOTAL RETURN FUND INC,0001245648,XNYS,US,flaherty|flaherty & crumrine total return fund inc|flaherty crumrine|flaherty crumrine total return fund
FLD,"Fold Holdings, Inc.",0001889123,XNAS,US,"fold|fold holdings, inc."
FLDDW,"Fold Holdings, Inc.",0001889123,XNAS,US,"fold|fold holdings, inc."
FLEX,FLEX LTD.,0000866374,XNAS,US,flex|flex ltd.
FLG,"FLAGSTAR BANK, NATIONAL ASSOCIATION",0000910073,XNYS,US,"flagstar|flagstar bank|flagstar bank national association|flagstar bank, national association"
FLGT,"Fulgent Genetics, Inc.",0001674930,XNAS,US,"fulgent|fulgent genetics|fulgent genetics, inc."
FLL,FULL HOUSE RESORTS INC,0000891482,XNAS,US,full|full house|full house resorts|full house resorts inc
FLNA,"FILANA THERAPEUTICS, INC.",0001069530,XNAS,US,"filana|filana therapeutics|filana therapeutics, inc."
FLNC,"Fluence Energy, Inc.",0001868941,XNAS,US,"fluence|fluence energy|fluence energy, inc."
FLNCF,Freelancer Ltd,0002065932,OOTC,US,freelancer|freelancer ltd
FLNG,Flex LNG Ltd.,0001772253,XNYS,US,flex|flex lng|flex lng ltd.
FLNT,"Fluent, Inc.",0001460329,XNAS,US,"fluent|fluent, inc."
FLO,FLOWERS FOODS INC,0001128928,XNYS,US,flowers|flowers foods|flowers foods inc
FLOC,Flowco Holdings Inc.,0002035149,XNYS,US,flowco|flowco holdings inc.
FLR,FLUOR CORP,0001124198,XNYS,US,fluor|fluor corp
FLS,FLOWSERVE CORP,0000030625,XNYS,US,flowserve|flowserve corp
FLUT,Flutter Entertainment plc,0001635327,XNYS,US,flutter|flutter entertainment|flutter entertainment plc
FLUX,"Flux Power Holdings, Inc.",0001083743,XNAS,US,"flux|flux power|flux power holdings, inc."
FLWS,1 800 FLOWERS COM INC,0001084869,XNAS,US,1 800|1 800 flowers com|1 800 flowers com inc
FLX,BingEx Ltd,0001858724,XNAS,US,bingex|bingex ltd
FLXS,FLEXSTEEL INDUSTRIES INC,0000037472,XNAS,US,flexsteel|flexsteel industries|flexsteel industries inc
FLY,Firefly Aerospace Inc.,0001860160,XNAS,US,firefly|firefly aerospace|firefly aerospace inc.
FLYD,BANK OF MONTREAL /CAN/,0000927971,ARCX,US,bank|bank of|bank of montreal /can/|bank of montreal can
FLYE,"Fly-E Group, Inc.",0001975940,XNAS,US,"fly|fly e|fly-e group, inc."
FLYU,BANK OF MONTREAL /CAN/,0000927971,ARCX,US,bank|bank of|bank of montreal /can/|bank of montreal can
FLYW,Flywire Corp,0001580560,XNAS,US,flywire|flywire corp
FLYX,FLYEXCLUSIVE INC.,0001843973,XASE,US,flyexclusive|flyexclusive inc.
FLYYQ,"Spirit Aviation Holdings, Inc.",0001498710,OOTC,US,"spirit|spirit aviation|spirit aviation holdings, inc."
FMAC,Future Money Acquisition Corp,0002099232,XNAS,US,future|future money|future money acquisition|future money acquisition corp
FMACU,Future Money Acquisition Corp,0002099232,XNAS,US,future|future money|future money acquisition|future money acquisition corp
FMAO,FARMERS & MERCHANTS BANCORP INC,0000792966,XNAS,US,farmers|farmers & merchants bancorp inc|farmers merchants|farmers merchants bancorp
FMBH,"FIRST MID BANCSHARES, INC.",0000700565,XNAS,US,"first|first mid|first mid bancshares|first mid bancshares, inc."
FMBM,F&M BANK CORP,0000740806,OOTC,US,f m|f m bank|f&m bank corp
FMC,FMC CORP,0000037785,XNYS,US,fmc|fmc corp
FMCB,FARMERS & MERCHANTS BANCORP,0001085913,OOTC,US,farmers|farmers & merchants bancorp|farmers merchants|farmers merchants bancorp
FMCC,FEDERAL HOME LOAN MORTGAGE CORP,0001026214,OOTC,US,federal|federal home|federal home loan mortgage|federal home loan mortgage corp
FMCCG,FEDERAL HOME LOAN MORTGAGE CORP,0001026214,OOTC,US,federal|federal home|federal home loan mortgage|federal home loan mortgage corp
FMCCH,FEDERAL HOME LOAN MORTGAGE CORP,0001026214,OOTC,US,federal|federal home|federal home loan mortgage|federal home loan mortgage corp
FMCCI,FEDERAL HOME LOAN MORTGAGE CORP,0001026214,OOTC,US,federal|federal home|federal home loan mortgage|federal home loan mortgage corp
FMCCJ,FEDERAL HOME LOAN MORTGAGE CORP,0001026214,OOTC,US,federal|federal home|federal home loan mortgage|federal home loan mortgage corp
FMCCK,FEDERAL HOME LOAN MORTGAGE CORP,0001026214,OOTC,US,federal|federal home|federal home loan mortgage|federal home loan mortgage corp
FMCCL,FEDERAL HOME LOAN MORTGAGE CORP,0001026214,OOTC,US,federal|federal home|federal home loan mortgage|federal home loan mortgage corp
FMCCM,FEDERAL HOME LOAN MORTGAGE CORP,0001026214,OOTC,US,federal|federal home|federal home loan mortgage|federal home loan mortgage corp
FMCCN,FEDERAL HOME LOAN MORTGAGE CORP,0001026214,OOTC,US,federal|federal home|federal home loan mortgage|federal home loan mortgage corp
FMCCO,FEDERAL HOME LOAN MORTGAGE CORP,0001026214,OOTC,US,federal|federal home|federal home loan mortgage|federal home loan mortgage corp
FMCCP,FEDERAL HOME LOAN MORTGAGE CORP,0001026214,OOTC,US,federal|federal home|federal home loan mortgage|federal home loan mortgage corp
FMCCS,FEDERAL HOME LOAN MORTGAGE CORP,0001026214,OOTC,US,federal|federal home|federal home loan mortgage|federal home loan mortgage corp
FMCCT,FEDERAL HOME LOAN MORTGAGE CORP,0001026214,OOTC,US,federal|federal home|federal home loan mortgage|federal home loan mortgage corp
FMCKI,FEDERAL HOME LOAN MORTGAGE CORP,0001026214,OOTC,US,federal|federal home|federal home loan mortgage|federal home loan mortgage corp
FMCKJ,FEDERAL HOME LOAN MORTGAGE CORP,0001026214,OOTC,US,federal|federal home|federal home loan mortgage|federal home loan mortgage corp
FMCKK,FEDERAL HOME LOAN MORTGAGE CORP,0001026214,OOTC,US,federal|federal home|federal home loan mortgage|federal home loan mortgage corp
FMCKL,FEDERAL HOME LOAN MORTGAGE CORP,0001026214,OOTC,US,federal|federal home|federal home loan mortgage|federal home loan mortgage corp
FMCKM,FEDERAL HOME LOAN MORTGAGE CORP,0001026214,OOTC,US,federal|federal home|federal home loan mortgage|federal home loan mortgage corp
FMCKN,FEDERAL HOME LOAN MORTGAGE CORP,0001026214,OOTC,US,federal|federal home|federal home loan mortgage|federal home loan mortgage corp
FMCKO,FEDERAL HOME LOAN MORTGAGE CORP,0001026214,OOTC,US,federal|federal home|federal home loan mortgage|federal home loan mortgage corp
FMCKP,FEDERAL HOME LOAN MORTGAGE CORP,0001026214,OOTC,US,federal|federal home|federal home loan mortgage|federal home loan mortgage corp
FMCQF,Fresenius Medical Care AG,0001333141,OOTC,US,fresenius|fresenius medical|fresenius medical care|fresenius medical care ag
FMFC,Kandal M Venture Ltd,0002024656,XNAS,US,kandal|kandal m|kandal m venture|kandal m venture ltd
FMFG,"Farmers & Merchants Bancshares, Inc.",0001698022,OOTC,US,"farmers|farmers & merchants bancshares, inc.|farmers merchants|farmers merchants bancshares"
FMHS,"FARMHOUSE, INC. /NV",0001811999,OOTC,US,"farmhouse|farmhouse, inc. /nv"
FMN,Federated Hermes Premier Municipal Income Fund,0001199004,XNYS,US,federated|federated hermes|federated hermes premier municipal income fund
FMNB,FARMERS NATIONAL BANC CORP /OH/,0000709337,XNAS,US,farmers|farmers national|farmers national banc corp /oh/|farmers national banc oh
FMS,Fresenius Medical Care AG,0001333141,XNYS,US,fresenius|fresenius medical|fresenius medical care|fresenius medical care ag
FMST,Foremost Clean Energy Ltd.,0001935418,XNAS,US,foremost|foremost clean|foremost clean energy|foremost clean energy ltd.
FMSTW,Foremost Clean Energy Ltd.,0001935418,XNAS,US,foremost|foremost clean|foremost clean energy|foremost clean energy ltd.
FMTOF,Femto Technologies Inc.,0001888151,OOTC,US,femto|femto technologies|femto technologies inc.
FMX,MEXICAN ECONOMIC DEVELOPMENT INC,0001061736,XNYS,US,mexican|mexican economic|mexican economic development|mexican economic development inc
FMY,FIRST TRUST MORTGAGE INCOME FUND,0001319183,XNYS,US,first|first mortgage|first mortgage income fund|first trust mortgage income fund
FN,Fabrinet,0001408710,XNYS,US,fabrinet
FNB,FNB CORP/PA/,0000037808,XNYS,US,fnb|fnb corp/pa/|fnb pa
FNCHQ,"Finch Therapeutics Group, Inc.",0001733257,OOTC,US,"finch|finch therapeutics|finch therapeutics group, inc."
FNCTF,ORANGE,0001038143,OOTC,US,orange
FND,"Floor & Decor Holdings, Inc.",0001507079,XNYS,US,"floor|floor & decor holdings, inc.|floor decor"
FNF,"Fidelity National Financial, Inc.",0001331875,XNYS,US,"fidelity|fidelity national|fidelity national financial|fidelity national financial, inc."
FNFI,FIRST NILES FINANCIAL INC,0001065823,OOTC,US,first|first niles|first niles financial|first niles financial inc
FNFPA,FIRST NILES FINANCIAL INC,0001065823,OOTC,US,first|first niles|first niles financial|first niles financial inc
FNGD,BANK OF MONTREAL /CAN/,0000927971,ARCX,US,bank|bank of|bank of montreal /can/|bank of montreal can
FNGO,BANK OF MONTREAL /CAN/,0000927971,ARCX,US,bank|bank of|bank of montreal /can/|bank of montreal can
FNGR,"FingerMotion, Inc.",0001602409,XNAS,US,"fingermotion|fingermotion, inc."
FNGS,BANK OF MONTREAL /CAN/,0000927971,ARCX,US,bank|bank of|bank of montreal /can/|bank of montreal can
FNGU,BANK OF MONTREAL /CAN/,0000927971,ARCX,US,bank|bank of|bank of montreal /can/|bank of montreal can
FNKO,"Funko, Inc.",0001704711,XNAS,US,"funko|funko, inc."
FNLC,"First Bancorp, Inc /ME/",0000765207,XNAS,US,"first|first bancorp|first bancorp me|first bancorp, inc /me/"
FNMA,FEDERAL NATIONAL MORTGAGE ASSOCIATION FANNIE MAE,0000310522,OOTC,US,federal|federal national|federal national mortgage association fannie mae
FNMAG,FEDERAL NATIONAL MORTGAGE ASSOCIATION FANNIE MAE,0000310522,OOTC,US,federal|federal national|federal national mortgage association fannie mae
FNMAH,FEDERAL NATIONAL MORTGAGE ASSOCIATION FANNIE MAE,0000310522,OOTC,US,federal|federal national|federal national mortgage association fannie mae
FNMAI,FEDERAL NATIONAL MORTGAGE ASSOCIATION FANNIE MAE,0000310522,OOTC,US,federal|federal national|federal national mortgage association fannie mae
FNMAJ,FEDERAL NATIONAL MORTGAGE ASSOCIATION FANNIE MAE,0000310522,OOTC,US,federal|federal national|federal national mortgage association fannie mae
FNMAK,FEDERAL NATIONAL MORTGAGE ASSOCIATION FANNIE MAE,0000310522,OOTC,US,federal|federal national|federal national mortgage association fannie mae
FNMAL,FEDERAL NATIONAL MORTGAGE ASSOCIATION FANNIE MAE,0000310522,OOTC,US,federal|federal national|federal national mortgage association fannie mae
FNMAM,FEDERAL NATIONAL MORTGAGE ASSOCIATION FANNIE MAE,0000310522,OOTC,US,federal|federal national|federal national mortgage association fannie mae
FNMAN,FEDERAL NATIONAL MORTGAGE ASSOCIATION FANNIE MAE,0000310522,OOTC,US,federal|federal national|federal national mortgage association fannie mae
FNMAO,FEDERAL NATIONAL MORTGAGE ASSOCIATION FANNIE MAE,0000310522,OOTC,US,federal|federal national|federal national mortgage association fannie mae
FNMAP,FEDERAL NATIONAL MORTGAGE ASSOCIATION FANNIE MAE,0000310522,OOTC,US,federal|federal national|federal national mortgage association fannie mae
FNMAS,FEDERAL NATIONAL MORTGAGE ASSOCIATION FANNIE MAE,0000310522,OOTC,US,federal|federal national|federal national mortgage association fannie mae
FNMAT,FEDERAL NATIONAL MORTGAGE ASSOCIATION FANNIE MAE,0000310522,OOTC,US,federal|federal national|federal national mortgage association fannie mae
FNMFM,FEDERAL NATIONAL MORTGAGE ASSOCIATION FANNIE MAE,0000310522,OOTC,US,federal|federal national|federal national mortgage association fannie mae
FNMFN,FEDERAL NATIONAL MORTGAGE ASSOCIATION FANNIE MAE,0000310522,OOTC,US,federal|federal national|federal national mortgage association fannie mae
FNMFO,FEDERAL NATIONAL MORTGAGE ASSOCIATION FANNIE MAE,0000310522,OOTC,US,federal|federal national|federal national mortgage association fannie mae
FNRN,FIRST NORTHERN COMMUNITY BANCORP,0001114927,XNAS,US,first|first northern|first northern community bancorp
FNUC,Frontier Nuclear & Minerals Inc.,0001769697,XNAS,US,frontier|frontier nuclear|frontier nuclear & minerals inc.|frontier nuclear minerals
FNV,FRANCO NEVADA Corp,0001456346,XNYS,US,franco|franco nevada|franco nevada corp
FNWB,First Northwest Bancorp,0001556727,XNAS,US,first|first northwest|first northwest bancorp
FNWD,Finward Bancorp,0000919864,XNAS,US,finward|finward bancorp
FOA,Finance of America Companies Inc.,0001828937,XNYS,US,finance|finance of|finance of america companies|finance of america companies inc.
FOF,"Cohen & Steers Closed-End Opportunity Fund, Inc.",0001375340,XNYS,US,"cohen|cohen & steers closed-end opportunity fund, inc.|cohen steers|cohen steers closed end opportunity fund"
FOFA,"FAMILY OFFICE OF AMERICA, INC.",0001871181,OOTC,US,"family|family office|family office of america|family office of america, inc."
FOFO,"Hang Feng Technology Innovation Co., Ltd.",0002060083,XNAS,US,"hang|hang feng|hang feng technology innovation|hang feng technology innovation co., ltd."
FONR,FONAR CORP,0000355019,XNAS,US,fonar|fonar corp
FOR,Forestar Group Inc.,0001406587,XNYS,US,forestar|forestar group inc.
FORFF,Fortis Inc.,0001666175,OOTC,US,fortis|fortis inc.
FORM,FORMFACTOR INC,0001039399,XNAS,US,formfactor|formfactor inc
FORR,"FORRESTER RESEARCH, INC.",0001023313,XNAS,US,"forrester|forrester research|forrester research, inc."
FORTY,FORMULA SYSTEMS (1985) LTD,0001045986,XNAS,US,formula|formula systems|formula systems (1985) ltd|formula systems 1985
FOSL,"Fossil Group, Inc.",0000883569,XNAS,US,"fossil|fossil group, inc."
FOTB,"FIRST OTTAWA BANCSHARES, INC.",0001099668,OOTC,US,"first|first ottawa|first ottawa bancshares|first ottawa bancshares, inc."
FOUR,"Shift4 Payments, Inc.",0001794669,XNYS,US,"shift4|shift4 payments|shift4 payments, inc."
FOX,Fox Corp,0001754301,XNAS,US,fox|fox corp
FOXA,Fox Corp,0001754301,XNAS,US,fox|fox corp
FOXF,FOX FACTORY HOLDING CORP,0001424929,XNAS,US,fox|fox factory|fox factory holding corp
FOXO,FOXO TECHNOLOGIES INC.,0001812360,OOTC,US,foxo|foxo technologies|foxo technologies inc.
FOXOW,FOXO TECHNOLOGIES INC.,0001812360,OOTC,US,foxo|foxo technologies|foxo technologies inc.
FOXX,Foxx Development Holdings Inc.,0002013807,XNAS,US,foxx|foxx development|foxx development holdings inc.
FOXXW,Foxx Development Holdings Inc.,0002013807,XNAS,US,foxx|foxx development|foxx development holdings inc.
FPF,First Trust Intermediate Duration Preferred & Income Fund,0001567569,XNYS,US,first|first intermediate|first intermediate duration preferred income fund|first trust intermediate duration preferred & income fund
FPH,"Five Point Holdings, LLC",0001574197,XNYS,US,"five|five point|five point holdings, llc"
FPHOY,First Phosphate Corp.,0001490078,OOTC,US,first|first phosphate|first phosphate corp.
FPI,Farmland Partners Inc.,0001591670,XNYS,US,farmland|farmland partners|farmland partners inc.
FPRGF,Falco Resources Ltd.,0001555980,OOTC,US,falco|falco resources|falco resources ltd.
FPS,"Forgent Power Solutions, Inc.",0002080126,XNYS,US,"forgent|forgent power|forgent power solutions|forgent power solutions, inc."
FR,FIRST INDUSTRIAL REALTY TRUST INC,0000921825,XNYS,US,first|first industrial|first industrial realty|first industrial realty trust inc
FRA,"BLACKROCK FLOATING RATE INCOME STRATEGIES FUND, INC.",0001259708,XNYS,US,"blackrock|blackrock floating|blackrock floating rate income strategies fund|blackrock floating rate income strategies fund, inc."
FRAF,FRANKLIN FINANCIAL SERVICES CORP /PA/,0000723646,XNAS,US,franklin|franklin financial|franklin financial services corp /pa/|franklin financial services pa
FRBP,Franklin BSP Capital Corp,0001825248,OOTC,US,franklin|franklin bsp|franklin bsp capital|franklin bsp capital corp
FRD,FRIEDMAN INDUSTRIES INC,0000039092,XNAS,US,friedman|friedman industries|friedman industries inc
FRECF,Frequency Exchange Corp.,0001816133,OOTC,US,frequency|frequency exchange|frequency exchange corp.
FREGP,FEDERAL HOME LOAN MORTGAGE CORP,0001026214,OOTC,US,federal|federal home|federal home loan mortgage|federal home loan mortgage corp
FREJN,FEDERAL HOME LOAN MORTGAGE CORP,0001026214,OOTC,US,federal|federal home|federal home loan mortgage|federal home loan mortgage corp
FREJO,FEDERAL HOME LOAN MORTGAGE CORP,0001026214,OOTC,US,federal|federal home|federal home loan mortgage|federal home loan mortgage corp
FREJP,FEDERAL HOME LOAN MORTGAGE CORP,0001026214,OOTC,US,federal|federal home|federal home loan mortgage|federal home loan mortgage corp
FREVS,"FIRST REAL ESTATE INVESTMENT TRUST OF NEW JERSEY, INC.",0000036840,OOTC,US,"first|first real|first real estate investment of new jersey|first real estate investment trust of new jersey, inc."
FRFAF,Fresh Factory B.C. Ltd.,0001894942,OOTC,US,fresh|fresh factory|fresh factory b c|fresh factory b.c. ltd.
FRFFF,FAIRFAX FINANCIAL HOLDINGS LTD/ CAN,0000915191,OOTC,US,fairfax|fairfax financial|fairfax financial can|fairfax financial holdings ltd/ can
FRFHF,FAIRFAX FINANCIAL HOLDINGS LTD/ CAN,0000915191,OOTC,US,fairfax|fairfax financial|fairfax financial can|fairfax financial holdings ltd/ can
FRGT,"Freight Technologies, Inc.",0001687542,XNAS,US,"freight|freight technologies|freight technologies, inc."
FRHC,Freedom Holding Corp.,0000924805,XNAS,US,freedom|freedom holding corp.
FRLCY,Freelancer Ltd,0002065932,OOTC,US,freelancer|freelancer ltd
FRME,FIRST MERCHANTS CORP,0000712534,XNAS,US,first|first merchants|first merchants corp
FRMEP,FIRST MERCHANTS CORP,0000712534,XNAS,US,first|first merchants|first merchants corp
FRMI,Fermi Inc.,0002071778,XNAS,US,fermi|fermi inc.
FRMM,FORUM MARKETS Inc,0001690080,XNAS,US,forum|forum markets|forum markets inc
FRO,Frontline plc,0000913290,XNYS,US,frontline|frontline plc
FROG,JFrog Ltd,0001800667,XNAS,US,jfrog|jfrog ltd
FRPH,"FRP HOLDINGS, INC.",0000844059,XNAS,US,"frp|frp holdings, inc."
FRPT,"Freshpet, Inc.",0001611647,XNAS,US,"freshpet|freshpet, inc."
FRQN,"Frequency Holdings, Inc",0001624517,OOTC,US,"frequency|frequency holdings, inc"
FRSH,Freshworks Inc.,0001544522,XNAS,US,freshworks|freshworks inc.
FRSPF,First Phosphate Corp.,0001490078,OOTC,US,first|first phosphate|first phosphate corp.
FRST,Primis Financial Corp.,0001325670,XNAS,US,primis|primis financial|primis financial corp.
FRSX,Foresight Autonomous Holdings Ltd.,0001691221,XNAS,US,foresight|foresight autonomous|foresight autonomous holdings ltd.
FRT,FEDERAL REALTY INVESTMENT TRUST,0000034903,XNYS,US,federal|federal realty|federal realty investment|federal realty investment trust
FRTJF,Fortis Inc.,0001666175,OOTC,US,fortis|fortis inc.
FRTRY,"Fortior Technology (Shenzhen) Co., Ltd./ADR",0002098710,OOTC,US,"fortior|fortior technology|fortior technology (shenzhen) co., ltd./adr|fortior technology shenzhen"
FRTSF,Fortis Inc.,0001666175,OOTC,US,fortis|fortis inc.
FRVO,Fervo Energy Co,0001853868,XNAS,US,fervo|fervo energy|fervo energy co
FRZT,"Freeze Tag, Inc.",0001485074,OOTC,US,"freeze|freeze tag|freeze tag, inc."
FSBC,FIVE STAR BANCORP,0001275168,XNAS,US,five|five star|five star bancorp
FSBW,"FS Bancorp, Inc.",0001530249,XNAS,US,"fs|fs bancorp|fs bancorp, inc."
FSCO,FS Credit Opportunities Corp.,0001568194,XNYS,US,fs|fs credit|fs credit opportunities|fs credit opportunities corp.
FSEA,"First Seacoast Bancorp, Inc.",0001943802,XNAS,US,"first|first seacoast|first seacoast bancorp|first seacoast bancorp, inc."
FSHP,Flag Ship Acquisition Corp,0001850059,XNAS,US,flag|flag ship|flag ship acquisition|flag ship acquisition corp
FSHPR,Flag Ship Acquisition Corp,0001850059,XNAS,US,flag|flag ship|flag ship acquisition|flag ship acquisition corp
FSHPU,Flag Ship Acquisition Corp,0001850059,XNAS,US,flag|flag ship|flag ship acquisition|flag ship acquisition corp
FSI,FLEXIBLE SOLUTIONS INTERNATIONAL INC,0001069394,XASE,US,flexible|flexible solutions|flexible solutions international|flexible solutions international inc
FSK,FS KKR Capital Corp,0001422183,XNYS,US,fs|fs kkr|fs kkr capital|fs kkr capital corp
FSLR,"FIRST SOLAR, INC.",0001274494,XNAS,US,"first|first solar|first solar, inc."
FSLY,"Fastly, Inc.",0001517413,XNAS,US,"fastly|fastly, inc."
FSM,FORTUNA MINING CORP.,0001341335,XNYS,US,fortuna|fortuna mining|fortuna mining corp.
FSNUF,Fresenius SE & Co. KGaA,0000904868,OOTC,US,fresenius|fresenius kgaa|fresenius se & co. kgaa
FSNUY,Fresenius SE & Co. KGaA,0000904868,OOTC,US,fresenius|fresenius kgaa|fresenius se & co. kgaa
FSOL,Fidelity Solana Fund,0002063380,ARCX,US,fidelity|fidelity solana|fidelity solana fund
FSP,FRANKLIN STREET PROPERTIES CORP /MA/,0001031316,XASE,US,franklin|franklin street|franklin street properties corp /ma/|franklin street properties ma
FSS,FEDERAL SIGNAL CORP /DE/,0000277509,XNYS,US,federal|federal signal|federal signal corp /de/|federal signal de
FSSL,FS Specialty Lending Fund,0002065812,XNYS,US,fs|fs specialty|fs specialty lending fund
FSTJ,First America Resources Corp,0001525306,OOTC,US,first|first america|first america resources|first america resources corp
FSTR,FOSTER L B CO,0000352825,XNAS,US,foster|foster l|foster l b|foster l b co
FSTWF,FST Corp.,0002014254,OOTC,US,fst|fst corp.
FSUN,FIRSTSUN CAPITAL BANCORP,0001709442,XNAS,US,firstsun|firstsun capital|firstsun capital bancorp
FSV,FirstService Corp,0001637810,XNAS,US,firstservice|firstservice corp
FT,FRANKLIN UNIVERSAL TRUST,0000833040,XNYS,US,franklin|franklin universal|franklin universal trust
FTAI,FTAI Aviation Ltd.,0001590364,XNAS,US,ftai|ftai aviation|ftai aviation ltd.
FTAIM,FTAI Aviation Ltd.,0001590364,XNAS,US,ftai|ftai aviation|ftai aviation ltd.
FTAIN,FTAI Aviation Ltd.,0001590364,XNAS,US,ftai|ftai aviation|ftai aviation ltd.
FTCI,"FTC Solar, Inc.",0001828161,XNAS,US,"ftc|ftc solar|ftc solar, inc."
FTCO,Fortitude Gold Corp,0001828377,OOTC,US,fortitude|fortitude gold|fortitude gold corp
FTDR,"Frontdoor, Inc.",0001727263,XNAS,US,"frontdoor|frontdoor, inc."
FTEK,"FUEL TECH, INC.",0000846913,XNAS,US,"fuel|fuel tech|fuel tech, inc."
FTF,FRANKLIN LTD DURATION INCOME TRUST,0001233087,XASE,US,franklin|franklin duration|franklin duration income|franklin ltd duration income trust
FTFT,Future FinTech Group Inc.,0001066923,XNAS,US,future|future fintech|future fintech group inc.
FTHAU,Forefront Tech Holdings Acquisition Corp,0002097986,XNAS,US,forefront|forefront tech|forefront tech acquisition|forefront tech holdings acquisition corp
FTHM,Fathom Holdings Inc.,0001753162,XNAS,US,fathom|fathom holdings inc.
FTHY,FIRST TRUST HIGH YIELD OPPORTUNITIES 2027 TERM FUND,0001810523,XNYS,US,first|first high|first high yield opportunities 2027 term fund|first trust high yield opportunities 2027 term fund
FTI,TechnipFMC plc,0001681459,XNYS,US,technipfmc|technipfmc plc
FTK,FLOTEK INDUSTRIES INC/CN/,0000928054,XNYS,US,flotek|flotek industries|flotek industries cn|flotek industries inc/cn/
FTLF,"FITLIFE BRANDS, INC.",0001374328,XNAS,US,"fitlife|fitlife brands|fitlife brands, inc."
FTNT,"Fortinet, Inc.",0001262039,XNAS,US,"fortinet|fortinet, inc."
FTPSF,Fortis Inc.,0001666175,OOTC,US,fortis|fortis inc.
FTRE,Fortrea Holdings Inc.,0001965040,XNAS,US,fortrea|fortrea holdings inc.
FTRK,Fast Track Group,0002027262,XNAS,US,fast|fast track|fast track group
FTRSF,Fortis Inc.,0001666175,OOTC,US,fortis|fortis inc.
FTS,Fortis Inc.,0001666175,XNYS,US,fortis|fortis inc.
FTSP,"FinTrade Sherpa, Inc.",0001319643,OOTC,US,"fintrade|fintrade sherpa|fintrade sherpa, inc."
FTV,Fortive Corp,0001659166,XNYS,US,fortive|fortive corp
FTW,PRESIDIO PRODUCTION Co,0002083125,XNYS,US,presidio|presidio production|presidio production co
FTZFF,Fitzroy Minerals Inc.,0001819258,OOTC,US,fitzroy|fitzroy minerals|fitzroy minerals inc.
FUBO,FuboTV Inc.,0001484769,XNYS,US,fubotv|fubotv inc.
FUEMF,Fuerte Metals Corp,0002001201,OOTC,US,fuerte|fuerte metals|fuerte metals corp
FUFU,Bitfufu Inc.,0001921158,XNAS,US,bitfufu|bitfufu inc.
FUFUW,Bitfufu Inc.,0001921158,XNAS,US,bitfufu|bitfufu inc.
FUL,FULLER H B CO,0000039368,XNYS,US,fuller|fuller h|fuller h b|fuller h b co
FULC,"Fulcrum Therapeutics, Inc.",0001680581,XNAS,US,"fulcrum|fulcrum therapeutics|fulcrum therapeutics, inc."
FULO,FULLNET COMMUNICATIONS INC,0001092570,OOTC,US,fullnet|fullnet communications|fullnet communications inc
FULT,FULTON FINANCIAL CORP,0000700564,XNAS,US,fulton|fulton financial|fulton financial corp
FULTP,FULTON FINANCIAL CORP,0000700564,XNAS,US,fulton|fulton financial|fulton financial corp
FUN,Six Flags Entertainment Corporation/NEW,0001999001,XNYS,US,six|six flags|six flags entertainment corporation/new|six flags entertainment new
FUNC,FIRST UNITED CORP/MD/,0000763907,XNAS,US,first|first united|first united corp/md/|first united md
FUND,SPROTT FOCUS TRUST INC.,0000825202,XNAS,US,sprott|sprott focus|sprott focus trust inc.
FUNI,"Hypha Labs, Inc.",0001502966,OOTC,US,"hypha|hypha labs|hypha labs, inc."
FURY,FURY GOLD MINES LTD,0001514597,XASE,US,fury|fury gold|fury gold mines|fury gold mines ltd
FUSB,"FIRST US BANCSHARES, INC.",0000717806,XNAS,US,"first|first us|first us bancshares|first us bancshares, inc."
FUSE,Fusemachines Inc.,0002033383,XNAS,US,fusemachines|fusemachines inc.
FUSEW,Fusemachines Inc.,0002033383,XNAS,US,fusemachines|fusemachines inc.
FUST,FUSE GROUP HOLDING INC.,0001636051,OOTC,US,fuse|fuse group holding inc.
FUTU,Futu Holdings Ltd,0001754581,XNAS,US,futu|futu holdings ltd
FUUFF,F3 Uranium Corp.,0001703118,OOTC,US,f3|f3 uranium|f3 uranium corp.
FVAV,Fortress Value Acquisition Corp. V,0001850733,XNAS,US,fortress|fortress value|fortress value acquisition corp. v|fortress value acquisition v
FVCB,"FVCBankcorp, Inc.",0001675644,XNAS,US,"fvcbankcorp|fvcbankcorp, inc."
FVGPY,FinVolution Group,0001691445,OOTC,US,finvolution|finvolution group
FVN,Future Vision II Acquisition Corp.,0002010653,XNAS,US,future|future vision|future vision ii acquisition|future vision ii acquisition corp.
FVNNR,Future Vision II Acquisition Corp.,0002010653,XNAS,US,future|future vision|future vision ii acquisition|future vision ii acquisition corp.
FVNNU,Future Vision II Acquisition Corp.,0002010653,XNAS,US,future|future vision|future vision ii acquisition|future vision ii acquisition corp.
FVR,"FrontView REIT, Inc.",0001988494,XNYS,US,"frontview|frontview reit|frontview reit, inc."
FVRR,Fiverr International Ltd.,0001762301,XNYS,US,fiverr|fiverr international|fiverr international ltd.
FVTI,"Fortune Valley Treasures, Inc.",0001626745,OOTC,US,"fortune|fortune valley|fortune valley treasures|fortune valley treasures, inc."
FWDI,"Forward Industries, Inc.",0000038264,XNAS,US,"forward|forward industries|forward industries, inc."
FWFW,"FLYWHEEL ADVANCED TECHNOLOGY, INC.",0001492617,OOTC,US,"flywheel|flywheel advanced|flywheel advanced technology|flywheel advanced technology, inc."
FWONA,Liberty Media Corp,0001560385,XNAS,US,liberty|liberty media|liberty media corp
FWONB,Liberty Media Corp,0001560385,OOTC,US,liberty|liberty media|liberty media corp
FWONK,Liberty Media Corp,0001560385,XNAS,US,liberty|liberty media|liberty media corp
FWRD,FORWARD AIR CORP,0000912728,XNAS,US,forward|forward air|forward air corp
FWRG,"First Watch Restaurant Group, Inc.",0001789940,XNAS,US,"first|first watch|first watch restaurant|first watch restaurant group, inc."
FXA,Invesco CurrencyShares Australian Dollar Trust,0001353614,ARCX,US,invesco|invesco currencyshares|invesco currencyshares australian dollar|invesco currencyshares australian dollar trust
FXB,Invesco CurrencyShares British Pound Sterling Trust,0001353611,ARCX,US,invesco|invesco currencyshares|invesco currencyshares british pound sterling|invesco currencyshares british pound sterling trust
FXBY,FOXBY CORP.,0001068897,OOTC,US,foxby|foxby corp.
FXC,Invesco CurrencyShares Canadian Dollar Trust,0001353612,ARCX,US,invesco|invesco currencyshares|invesco currencyshares canadian dollar|invesco currencyshares canadian dollar trust
FXCNF,FIH Mobile Ltd,0001164009,OOTC,US,fih|fih mobile|fih mobile ltd
FXCNY,FIH Mobile Ltd,0001164009,OOTC,US,fih|fih mobile|fih mobile ltd
FXE,Invesco CurrencyShares Euro Trust,0001328598,ARCX,US,invesco|invesco currencyshares|invesco currencyshares euro|invesco currencyshares euro trust
FXF,Invesco CurrencyShares Swiss Franc Trust,0001353615,ARCX,US,invesco|invesco currencyshares|invesco currencyshares swiss franc|invesco currencyshares swiss franc trust
FXNC,FIRST NATIONAL CORP /VA/,0000719402,XNAS,US,first|first national|first national corp /va/|first national va
FXY,Invesco CurrencyShares Japanese Yen Trust,0001353613,ARCX,US,invesco|invesco currencyshares|invesco currencyshares japanese yen|invesco currencyshares japanese yen trust
FYNN,Fyntechnical Innovations Inc,0001497230,OOTC,US,fyntechnical|fyntechnical innovations|fyntechnical innovations inc
FZMD,"Fuse Medical, Inc.",0000319016,OOTC,US,"fuse|fuse medical|fuse medical, inc."
G,Genpact LTD,0001398659,XNYS,US,genpact|genpact ltd
GAB,GABELLI EQUITY TRUST INC,0000794685,XNYS,US,gabelli|gabelli equity|gabelli equity trust inc
GABC,"GERMAN AMERICAN BANCORP, INC.",0000714395,XNAS,US,"german|german american|german american bancorp|german american bancorp, inc."
GAERF,Central North Airport Group,0001378239,OOTC,US,central|central north|central north airport|central north airport group
GAFC,Guru App Factory Corp,0001989788,OOTC,US,guru|guru app|guru app factory|guru app factory corp
GAIA,"GAIA, INC",0001089872,XNAS,US,"gaia|gaia, inc"
GAIN,GLADSTONE INVESTMENT CORPORATIONDE,0001321741,XNAS,US,gladstone|gladstone investment|gladstone investment corporationde
GAING,GLADSTONE INVESTMENT CORPORATIONDE,0001321741,XNAS,US,gladstone|gladstone investment|gladstone investment corporationde
GAINI,GLADSTONE INVESTMENT CORPORATIONDE,0001321741,XNAS,US,gladstone|gladstone investment|gladstone investment corporationde
GAINZ,GLADSTONE INVESTMENT CORPORATIONDE,0001321741,XNAS,US,gladstone|gladstone investment|gladstone investment corporationde
GALDY,Galderma Group AG/ADR,0002021390,OOTC,US,galderma|galderma group ag/adr
GALT,GALECTIN THERAPEUTICS INC,0001133416,XNAS,US,galectin|galectin therapeutics|galectin therapeutics inc
GAM,GENERAL AMERICAN INVESTORS CO INC,0000040417,XNYS,US,general|general american|general american investors|general american investors co inc
GAMB,Gambling.com Group Ltd,0001839799,XNAS,US,gambling|gambling com|gambling.com group ltd
GAME,"GameSquare Holdings, Inc.",0001714562,XNAS,US,"gamesquare|gamesquare holdings, inc."
GAMG,"Global Asset Management Group, Inc.",0000055234,OOTC,US,"global|global asset|global asset management|global asset management group, inc."
GANX,"Gain Therapeutics, Inc.",0001819411,XNAS,US,"gain|gain therapeutics|gain therapeutics, inc."
GAP,GAP INC,0000039911,XNYS,US,gap|gap inc
GARLF,Roxmore Resources Inc.,0001725569,OOTC,US,roxmore|roxmore resources|roxmore resources inc.
GARWF,Golden Arrow Resources Corp,0001403870,OOTC,US,golden|golden arrow|golden arrow resources|golden arrow resources corp
GASS,StealthGas Inc.,0001328919,XNAS,US,stealthgas|stealthgas inc.
GATX,GATX CORP,0000040211,XNYS,US,gatx|gatx corp
GAU,Galiano Gold Inc.,0001377757,XASE,US,galiano|galiano gold|galiano gold inc.
GAUZ,Gauzy Ltd.,0001781446,XNAS,US,gauzy|gauzy ltd.
GAVA,Grayscale Avalanche Staking ETF,0002035053,XNAS,US,grayscale|grayscale avalanche|grayscale avalanche staking etf
GBAB,Guggenheim Taxable Municipal Bond & Investment Grade Debt Trust,0001495825,XNYS,US,guggenheim|guggenheim taxable|guggenheim taxable municipal bond & investment grade debt trust|guggenheim taxable municipal bond investment grade debt
GBAT,Grayscale Basic Attention Token Trust (BAT),0001852040,OOTC,US,grayscale|grayscale basic|grayscale basic attention token bat|grayscale basic attention token trust (bat)
GBCI,"GLACIER BANCORP, INC.",0000868671,XNYS,US,"glacier|glacier bancorp|glacier bancorp, inc."
GBCS,"SELECTIS HEALTH, INC.",0000727346,OOTC,US,"selectis|selectis health|selectis health, inc."
GBDC,"GOLUB CAPITAL BDC, Inc.",0001476765,XNAS,US,"golub|golub capital|golub capital bdc|golub capital bdc, inc."
GBFH,GBank Financial Holdings Inc.,0001791145,XNAS,US,gbank|gbank financial|gbank financial holdings inc.
GBLI,"Global Indemnity Group, LLC",0001494904,XNAS,US,"global|global indemnity|global indemnity group, llc"
GBNXF,Gibson Energy Inc/ADR,0002071913,OOTC,US,gibson|gibson energy|gibson energy inc/adr
GBNXY,Gibson Energy Inc/ADR,0002071913,OOTC,US,gibson|gibson energy|gibson energy inc/adr
GBNY,"Generations Bancorp NY, Inc.",0001823365,OOTC,US,"generations|generations bancorp|generations bancorp ny|generations bancorp ny, inc."
GBR,"New Concept Energy, Inc.",0000105744,XASE,US,"new|new concept|new concept energy|new concept energy, inc."
GBTC,Grayscale Bitcoin Trust ETF,0001588489,ARCX,US,grayscale|grayscale bitcoin|grayscale bitcoin etf|grayscale bitcoin trust etf
GBTG,"Global Business Travel Group, Inc.",0001820872,XNYS,US,"global|global business|global business travel|global business travel group, inc."
GBUG,BARCLAYS BANK PLC,0000312070,XNAS,US,barclays|barclays bank|barclays bank plc
GBUX,"GIVBUX, INC.",0001169138,OOTC,US,"givbux|givbux, inc."
GBX,GREENBRIER COMPANIES INC,0000923120,XNYS,US,greenbrier|greenbrier companies|greenbrier companies inc
GCAN,"Greater Cannabis Company, Inc.",0001695473,OOTC,US,"greater|greater cannabis|greater cannabis company, inc."
GCBC,GREENE COUNTY BANCORP INC,0001070524,XNAS,US,greene|greene county|greene county bancorp|greene county bancorp inc
GCDT,Green Circle Decarbonize Technology Ltd,0001926293,XASE,US,green|green circle|green circle decarbonize technology|green circle decarbonize technology ltd
GCGJ,GUOCHUN INTERNATIONAL INC.,0001765048,OOTC,US,guochun|guochun international|guochun international inc.
GCGRU,General Catalyst Global Resilience Merger Corp.,0002108962,XNAS,US,general|general catalyst|general catalyst global resilience merger|general catalyst global resilience merger corp.
GCL,GCL Global Holdings Ltd,0002002045,XNAS,US,gcl|gcl global|gcl global holdings ltd
GCLWW,GCL Global Holdings Ltd,0002002045,XNAS,US,gcl|gcl global|gcl global holdings ltd
GCMG,GCM Grosvenor Inc.,0001819796,XNAS,US,gcm|gcm grosvenor|gcm grosvenor inc.
GCO,GENESCO INC,0000018498,XNYS,US,genesco|genesco inc
GCT,GigaCloud Technology Inc,0001857816,XNAS,US,gigacloud|gigacloud technology|gigacloud technology inc
GCTK,"Glucotrack, Inc.",0001506983,XNAS,US,"glucotrack|glucotrack, inc."
GCTS,"GCT Semiconductor Holding, Inc.",0001851961,XNYS,US,"gct|gct semiconductor|gct semiconductor holding, inc."
GCUMF,Gunnison Copper Corp.,0001514860,OOTC,US,gunnison|gunnison copper|gunnison copper corp.
GCV,GABELLI CONVERTIBLE & INCOME SECURITIES FUND INC,0000845611,XNYS,US,gabelli|gabelli convertible|gabelli convertible & income securities fund inc|gabelli convertible income securities fund
GD,GENERAL DYNAMICS CORP,0000040533,XNYS,US,general|general dynamics|general dynamics corp
GDC,GD Culture Group Ltd,0001641398,XNAS,US,gd|gd culture|gd culture group ltd
GDDY,GoDaddy Inc.,0001609711,XNYS,US,godaddy|godaddy inc.
GDERF,Galderma Group AG/ADR,0002021390,OOTC,US,galderma|galderma group ag/adr
GDEV,GDEV Inc.,0001848739,XNAS,US,gdev|gdev inc.
GDEVW,GDEV Inc.,0001848739,XNAS,US,gdev|gdev inc.
GDGIF,"Gemdale Gold, Inc",0002027037,OOTC,US,"gemdale|gemdale gold|gemdale gold, inc"
GDHG,GOLDEN HEAVEN GROUP HOLDINGS LTD.,0001928340,XNAS,US,golden|golden heaven|golden heaven group holdings ltd.
GDHLF,GDS Holdings Ltd,0001526125,OOTC,US,gds|gds holdings ltd
GDL,GDL FUND,0001378701,XNYS,US,gdl|gdl fund
GDLC,Grayscale CoinDesk Crypto 5 ETF,0001729997,ARCX,US,grayscale|grayscale coindesk|grayscale coindesk crypto 5 etf
GDLG,Glidelogic Corp.,0001848672,OOTC,US,glidelogic|glidelogic corp.
GDO,WESTERN ASSET GLOBAL CORPORATE OPPORTUNITY FUND INC.,0001472341,XNYS,US,western|western asset|western asset global corporate opportunity fund|western asset global corporate opportunity fund inc.
GDOG,Grayscale Dogecoin Trust ETF,0002055510,ARCX,US,grayscale|grayscale dogecoin|grayscale dogecoin etf|grayscale dogecoin trust etf
GDOT,GREEN DOT CORP,0001386278,XNYS,US,green|green dot|green dot corp
GDRX,"GoodRx Holdings, Inc.",0001809519,XNAS,US,"goodrx|goodrx holdings, inc."
GDRZF,GOLD RESERVE LTD,0001072725,OOTC,US,gold|gold reserve|gold reserve ltd
GDS,GDS Holdings Ltd,0001526125,XNAS,US,gds|gds holdings ltd
GDSRF,Gold Strike Resources Corp.,0001427901,OOTC,US,gold|gold strike|gold strike resources|gold strike resources corp.
GDST,Goldenstone Acquisition Ltd.,0001858007,OOTC,US,goldenstone|goldenstone acquisition|goldenstone acquisition ltd.
GDSTR,Goldenstone Acquisition Ltd.,0001858007,OOTC,US,goldenstone|goldenstone acquisition|goldenstone acquisition ltd.
GDSTU,Goldenstone Acquisition Ltd.,0001858007,OOTC,US,goldenstone|goldenstone acquisition|goldenstone acquisition ltd.
GDSTW,Goldenstone Acquisition Ltd.,0001858007,OOTC,US,goldenstone|goldenstone acquisition|goldenstone acquisition ltd.
GDTC,CytoMed Therapeutics Ltd,0001873093,XNAS,US,cytomed|cytomed therapeutics|cytomed therapeutics ltd
GDV,GABELLI DIVIDEND & INCOME TRUST,0001260729,XNYS,US,gabelli|gabelli dividend|gabelli dividend & income trust|gabelli dividend income
GDXD,BANK OF MONTREAL /CAN/,0000927971,ARCX,US,bank|bank of|bank of montreal /can/|bank of montreal can
GDXU,BANK OF MONTREAL /CAN/,0000927971,ARCX,US,bank|bank of|bank of montreal /can/|bank of montreal can
GDYN,"GRID DYNAMICS HOLDINGS, INC.",0001743725,XNAS,US,"grid|grid dynamics|grid dynamics holdings, inc."
GE,GENERAL ELECTRIC CO,0000040545,XNYS,US,general|general electric|general electric co
GEBRF,Greenbriar Sustainable Living Inc.,0001570843,OOTC,US,greenbriar|greenbriar sustainable|greenbriar sustainable living|greenbriar sustainable living inc.
GECC,Great Elm Capital Corp.,0001675033,XNAS,US,great|great elm|great elm capital|great elm capital corp.
GECCG,Great Elm Capital Corp.,0001675033,XNAS,US,great|great elm|great elm capital|great elm capital corp.
GECCH,Great Elm Capital Corp.,0001675033,XNAS,US,great|great elm|great elm capital|great elm capital corp.
GECCI,Great Elm Capital Corp.,0001675033,XNAS,US,great|great elm|great elm capital|great elm capital corp.
GECCO,Great Elm Capital Corp.,0001675033,XNAS,US,great|great elm|great elm capital|great elm capital corp.
GEDC,"CalEthos, Inc.",0001174891,OOTC,US,"calethos|calethos, inc."
GEF,"GREIF, INC",0000043920,XNYS,US,"greif|greif, inc"
GEG,"Great Elm Group, Inc.",0001831096,XNAS,US,"great|great elm|great elm group, inc."
GEGGL,"Great Elm Group, Inc.",0001831096,XNAS,US,"great|great elm|great elm group, inc."
GEGP,GOLD ENTERPRISE GROUP INC,0001081188,OOTC,US,gold|gold enterprise|gold enterprise group inc
GEHC,GE HealthCare Technologies Inc.,0001932393,XNAS,US,ge|ge healthcare|ge healthcare technologies|ge healthcare technologies inc.
GEHDF,Great Eastern Holdings Ltd,0001291313,OOTC,US,great|great eastern|great eastern holdings ltd
GEL,GENESIS ENERGY LP,0001022321,XNYS,US,genesis|genesis energy|genesis energy lp
GELHY,Geely Automobile Holdings Limited/ADR,0001474968,OOTC,US,geely|geely automobile|geely automobile holdings limited/adr
GELS,Gelteq Ltd,0001920092,XNAS,US,gelteq|gelteq ltd
GELYF,Geely Automobile Holdings Limited/ADR,0001474968,OOTC,US,geely|geely automobile|geely automobile holdings limited/adr
GEMI,"Gemini Space Station, Inc.",0002055592,XNAS,US,"gemini|gemini space|gemini space station|gemini space station, inc."
GEN,Gen Digital Inc.,0000849399,XNAS,US,gen|gen digital|gen digital inc.
GENB,"Generate Biomedicines, Inc.",0002100782,XNAS,US,"generate|generate biomedicines|generate biomedicines, inc."
GENC,GENCOR INDUSTRIES INC,0000064472,XASE,US,gencor|gencor industries|gencor industries inc
GENI,Genius Sports Ltd,0001834489,XNYS,US,genius|genius sports|genius sports ltd
GENK,"GEN Restaurant Group, Inc.",0001891856,XNAS,US,"gen|gen restaurant|gen restaurant group, inc."
GENVR,Gen Digital Inc.,0000849399,XNAS,US,gen|gen digital|gen digital inc.
GEO,GEO GROUP INC,0000923796,XNYS,US,geo|geo group inc
GEOS,GEOSPACE TECHNOLOGIES CORP,0001001115,XNAS,US,geospace|geospace technologies|geospace technologies corp
GERN,GERON CORP,0000886744,XNAS,US,geron|geron corp
GETY,"Getty Images Holdings, Inc.",0001898496,XNYS,US,"getty|getty images|getty images holdings, inc."
GEV,GE Vernova Inc.,0001996810,XNYS,US,ge|ge vernova|ge vernova inc.
GEVO,"Gevo, Inc.",0001392380,XNAS,US,"gevo|gevo, inc."
GF,NEW GERMANY FUND INC,0000858706,XNYS,US,new|new germany|new germany fund|new germany fund inc
GFAI,"Guardforce AI Co., Ltd.",0001804469,XNAS,US,"guardforce|guardforce ai|guardforce ai co., ltd."
GFAIW,"Guardforce AI Co., Ltd.",0001804469,XNAS,US,"guardforce|guardforce ai|guardforce ai co., ltd."
GFASY,Gafisa S.A.,0001389207,OOTC,US,gafisa|gafisa s.a.
GFF,GRIFFON CORP,0000050725,XNYS,US,griffon|griffon corp
GFI,GOLD FIELDS LTD,0001172724,XNYS,US,gold|gold fields|gold fields ltd
GFIOF,GOLD FIELDS LTD,0001172724,OOTC,US,gold|gold fields|gold fields ltd
GFL,GFL Environmental Inc.,0001780232,XNYS,US,gfl|gfl environmental|gfl environmental inc.
GFLT,"GenFlat Holdings, Inc.",0001796949,OOTC,US,"genflat|genflat holdings, inc."
GFMH,Goliath Film & Media Holdings,0000820771,OOTC,US,goliath|goliath film|goliath film & media holdings|goliath film media
GFR,Greenfire Resources Ltd.,0001966287,XNYS,US,greenfire|greenfire resources|greenfire resources ltd.
GFRWF,Greenfire Resources Ltd.,0001966287,OOTC,US,greenfire|greenfire resources|greenfire resources ltd.
GFS,GLOBALFOUNDRIES Inc.,0001709048,XNAS,US,globalfoundries|globalfoundries inc.
GFTFF,Grafton Resources Inc.,0002103596,OOTC,US,grafton|grafton resources|grafton resources inc.
GGAL,GRUPO FINANCIERO GALICIA SA,0001114700,XNAS,US,grupo|grupo financiero|grupo financiero galicia|grupo financiero galicia sa
GGAZF,Goldgroup Mining Inc.,0001515964,OOTC,US,goldgroup|goldgroup mining|goldgroup mining inc.
GGB,GERDAU S.A.,0001073404,XNYS,US,gerdau|gerdau s.a.
GGBY,Alpha Investment Inc.,0001616736,OOTC,US,alpha|alpha investment|alpha investment inc.
GGG,GRACO INC,0000042888,XNYS,US,graco|graco inc
GGLXF,GGL RESOURCES CORP.,0000800523,OOTC,US,ggl|ggl resources|ggl resources corp.
GGN,"GAMCO Global Gold, Natural Resources & Income Trust",0001313510,XASE,US,"gamco|gamco global|gamco global gold natural resources income|gamco global gold, natural resources & income trust"
GGOXF,Galleon Gold Corp.,0000877019,OOTC,US,galleon|galleon gold|galleon gold corp.
GGPSF,Greatland Resources Limited/ADR,0002087843,OOTC,US,greatland|greatland resources|greatland resources limited/adr
GGR,Gogoro Inc.,0001886190,XNAS,US,gogoro|gogoro inc.
GGROU,Golden Growers Cooperative,0001489874,OOTC,US,golden|golden growers|golden growers cooperative
GGROW,Gogoro Inc.,0001886190,XNAS,US,gogoro|gogoro inc.
GGRP,"Glimpse Group, Inc.",0001854445,XNAS,US,"glimpse|glimpse group, inc."
GGRPY,GPT Group/ADR,0002075474,OOTC,US,gpt|gpt group/adr
GGT,GABELLI MULTIMEDIA TRUST INC.,0000921671,XNYS,US,gabelli|gabelli multimedia|gabelli multimedia trust inc.
GGZ,Gabelli Global Small & Mid Cap Value Trust,0001585855,XNYS,US,gabelli|gabelli global|gabelli global small & mid cap value trust|gabelli global small mid cap value
GH,"Guardant Health, Inc.",0001576280,XNAS,US,"guardant|guardant health|guardant health, inc."
GHBWF,Glass House Brands Inc.,0001848731,OOTC,US,glass|glass house|glass house brands|glass house brands inc.
GHC,Graham Holdings Co,0000104889,XNYS,US,graham|graham holdings co
GHG,GreenTree Hospitality Group Ltd.,0001724755,XNYS,US,greentree|greentree hospitality|greentree hospitality group ltd.
GHI,Greystone Housing Impact Investors LP,0001059142,XNYS,US,greystone|greystone housing|greystone housing impact investors|greystone housing impact investors lp
GHM,GRAHAM CORP,0000716314,XNYS,US,graham|graham corp
GHRS,GH Research PLC,0001855129,XNAS,US,gh|gh research|gh research plc
GHRTF,Greenheart Gold Inc.,0002045434,OOTC,US,greenheart|greenheart gold|greenheart gold inc.
GHST,GHST World Inc.,0001121795,OOTC,US,ghst|ghst world|ghst world inc.
GHY,"PGIM Global High Yield Fund, Inc.",0001554697,XNYS,US,"pgim|pgim global|pgim global high yield fund|pgim global high yield fund, inc."
GIB,CGI INC,0001061574,XNYS,US,cgi|cgi inc
GIBO,GIBO HOLDINGS Ltd,0002034520,XNAS,US,gibo|gibo holdings ltd
GIBOW,GIBO HOLDINGS Ltd,0002034520,XNAS,US,gibo|gibo holdings ltd
GIC,GLOBAL INDUSTRIAL Co,0000945114,XNYS,US,global|global industrial|global industrial co
GIFLF,Grifols SA,0001438569,OOTC,US,grifols|grifols sa
GIFOF,Grifols SA,0001438569,OOTC,US,grifols|grifols sa
GIFT,"GIFTIFY, INC.",0001760233,XNAS,US,"giftify|giftify, inc."
GIG,GigCapital7 Corp.,0002023730,XNAS,US,gigcapital7|gigcapital7 corp.
GIGGF,Giga Metals Corp,0001336364,OOTC,US,giga|giga metals|giga metals corp
GIGGU,GigCapital7 Corp.,0002023730,XNAS,US,gigcapital7|gigcapital7 corp.
GIGGW,GigCapital7 Corp.,0002023730,XNAS,US,gigcapital7|gigcapital7 corp.
GIGM,GIGAMEDIA Ltd,0001105101,XNAS,US,gigamedia|gigamedia ltd
GIII,G III APPAREL GROUP LTD /DE/,0000821002,XNAS,US,g iii|g iii apparel de|g iii apparel group ltd /de/
GIKLY,Grifols SA,0001438569,OOTC,US,grifols|grifols sa
GIL,Gildan Activewear Inc.,0001061894,XNYS,US,gildan|gildan activewear|gildan activewear inc.
GILD,"GILEAD SCIENCES, INC.",0000882095,XNAS,US,"gilead|gilead sciences|gilead sciences, inc."
GILT,GILAT SATELLITE NETWORKS LTD,0000897322,XNAS,US,gilat|gilat satellite|gilat satellite networks|gilat satellite networks ltd
GIPL,Global Innovative Platforms Inc.,0001837774,OOTC,US,global|global innovative|global innovative platforms|global innovative platforms inc.
GIPR,"GENERATION INCOME PROPERTIES, INC.",0001651721,XNAS,US,"generation|generation income|generation income properties|generation income properties, inc."
GIPRW,"GENERATION INCOME PROPERTIES, INC.",0001651721,XNAS,US,"generation|generation income|generation income properties|generation income properties, inc."
GIS,GENERAL MILLS INC,0000040704,XNYS,US,general|general mills|general mills inc
GITS,"Global Interactive Technologies, Inc.",0001911545,XNAS,US,"global|global interactive|global interactive technologies|global interactive technologies, inc."
GIW,GigCapital8 Corp.,0002080019,XNAS,US,gigcapital8|gigcapital8 corp.
GIWWR,GigCapital8 Corp.,0002080019,XNAS,US,gigcapital8|gigcapital8 corp.
GIWWU,GigCapital8 Corp.,0002080019,XNAS,US,gigcapital8|gigcapital8 corp.
GIX,GigCapital9 Corp.,0002098712,XNAS,US,gigcapital9|gigcapital9 corp.
GIXXR,GigCapital9 Corp.,0002098712,XNAS,US,gigcapital9|gigcapital9 corp.
GIXXU,GigCapital9 Corp.,0002098712,XNAS,US,gigcapital9|gigcapital9 corp.
GJH,STRATS SM TRUST FOR U S CELL CORP SEC SERIES 2004 6,0001286405,XNYS,US,strats|strats sm|strats sm for u s cell sec series 2004 6|strats sm trust for u s cell corp sec series 2004 6
GJO,"STRATS SM TRUST FOR WAL-MART STORES, INC. SECURITIES, SERIES 2005-4",0001340909,XNYS,US,"strats|strats sm|strats sm for wal mart stores securities series 2005 4|strats sm trust for wal-mart stores, inc. securities, series 2005-4"
GJP,"STRATS(SM) TRUST FOR DOMINION RESOURCES, INC. SECURITIES, SERIES 2005-6",0001343491,XNYS,US,"strats|strats sm|strats sm for dominion resources securities series 2005 6|strats(sm) trust for dominion resources, inc. securities, series 2005-6"
GJR,"STRATS(SM) Trust for Procter & Gamble Securities, Series 2006-1",0001353226,XNYS,US,"strats|strats sm|strats sm for procter gamble securities series 2006 1|strats(sm) trust for procter & gamble securities, series 2006-1"
GJS,"STRATS(SM) Trust for Goldman Sachs Group Securities, Series 2006-2",0001356284,XNYS,US,"strats|strats sm|strats sm for goldman sachs securities series 2006 2|strats(sm) trust for goldman sachs group securities, series 2006-2"
GJT,"STRATS(SM) Trust for Allstate Corp Securities, Series 2006-3",0001357660,XNYS,US,"strats|strats sm|strats sm for allstate securities series 2006 3|strats(sm) trust for allstate corp securities, series 2006-3"
GKOS,GLAUKOS Corp,0001192448,XNYS,US,glaukos|glaukos corp
GL,GLOBE LIFE INC.,0000320335,XNYS,US,globe|globe life|globe life inc.
GLAD,GLADSTONE CAPITAL CORP,0001143513,XNAS,US,gladstone|gladstone capital|gladstone capital corp
GLAI,"Global AI, Inc.",0001473490,OOTC,US,"global|global ai|global ai, inc."
GLASF,Glass House Brands Inc.,0001848731,OOTC,US,glass|glass house|glass house brands|glass house brands inc.
GLATF,Global Atomic Corp,0001716410,OOTC,US,global|global atomic|global atomic corp
GLAXF,GSK plc,0001131399,OOTC,US,gsk|gsk plc
GLBE,Global-E Online Ltd.,0001835963,XNAS,US,global|global e|global e online|global-e online ltd.
GLBS,GLOBUS MARITIME LTD,0001499780,XNAS,US,globus|globus maritime|globus maritime ltd
GLBZ,GLEN BURNIE BANCORP,0000890066,OOTC,US,glen|glen burnie|glen burnie bancorp
GLCNF,Glencore plc/ADR,0001524684,OOTC,US,glencore|glencore plc/adr
GLCP,GLOBAL LEADERS CORP,0001830696,OOTC,US,global|global leaders|global leaders corp
GLD,SPDR GOLD TRUST,0001222333,ARCX,US,spdr|spdr gold|spdr gold trust
GLDG,GoldMining Inc.,0001538847,XASE,US,goldmining|goldmining inc.
GLDI,CREDIT SUISSE AG,0001053092,XNAS,US,credit|credit suisse|credit suisse ag
GLDM,World Gold Trust,0001618181,ARCX,US,world|world gold|world gold trust
GLE,Global Engine Group Holding Ltd,0001908705,XNAS,US,global|global engine|global engine group holding ltd
GLED,GalaxyEdge Acquisition Corp,0002091484,XNYS,US,galaxyedge|galaxyedge acquisition|galaxyedge acquisition corp
GLGI,"GREYSTONE LOGISTICS, INC.",0001088413,OOTC,US,"greystone|greystone logistics|greystone logistics, inc."
GLIBA,"GCI Liberty, Inc.",0002057463,XNAS,US,"gci|gci liberty|gci liberty, inc."
GLIBB,"GCI Liberty, Inc.",0002057463,OOTC,US,"gci|gci liberty|gci liberty, inc."
GLIBK,"GCI Liberty, Inc.",0002057463,XNAS,US,"gci|gci liberty|gci liberty, inc."
GLIV,Grayscale Livepeer Trust (LPT),0001852024,OOTC,US,grayscale|grayscale livepeer|grayscale livepeer lpt|grayscale livepeer trust (lpt)
GLL,ProShares Trust II,0001415311,ARCX,US,proshares|proshares ii|proshares trust ii
GLMD,Galmed Pharmaceuticals Ltd.,0001595353,XNAS,US,galmed|galmed pharmaceuticals|galmed pharmaceuticals ltd.
GLND,Greenland Energy Co,0002093507,XNAS,US,greenland|greenland energy|greenland energy co
GLNDW,Greenland Energy Co,0002093507,XNAS,US,greenland|greenland energy|greenland energy co
GLNG,GOLAR LNG LTD,0001207179,XNAS,US,golar|golar lng|golar lng ltd
GLNK,Grayscale Chainlink Trust ETF,0001852025,ARCX,US,grayscale|grayscale chainlink|grayscale chainlink etf|grayscale chainlink trust etf
GLNS,Golden Star Resource Corp.,0001375348,OOTC,US,golden|golden star|golden star resource|golden star resource corp.
GLO,Clough Global Opportunities Fund,0001350869,XASE,US,clough|clough global|clough global opportunities fund
GLOB,Globant S.A.,0001557860,XNYS,US,globant|globant s.a.
GLOO,"Gloo Holdings, Inc.",0002069785,XNAS,US,"gloo|gloo holdings, inc."
GLP,GLOBAL PARTNERS LP,0001323468,XNYS,US,global|global partners|global partners lp
GLPGF,Lakefront Biotherapeutics NV,0001421876,OOTC,US,lakefront|lakefront biotherapeutics|lakefront biotherapeutics nv
GLPI,"Gaming & Leisure Properties, Inc.",0001575965,XNAS,US,"gaming|gaming & leisure properties, inc.|gaming leisure|gaming leisure properties"
GLQ,Clough Global Equity Fund,0001316463,XASE,US,clough|clough global|clough global equity fund
GLRE,"GREENLIGHT CAPITAL RE, LTD.",0001385613,XNAS,US,"greenlight|greenlight capital|greenlight capital re|greenlight capital re, ltd."
GLSI,"Greenwich LifeSciences, Inc.",0001799788,XNAS,US,"greenwich|greenwich lifesciences|greenwich lifesciences, inc."
GLTK,GlobalTech Corp,0001938338,OOTC,US,globaltech|globaltech corp
GLTR,abrdn Precious Metals Basket ETF Trust,0001483386,ARCX,US,abrdn|abrdn precious|abrdn precious metals basket etf|abrdn precious metals basket etf trust
GLU,GABELLI GLOBAL UTILITY & INCOME TRUST,0001282957,XASE,US,gabelli|gabelli global|gabelli global utility & income trust|gabelli global utility income
GLUC,"Glucose Health, Inc.",0001420108,OOTC,US,"glucose|glucose health|glucose health, inc."
GLUE,"Monte Rosa Therapeutics, Inc.",0001826457,XNAS,US,"monte|monte rosa|monte rosa therapeutics|monte rosa therapeutics, inc."
GLV,Clough Global Dividend & Income Fund,0001288795,XASE,US,clough|clough global|clough global dividend & income fund|clough global dividend income fund
GLVHF,GLENVEAGH PROPERTIES PLC/ADR,0002089499,OOTC,US,glenveagh|glenveagh properties|glenveagh properties plc/adr
GLVPY,GLENVEAGH PROPERTIES PLC/ADR,0002089499,OOTC,US,glenveagh|glenveagh properties|glenveagh properties plc/adr
GLVT,GREENLIT VENTURES INC.,0001693687,OOTC,US,greenlit|greenlit ventures|greenlit ventures inc.
GLW,CORNING INC /NY,0000024741,XNYS,US,corning|corning inc /ny|corning ny
GLXG,Galaxy Payroll Group Ltd,0001905920,XNAS,US,galaxy|galaxy payroll|galaxy payroll group ltd
GLXY,Galaxy Digital Inc.,0001859392,XNAS,US,galaxy|galaxy digital|galaxy digital inc.
GLXZ,"Galaxy Gaming, Inc.",0000013156,OOTC,US,"galaxy|galaxy gaming|galaxy gaming, inc."
GM,General Motors Co,0001467858,XNYS,US,general|general motors|general motors co
GMAB,GENMAB A/S,0001434265,XNAS,US,genmab|genmab a|genmab a s|genmab a/s
GMBL,"ESPORTS ENTERTAINMENT GROUP, INC.",0001451448,OOTC,US,"esports|esports entertainment|esports entertainment group, inc."
GMBLP,"ESPORTS ENTERTAINMENT GROUP, INC.",0001451448,OOTC,US,"esports|esports entertainment|esports entertainment group, inc."
GMBLZ,"ESPORTS ENTERTAINMENT GROUP, INC.",0001451448,OOTC,US,"esports|esports entertainment|esports entertainment group, inc."
GME,GameStop Corp.,0001326380,XNYS,US,gamestop|gamestop corp.
GMED,GLOBUS MEDICAL INC,0001237831,XNYS,US,globus|globus medical|globus medical inc
GMER,"GOOD GAMING, INC.",0001454742,OOTC,US,"good|good gaming|good gaming, inc."
GMEX,GMEX Robotics Corp,0001928581,XNAS,US,gmex|gmex robotics|gmex robotics corp
GMHS,Gamehaus Holdings Inc.,0002000530,XNAS,US,gamehaus|gamehaus holdings inc.
GMM,Global Mofy AI Ltd,0001913749,XNAS,US,global|global mofy|global mofy ai|global mofy ai ltd
GMRS,GMR Solutions Inc.,0001898718,XNYS,US,gmr|gmr solutions|gmr solutions inc.
GMTH,GMTech Inc.,0002000762,OOTC,US,gmtech|gmtech inc.
GMTL,Guardian Metal Resources PLC,0002039972,XASE,US,guardian|guardian metal|guardian metal resources|guardian metal resources plc
GMVMF,GMV Minerals Inc.,0001495730,OOTC,US,gmv|gmv minerals|gmv minerals inc.
GMWKF,GAMES WORKSHOP GROUP PLC/ADR,0002062522,OOTC,US,games|games workshop|games workshop group plc/adr
GMZP,GEMZ Corp. NV,0001973160,OOTC,US,gemz|gemz corp. nv
GNE,Genie Energy Ltd.,0001528356,XNYS,US,genie|genie energy|genie energy ltd.
GNK,GENCO SHIPPING & TRADING LTD,0001326200,XNYS,US,genco|genco shipping|genco shipping & trading ltd|genco shipping trading
GNL,"Global Net Lease, Inc.",0001526113,XNYS,US,"global|global net|global net lease|global net lease, inc."
GNLN,"Greenlane Holdings, Inc.",0001743745,XNAS,US,"greenlane|greenlane holdings, inc."
GNLX,GENELUX Corp,0001231457,XNAS,US,genelux|genelux corp
GNMSF,GENMAB A/S,0001434265,OOTC,US,genmab|genmab a|genmab a s|genmab a/s
GNOLF,GENOIL INC,0001261002,OOTC,US,genoil|genoil inc
GNPX,"Genprex, Inc.",0001595248,XNAS,US,"genprex|genprex, inc."
GNRC,GENERAC HOLDINGS INC.,0001474735,XNYS,US,generac|generac holdings inc.
GNS,Genius Group Ltd,0001847806,XASE,US,genius|genius group ltd
GNSS,Genasys Inc.,0000924383,XNAS,US,genasys|genasys inc.
GNT,"GAMCO Natural Resources, Gold & Income Trust",0001438893,XNYS,US,"gamco|gamco natural|gamco natural resources gold income|gamco natural resources, gold & income trust"
GNTA,Genenta Science S.p.A.,0001838716,XNAS,US,genenta|genenta science|genenta science s p a|genenta science s.p.a.
GNTOF,GENTOR RESOURCES INC.,0001346917,OOTC,US,gentor|gentor resources|gentor resources inc.
GNTX,GENTEX CORP,0000355811,XNAS,US,gentex|gentex corp
GNVR,Genvor Inc,0001792941,OOTC,US,genvor|genvor inc
GNW,GENWORTH FINANCIAL INC,0001276520,XNYS,US,genworth|genworth financial|genworth financial inc
GO,Grocery Outlet Holding Corp.,0001771515,XNAS,US,grocery|grocery outlet|grocery outlet holding corp.
GOAI,Eva Live Inc,0001983736,XNAS,US,eva|eva live|eva live inc
GOCO,"GoHealth, Inc.",0001808220,XNAS,US,"gohealth|gohealth, inc."
GOF,GUGGENHEIM STRATEGIC OPPORTUNITIES FUND,0001380936,XNYS,US,guggenheim|guggenheim strategic|guggenheim strategic opportunities fund
GOGO,Gogo Inc.,0001537054,XNAS,US,gogo|gogo inc.
GOGR,Go Green Global Technologies Corp.,0001378866,OOTC,US,go|go green|go green global technologies|go green global technologies corp.
GOLD,"Gold.com, Inc.",0001591588,XNYS,US,"gold|gold com|gold.com, inc."
GOLF,Acushnet Holdings Corp.,0001672013,XNYS,US,acushnet|acushnet holdings corp.
GONYF,GO Residential Real Estate Investment Trust,0002081438,OOTC,US,go|go residential|go residential real estate investment|go residential real estate investment trust
GOOD,GLADSTONE COMMERCIAL CORP,0001234006,XNAS,US,gladstone|gladstone commercial|gladstone commercial corp
GOODN,GLADSTONE COMMERCIAL CORP,0001234006,XNAS,US,gladstone|gladstone commercial|gladstone commercial corp
GOODO,GLADSTONE COMMERCIAL CORP,0001234006,XNAS,US,gladstone|gladstone commercial|gladstone commercial corp
GOOG,Alphabet Inc.,0001652044,XNAS,US,alphabet|alphabet inc.
GOOGL,Alphabet Inc.,0001652044,XNAS,US,alphabet|alphabet inc.
GOOS,Canada Goose Holdings Inc.,0001690511,XNYS,US,canada|canada goose|canada goose holdings inc.
GORO,GOLD RESOURCE CORP,0001160791,XASE,US,gold|gold resource|gold resource corp
GOSS,"Gossamer Bio, Inc.",0001728117,XNAS,US,"gossamer|gossamer bio|gossamer bio, inc."
GOTU,Gaotu Techedu Inc.,0001768259,XNYS,US,gaotu|gaotu techedu|gaotu techedu inc.
GOVB,"Gouverneur Bancorp, Inc./MD/",0001978811,OOTC,US,"gouverneur|gouverneur bancorp|gouverneur bancorp md|gouverneur bancorp, inc./md/"
GOVX,"GeoVax Labs, Inc.",0000832489,XNAS,US,"geovax|geovax labs|geovax labs, inc."
GP,GREENPOWER MOTOR Co INC.,0001584547,XNAS,US,greenpower|greenpower motor|greenpower motor co inc.
GPAC,General Purpose Acquisition Corp.,0002085408,XNAS,US,general|general purpose|general purpose acquisition|general purpose acquisition corp.
GPACU,General Purpose Acquisition Corp.,0002085408,XNAS,US,general|general purpose|general purpose acquisition|general purpose acquisition corp.
GPACW,General Purpose Acquisition Corp.,0002085408,XNAS,US,general|general purpose|general purpose acquisition|general purpose acquisition corp.
GPAEF,Pacific Airport Group,0001347557,OOTC,US,pacific|pacific airport|pacific airport group
GPAT,GP-Act III Acquisition Corp.,0001834526,XNAS,US,gp|gp act|gp act iii acquisition|gp-act iii acquisition corp.
GPATU,GP-Act III Acquisition Corp.,0001834526,XNAS,US,gp|gp act|gp act iii acquisition|gp-act iii acquisition corp.
GPATW,GP-Act III Acquisition Corp.,0001834526,XNAS,US,gp|gp act|gp act iii acquisition|gp-act iii acquisition corp.
GPC,GENUINE PARTS CO,0000040987,XNYS,US,genuine|genuine parts|genuine parts co
GPCR,Structure Therapeutics Inc.,0001888886,XNAS,US,structure|structure therapeutics|structure therapeutics inc.
GPGCF,Great Pacific Gold Corp.,0001813241,OOTC,US,great|great pacific|great pacific gold|great pacific gold corp.
GPGI,"GPGI, Inc.",0001823144,XNYS,US,"gpgi|gpgi, inc."
GPI,GROUP 1 AUTOMOTIVE INC,0001031203,XNYS,US,1 automotive|group 1 automotive inc
GPJA,GEORGIA POWER CO,0000041091,XNYS,US,georgia|georgia power|georgia power co
GPK,GRAPHIC PACKAGING HOLDING CO,0001408075,XNYS,US,graphic|graphic packaging|graphic packaging holding co
GPLB,Green Planet Bio Engineering Co. Ltd.,0001392449,OOTC,US,green|green planet|green planet bio engineering|green planet bio engineering co. ltd.
GPLL,"GPL Holdings, Inc.",0001883083,OOTC,US,"gpl|gpl holdings, inc."
GPMT,Granite Point Mortgage Trust Inc.,0001703644,XNYS,US,granite|granite point|granite point mortgage|granite point mortgage trust inc.
GPMTF,GPM Metals Inc.,0001677084,OOTC,US,gpm|gpm metals|gpm metals inc.
GPN,GLOBAL PAYMENTS INC,0001123360,XNYS,US,global|global payments|global payments inc
GPOR,GULFPORT ENERGY CORP,0000874499,XNYS,US,gulfport|gulfport energy|gulfport energy corp
GPOX,"GPO Plus, Inc.",0001673475,OOTC,US,"gpo|gpo plus|gpo plus, inc."
GPRE,Green Plains Inc.,0001309402,XNAS,US,green|green plains|green plains inc.
GPRK,GeoPark Ltd,0001464591,XNYS,US,geopark|geopark ltd
GPRO,"GoPro, Inc.",0001500435,XNAS,US,"gopro|gopro, inc."
GPTGF,GPT Group/ADR,0002075474,OOTC,US,gpt|gpt group/adr
GPUS,"Hyperscale Data, Inc.",0000896493,XASE,US,"hyperscale|hyperscale data|hyperscale data, inc."
GPUSD,Alset Capital Inc.,0001708160,OOTC,US,alset|alset capital|alset capital inc.
GRAB,Grab Holdings Ltd,0001855612,XNAS,US,grab|grab holdings ltd
GRABW,Grab Holdings Ltd,0001855612,XNAS,US,grab|grab holdings ltd
GRAF,Graf Global Corp.,0001897463,XASE,US,graf|graf global|graf global corp.
GRAL,"GRAIL, Inc.",0001699031,XNAS,US,"grail|grail, inc."
GRAN,Grande Group Ltd/HK,0002027722,XNAS,US,grande|grande group ltd/hk|grande hk
GRAPF,First Canadian Graphite Inc.,0001715272,OOTC,US,first|first canadian|first canadian graphite|first canadian graphite inc.
GRBK,"Green Brick Partners, Inc.",0001373670,XNYS,US,"green|green brick|green brick partners|green brick partners, inc."
GRC,GORMAN RUPP CO,0000042682,XNYS,US,gorman|gorman rupp|gorman rupp co
GRCE,"Grace Therapeutics, Inc.",0001444192,XNAS,US,"grace|grace therapeutics|grace therapeutics, inc."
GRDN,"Guardian Pharmacy Services, Inc.",0001802255,XNYS,US,"guardian|guardian pharmacy|guardian pharmacy services|guardian pharmacy services, inc."
GRDX,GridAI Technologies Corp.,0001604191,XNAS,US,gridai|gridai technologies|gridai technologies corp.
GREE,Greenidge Generation Holdings Inc.,0001844971,XNAS,US,greenidge|greenidge generation|greenidge generation holdings inc.
GREEL,Greenidge Generation Holdings Inc.,0001844971,XNAS,US,greenidge|greenidge generation|greenidge generation holdings inc.
GREH,Green Rain Energy Holdings Inc.,0001084937,OOTC,US,green|green rain|green rain energy|green rain energy holdings inc.
GRF,"EAGLE CAPITAL GROWTH FUND, INC.",0000850027,XASE,US,"eagle|eagle capital|eagle capital growth fund|eagle capital growth fund, inc."
GRFS,Grifols SA,0001438569,XNAS,US,grifols|grifols sa
GRFXF,Graphex Group Ltd,0001816723,OOTC,US,graphex|graphex group ltd
GRFXY,Graphex Group Ltd,0001816723,OOTC,US,graphex|graphex group ltd
GRHI,"GOLD ROCK HOLDINGS, INC.",0000894501,OOTC,US,"gold|gold rock|gold rock holdings, inc."
GRI,"GRI Bio, Inc.",0001824293,XNAS,US,"gri|gri bio|gri bio, inc."
GRKZF,Greek Organisation of Football Prognostics S.A.,0001437462,OOTC,US,greek|greek organisation|greek organisation of football prognostics|greek organisation of football prognostics s.a.
GRLF,GREEN LEAF INNOVATIONS INC,0000915661,OOTC,US,green|green leaf|green leaf innovations|green leaf innovations inc
GRLMF,GreenLight Metals Inc.,0002055938,OOTC,US,greenlight|greenlight metals|greenlight metals inc.
GRML,Greenland Mines Ltd,0001907223,XNAS,US,greenland|greenland mines|greenland mines ltd
GRMLW,Greenland Mines Ltd,0001907223,XNAS,US,greenland|greenland mines|greenland mines ltd
GRMN,GARMIN LTD,0001121788,XNYS,US,garmin|garmin ltd
GRN,BARCLAYS BANK PLC,0000312070,ARCX,US,barclays|barclays bank|barclays bank plc
GRND,Grindr Inc.,0001820144,XNYS,US,grindr|grindr inc.
GRNL,GREENLITE VENTURES INC,0001282571,OOTC,US,greenlite|greenlite ventures|greenlite ventures inc
GRNQ,Greenpro Capital Corp.,0001597846,XNAS,US,greenpro|greenpro capital|greenpro capital corp.
GRNT,"Granite Ridge Resources, Inc.",0001928446,XNYS,US,"granite|granite ridge|granite ridge resources|granite ridge resources, inc."
GRO,Brazil Potash Corp.,0001472326,XASE,US,brazil|brazil potash|brazil potash corp.
GROO,"GROOVY COMPANY, INC.",0001499275,OOTC,US,"groovy|groovy company, inc."
GROV,"Grove Collaborative Holdings, Inc.",0001841761,XNYS,US,"grove|grove collaborative|grove collaborative holdings, inc."
GROVW,"Grove Collaborative Holdings, Inc.",0001841761,OOTC,US,"grove|grove collaborative|grove collaborative holdings, inc."
GROW,U S GLOBAL INVESTORS INC,0000754811,XNAS,US,u s|u s global investors|u s global investors inc
GROY,Gold Royalty Corp.,0001834026,XASE,US,gold|gold royalty|gold royalty corp.
GRPFF,"GRUPO TELEVISA, S.A.B.",0000912892,OOTC,US,"grupo|grupo televisa|grupo televisa b|grupo televisa, s.a.b."
GRPN,"Groupon, Inc.",0001490281,XNAS,US,"groupon|groupon, inc."
GRPS,"Trans American Aquaculture, Inc",0001990446,OOTC,US,"trans|trans american|trans american aquaculture|trans american aquaculture, inc"
GRRR,Gorilla Technology Group Inc.,0001903145,XNAS,US,gorilla|gorilla technology|gorilla technology group inc.
GRRRW,Gorilla Technology Group Inc.,0001903145,XNAS,US,gorilla|gorilla technology|gorilla technology group inc.
GRTUF,GRANITE REAL ESTATE INVESTMENT TRUST,0001564538,OOTC,US,granite|granite real|granite real estate investment|granite real estate investment trust
GRTX,"Galera Therapeutics, Inc.",0001563577,OOTC,US,"galera|galera therapeutics|galera therapeutics, inc."
GRUSF,Grown Rogue International Inc.,0001463000,OOTC,US,grown|grown rogue|grown rogue international|grown rogue international inc.
GRVE,GROOVE BOTANICALS INC.,0000918573,OOTC,US,groove|groove botanicals|groove botanicals inc.
GRVY,"GRAVITY Co., Ltd.",0001313310,XNAS,US,"gravity|gravity co., ltd."
GRWFF,GREAT-WEST LIFECO INC.,0000850918,OOTC,US,great|great west|great west lifeco|great-west lifeco inc.
GRWG,GrowGeneration Corp.,0001604868,XNAS,US,growgeneration|growgeneration corp.
GRWLF,GREAT-WEST LIFECO INC.,0000850918,OOTC,US,great|great west|great west lifeco|great-west lifeco inc.
GRWTF,GREAT-WEST LIFECO INC.,0000850918,OOTC,US,great|great west|great west lifeco|great-west lifeco inc.
GRX,Gabelli Healthcare & WellnessRx Trust,0001391437,XNYS,US,gabelli|gabelli healthcare|gabelli healthcare & wellnessrx trust|gabelli healthcare wellnessrx
GRXXF,Critical Reagent Processing Corp.,0001823126,OOTC,US,critical|critical reagent|critical reagent processing|critical reagent processing corp.
GS,GOLDMAN SACHS GROUP INC,0000886982,XNYS,US,goldman|goldman sachs|goldman sachs group inc
GSAC,GELSTAT CORP,0000890725,OOTC,US,gelstat|gelstat corp
GSAT,"Globalstar, Inc.",0001366868,XNAS,US,"globalstar|globalstar, inc."
GSBC,"GREAT SOUTHERN BANCORP, INC.",0000854560,XNAS,US,"great|great southern|great southern bancorp|great southern bancorp, inc."
GSBD,"Goldman Sachs BDC, Inc.",0001572694,XNYS,US,"goldman|goldman sachs|goldman sachs bdc|goldman sachs bdc, inc."
GSCCF,ioneer Ltd,0001896084,OOTC,US,ioneer|ioneer ltd
GSCE,GOLDMAN SACHS GROUP INC,0000886982,OOTC,US,goldman|goldman sachs|goldman sachs group inc
GSG,iShares S&P GSCI Commodity-Indexed Trust,0001332174,ARCX,US,ishares|ishares s|ishares s p gsci commodity indexed|ishares s&p gsci commodity-indexed trust
GSHD,"Goosehead Insurance, Inc.",0001726978,XNAS,US,"goosehead|goosehead insurance|goosehead insurance, inc."
GSHR,Gesher Acquisition Corp. II,0002044635,XNAS,US,gesher|gesher acquisition|gesher acquisition corp. ii|gesher acquisition ii
GSHRU,Gesher Acquisition Corp. II,0002044635,XNAS,US,gesher|gesher acquisition|gesher acquisition corp. ii|gesher acquisition ii
GSHRW,Gesher Acquisition Corp. II,0002044635,XNAS,US,gesher|gesher acquisition|gesher acquisition corp. ii|gesher acquisition ii
GSIT,GSI TECHNOLOGY INC,0001126741,XNAS,US,gsi|gsi technology|gsi technology inc
GSIW,Garden Stage Ltd,0001954269,XNAS,US,garden|garden stage|garden stage ltd
GSK,GSK plc,0001131399,XNYS,US,gsk|gsk plc
GSKRF,FIRST NORDIC METALS CORP.,0001944955,OOTC,US,first|first nordic|first nordic metals|first nordic metals corp.
GSL,"Global Ship Lease, Inc.",0001430725,XNYS,US,"global|global ship|global ship lease|global ship lease, inc."
GSM,Ferroglobe PLC,0001639877,XNAS,US,ferroglobe|ferroglobe plc
GSNR,Grayscale Near Trust (NEAR),0002025000,OOTC,US,grayscale|grayscale near|grayscale near near|grayscale near trust (near)
GSOL,Grayscale Solana Staking ETF,0001896677,ARCX,US,grayscale|grayscale solana|grayscale solana staking etf
GSPI,"Green Star Products, Inc.",0001461708,OOTC,US,"green|green star|green star products|green star products, inc."
GSRF,GSR IV Acquisition Corp.,0002072404,XNAS,US,gsr|gsr iv|gsr iv acquisition|gsr iv acquisition corp.
GSRFR,GSR IV Acquisition Corp.,0002072404,XNAS,US,gsr|gsr iv|gsr iv acquisition|gsr iv acquisition corp.
GSRFU,GSR IV Acquisition Corp.,0002072404,XNAS,US,gsr|gsr iv|gsr iv acquisition|gsr iv acquisition corp.
GSRVU,GSR V Acquisition Corp.,0002111762,XNAS,US,gsr|gsr v|gsr v acquisition|gsr v acquisition corp.
GSTK,Growth Stalk Holdings Corp,0001917993,OOTC,US,growth|growth stalk|growth stalk holdings corp
GSTX,Graphene & Solar Technologies Ltd,0001497649,OOTC,US,graphene|graphene & solar technologies ltd|graphene solar|graphene solar technologies
GSUI,Grayscale Sui Staking ETF,0002034012,ARCX,US,grayscale|grayscale sui|grayscale sui staking etf
GSUN,Golden Sun Technology Group Ltd.,0001826376,XNAS,US,golden|golden sun|golden sun technology|golden sun technology group ltd.
GSVRF,GUANAJUATO SILVER CO LTD,0000865400,OOTC,US,guanajuato|guanajuato silver|guanajuato silver co ltd
GT,GOODYEAR TIRE & RUBBER CO /OH/,0000042582,XNAS,US,goodyear|goodyear tire|goodyear tire & rubber co /oh/|goodyear tire rubber oh
GTAO,Grayscale Bittensor Trust (TAO),0002029297,OOTC,US,grayscale|grayscale bittensor|grayscale bittensor tao|grayscale bittensor trust (tao)
GTBIF,Green Thumb Industries Inc.,0001795139,OOTC,US,green|green thumb|green thumb industries|green thumb industries inc.
GTBP,"GT Biopharma, Inc.",0000109657,XNAS,US,"gt|gt biopharma|gt biopharma, inc."
GTCH,GBT Technologies Inc.,0001471781,OOTC,US,gbt|gbt technologies|gbt technologies inc.
GTE,GRAN TIERRA ENERGY INC.,0001273441,XASE,US,gran|gran tierra|gran tierra energy|gran tierra energy inc.
GTEC,Greenland Technologies Holding Corp.,0001735041,XNAS,US,greenland|greenland technologies|greenland technologies holding corp.
GTEN,"Gores Holdings X, Inc. / CI",0001986817,XNAS,US,"gores|gores holdings x, inc. / ci|gores x|gores x ci"
GTENU,"Gores Holdings X, Inc. / CI",0001986817,XNAS,US,"gores|gores holdings x, inc. / ci|gores x|gores x ci"
GTENW,"Gores Holdings X, Inc. / CI",0001986817,XNAS,US,"gores|gores holdings x, inc. / ci|gores x|gores x ci"
GTERA,Globa Terra Acquisition Corp,0002043766,XNAS,US,globa|globa terra|globa terra acquisition|globa terra acquisition corp
GTERR,Globa Terra Acquisition Corp,0002043766,XNAS,US,globa|globa terra|globa terra acquisition|globa terra acquisition corp
GTERU,Globa Terra Acquisition Corp,0002043766,XNAS,US,globa|globa terra|globa terra acquisition|globa terra acquisition corp
GTERW,Globa Terra Acquisition Corp,0002043766,XNAS,US,globa|globa terra|globa terra acquisition|globa terra acquisition corp
GTES,Gates Industrial Corp plc,0001718512,XNYS,US,gates|gates industrial|gates industrial corp plc
GTHP,GUIDED THERAPEUTICS INC,0000924515,OOTC,US,guided|guided therapeutics|guided therapeutics inc
GTIC,"Greentech Innovations, Inc.",0001584480,OOTC,US,"greentech|greentech innovations|greentech innovations, inc."
GTIJF,GRAPHJET TECHNOLOGY,0001879373,OOTC,US,graphjet|graphjet technology
GTIM,Good Times Restaurants Inc.,0000825324,XNAS,US,good|good times|good times restaurants|good times restaurants inc.
GTLB,Gitlab Inc.,0001653482,XNAS,US,gitlab|gitlab inc.
GTLL,GLOBAL TECHNOLOGIES LTD,0000932021,OOTC,US,global|global technologies|global technologies ltd
GTLRY,Greatland Resources Limited/ADR,0002087843,OOTC,US,greatland|greatland resources|greatland resources limited/adr
GTLS,CHART INDUSTRIES INC,0000892553,XNYS,US,chart|chart industries|chart industries inc
GTM,ZoomInfo Technologies Inc.,0001794515,XNAS,US,zoominfo|zoominfo technologies|zoominfo technologies inc.
GTMAY,GRUPO TMM SAB,0001163560,OOTC,US,grupo|grupo tmm|grupo tmm sab
GTN,"GRAY MEDIA, INC",0000043196,XNYS,US,"gray|gray media|gray media, inc"
GTX,Garrett Motion Inc.,0001735707,XNAS,US,garrett|garrett motion|garrett motion inc.
GTY,GETTY REALTY CORP /MD/,0001052752,XNYS,US,getty|getty realty|getty realty corp /md/|getty realty md
GUER,"Guerrilla RF, Inc.",0001832487,OOTC,US,"guerrilla|guerrilla rf|guerrilla rf, inc."
GUG,Guggenheim Active Allocation Fund,0001864208,XNYS,US,guggenheim|guggenheim active|guggenheim active allocation fund
GULTU,Gulf Coast Ultra Deep Royalty Trust,0001565146,OOTC,US,gulf|gulf coast|gulf coast ultra deep royalty|gulf coast ultra deep royalty trust
GURE,"GULF RESOURCES, INC.",0000885462,XNAS,US,"gulf|gulf resources|gulf resources, inc."
GUT,GABELLI UTILITY TRUST,0001080720,XNYS,US,gabelli|gabelli utility|gabelli utility trust
GUTS,"FRACTYL HEALTH, INC.",0001572616,XNAS,US,"fractyl|fractyl health|fractyl health, inc."
GUYGF,G2 Goldfields Inc.,0001526491,OOTC,US,g2|g2 goldfields|g2 goldfields inc.
GV,Visionary Holdings Inc.,0001892274,XNAS,US,visionary|visionary holdings inc.
GVA,GRANITE CONSTRUCTION INC,0000861459,XNYS,US,granite|granite construction|granite construction inc
GVH,Globavend Holdings Ltd,0001978527,XNAS,US,globavend|globavend holdings ltd
GWAV,"Greenwave Technology Solutions, Inc.",0001589149,XNAS,US,"greenwave|greenwave technology|greenwave technology solutions|greenwave technology solutions, inc."
GWH,"ESS Tech, Inc.",0001819438,XNYS,US,"ess|ess tech|ess tech, inc."
GWKSY,GAMES WORKSHOP GROUP PLC/ADR,0002062522,OOTC,US,games|games workshop|games workshop group plc/adr
GWLIF,GREAT-WEST LIFECO INC.,0000850918,OOTC,US,great|great west|great west lifeco|great-west lifeco inc.
GWLL,"GOLDENWELL BIOTECH, INC.",0001800373,OOTC,US,"goldenwell|goldenwell biotech|goldenwell biotech, inc."
GWLPF,GREAT-WEST LIFECO INC.,0000850918,OOTC,US,great|great west|great west lifeco|great-west lifeco inc.
GWRE,"Guidewire Software, Inc.",0001528396,XNYS,US,"guidewire|guidewire software|guidewire software, inc."
GWRS,"Global Water Resources, Inc.",0001434728,XNAS,US,"global|global water|global water resources|global water resources, inc."
GWTI,"GREENWAY TECHNOLOGIES, INC. & SUBSIDIARIES",0001572386,OOTC,US,"greenway|greenway technologies|greenway technologies subsidiaries|greenway technologies, inc. & subsidiaries"
GWW,"W.W. GRAINGER, INC.",0000277135,XNYS,US,"w w|w w grainger|w.w. grainger, inc."
GXAI,GAXOS.AI INC.,0001895618,XNAS,US,gaxos|gaxos ai|gaxos.ai inc.
GXLM,Grayscale Stellar Lumens Trust (XLM),0001761325,OOTC,US,grayscale|grayscale stellar|grayscale stellar lumens trust (xlm)|grayscale stellar lumens xlm
GXO,"GXO Logistics, Inc.",0001852244,XNYS,US,"gxo|gxo logistics|gxo logistics, inc."
GXRP,Grayscale XRP Trust ETF,0002037427,ARCX,US,grayscale|grayscale xrp|grayscale xrp etf|grayscale xrp trust etf
GYGLF,Guzman y Gomez Ltd,0002023275,OOTC,US,guzman|guzman y|guzman y gomez|guzman y gomez ltd
GYRE,"GYRE THERAPEUTICS, INC.",0001124105,XNAS,US,"gyre|gyre therapeutics|gyre therapeutics, inc."
GYRO,"Gyrodyne, LLC",0001589061,XNAS,US,"gyrodyne|gyrodyne, llc"
GZIC,GZ6G Technologies Corp.,0001286648,OOTC,US,gz6g|gz6g technologies|gz6g technologies corp.
H,Hyatt Hotels Corp,0001468174,XNYS,US,hyatt|hyatt hotels|hyatt hotels corp
HACBF,HACHIJUNI BANK LTD,0000793742,OOTC,US,hachijuni|hachijuni bank|hachijuni bank ltd
HACBY,HACHIJUNI BANK LTD,0000793742,OOTC,US,hachijuni|hachijuni bank|hachijuni bank ltd
HACQ,HCM IV Acquisition Corp.,0002089982,XNAS,US,hcm|hcm iv|hcm iv acquisition|hcm iv acquisition corp.
HACQU,HCM IV Acquisition Corp.,0002089982,XNAS,US,hcm|hcm iv|hcm iv acquisition|hcm iv acquisition corp.
HACQW,HCM IV Acquisition Corp.,0002089982,XNAS,US,hcm|hcm iv|hcm iv acquisition|hcm iv acquisition corp.
HAE,HAEMONETICS CORP,0000313143,XNYS,US,haemonetics|haemonetics corp
HAFC,HANMI FINANCIAL CORP,0001109242,XNAS,US,hanmi|hanmi financial|hanmi financial corp
HAFG,"Holistic Asset Finance Group Co., Ltd.",0001367993,OOTC,US,"holistic|holistic asset|holistic asset finance|holistic asset finance group co., ltd."
HAFN,Hafnia Ltd,0001815779,XNYS,US,hafnia|hafnia ltd
HAIN,HAIN CELESTIAL GROUP INC,0000910406,XNAS,US,hain|hain celestial|hain celestial group inc
HAL,HALLIBURTON CO,0000045012,XNYS,US,halliburton|halliburton co
HALO,"HALOZYME THERAPEUTICS, INC.",0001159036,XNAS,US,"halozyme|halozyme therapeutics|halozyme therapeutics, inc."
HAMRF,SILVER HAMMER MINING CORP,0001868866,OOTC,US,silver|silver hammer|silver hammer mining|silver hammer mining corp
HANNF,Hannan Metals Ltd.,0001123267,OOTC,US,hannan|hannan metals|hannan metals ltd.
HAO,Haoxi Health Technology Ltd,0001954594,XNAS,US,haoxi|haoxi health|haoxi health technology|haoxi health technology ltd
HAPVY,Hapvida Participacoes e Investimentos S.A./ADR,0001869666,OOTC,US,hapvida|hapvida participacoes|hapvida participacoes e investimentos|hapvida participacoes e investimentos s.a./adr
HAS,"HASBRO, INC.",0000046080,XNAS,US,"hasbro|hasbro, inc."
HASI,"HA Sustainable Infrastructure Capital, Inc.",0001561894,XNYS,US,"ha|ha sustainable|ha sustainable infrastructure capital|ha sustainable infrastructure capital, inc."
HAVA,Harvard Ave Acquisition Corp,0002042460,XNAS,US,harvard|harvard ave|harvard ave acquisition|harvard ave acquisition corp
HAVAR,Harvard Ave Acquisition Corp,0002042460,XNAS,US,harvard|harvard ave|harvard ave acquisition|harvard ave acquisition corp
HAVAU,Harvard Ave Acquisition Corp,0002042460,XNAS,US,harvard|harvard ave|harvard ave acquisition|harvard ave acquisition corp
HAWK,"HawkEye 360, Inc.",0001750704,XNYS,US,"hawkeye|hawkeye 360|hawkeye 360, inc."
HAYW,"Hayward Holdings, Inc.",0001834622,XNYS,US,"hayward|hayward holdings, inc."
HBAN,HUNTINGTON BANCSHARES INC /MD/,0000049196,XNAS,US,huntington|huntington bancshares|huntington bancshares inc /md/|huntington bancshares md
HBANL,HUNTINGTON BANCSHARES INC /MD/,0000049196,XNAS,US,huntington|huntington bancshares|huntington bancshares inc /md/|huntington bancshares md
HBANM,HUNTINGTON BANCSHARES INC /MD/,0000049196,XNAS,US,huntington|huntington bancshares|huntington bancshares inc /md/|huntington bancshares md
HBANP,HUNTINGTON BANCSHARES INC /MD/,0000049196,XNAS,US,huntington|huntington bancshares|huntington bancshares inc /md/|huntington bancshares md
HBANZ,HUNTINGTON BANCSHARES INC /MD/,0000049196,XNAS,US,huntington|huntington bancshares|huntington bancshares inc /md/|huntington bancshares md
HBB,Hamilton Beach Brands Holding Co,0001709164,XNYS,US,hamilton|hamilton beach|hamilton beach brands|hamilton beach brands holding co
HBCP,"HOME BANCORP, INC.",0001436425,XNAS,US,"home|home bancorp|home bancorp, inc."
HBCYF,HSBC HOLDINGS PLC,0001089113,OOTC,US,hsbc|hsbc holdings plc
HBIA,HILLS BANCORPORATION,0000732417,OOTC,US,hills|hills bancorporation
HBIO,HARVARD BIOSCIENCE INC,0001123494,XNAS,US,harvard|harvard bioscience|harvard bioscience inc
HBM,Hudbay Minerals Inc.,0001322422,XNYS,US,hudbay|hudbay minerals|hudbay minerals inc.
HBNB,Hotel101 Global Holdings Corp.,0002054507,XNAS,US,hotel101|hotel101 global|hotel101 global holdings corp.
HBNC,HORIZON BANCORP INC /IN/,0000706129,XNAS,US,horizon|horizon bancorp|horizon bancorp in|horizon bancorp inc /in/
HBT,"HBT Financial, Inc.",0000775215,XNAS,US,"hbt|hbt financial|hbt financial, inc."
HBUV,Hubilu Venture Corp,0001639068,OOTC,US,hubilu|hubilu venture|hubilu venture corp
HCA,"HCA Healthcare, Inc.",0000860730,XNYS,US,"hca|hca healthcare|hca healthcare, inc."
HCAC,Hall Chadwick Acquisition Corp,0002079013,XNAS,US,hall|hall chadwick|hall chadwick acquisition|hall chadwick acquisition corp
HCACR,Hall Chadwick Acquisition Corp,0002079013,XNAS,US,hall|hall chadwick|hall chadwick acquisition|hall chadwick acquisition corp
HCACU,Hall Chadwick Acquisition Corp,0002079013,XNAS,US,hall|hall chadwick|hall chadwick acquisition|hall chadwick acquisition corp
HCAI,"Huachen AI Parking Management Technology Holding Co., Ltd",0001958399,XNAS,US,"huachen|huachen ai|huachen ai parking management technology|huachen ai parking management technology holding co., ltd"
HCAT,"Health Catalyst, Inc.",0001636422,XNAS,US,"health|health catalyst|health catalyst, inc."
HCC,"WARRIOR MET COAL, INC.",0001691303,XNYS,US,"warrior|warrior met|warrior met coal|warrior met coal, inc."
HCHL,Happy City Holdings Ltd,0002046656,XNAS,US,happy|happy city|happy city holdings ltd
HCI,"HCI Group, Inc.",0001400810,XNYS,US,"hci|hci group, inc."
HCIC,Hennessy Capital Investment Corp. VIII,0002099093,XNAS,US,hennessy|hennessy capital|hennessy capital investment corp. viii|hennessy capital investment viii
HCICR,Hennessy Capital Investment Corp. VIII,0002099093,XNAS,US,hennessy|hennessy capital|hennessy capital investment corp. viii|hennessy capital investment viii
HCICU,Hennessy Capital Investment Corp. VIII,0002099093,XNAS,US,hennessy|hennessy capital|hennessy capital investment corp. viii|hennessy capital investment viii
HCIL,"Hongchang International Co., Ltd",0001086303,OOTC,US,"hongchang|hongchang international|hongchang international co., ltd"
HCKT,"HACKETT GROUP, INC.",0001057379,XNAS,US,"hackett|hackett group, inc."
HCM,HUTCHMED (China) Ltd,0001648257,XNAS,US,hutchmed|hutchmed (china) ltd|hutchmed china
HCMA,HCM III ACQUISITION CORP.,0002069856,XNAS,US,hcm|hcm iii|hcm iii acquisition|hcm iii acquisition corp.
HCMAU,HCM III ACQUISITION CORP.,0002069856,XNAS,US,hcm|hcm iii|hcm iii acquisition|hcm iii acquisition corp.
HCMAW,HCM III ACQUISITION CORP.,0002069856,XNAS,US,hcm|hcm iii|hcm iii acquisition|hcm iii acquisition corp.
HCMC,Healthier Choices Management Corp.,0000844856,OOTC,US,healthier|healthier choices|healthier choices management|healthier choices management corp.
HCSG,HEALTHCARE SERVICES GROUP INC,0000731012,XNAS,US,healthcare|healthcare services|healthcare services group inc
HCTI,"Healthcare Triangle, Inc.",0001839285,XNAS,US,"healthcare|healthcare triangle|healthcare triangle, inc."
HCTPF,Hutchison Port Holdings Trust/ADR,0001580226,OOTC,US,hutchison|hutchison port|hutchison port holdings trust/adr
HCWB,HCW Biologics Inc.,0001828673,XNAS,US,hcw|hcw biologics|hcw biologics inc.
HCWC,HEALTHY CHOICE WELLNESS CORP.,0001948864,XASE,US,healthy|healthy choice|healthy choice wellness|healthy choice wellness corp.
HCXY,"Hercules Capital, Inc.",0001280784,XNYS,US,"hercules|hercules capital|hercules capital, inc."
HD,"HOME DEPOT, INC.",0000354950,XNYS,US,"home|home depot|home depot, inc."
HDB,HDFC BANK LTD,0001144967,XNYS,US,hdfc|hdfc bank|hdfc bank ltd
HDL,SUPER HI INTERNATIONAL HOLDING LTD.,0001995306,XNAS,US,super|super hi|super hi international|super hi international holding ltd.
HDLB,UBS AG,0001114446,ARCX,US,ubs|ubs ag
HDSN,HUDSON TECHNOLOGIES INC /NY,0000925528,XNAS,US,hudson|hudson technologies|hudson technologies inc /ny|hudson technologies ny
HE,HAWAIIAN ELECTRIC INDUSTRIES INC,0000354707,XNYS,US,hawaiian|hawaiian electric|hawaiian electric industries|hawaiian electric industries inc
HEI,HEICO CORP,0000046619,XNYS,US,heico|heico corp
HELE,HELEN OF TROY LTD,0000916789,XNAS,US,helen|helen of|helen of troy|helen of troy ltd
HELP,CYBIN INC.,0001833141,XNAS,US,cybin|cybin inc.
HEMNF,Hemnet Group AB/ADR,0001915760,OOTC,US,hemnet|hemnet ab|hemnet group ab/adr
HEPA,"Hepion Pharmaceuticals, Inc.",0001583771,OOTC,US,"hepion|hepion pharmaceuticals|hepion pharmaceuticals, inc."
HEPS,D-MARKET Electronic Services & Trading,0001850235,XNAS,US,d market|d market electronic services trading|d-market electronic services & trading
HEQ,John Hancock Diversified Income Fund,0001496749,XNYS,US,john|john hancock|john hancock diversified income fund
HERE,Here Group Ltd,0001932770,XNAS,US,here|here group ltd
HERZ,"Herzfeld Credit Income Fund, Inc",0000880406,XNAS,US,"herzfeld|herzfeld credit|herzfeld credit income fund|herzfeld credit income fund, inc"
HESM,Hess Midstream LP,0001789832,XNYS,US,hess|hess midstream|hess midstream lp
HEXEY,Euronext Athens Holding S.A./ADR,0001577568,OOTC,US,euronext|euronext athens|euronext athens holding s.a./adr
HFBL,"Home Federal Bancorp, Inc. of Louisiana",0001500375,XNAS,US,"home|home federal|home federal bancorp of louisiana|home federal bancorp, inc. of louisiana"
HFFG,HF Foods Group Inc.,0001680873,XNAS,US,hf|hf foods|hf foods group inc.
HFRO,HIGHLAND OPPORTUNITIES & INCOME FUND,0001710680,XNYS,US,highland|highland opportunities|highland opportunities & income fund|highland opportunities income fund
HFUS,"Hartford Creative Group, Inc.",0001482554,OOTC,US,"hartford|hartford creative|hartford creative group, inc."
HFWA,HERITAGE FINANCIAL CORP /WA/,0001046025,XNAS,US,heritage|heritage financial|heritage financial corp /wa/|heritage financial wa
HG,"Hamilton Insurance Group, Ltd.",0001593275,XNYS,US,"hamilton|hamilton insurance|hamilton insurance group, ltd."
HGAS,Global Gas Corp,0001817232,OOTC,US,global|global gas|global gas corp
HGASW,Global Gas Corp,0001817232,OOTC,US,global|global gas|global gas corp
HGBL,Heritage Global Inc.,0000849145,XNAS,US,heritage|heritage global|heritage global inc.
HGIT,"HINES GLOBAL INCOME TRUST, INC.",0001585101,OOTC,US,"hines|hines global|hines global income|hines global income trust, inc."
HGLB,HIGHLAND GLOBAL ALLOCATION FUND,0001622148,XNYS,US,highland|highland global|highland global allocation fund
HGMCF,HARMONY GOLD MINING CO LTD,0001023514,OOTC,US,harmony|harmony gold|harmony gold mining|harmony gold mining co ltd
HGTXU,HUGOTON ROYALTY TRUST,0000862022,OOTC,US,hugoton|hugoton royalty|hugoton royalty trust
HGTY,"Hagerty, Inc.",0001840776,XNYS,US,"hagerty|hagerty, inc."
HGV,Hilton Grand Vacations Inc.,0001674168,XNYS,US,hilton|hilton grand|hilton grand vacations|hilton grand vacations inc.
HGYN,HONG YUAN HOLDING GROUP,0001324759,OOTC,US,hong|hong yuan|hong yuan holding group
HHH,Howard Hughes Holdings Inc.,0001981792,XNYS,US,howard|howard hughes|howard hughes holdings inc.
HHLKF,Hot Chili Ltd,0001562823,OOTC,US,hot|hot chili|hot chili ltd
HHS,HARTE HANKS INC,0000045919,XNAS,US,harte|harte hanks|harte hanks inc
HIG,"HARTFORD INSURANCE GROUP, INC.",0000874766,XNYS,US,"hartford|hartford insurance|hartford insurance group, inc."
HIGR,Hi-Great Group Holding Co,0001807616,OOTC,US,hi|hi great|hi-great group holding co
HIHO,HIGHWAY HOLDINGS LTD,0001026785,XNAS,US,highway|highway holdings ltd
HII,"HUNTINGTON INGALLS INDUSTRIES, INC.",0001501585,XNYS,US,"huntington|huntington ingalls|huntington ingalls industries|huntington ingalls industries, inc."
HIMS,"Hims & Hers Health, Inc.",0001773751,XNYS,US,"hims|hims & hers health, inc.|hims hers|hims hers health"
HIMX,"Himax Technologies, Inc.",0001342338,XNAS,US,"himax|himax technologies|himax technologies, inc."
HIND,"Vyome Holdings, Inc",0001427570,XNAS,US,"vyome|vyome holdings, inc"
HIO,WESTERN ASSET HIGH INCOME OPPORTUNITY FUND INC.,0000910068,XNYS,US,western|western asset|western asset high income opportunity fund|western asset high income opportunity fund inc.
HIPO,Hippo Holdings Inc.,0001828105,XNYS,US,hippo|hippo holdings inc.
HIPOW,Hippo Holdings Inc.,0001828105,OOTC,US,hippo|hippo holdings inc.
HIRU,HIRU Corp,0000925779,OOTC,US,hiru|hiru corp
HIT,"Health In Tech, Inc.",0002019505,XNAS,US,"health|health in|health in tech|health in tech, inc."
HITI,High Tide Inc.,0001847409,XNAS,US,high|high tide|high tide inc.
HIVE,HIVE Digital Technologies Ltd.,0001720424,XNAS,US,hive|hive digital|hive digital technologies|hive digital technologies ltd.
HIW,"HIGHWOODS PROPERTIES, INC.",0000921082,XNYS,US,"highwoods|highwoods properties|highwoods properties, inc."
HIX,WESTERN ASSET HIGH INCOME FUND II INC.,0001058239,XNYS,US,western|western asset|western asset high income fund ii|western asset high income fund ii inc.
HKD,AMTD Digital Inc.,0001809691,XNYS,US,amtd|amtd digital|amtd digital inc.
HKHC,Horizon Kinetics Holding Corp,0000088000,OOTC,US,horizon|horizon kinetics|horizon kinetics holding corp
HKHHF,HEINEKEN HOLDING N V,0001142231,OOTC,US,heineken|heineken holding n v|heineken n|heineken n v
HKHHY,HEINEKEN HOLDING N V,0001142231,OOTC,US,heineken|heineken holding n v|heineken n|heineken n v
HKIT,HiTek Global Inc.,0001742341,XNAS,US,hitek|hitek global|hitek global inc.
HKPD,"Cellyan Biotechnology Co., Ltd",0002007702,XNAS,US,"cellyan|cellyan biotechnology|cellyan biotechnology co., ltd"
HL,HECLA MINING CO/DE/,0000719413,XNYS,US,hecla|hecla mining|hecla mining co/de/|hecla mining de
HLEO,Helio Corp /FL/,0001953988,OOTC,US,helio|helio corp /fl/|helio fl
HLF,HERBALIFE LTD.,0001180262,XNYS,US,herbalife|herbalife ltd.
HLI,"HOULIHAN LOKEY, INC.",0001302215,XNYS,US,"houlihan|houlihan lokey|houlihan lokey, inc."
HLIO,"HELIOS TECHNOLOGIES, INC.",0001024795,XNYS,US,"helios|helios technologies|helios technologies, inc."
HLIT,HARMONIC INC.,0000851310,XNAS,US,harmonic|harmonic inc.
HLLK,"HALLMARK VENTURE GROUP, INC.",0001331421,OOTC,US,"hallmark|hallmark venture|hallmark venture group, inc."
HLLY,Holley Inc.,0001822928,XNYS,US,holley|holley inc.
HLMN,Hillman Solutions Corp.,0001822492,XNAS,US,hillman|hillman solutions|hillman solutions corp.
HLN,Haleon plc,0001900304,XNYS,US,haleon|haleon plc
HLNCF,Haleon plc,0001900304,OOTC,US,haleon|haleon plc
HLNE,Hamilton Lane INC,0001433642,XNAS,US,hamilton|hamilton lane|hamilton lane inc
HLP,Hongli Group Inc.,0001855557,XNAS,US,hongli|hongli group inc.
HLRTF,Hillcrest Energy Technologies Ltd.,0001418149,OOTC,US,hillcrest|hillcrest energy|hillcrest energy technologies|hillcrest energy technologies ltd.
HLT,Hilton Worldwide Holdings Inc.,0001585689,XNYS,US,hilton|hilton worldwide|hilton worldwide holdings inc.
HLTC,"National Healthcare Properties, Inc.",0001561032,OOTC,US,"national|national healthcare|national healthcare properties|national healthcare properties, inc."
HLX,HELIX ENERGY SOLUTIONS GROUP INC,0000866829,XNYS,US,helix|helix energy|helix energy solutions|helix energy solutions group inc
HLXC,Helix Acquisition Corp. III,0002099656,XNAS,US,helix|helix acquisition|helix acquisition corp. iii|helix acquisition iii
HLYK,HealthLynked Corp,0001680139,OOTC,US,healthlynked|healthlynked corp
HMC,HONDA MOTOR CO LTD,0000715153,XNYS,US,honda|honda motor|honda motor co ltd
HMDCF,HUTCHMED (China) Ltd,0001648257,OOTC,US,hutchmed|hutchmed (china) ltd|hutchmed china
HMELF,Hold Me Ltd,0001853630,OOTC,US,hold|hold me|hold me ltd
HMH,HMH Holding Inc,0002021880,XNAS,US,hmh|hmh holding inc
HMMR,HAMMER TECHNOLOGY HOLDINGS CORP.,0001539680,OOTC,US,hammer|hammer technology|hammer technology holdings corp.
HMN,HORACE MANN EDUCATORS CORP /DE/,0000850141,XNYS,US,horace|horace mann|horace mann educators corp /de/|horace mann educators de
HMR,Heidmar Maritime Holdings Corp.,0002029471,XNAS,US,heidmar|heidmar maritime|heidmar maritime holdings corp.
HMRZF,H&M HENNES & MAURITZ AB,0001396282,OOTC,US,h m|h m hennes mauritz ab|h&m hennes & mauritz ab
HMY,HARMONY GOLD MINING CO LTD,0001023514,XNYS,US,harmony|harmony gold|harmony gold mining|harmony gold mining co ltd
HNDAF,HONDA MOTOR CO LTD,0000715153,OOTC,US,honda|honda motor|honda motor co ltd
HNGE,"Hinge Health, Inc.",0001673743,XNYS,US,"hinge|hinge health|hinge health, inc."
HNI,HNI CORP,0000048287,XNYS,US,hni|hni corp
HNIT,Huineng Technology Corp,0001994373,OOTC,US,huineng|huineng technology|huineng technology corp
HNNA,HENNESSY ADVISORS INC,0001145255,XNAS,US,hennessy|hennessy advisors|hennessy advisors inc
HNNAZ,HENNESSY ADVISORS INC,0001145255,XNAS,US,hennessy|hennessy advisors|hennessy advisors inc
HNOI,"HNO International, Inc.",0001342916,OOTC,US,"hno|hno international|hno international, inc."
HNRG,HALLADOR ENERGY CO,0000788965,XNAS,US,hallador|hallador energy|hallador energy co
HNSDF,Hensoldt AG/ADR,0001856488,OOTC,US,hensoldt|hensoldt ag/adr
HNSPF,Hansoh Pharmaceutical Group Co Limited/ADR,0002073669,OOTC,US,hansoh|hansoh pharmaceutical|hansoh pharmaceutical group co limited/adr
HNST,"Honest Company, Inc.",0001530979,XNAS,US,"honest|honest company, inc."
HNVR,"Hanover Bancorp, Inc. /MD",0001828588,XNAS,US,"hanover|hanover bancorp|hanover bancorp md|hanover bancorp, inc. /md"
HODL,VanEck Bitcoin ETF,0001838028,BATS,US,vaneck|vaneck bitcoin|vaneck bitcoin etf
HOFT,HOOKER FURNISHINGS Corp,0001077688,XNAS,US,hooker|hooker furnishings|hooker furnishings corp
HOG,"HARLEY-DAVIDSON, INC.",0000793952,XNYS,US,"harley|harley davidson|harley-davidson, inc."
HOLO,MicroCloud Hologram Inc.,0001841209,XNAS,US,microcloud|microcloud hologram|microcloud hologram inc.
HOLOW,MicroCloud Hologram Inc.,0001841209,XNAS,US,microcloud|microcloud hologram|microcloud hologram inc.
HOMB,HOME BANCSHARES INC,0001331520,XNYS,US,home|home bancshares|home bancshares inc
HON,HONEYWELL INTERNATIONAL INC,0000773840,XNAS,US,honeywell|honeywell international|honeywell international inc
HOOD,"Robinhood Markets, Inc.",0001783879,XNAS,US,"robinhood|robinhood markets|robinhood markets, inc."
HOOK,HOOKIPA Pharma Inc.,0001760542,OOTC,US,hookipa|hookipa pharma|hookipa pharma inc.
HOPE,HOPE BANCORP INC,0001128361,XNAS,US,hope|hope bancorp|hope bancorp inc
HOTH,"Hoth Therapeutics, Inc.",0001711786,XNAS,US,"hoth|hoth therapeutics|hoth therapeutics, inc."
HOUR,"Hour Loop, Inc",0001874875,XNAS,US,"hour|hour loop|hour loop, inc"
HOV,HOVNANIAN ENTERPRISES INC,0000357294,XNYS,US,hovnanian|hovnanian enterprises|hovnanian enterprises inc
HOVNP,HOVNANIAN ENTERPRISES INC,0000357294,XNAS,US,hovnanian|hovnanian enterprises|hovnanian enterprises inc
HOVR,New Horizon Aircraft Ltd.,0001930021,XNAS,US,new|new horizon|new horizon aircraft|new horizon aircraft ltd.
HOVRW,New Horizon Aircraft Ltd.,0001930021,XNAS,US,new|new horizon|new horizon aircraft|new horizon aircraft ltd.
HOVVB,HOVNANIAN ENTERPRISES INC,0000357294,OOTC,US,hovnanian|hovnanian enterprises|hovnanian enterprises inc
HOWL,"Werewolf Therapeutics, Inc.",0001785530,XNAS,US,"werewolf|werewolf therapeutics|werewolf therapeutics, inc."
HP,"Helmerich & Payne, Inc.",0000046765,XNYS,US,"helmerich|helmerich & payne, inc.|helmerich payne"
HPAI,Helport AI Ltd,0002001699,XNAS,US,helport|helport ai|helport ai ltd
HPAIW,Helport AI Ltd,0002001699,XNAS,US,helport|helport ai|helport ai ltd
HPE,Hewlett Packard Enterprise Co,0001645590,XNYS,US,hewlett|hewlett packard|hewlett packard enterprise|hewlett packard enterprise co
HPF,JOHN HANCOCK PREFERRED INCOME FUND II,0001189740,XNYS,US,john|john hancock|john hancock preferred income fund ii
HPHTF,Hamamatsu Photonics K.K./ADR,0001600928,OOTC,US,hamamatsu|hamamatsu photonics|hamamatsu photonics k k|hamamatsu photonics k.k./adr
HPHTY,Hamamatsu Photonics K.K./ADR,0001600928,OOTC,US,hamamatsu|hamamatsu photonics|hamamatsu photonics k k|hamamatsu photonics k.k./adr
HPI,JOHN HANCOCK PREFERRED INCOME FUND,0001176199,XNYS,US,john|john hancock|john hancock preferred income fund
HPK,"HighPeak Energy, Inc.",0001792849,XNAS,US,"highpeak|highpeak energy|highpeak energy, inc."
HPP,"Hudson Pacific Properties, Inc.",0001482512,XNYS,US,"hudson|hudson pacific|hudson pacific properties|hudson pacific properties, inc."
HPQ,HP INC,0000047217,XNYS,US,hp|hp inc
HPS,JOHN HANCOCK PREFERRED INCOME FUND III,0001215913,XNYS,US,john|john hancock|john hancock preferred income fund iii
HQ,Horizon Quantum Holdings Ltd.,0002088256,XNAS,US,horizon|horizon quantum|horizon quantum holdings ltd.
HQH,abrdn Healthcare Investors,0000805267,XNYS,US,abrdn|abrdn healthcare|abrdn healthcare investors
HQI,"HireQuest, Inc.",0001140102,XNAS,US,"hirequest|hirequest, inc."
HQL,abrdn Life Sciences Investors,0000884121,XNYS,US,abrdn|abrdn life|abrdn life sciences investors
HQWWW,Horizon Quantum Holdings Ltd.,0002088256,XNAS,US,horizon|horizon quantum|horizon quantum holdings ltd.
HQY,"HEALTHEQUITY, INC.",0001428336,XNAS,US,"healthequity|healthequity, inc."
HR,Healthcare Realty Trust Inc,0001360604,XNYS,US,healthcare|healthcare realty|healthcare realty trust inc
HRB,H&R BLOCK INC,0000012659,XNYS,US,h r|h r block|h&r block inc
HRBAY,"Horiba, Ltd./ADR",0002088827,OOTC,US,"horiba|horiba, ltd./adr"
HRGN,"Harvard Apparatus Regenerative Technology, Inc.",0001563665,OOTC,US,"harvard|harvard apparatus|harvard apparatus regenerative technology|harvard apparatus regenerative technology, inc."
HRI,HERC HOLDINGS INC,0001364479,XNYS,US,herc|herc holdings inc
HRIBF,"Horiba, Ltd./ADR",0002088827,OOTC,US,"horiba|horiba, ltd./adr"
HRL,HORMEL FOODS CORP /DE/,0000048465,XNYS,US,hormel|hormel foods|hormel foods corp /de/|hormel foods de
HRMY,"Harmony Biosciences Holdings, Inc.",0001802665,XNAS,US,"harmony|harmony biosciences|harmony biosciences holdings, inc."
HRNNF,Hydro One Ltd,0001712356,OOTC,US,hydro|hydro one|hydro one ltd
HROW,"HARROW, INC.",0001360214,XNAS,US,"harrow|harrow, inc."
HRTG,"Heritage Insurance Holdings, Inc.",0001598665,XNYS,US,"heritage|heritage insurance|heritage insurance holdings, inc."
HRTX,"HERON THERAPEUTICS, INC. /DE/",0000818033,XNAS,US,"heron|heron therapeutics|heron therapeutics de|heron therapeutics, inc. /de/"
HRZN,Horizon Technology Finance Corp,0001487428,XNAS,US,horizon|horizon technology|horizon technology finance|horizon technology finance corp
HRZRF,"Horizon Robotics, Inc./ADR",0002060217,OOTC,US,"horizon|horizon robotics|horizon robotics, inc./adr"
HSAI,Hesai Group,0001861737,XNAS,US,hesai|hesai group
HSBC,HSBC HOLDINGS PLC,0001089113,XNYS,US,hsbc|hsbc holdings plc
HSCS,HeartSciences Inc.,0001468492,XNAS,US,heartsciences|heartsciences inc.
HSCSW,HeartSciences Inc.,0001468492,XNAS,US,heartsciences|heartsciences inc.
HSCT,HOOPS SCOUTING USA,0001721056,OOTC,US,hoops|hoops scouting|hoops scouting usa
HSDT,Solana Co,0001610853,XNAS,US,solana|solana co
HSHP,Himalaya Shipping Ltd.,0001959455,XNYS,US,himalaya|himalaya shipping|himalaya shipping ltd.
HSIC,HENRY SCHEIN INC,0001000228,XNAS,US,henry|henry schein|henry schein inc
HSIGF,Hesai Group,0001861737,OOTC,US,hesai|hesai group
HSLV,Highlander Silver Corp.,0002013223,XASE,US,highlander|highlander silver|highlander silver corp.
HSPOF,Horizon Space Acquisition I Corp.,0001946021,OOTC,US,horizon|horizon space|horizon space acquisition i|horizon space acquisition i corp.
HSPT,Horizon Space Acquisition II Corp.,0002032950,XNAS,US,horizon|horizon space|horizon space acquisition ii|horizon space acquisition ii corp.
HSPTR,Horizon Space Acquisition II Corp.,0002032950,XNAS,US,horizon|horizon space|horizon space acquisition ii|horizon space acquisition ii corp.
HSPTU,Horizon Space Acquisition II Corp.,0002032950,XNAS,US,horizon|horizon space|horizon space acquisition ii|horizon space acquisition ii corp.
HSPUF,Horizon Space Acquisition I Corp.,0001946021,OOTC,US,horizon|horizon space|horizon space acquisition i|horizon space acquisition i corp.
HSPWF,Horizon Space Acquisition I Corp.,0001946021,OOTC,US,horizon|horizon space|horizon space acquisition i|horizon space acquisition i corp.
HST,"HOST HOTELS & RESORTS, INC.",0001070750,XNAS,US,"host|host hotels|host hotels & resorts, inc.|host hotels resorts"
HSTA,Hestia Insight Inc.,0001813603,OOTC,US,hestia|hestia insight|hestia insight inc.
HSTC,"HST Global, Inc.",0000797564,OOTC,US,"hst|hst global|hst global, inc."
HSTI,"High Sierra Technologies, Inc.",0001365388,OOTC,US,"high|high sierra|high sierra technologies|high sierra technologies, inc."
HSTM,HEALTHSTREAM INC,0001095565,XNAS,US,healthstream|healthstream inc
HSY,HERSHEY CO,0000047111,XNYS,US,hershey|hershey co
HTB,"HomeTrust Bancshares, Inc.",0001538263,XNYS,US,"hometrust|hometrust bancshares|hometrust bancshares, inc."
HTCO,High-Trend International Group,0001928948,XNAS,US,high|high trend|high trend international|high-trend international group
HTCR,"HeartCore Enterprises, Inc.",0001892322,XNAS,US,"heartcore|heartcore enterprises|heartcore enterprises, inc."
HTD,JOHN HANCOCK TAX-ADVANTAGED DIVIDEND INCOME FUND,0001260041,XNYS,US,john|john hancock|john hancock tax advantaged dividend income fund|john hancock tax-advantaged dividend income fund
HTFC,Horizon Technology Finance Corp,0001487428,XNYS,US,horizon|horizon technology|horizon technology finance|horizon technology finance corp
HTFL,"Heartflow, Inc.",0001464521,XNAS,US,"heartflow|heartflow, inc."
HTGC,"Hercules Capital, Inc.",0001280784,XNYS,US,"hercules|hercules capital|hercules capital, inc."
HTH,Hilltop Holdings Inc.,0001265131,XNYS,US,hilltop|hilltop holdings inc.
HTHIF,HITACHI LTD,0000047710,OOTC,US,hitachi|hitachi ltd
HTHIY,HITACHI LTD,0000047710,OOTC,US,hitachi|hitachi ltd
HTHT,H World Group Ltd,0001483994,XNAS,US,h world|h world group ltd
HTLD,HEARTLAND EXPRESS INC,0000799233,XNAS,US,heartland|heartland express|heartland express inc
HTLM,HomesToLife Ltd,0002023153,XNAS,US,homestolife|homestolife ltd
HTO,H2O AMERICA,0000766829,XNAS,US,h2o|h2o america
HTOO,Fusion Fuel Green PLC,0001819794,XNAS,US,fusion|fusion fuel|fusion fuel green|fusion fuel green plc
HTT,High Templar Tech Ltd,0001692705,XNYS,US,high|high templar|high templar tech|high templar tech ltd
HTZ,"HERTZ GLOBAL HOLDINGS, INC",0001657853,XNAS,US,"hertz|hertz global|hertz global holdings, inc"
HTZWW,"HERTZ GLOBAL HOLDINGS, INC",0001657853,XNAS,US,"hertz|hertz global|hertz global holdings, inc"
HUBB,HUBBELL INC,0000048898,XNYS,US,hubbell|hubbell inc
HUBC,Hub Cyber Security Ltd.,0001905660,XNAS,US,hub|hub cyber|hub cyber security|hub cyber security ltd.
HUBCW,Hub Cyber Security Ltd.,0001905660,XNAS,US,hub|hub cyber|hub cyber security|hub cyber security ltd.
HUBCZ,Hub Cyber Security Ltd.,0001905660,XNAS,US,hub|hub cyber|hub cyber security|hub cyber security ltd.
HUBG,"Hub Group, Inc.",0000940942,XNAS,US,"hub|hub group, inc."
HUBS,HUBSPOT INC,0001404655,XNYS,US,hubspot|hubspot inc
HUDI,"Huadi International Group Co., Ltd.",0001791725,XNAS,US,"huadi|huadi international|huadi international group co., ltd."
HUHU,HUHUTECH International Group Inc.,0001945415,XNAS,US,huhutech|huhutech international|huhutech international group inc.
HUIZ,Huize Holding Ltd,0001778982,XNAS,US,huize|huize holding ltd
HUM,HUMANA INC,0000049071,XNYS,US,humana|humana inc
HUMA,"Humacyte, Inc.",0001818382,XNAS,US,"humacyte|humacyte, inc."
HUMAW,"Humacyte, Inc.",0001818382,XNAS,US,"humacyte|humacyte, inc."
HUN,Huntsman CORP,0001307954,XNYS,US,huntsman|huntsman corp
HURA,"TuHURA Biosciences, Inc./NV",0001498382,XNAS,US,"tuhura|tuhura biosciences|tuhura biosciences, inc./nv"
HURC,HURCO COMPANIES INC,0000315374,XNAS,US,hurco|hurco companies|hurco companies inc
HURN,Huron Consulting Group Inc.,0001289848,XNAS,US,huron|huron consulting|huron consulting group inc.
HUSIF,NICOLA MINING INC.,0001526475,OOTC,US,nicola|nicola mining|nicola mining inc.
HUT,Hut 8 Corp.,0001964789,XNAS,US,hut|hut 8|hut 8 corp.
HUYA,HUYA Inc.,0001728190,XNYS,US,huya|huya inc.
HVGDF,HARVEST GOLD CORP,0000921968,OOTC,US,harvest|harvest gold|harvest gold corp
HVII,Hennessy Capital Investment Corp. VII,0001846416,XNAS,US,hennessy|hennessy capital|hennessy capital investment corp. vii|hennessy capital investment vii
HVIIR,Hennessy Capital Investment Corp. VII,0001846416,XNAS,US,hennessy|hennessy capital|hennessy capital investment corp. vii|hennessy capital investment vii
HVIIU,Hennessy Capital Investment Corp. VII,0001846416,XNAS,US,hennessy|hennessy capital|hennessy capital investment corp. vii|hennessy capital investment vii
HVMC,Highview Merger Corp.,0002070602,XNAS,US,highview|highview merger|highview merger corp.
HVMCU,Highview Merger Corp.,0002070602,XNAS,US,highview|highview merger|highview merger corp.
HVMCW,Highview Merger Corp.,0002070602,XNAS,US,highview|highview merger|highview merger corp.
HVT,HAVERTY FURNITURE COMPANIES INC,0000216085,XNYS,US,haverty|haverty furniture|haverty furniture companies|haverty furniture companies inc
HWAIF,Healwell AI Inc.,0001999124,OOTC,US,healwell|healwell ai|healwell ai inc.
HWAUF,Headwater Gold Inc.,0001817161,OOTC,US,headwater|headwater gold|headwater gold inc.
HWBK,"HAWTHORN BANCSHARES, INC.",0000893847,XNAS,US,"hawthorn|hawthorn bancshares|hawthorn bancshares, inc."
HWC,HANCOCK WHITNEY CORP,0000750577,XNAS,US,hancock|hancock whitney|hancock whitney corp
HWCPZ,HANCOCK WHITNEY CORP,0000750577,XNAS,US,hancock|hancock whitney|hancock whitney corp
HWH,HWH International Inc.,0001897245,XNAS,US,hwh|hwh international|hwh international inc.
HWKE,"Hawkeye Systems, Inc.",0001750777,OOTC,US,"hawkeye|hawkeye systems|hawkeye systems, inc."
HWKN,HAWKINS INC,0000046250,XNAS,US,hawkins|hawkins inc
HWLDF,H World Group Ltd,0001483994,OOTC,US,h world|h world group ltd
HWM,Howmet Aerospace Inc.,0000004281,XNYS,US,howmet|howmet aerospace|howmet aerospace inc.
HWNI,"HIGH WIRE NETWORKS, INC.",0001413891,OOTC,US,"high|high wire|high wire networks|high wire networks, inc."
HXHX,Haoxin Holdings Ltd,0001936817,XNAS,US,haoxin|haoxin holdings ltd
HXL,HEXCEL CORP /DE/,0000717605,XNYS,US,hexcel|hexcel corp /de/|hexcel de
HY,"HYSTER-YALE, INC.",0001173514,XNYS,US,"hyster|hyster yale|hyster-yale, inc."
HYDTF,Hydreight Technologies Inc.,0001958389,OOTC,US,hydreight|hydreight technologies|hydreight technologies inc.
HYEX,HEALTHY EXTRACTS INC.,0001630176,OOTC,US,healthy|healthy extracts|healthy extracts inc.
HYFM,"HYDROFARM HOLDINGS GROUP, INC.",0001695295,XNAS,US,"hydrofarm|hydrofarm holdings group, inc."
HYFT,MindWalk Holdings Corp.,0001715925,XNAS,US,mindwalk|mindwalk holdings corp.
HYI,Western Asset High Yield Opportunity Fund Inc.,0001497186,XNYS,US,western|western asset|western asset high yield opportunity fund|western asset high yield opportunity fund inc.
HYLN,Hyliion Holdings Corp.,0001759631,XASE,US,hyliion|hyliion holdings corp.
HYMC,HYCROFT MINING HOLDING CORP,0001718405,XNAS,US,hycroft|hycroft mining|hycroft mining holding corp
HYMCW,HYCROFT MINING HOLDING CORP,0001718405,OOTC,US,hycroft|hycroft mining|hycroft mining holding corp
HYNE,"Hoyne Bancorp, Inc.",0002073153,XNAS,US,"hoyne|hoyne bancorp|hoyne bancorp, inc."
HYNLY,Hydro One Ltd,0001712356,OOTC,US,hydro|hydro one|hydro one ltd
HYOR,HyOrc Corp,0001070789,OOTC,US,hyorc|hyorc corp
HYPD,"HYPERION DEFI, INC.",0001682639,XNAS,US,"hyperion|hyperion defi|hyperion defi, inc."
HYPMY,Hypermarcas S.A.,0001486749,OOTC,US,hypermarcas|hypermarcas s.a.
HYPR,"Hyperfine, Inc.",0001833769,XNAS,US,"hyperfine|hyperfine, inc."
HYSR,"SUNHYDROGEN, INC.",0001481028,OOTC,US,"sunhydrogen|sunhydrogen, inc."
HYT,"BLACKROCK CORPORATE HIGH YIELD FUND, INC.",0001222401,XNYS,US,"blackrock|blackrock corporate|blackrock corporate high yield fund|blackrock corporate high yield fund, inc."
HZEN,Grayscale Horizen Trust (ZEN),0001748945,OOTC,US,grayscale|grayscale horizen|grayscale horizen trust (zen)|grayscale horizen zen
HZO,MARINEMAX INC,0001057060,XNYS,US,marinemax|marinemax inc
IAALF,IBC Advanced Alloys Corp.,0001450894,OOTC,US,ibc|ibc advanced|ibc advanced alloys|ibc advanced alloys corp.
IAC,IAC Inc.,0001800227,XNAS,US,iac|iac inc.
IACO,Idea Acquisition Corp.,0002091176,XNAS,US,idea|idea acquisition|idea acquisition corp.
IACOU,Idea Acquisition Corp.,0002091176,XNAS,US,idea|idea acquisition|idea acquisition corp.
IACOW,Idea Acquisition Corp.,0002091176,XNAS,US,idea|idea acquisition|idea acquisition corp.
IACQU,Irenic Acquisition Corp.,0002122505,XNAS,US,irenic|irenic acquisition|irenic acquisition corp.
IAE,Voya Asia Pacific High Dividend Equity Income Fund,0001385632,XNYS,US,voya|voya asia|voya asia pacific high dividend equity income fund
IAF,"ABRDN AUSTRALIA EQUITY FUND, INC.",0000779336,XASE,US,"abrdn|abrdn australia|abrdn australia equity fund|abrdn australia equity fund, inc."
IAG,IAMGOLD CORP,0001203464,XNYS,US,iamgold|iamgold corp
IART,INTEGRA LIFESCIENCES HOLDINGS CORP,0000917520,XNAS,US,integra|integra lifesciences|integra lifesciences holdings corp
IAU,ISHARES GOLD TRUST,0001278680,ARCX,US,ishares|ishares gold|ishares gold trust
IAUM,iShares Gold Trust Micro,0001759124,ARCX,US,ishares|ishares gold|ishares gold micro|ishares gold trust micro
IAUX,i-80 Gold Corp.,0001853962,XASE,US,i 80|i 80 gold|i-80 gold corp.
IBAC,IB Acquisition Corp.,0001998781,XNAS,US,ib|ib acquisition|ib acquisition corp.
IBACR,IB Acquisition Corp.,0001998781,XNAS,US,ib|ib acquisition|ib acquisition corp.
IBATF,INTERNATIONAL BATTERY METALS LTD.,0001786318,OOTC,US,international|international battery|international battery metals|international battery metals ltd.
IBCP,INDEPENDENT BANK CORP /MI/,0000039311,XNAS,US,independent|independent bank|independent bank corp /mi/|independent bank mi
IBEX,IBEX Ltd,0001720420,XNAS,US,ibex|ibex ltd
IBG,Innovation Beverage Group Ltd,0001924482,XNAS,US,innovation|innovation beverage|innovation beverage group ltd
IBIDF,"Ibiden Co., Ltd./ADR",0001654508,OOTC,US,"ibiden|ibiden co., ltd./adr"
IBIO,"iBio, Inc.",0001420720,XNAS,US,"ibio|ibio, inc."
IBIT,iShares Bitcoin Trust ETF,0001980994,XNAS,US,ishares|ishares bitcoin|ishares bitcoin etf|ishares bitcoin trust etf
IBKR,"Interactive Brokers Group, Inc.",0001381197,XNAS,US,"interactive|interactive brokers|interactive brokers group, inc."
IBM,INTERNATIONAL BUSINESS MACHINES CORP,0000051143,XNYS,US,international|international business|international business machines|international business machines corp
IBN,ICICI BANK LTD,0001103838,XNYS,US,icici|icici bank|icici bank ltd
IBO,IMPACT BIOMEDICAL INC.,0001834105,XASE,US,impact|impact biomedical|impact biomedical inc.
IBOC,INTERNATIONAL BANCSHARES CORP,0000315709,XNAS,US,international|international bancshares|international bancshares corp
IBP,"Installed Building Products, Inc.",0001580905,XNYS,US,"installed|installed building|installed building products|installed building products, inc."
IBRX,"ImmunityBio, Inc.",0001326110,XNAS,US,"immunitybio|immunitybio, inc."
IBTA,"Ibotta, Inc.",0001538379,XNYS,US,"ibotta|ibotta, inc."
ICCC,IMMUCELL CORP /DE/,0000811641,XNAS,US,immucell|immucell corp /de/|immucell de
ICCM,IceCure Medical Ltd.,0001584371,XNAS,US,icecure|icecure medical|icecure medical ltd.
ICE,"Intercontinental Exchange, Inc.",0001571949,XNYS,US,"intercontinental|intercontinental exchange|intercontinental exchange, inc."
ICFI,"ICF International, Inc.",0001362004,XNAS,US,"icf|icf international|icf international, inc."
ICG,Intchains Group Ltd,0001895597,XNAS,US,intchains|intchains group ltd
ICGSF,ICG Silver & Gold Ltd.,0002123553,OOTC,US,icg|icg silver|icg silver & gold ltd.|icg silver gold
ICHGF,INTERCONTINENTAL HOTELS GROUP PLC /NEW/,0000858446,OOTC,US,intercontinental|intercontinental hotels|intercontinental hotels group plc /new/|intercontinental hotels new
ICHR,"ICHOR HOLDINGS, LTD.",0001652535,XNAS,US,"ichor|ichor holdings, ltd."
ICL,ICL Group Ltd.,0000941221,XNYS,US,icl|icl group ltd.
ICLR,ICON PLC,0001060955,XNAS,US,icon|icon plc
ICMB,"Investcorp Credit Management BDC, Inc.",0001578348,XNAS,US,"investcorp|investcorp credit|investcorp credit management bdc|investcorp credit management bdc, inc."
ICON,Icon Energy Corp,0001995574,XNAS,US,icon|icon energy|icon energy corp
ICRL,"InPoint Commercial Real Estate Income, Inc.",0001690012,OOTC,US,"inpoint|inpoint commercial|inpoint commercial real estate income|inpoint commercial real estate income, inc."
ICRP,"InPoint Commercial Real Estate Income, Inc.",0001690012,OOTC,US,"inpoint|inpoint commercial|inpoint commercial real estate income|inpoint commercial real estate income, inc."
ICTSF,ICTS INTERNATIONAL N V,0001010134,OOTC,US,icts|icts international|icts international n v
ICU,SeaStar Medical Holding Corp,0001831868,XNAS,US,seastar|seastar medical|seastar medical holding corp
ICUCW,SeaStar Medical Holding Corp,0001831868,XNAS,US,seastar|seastar medical|seastar medical holding corp
ICUI,ICU MEDICAL INC/DE,0000883984,XNAS,US,icu|icu medical|icu medical de|icu medical inc/de
IDA,IDACORP INC,0001057877,XNYS,US,idacorp|idacorp inc
IDAI,T Stamp Inc,0001718939,XNAS,US,t stamp|t stamp inc
IDCC,"InterDigital, Inc.",0001405495,XNAS,US,"interdigital|interdigital, inc."
IDE,"Voya Infrastructure, Industrials & Materials Fund",0001417802,XNYS,US,"voya|voya infrastructure|voya infrastructure industrials materials fund|voya infrastructure, industrials & materials fund"
IDEXF,Industria de Diseno Textil Inditex SA / ADR,0001438656,OOTC,US,industria|industria de|industria de diseno textil inditex|industria de diseno textil inditex sa / adr
IDN,"Intellicheck, Inc.",0001040896,XNAS,US,"intellicheck|intellicheck, inc."
IDPUF,IDP Education Ltd./ADR,0002062803,OOTC,US,idp|idp education|idp education ltd./adr
IDR,"Idaho Strategic Resources, Inc.",0001030192,XASE,US,"idaho|idaho strategic|idaho strategic resources|idaho strategic resources, inc."
IDT,IDT CORP,0001005731,XNYS,US,idt|idt corp
IDXG,"INTERPACE BIOSCIENCES, INC.",0001054102,OOTC,US,"interpace|interpace biosciences|interpace biosciences, inc."
IDXMF,IDEX METALS CORP.,0002067171,OOTC,US,idex|idex metals|idex metals corp.
IDXX,IDEXX LABORATORIES INC /DE,0000874716,XNAS,US,idexx|idexx laboratories|idexx laboratories de|idexx laboratories inc /de
IDYA,"IDEAYA Biosciences, Inc.",0001676725,XNAS,US,"ideaya|ideaya biosciences|ideaya biosciences, inc."
IE,Ivanhoe Electric Inc.,0001879016,XASE,US,ivanhoe|ivanhoe electric|ivanhoe electric inc.
IEAG,Infinite Eagle Acquisition Corp.,0002084396,XNAS,US,infinite|infinite eagle|infinite eagle acquisition|infinite eagle acquisition corp.
IEAGR,Infinite Eagle Acquisition Corp.,0002084396,XNAS,US,infinite|infinite eagle|infinite eagle acquisition|infinite eagle acquisition corp.
IEAGU,Infinite Eagle Acquisition Corp.,0002084396,XNAS,US,infinite|infinite eagle|infinite eagle acquisition|infinite eagle acquisition corp.
IEGCF,Independence Gold Corp.,0001537317,OOTC,US,independence|independence gold|independence gold corp.
IEHC,IEH Corp,0000050292,OOTC,US,ieh|ieh corp
IEP,ICAHN ENTERPRISES L.P.,0000813762,XNAS,US,icahn|icahn enterprises|icahn enterprises l.p.
IESC,"IES Holdings, Inc.",0001048268,XNAS,US,"ies|ies holdings, inc."
IEX,IDEX CORP /DE/,0000832101,XNYS,US,idex|idex corp /de/|idex de
IFBD,"Infobird Co., Ltd",0001815566,XNAS,US,"infobird|infobird co., ltd"
IFCNF,Inficon Holding AG/ADR,0002035057,OOTC,US,inficon|inficon holding ag/adr
IFED,UBS AG,0001114446,ARCX,US,ubs|ubs ag
IFF,INTERNATIONAL FLAVORS & FRAGRANCES INC,0000051253,XNYS,US,international|international flavors|international flavors & fragrances inc|international flavors fragrances
IFHLY,Inficon Holding AG/ADR,0002035057,OOTC,US,inficon|inficon holding ag/adr
IFN,"ABERDEEN INDIA FUND, INC.",0000917100,XNYS,US,"aberdeen|aberdeen india|aberdeen india fund|aberdeen india fund, inc."
IFNNF,INFINEON TECHNOLOGIES AG,0001107457,OOTC,US,infineon|infineon technologies|infineon technologies ag
IFNNY,INFINEON TECHNOLOGIES AG,0001107457,OOTC,US,infineon|infineon technologies|infineon technologies ag
IFRX,InflaRx N.V.,0001708688,XNAS,US,inflarx|inflarx n.v.
IFS,Intercorp Financial Services Inc.,0001615903,XNYS,US,intercorp|intercorp financial|intercorp financial services|intercorp financial services inc.
IGA,Voya Global Advantage & Premium Opportunity Fund,0001332943,XNYS,US,voya|voya global|voya global advantage & premium opportunity fund|voya global advantage premium opportunity fund
IGAC,Invest Green Acquisition Corp,0002075068,XNAS,US,invest|invest green|invest green acquisition|invest green acquisition corp
IGACR,Invest Green Acquisition Corp,0002075068,XNAS,US,invest|invest green|invest green acquisition|invest green acquisition corp
IGACU,Invest Green Acquisition Corp,0002075068,XNAS,US,invest|invest green|invest green acquisition|invest green acquisition corp
IGC,"IGC Pharma, Inc.",0001326205,XASE,US,"igc|igc pharma|igc pharma, inc."
IGD,Voya GLOBAL EQUITY DIVIDEND & PREMIUM OPPORTUNITY FUND,0001285890,XNYS,US,voya|voya global|voya global equity dividend & premium opportunity fund|voya global equity dividend premium opportunity fund
IGI,Western Asset Investment Grade Opportunity Trust Inc.,0001462586,XNYS,US,western|western asset|western asset investment grade opportunity|western asset investment grade opportunity trust inc.
IGIC,International General Insurance Holdings Ltd.,0001794338,XNAS,US,international|international general|international general insurance|international general insurance holdings ltd.
IGR,CBRE GLOBAL REAL ESTATE INCOME FUND,0001268884,XNYS,US,cbre|cbre global|cbre global real estate income fund
IGTA,Inception Growth Acquisition Ltd,0001866838,OOTC,US,inception|inception growth|inception growth acquisition|inception growth acquisition ltd
IGTAR,Inception Growth Acquisition Ltd,0001866838,OOTC,US,inception|inception growth|inception growth acquisition|inception growth acquisition ltd
IGTAU,Inception Growth Acquisition Ltd,0001866838,OOTC,US,inception|inception growth|inception growth acquisition|inception growth acquisition ltd
IGTAW,Inception Growth Acquisition Ltd,0001866838,OOTC,US,inception|inception growth|inception growth acquisition|inception growth acquisition ltd
IH,iHuman Inc.,0001814423,XNYS,US,ihuman|ihuman inc.
IHD,Voya Emerging Markets High Dividend Equity Fund,0001496292,XNYS,US,voya|voya emerging|voya emerging markets high dividend equity fund
IHETW,"iHeartMedia, Inc.",0001400891,OOTC,US,"iheartmedia|iheartmedia, inc."
IHG,INTERCONTINENTAL HOTELS GROUP PLC /NEW/,0000858446,XNYS,US,intercontinental|intercontinental hotels|intercontinental hotels group plc /new/|intercontinental hotels new
IHICF,IHI Corporation/ADR,0001567526,OOTC,US,ihi|ihi corporation/adr
IHRT,"iHeartMedia, Inc.",0001400891,XNAS,US,"iheartmedia|iheartmedia, inc."
IHRTB,"iHeartMedia, Inc.",0001400891,OOTC,US,"iheartmedia|iheartmedia, inc."
IHS,IHS Holding Ltd,0001876183,XNYS,US,ihs|ihs holding ltd
IHT,INNSUITES HOSPITALITY TRUST,0000082473,XASE,US,innsuites|innsuites hospitality|innsuites hospitality trust
IIF,"MORGAN STANLEY INDIA INVESTMENT FUND, INC.",0000916618,XNYS,US,"morgan|morgan stanley|morgan stanley india investment fund|morgan stanley india investment fund, inc."
III,Information Services Group Inc.,0001371489,XNAS,US,information|information services|information services group inc.
IIIN,INSTEEL INDUSTRIES INC,0000764401,XNYS,US,insteel|insteel industries|insteel industries inc
IIIV,"i3 Verticals, Inc.",0001728688,XNAS,US,"i3|i3 verticals|i3 verticals, inc."
IIM,Invesco Value Municipal Income Trust,0000885601,XNYS,US,invesco|invesco value|invesco value municipal income|invesco value municipal income trust
IINN,Inspira Technologies OXY B.H.N. Ltd,0001837493,XNAS,US,inspira|inspira technologies|inspira technologies oxy b h n|inspira technologies oxy b.h.n. ltd
IINNW,Inspira Technologies OXY B.H.N. Ltd,0001837493,XNAS,US,inspira|inspira technologies|inspira technologies oxy b h n|inspira technologies oxy b.h.n. ltd
IIPR,INNOVATIVE INDUSTRIAL PROPERTIES INC,0001677576,XNYS,US,innovative|innovative industrial|innovative industrial properties|innovative industrial properties inc
IKT,"Inhibikase Therapeutics, Inc.",0001750149,XNAS,US,"inhibikase|inhibikase therapeutics|inhibikase therapeutics, inc."
ILAG,Intelligent Living Application Group Inc.,0001814963,XNAS,US,intelligent|intelligent living|intelligent living application|intelligent living application group inc.
ILAL,International Land Alliance Inc.,0001657214,OOTC,US,international|international land|international land alliance|international land alliance inc.
ILLMF,illumin Holdings Inc.,0001861233,OOTC,US,illumin|illumin holdings inc.
ILLR,Triller Group Inc.,0001769624,XNAS,US,triller|triller group inc.
ILLRW,Triller Group Inc.,0001769624,XNAS,US,triller|triller group inc.
ILLU,Illumination Acquisition Corp. I,0002101135,XNAS,US,illumination|illumination acquisition|illumination acquisition corp. i|illumination acquisition i
ILLUU,Illumination Acquisition Corp. I,0002101135,XNAS,US,illumination|illumination acquisition|illumination acquisition corp. i|illumination acquisition i
ILLUW,Illumination Acquisition Corp. I,0002101135,XNAS,US,illumination|illumination acquisition|illumination acquisition corp. i|illumination acquisition i
ILMN,"ILLUMINA, INC.",0001110803,XNAS,US,"illumina|illumina, inc."
ILPLF,Island Pharmaceuticals Ltd,0002012855,OOTC,US,island|island pharmaceuticals|island pharmaceuticals ltd
ILPT,Industrial Logistics Properties Trust,0001717307,XNAS,US,industrial|industrial logistics|industrial logistics properties|industrial logistics properties trust
ILST,INTERNATIONAL STAR INC,0001100788,OOTC,US,international|international star|international star inc
ILXP,ECOMINAS CORP.,0001115864,OOTC,US,ecominas|ecominas corp.
IMA,"ImageneBio, Inc.",0001835579,XNAS,US,"imagenebio|imagenebio, inc."
IMAA,IMA Tech,0001980295,OOTC,US,ima|ima tech
IMAQ,International Media Acquisition Corp.,0001846235,OOTC,US,international|international media|international media acquisition|international media acquisition corp.
IMAQR,International Media Acquisition Corp.,0001846235,OOTC,US,international|international media|international media acquisition|international media acquisition corp.
IMAQU,International Media Acquisition Corp.,0001846235,OOTC,US,international|international media|international media acquisition|international media acquisition corp.
IMAQW,International Media Acquisition Corp.,0001846235,OOTC,US,international|international media|international media acquisition|international media acquisition corp.
IMAX,IMAX CORP,0000921582,XNYS,US,imax|imax corp
IMCC,IM Cannabis Corp.,0001792030,XNAS,US,im|im cannabis|im cannabis corp.
IMCR,Immunocore Holdings plc,0001671927,XNAS,US,immunocore|immunocore holdings plc
IMDX,Insight Molecular Diagnostics Inc.,0001642380,XNAS,US,insight|insight molecular|insight molecular diagnostics|insight molecular diagnostics inc.
IMIMF,Interra Copper Corp.,0001866146,OOTC,US,interra|interra copper|interra copper corp.
IMKTA,INGLES MARKETS INC,0000050493,XNAS,US,ingles|ingles markets|ingles markets inc
IMMP,IMMUTEP Ltd,0001506184,XNAS,US,immutep|immutep ltd
IMMR,IMMERSION CORP,0001058811,XNAS,US,immersion|immersion corp
IMMX,"Immix Biopharma, Inc.",0001873835,XNAS,US,"immix|immix biopharma|immix biopharma, inc."
IMNM,Immunome Inc.,0001472012,XNAS,US,immunome|immunome inc.
IMNN,"Imunon, Inc.",0000749647,XNAS,US,"imunon|imunon, inc."
IMO,IMPERIAL OIL LTD,0000049938,XASE,US,imperial|imperial oil|imperial oil ltd
IMOS,CHIPMOS TECHNOLOGIES INC,0001123134,XNAS,US,chipmos|chipmos technologies|chipmos technologies inc
IMPP,Imperial Petroleum Inc./Marshall Islands,0001876581,XNAS,US,imperial|imperial petroleum|imperial petroleum inc./marshall islands|imperial petroleum marshall islands
IMPPP,Imperial Petroleum Inc./Marshall Islands,0001876581,XNAS,US,imperial|imperial petroleum|imperial petroleum inc./marshall islands|imperial petroleum marshall islands
IMRN,Immuron Ltd,0001660046,XNAS,US,immuron|immuron ltd
IMRX,Immuneering Corp,0001790340,XNAS,US,immuneering|immuneering corp
IMSR,Terrestrial Energy Inc. /DE/,0002019804,XNAS,US,terrestrial|terrestrial energy|terrestrial energy de|terrestrial energy inc. /de/
IMSRW,Terrestrial Energy Inc. /DE/,0002019804,XNAS,US,terrestrial|terrestrial energy|terrestrial energy de|terrestrial energy inc. /de/
IMTCF,Intrepid Metals Corp.,0001288268,OOTC,US,intrepid|intrepid metals|intrepid metals corp.
IMTE,Integrated Media Technology Ltd,0001668438,XNAS,US,integrated|integrated media|integrated media technology|integrated media technology ltd
IMTX,Immatics N.V.,0001809196,XNAS,US,immatics|immatics n.v.
IMUX,"IMMUNIC, INC.",0001280776,XNAS,US,"immunic|immunic, inc."
IMVT,"Immunovant, Inc.",0001764013,XNAS,US,"immunovant|immunovant, inc."
IMXI,"International Money Express, Inc.",0001683695,XNAS,US,"international|international money|international money express|international money express, inc."
INAB,"IN8BIO, INC.",0001740279,XNAS,US,"in8bio|in8bio, inc."
INAC,Indigo Acquisition Corp.,0002063816,XNAS,US,indigo|indigo acquisition|indigo acquisition corp.
INACR,Indigo Acquisition Corp.,0002063816,XNAS,US,indigo|indigo acquisition|indigo acquisition corp.
INACU,Indigo Acquisition Corp.,0002063816,XNAS,US,indigo|indigo acquisition|indigo acquisition corp.
INBK,First Internet Bancorp,0001562463,XNAS,US,first|first internet|first internet bancorp
INBKZ,First Internet Bancorp,0001562463,XNAS,US,first|first internet|first internet bancorp
INBP,INTEGRATED BIOPHARMA INC,0001016504,OOTC,US,integrated|integrated biopharma|integrated biopharma inc
INBS,INTELLIGENT BIO SOLUTIONS INC.,0001725430,XNAS,US,intelligent|intelligent bio|intelligent bio solutions|intelligent bio solutions inc.
INBX,"Inhibrx Biosciences, Inc.",0002007919,XNAS,US,"inhibrx|inhibrx biosciences|inhibrx biosciences, inc."
INCR,Intercure Ltd.,0001857030,XNAS,US,intercure|intercure ltd.
INCY,INCYTE CORP,0000879169,XNAS,US,incyte|incyte corp
INDB,INDEPENDENT BANK CORP,0000776901,XNAS,US,independent|independent bank|independent bank corp
INDI,"indie Semiconductor, Inc.",0001841925,XNAS,US,"indie|indie semiconductor|indie semiconductor, inc."
INDO,Indonesia Energy Corp Ltd,0001757840,XASE,US,indonesia|indonesia energy|indonesia energy corp ltd
INDP,"Indaptus Therapeutics, Inc.",0001857044,XNAS,US,"indaptus|indaptus therapeutics|indaptus therapeutics, inc."
INDV,"Indivior Pharmaceuticals, Inc.",0001625297,XNAS,US,"indivior|indivior pharmaceuticals|indivior pharmaceuticals, inc."
INEO,INNEOVA Holdings Ltd,0001933951,XNAS,US,inneova|inneova holdings ltd
INFQ,"Infleqtion, Inc.",0002007825,XNYS,US,"infleqtion|infleqtion, inc."
INFU,"InfuSystem Holdings, Inc",0001337013,XASE,US,"infusystem|infusystem holdings, inc"
INFY,Infosys Ltd,0001067491,XNYS,US,infosys|infosys ltd
ING,ING GROEP NV,0001039765,XNYS,US,ing|ing groep|ing groep nv
INGM,Ingram Micro Holding Corp,0001897762,XNYS,US,ingram|ingram micro|ingram micro holding corp
INGN,Inogen Inc,0001294133,XNAS,US,inogen|inogen inc
INGR,Ingredion Inc,0001046257,XNYS,US,ingredion|ingredion inc
INGVF,ING GROEP NV,0001039765,OOTC,US,ing|ing groep|ing groep nv
INHD,INNO HOLDINGS INC.,0001961847,XNAS,US,inno|inno holdings inc.
INIKF,PopReach Corp,0001928722,OOTC,US,popreach|popreach corp
INIS,RADNOSTIX INC,0001038277,OOTC,US,radnostix|radnostix inc
INKT,"MiNK Therapeutics, Inc.",0001840229,XNAS,US,"mink|mink therapeutics|mink therapeutics, inc."
INKW,"Greene Concepts, Inc",0001585380,OOTC,US,"greene|greene concepts|greene concepts, inc"
INLF,INLIF Ltd,0001991592,XNAS,US,inlif|inlif ltd
INLX,"INTELLINETICS, INC.",0001081745,XASE,US,"intellinetics|intellinetics, inc."
INM,InMed Pharmaceuticals Inc.,0001728328,XNAS,US,inmed|inmed pharmaceuticals|inmed pharmaceuticals inc.
INMB,"Inmune Bio, Inc.",0001711754,XNAS,US,"inmune|inmune bio|inmune bio, inc."
INMD,InMode Ltd.,0001742692,XNAS,US,inmode|inmode ltd.
INN,"Summit Hotel Properties, Inc.",0001497645,XNYS,US,"summit|summit hotel|summit hotel properties|summit hotel properties, inc."
INNI,"Innovaro, Inc.",0001098482,OOTC,US,"innovaro|innovaro, inc."
INNPF,INNOCAN PHARMA Corp,0001889791,OOTC,US,innocan|innocan pharma|innocan pharma corp
INNV,InnovAge Holding Corp.,0001834376,XNAS,US,innovage|innovage holding corp.
INO,"INOVIO PHARMACEUTICALS, INC.",0001055726,XNAS,US,"inovio|inovio pharmaceuticals|inovio pharmaceuticals, inc."
INOD,INNODATA INC,0000903651,XNAS,US,innodata|innodata inc
INPAP,INTERNATIONAL PAPER CO /NEW/,0000051434,OOTC,US,international|international paper|international paper co /new/|international paper new
INPOF,InPost S.A./ADR,0001848826,OOTC,US,inpost|inpost s.a./adr
INR,"INFINITY NATURAL RESOURCES, INC.",0002029118,XNYS,US,"infinity|infinity natural|infinity natural resources|infinity natural resources, inc."
INRE,"Inland Real Estate Income Trust, Inc.",0001528985,OOTC,US,"inland|inland real|inland real estate income|inland real estate income trust, inc."
INSE,"Inspired Entertainment, Inc.",0001615063,XNAS,US,"inspired|inspired entertainment|inspired entertainment, inc."
INSG,INSEEGO CORP.,0001022652,XNAS,US,inseego|inseego corp.
INSM,INSMED Inc,0001104506,XNAS,US,insmed|insmed inc
INSP,"Inspire Medical Systems, Inc.",0001609550,XNYS,US,"inspire|inspire medical|inspire medical systems|inspire medical systems, inc."
INSW,"International Seaways, Inc.",0001679049,XNYS,US,"international|international seaways|international seaways, inc."
INTA,"Intapp, Inc.",0001565687,XNAS,US,"intapp|intapp, inc."
INTC,INTEL CORP,0000050863,XNAS,US,intel|intel corp
INTG,INTERGROUP CORP,0000069422,XNAS,US,intergroup|intergroup corp
INTI,"Inhibitor Therapeutics, Inc.",0001042418,OOTC,US,"inhibitor|inhibitor therapeutics|inhibitor therapeutics, inc."
INTJ,Intelligent Group Ltd,0001916416,XNAS,US,intelligent|intelligent group ltd
INTR,"Inter & Co, Inc.",0001864163,XNAS,US,"inter|inter & co, inc."
INTS,"INTENSITY THERAPEUTICS, INC.",0001567264,XNAS,US,"intensity|intensity therapeutics|intensity therapeutics, inc."
INTT,INTEST CORP,0001036262,XASE,US,intest|intest corp
INTU,INTUIT INC.,0000896878,XNAS,US,intuit|intuit inc.
INTZ,INTRUSION INC,0000736012,XNAS,US,intrusion|intrusion inc
INUV,"Inuvo, Inc.",0000829323,XASE,US,"inuvo|inuvo, inc."
INV,"Innventure, Inc.",0002001557,XNAS,US,"innventure|innventure, inc."
INVA,"Innoviva, Inc.",0001080014,XNAS,US,"innoviva|innoviva, inc."
INVE,"Identiv, Inc.",0001036044,XNAS,US,"identiv|identiv, inc."
INVH,Invitation Homes Inc.,0001687229,XNYS,US,invitation|invitation homes|invitation homes inc.
INVLW,"Innventure, Inc.",0002001557,OOTC,US,"innventure|innventure, inc."
INVU,"Investview, Inc.",0000862651,OOTC,US,"investview|investview, inc."
INVUP,"Investview, Inc.",0000862651,OOTC,US,"investview|investview, inc."
INVX,"Innovex International, Inc.",0001042893,XNYS,US,"innovex|innovex international|innovex international, inc."
INVZ,Innoviz Technologies Ltd.,0001835654,XNAS,US,innoviz|innoviz technologies|innoviz technologies ltd.
IOBTQ,"IO Biotech, Inc.",0001865494,OOTC,US,"io|io biotech|io biotech, inc."
IONI,I-ON Digital Corp.,0001580490,OOTC,US,i on|i on digital|i-on digital corp.
IONQ,"IonQ, Inc.",0001824920,XNYS,US,"ionq|ionq, inc."
IONR,ioneer Ltd,0001896084,XNAS,US,ioneer|ioneer ltd
IONS,IONIS PHARMACEUTICALS INC,0000874015,XNAS,US,ionis|ionis pharmaceuticals|ionis pharmaceuticals inc
IOR,INCOME OPPORTUNITY REALTY INVESTORS INC /TX/,0000949961,XASE,US,income|income opportunity|income opportunity realty investors inc /tx/|income opportunity realty investors tx
IOSP,INNOSPEC INC.,0001054905,XNAS,US,innospec|innospec inc.
IOT,Samsara Inc.,0001642896,XNYS,US,samsara|samsara inc.
IOTR,iOThree Ltd,0001997637,XNAS,US,iothree|iothree ltd
IOVA,"IOVANCE BIOTHERAPEUTICS, INC.",0001425205,XNAS,US,"iovance|iovance biotherapeutics|iovance biotherapeutics, inc."
IP,INTERNATIONAL PAPER CO /NEW/,0000051434,XNYS,US,international|international paper|international paper co /new/|international paper new
IPAR,INTERPARFUMS INC,0000822663,XNAS,US,interparfums|interparfums inc
IPB,MERRILL LYNCH DEPOSITOR INC INDEXPLUS TRUST SERIES 2003-1,0001267332,XNYS,US,merrill|merrill lynch|merrill lynch depositor inc indexplus trust series 2003-1|merrill lynch depositor indexplus series 2003 1
IPCX,Inflection Point Acquisition Corp. III,0002012318,XNAS,US,inflection|inflection point|inflection point acquisition corp. iii|inflection point acquisition iii
IPCXR,Inflection Point Acquisition Corp. III,0002012318,XNAS,US,inflection|inflection point|inflection point acquisition corp. iii|inflection point acquisition iii
IPCXU,Inflection Point Acquisition Corp. III,0002012318,XNAS,US,inflection|inflection point|inflection point acquisition corp. iii|inflection point acquisition iii
IPDN,"Professional Diversity Network, Inc.",0001546296,XNAS,US,"professional|professional diversity|professional diversity network|professional diversity network, inc."
IPEX,Inflection Point Acquisition Corp. V,0002028355,XNAS,US,inflection|inflection point|inflection point acquisition corp. v|inflection point acquisition v
IPEXR,Inflection Point Acquisition Corp. V,0002028355,XNAS,US,inflection|inflection point|inflection point acquisition corp. v|inflection point acquisition v
IPEXU,Inflection Point Acquisition Corp. V,0002028355,XNAS,US,inflection|inflection point|inflection point acquisition corp. v|inflection point acquisition v
IPFX,Inflection Point Acquisition Corp. VI,0002102041,XNAS,US,inflection|inflection point|inflection point acquisition corp. vi|inflection point acquisition vi
IPFXU,Inflection Point Acquisition Corp. VI,0002102041,XNAS,US,inflection|inflection point|inflection point acquisition corp. vi|inflection point acquisition vi
IPGP,IPG PHOTONICS CORP,0001111928,XNAS,US,ipg|ipg photonics|ipg photonics corp
IPHA,Innate Pharma SA,0001598599,XNAS,US,innate|innate pharma|innate pharma sa
IPHYF,Innate Pharma SA,0001598599,OOTC,US,innate|innate pharma|innate pharma sa
IPI,"Intrepid Potash, Inc.",0001421461,XNYS,US,"intrepid|intrepid potash|intrepid potash, inc."
IPM,INTELLIGENT PROTECTION MANAGEMENT CORP.,0001355839,XNAS,US,intelligent|intelligent protection|intelligent protection management|intelligent protection management corp.
IPOD,COLLECTIVE ACQUISITION CORP.,0002041047,XNAS,US,collective|collective acquisition|collective acquisition corp.
IPODU,COLLECTIVE ACQUISITION CORP.,0002041047,XNAS,US,collective|collective acquisition|collective acquisition corp.
IPODW,COLLECTIVE ACQUISITION CORP.,0002041047,XNAS,US,collective|collective acquisition|collective acquisition corp.
IPSAY,IPSOS/ADR,0001582820,OOTC,US,ipsos|ipsos/adr
IPSC,"Century Therapeutics, Inc.",0001850119,XNAS,US,"century|century therapeutics|century therapeutics, inc."
IPSI,"Innovative Payment Solutions, Inc.",0001591913,OOTC,US,"innovative|innovative payment|innovative payment solutions|innovative payment solutions, inc."
IPSOF,IPSOS/ADR,0001582820,OOTC,US,ipsos|ipsos/adr
IPST,"IP STRATEGY HOLDINGS, INC.",0001788230,XNAS,US,"ip|ip strategy|ip strategy holdings, inc."
IPTND,IMPACT ANALYTICS INC.,0001680513,OOTC,US,impact|impact analytics|impact analytics inc.
IPW,iPower Inc.,0001830072,XNAS,US,ipower|ipower inc.
IPWR,Ideal Power Inc.,0001507957,XNAS,US,ideal|ideal power|ideal power inc.
IPX,IPERIONX Ltd,0001898601,XNAS,US,iperionx|iperionx ltd
IQ,"iQIYI, Inc.",0001722608,XNAS,US,"iqiyi|iqiyi, inc."
IQEPF,IQE PLC/ADR,0001550405,OOTC,US,iqe|iqe plc/adr
IQI,Invesco Quality Municipal Income Trust,0000885125,XNYS,US,invesco|invesco quality|invesco quality municipal income|invesco quality municipal income trust
IQST,iQSTEL Inc,0001527702,XNAS,US,iqstel|iqstel inc
IQV,IQVIA HOLDINGS INC.,0001478242,XNYS,US,iqvia|iqvia holdings inc.
IR,Ingersoll Rand Inc.,0001699150,XNYS,US,ingersoll|ingersoll rand|ingersoll rand inc.
IRAB,Iris Acquisition Corp II,0002077785,XNYS,US,iris|iris acquisition|iris acquisition corp ii|iris acquisition ii
IRD,"Opus Genetics, Inc.",0001228627,XNAS,US,"opus|opus genetics|opus genetics, inc."
IRDM,Iridium Communications Inc.,0001418819,XNAS,US,iridium|iridium communications|iridium communications inc.
IREN,IREN Ltd,0001878848,XNAS,US,iren|iren ltd
IRHO,Iron Horse Acquisition II Corp.,0002051985,XNAS,US,iron|iron horse|iron horse acquisition ii|iron horse acquisition ii corp.
IRHOR,Iron Horse Acquisition II Corp.,0002051985,XNAS,US,iron|iron horse|iron horse acquisition ii|iron horse acquisition ii corp.
IRHOU,Iron Horse Acquisition II Corp.,0002051985,XNAS,US,iron|iron horse|iron horse acquisition ii|iron horse acquisition ii corp.
IRIX,IRIDEX CORP,0001006045,XNAS,US,iridex|iridex corp
IRM,IRON MOUNTAIN INC,0001020569,XNYS,US,iron|iron mountain|iron mountain inc
IRMD,IRADIMED CORP,0001325618,XNAS,US,iradimed|iradimed corp
IRON,"Disc Medicine, Inc.",0001816736,XNAS,US,"disc|disc medicine|disc medicine, inc."
IRS,IRSA INVESTMENTS & REPRESENTATIONS INC,0000933267,XNYS,US,irsa|irsa investments|irsa investments & representations inc|irsa investments representations
IRT,"INDEPENDENCE REALTY TRUST, INC.",0001466085,XNYS,US,"independence|independence realty|independence realty trust, inc."
IRTC,"iRhythm Holdings, Inc.",0001388658,XNAS,US,"irhythm|irhythm holdings, inc."
IRVRF,Irving Resources Inc.,0001666782,OOTC,US,irving|irving resources|irving resources inc.
IRWD,IRONWOOD PHARMACEUTICALS INC,0001446847,XNAS,US,ironwood|ironwood pharmaceuticals|ironwood pharmaceuticals inc
ISADY,ISS A/S / ADR,0001608401,OOTC,US,iss|iss a|iss a s|iss a/s / adr
ISBA,ISABELLA BANK CORP,0000842517,XNAS,US,isabella|isabella bank|isabella bank corp
ISCO,International Stem Cell CORP,0001355790,OOTC,US,international|international stem|international stem cell|international stem cell corp
ISD,"PGIM High Yield Bond Fund, Inc.",0001534880,XNYS,US,"pgim|pgim high|pgim high yield bond fund|pgim high yield bond fund, inc."
ISFFF,ISS A/S / ADR,0001608401,OOTC,US,iss|iss a|iss a s|iss a/s / adr
ISLUF,Israel Acquisitions Corp,0001915328,OOTC,US,israel|israel acquisitions|israel acquisitions corp
ISLWF,Israel Acquisitions Corp,0001915328,OOTC,US,israel|israel acquisitions|israel acquisitions corp
ISMCF,iShares S&P GSCI Commodity-Indexed Trust,0001332174,OOTC,US,ishares|ishares s|ishares s p gsci commodity indexed|ishares s&p gsci commodity-indexed trust
ISOU,IsoEnergy Ltd.,0001997377,XASE,US,isoenergy|isoenergy ltd.
ISPC,iSpecimen Inc.,0001558569,XNAS,US,ispecimen|ispecimen inc.
ISPR,Ispire Technology Inc.,0001948455,XNAS,US,ispire|ispire technology|ispire technology inc.
ISRG,INTUITIVE SURGICAL INC,0001035267,XNAS,US,intuitive|intuitive surgical|intuitive surgical inc
ISRLF,Israel Acquisitions Corp,0001915328,OOTC,US,israel|israel acquisitions|israel acquisitions corp
ISSC,INNOVATIVE SOLUTIONS & SUPPORT INC,0000836690,XNAS,US,innovative|innovative solutions|innovative solutions & support inc|innovative solutions support
ISTKF,Intellistake Technologies Corp.,0001678748,OOTC,US,intellistake|intellistake technologies|intellistake technologies corp.
ISTR,Investar Holding Corp,0001602658,XNAS,US,investar|investar holding corp
IT,GARTNER INC,0000749251,XNYS,US,gartner|gartner inc
ITGR,Integer Holdings Corp,0001114483,XNYS,US,integer|integer holdings corp
ITHA,ITHAX Acquisition Corp III,0002080985,XNAS,US,ithax|ithax acquisition|ithax acquisition corp iii|ithax acquisition iii
ITHAU,ITHAX Acquisition Corp III,0002080985,XNAS,US,ithax|ithax acquisition|ithax acquisition corp iii|ithax acquisition iii
ITHAW,ITHAX Acquisition Corp III,0002080985,XNAS,US,ithax|ithax acquisition|ithax acquisition corp iii|ithax acquisition iii
ITHR,"Intelithrive, Inc.",0001919191,OOTC,US,"intelithrive|intelithrive, inc."
ITHUF,"iANTHUS CAPITAL HOLDINGS, INC.",0001643154,OOTC,US,"ianthus|ianthus capital|ianthus capital holdings, inc."
ITIC,INVESTORS TITLE CO,0000720858,XNAS,US,investors|investors title|investors title co
ITMSF,INTERMAP TECHNOLOGIES CORP,0001285170,OOTC,US,intermap|intermap technologies|intermap technologies corp
ITOC,iTonic Holdings Ltd,0001970544,XNAS,US,itonic|itonic holdings ltd
ITOCF,ITOCHU CORP,0000355363,OOTC,US,itochu|itochu corp
ITOX,"IIOT-OXYS, Inc.",0001290658,OOTC,US,"iiot|iiot oxys|iiot-oxys, inc."
ITP,"IT TECH PACKAGING, INC.",0001358190,XASE,US,"it|it tech|it tech packaging|it tech packaging, inc."
ITRE,"IntriEnergy, Inc.",0001861448,OOTC,US,"intrienergy|intrienergy, inc."
ITRG,Integra Resources Corp.,0001722387,XASE,US,integra|integra resources|integra resources corp.
ITRI,"ITRON, INC.",0000780571,XNAS,US,"itron|itron, inc."
ITRMF,Iterum Therapeutics plc,0001659323,OOTC,US,iterum|iterum therapeutics|iterum therapeutics plc
ITRN,Ituran Location & Control Ltd.,0001337117,XNAS,US,ituran|ituran location|ituran location & control ltd.|ituran location control
ITT,ITT INC.,0000216228,XNYS,US,itt|itt inc.
ITUB,Itau Unibanco Holding S.A.,0001132597,XNYS,US,itau|itau unibanco|itau unibanco holding s.a.
ITW,ILLINOIS TOOL WORKS INC,0000049826,XNYS,US,illinois|illinois tool|illinois tool works|illinois tool works inc
ITXP,"Independence Power Holdings, Inc.",0002025878,OOTC,US,"independence|independence power|independence power holdings, inc."
IVA,Inventiva S.A.,0001756594,XNAS,US,inventiva|inventiva s.a.
IVBXF,Innovent Biologics Inc/ADR,0001774163,OOTC,US,innovent|innovent biologics|innovent biologics inc/adr
IVDA,"Iveda Solutions, Inc.",0001397183,XNAS,US,"iveda|iveda solutions|iveda solutions, inc."
IVDAW,"Iveda Solutions, Inc.",0001397183,XNAS,US,"iveda|iveda solutions|iveda solutions, inc."
IVDN,INNOVATIVE DESIGNS INC,0001190370,OOTC,US,innovative|innovative designs|innovative designs inc
IVEVF,Inventiva S.A.,0001756594,OOTC,US,inventiva|inventiva s.a.
IVF,"INVO Fertility, Inc.",0001417926,XNAS,US,"invo|invo fertility|invo fertility, inc."
IVFH,INNOVATIVE FOOD HOLDINGS INC,0000312257,OOTC,US,innovative|innovative food|innovative food holdings inc
IVHI,"Invech Holdings, Inc.",0001009919,OOTC,US,"invech|invech holdings, inc."
IVPR,"INSPIRE VETERINARY PARTNERS, INC.",0001939365,OOTC,US,"inspire|inspire veterinary|inspire veterinary partners|inspire veterinary partners, inc."
IVR,Invesco Mortgage Capital Inc.,0001437071,XNYS,US,invesco|invesco mortgage|invesco mortgage capital|invesco mortgage capital inc.
IVT,InvenTrust Properties Corp.,0001307748,XNYS,US,inventrust|inventrust properties|inventrust properties corp.
IVVD,"Invivyd, Inc.",0001832038,XNAS,US,"invivyd|invivyd, inc."
IVZ,Invesco Ltd.,0000914208,XNYS,US,invesco|invesco ltd.
IWAL,iWallet Corp,0001498372,OOTC,US,iwallet|iwallet corp
IWDL,UBS AG,0001114446,ARCX,US,ubs|ubs ag
IWFL,UBS AG,0001114446,ARCX,US,ubs|ubs ag
IWML,UBS AG,0001114446,ARCX,US,ubs|ubs ag
IWSH,"Wright Investors Service Holdings, Inc.",0001279715,OOTC,US,"wright|wright investors|wright investors service|wright investors service holdings, inc."
IX,ORIX CORP,0001070304,XNYS,US,orix|orix corp
IXAQF,IX Acquisition Corp.,0001852019,OOTC,US,ix|ix acquisition|ix acquisition corp.
IXHL,Incannex Healthcare Inc.,0001873875,XNAS,US,incannex|incannex healthcare|incannex healthcare inc.
IXQUF,IX Acquisition Corp.,0001852019,OOTC,US,ix|ix acquisition|ix acquisition corp.
IXQWF,IX Acquisition Corp.,0001852019,OOTC,US,ix|ix acquisition|ix acquisition corp.
IZEA,"IZEA Worldwide, Inc.",0001495231,XNAS,US,"izea|izea worldwide|izea worldwide, inc."
IZM,ICZOOM Group Inc.,0001854572,XNAS,US,iczoom|iczoom group inc.
J,JACOBS SOLUTIONS INC.,0000052988,XNYS,US,jacobs|jacobs solutions|jacobs solutions inc.
JACK,JACK IN THE BOX INC,0000807882,XNAS,US,jack|jack in|jack in box|jack in the box inc
JACS,Jackson Acquisition Co II,0002039058,XNYS,US,jackson|jackson acquisition|jackson acquisition co ii|jackson acquisition ii
JAGU,Jaguar Uranium Corp.,0002039273,XASE,US,jaguar|jaguar uranium|jaguar uranium corp.
JAGX,"Jaguar Health, Inc.",0001585608,XNAS,US,"jaguar|jaguar health|jaguar health, inc."
JAKK,JAKKS PACIFIC INC,0001009829,XNAS,US,jakks|jakks pacific|jakks pacific inc
JAN,"Janus Living, Inc.",0002100805,XNYS,US,"janus|janus living|janus living, inc."
JANL,JANEL CORP,0001133062,OOTC,US,janel|janel corp
JANX,"Janux Therapeutics, Inc.",0001817713,XNAS,US,"janux|janux therapeutics|janux therapeutics, inc."
JATT,JATT II Acquisition Corp.,0002112446,XNAS,US,jatt|jatt ii|jatt ii acquisition|jatt ii acquisition corp.
JAZZ,Jazz Pharmaceuticals plc,0001232524,XNAS,US,jazz|jazz pharmaceuticals|jazz pharmaceuticals plc
JBDI,JBDI Holdings Ltd,0001964314,XNAS,US,jbdi|jbdi holdings ltd
JBGS,JBG SMITH Properties,0001689796,XNYS,US,jbg|jbg smith|jbg smith properties
JBHIF,JB Hi-Fi Limited/ADR,0001643198,OOTC,US,jb|jb hi|jb hi fi|jb hi-fi limited/adr
JBHT,HUNT J B TRANSPORT SERVICES INC,0000728535,XNAS,US,hunt|hunt j|hunt j b transport services|hunt j b transport services inc
JBI,"Janus International Group, Inc.",0001839839,XNYS,US,"janus|janus international|janus international group, inc."
JBIO,"Jade Biosciences, Inc.",0001798749,XNAS,US,"jade|jade biosciences|jade biosciences, inc."
JBK,LEHMAN ABS CORP GOLDMAN SACHS CAP 1 SEC BACKED SER 2004-6,0001284143,XNYS,US,lehman|lehman abs|lehman abs corp goldman sachs cap 1 sec backed ser 2004-6|lehman abs goldman sachs cap 1 sec backed ser 2004 6
JBL,JABIL INC,0000898293,XNYS,US,jabil|jabil inc
JBLU,JETBLUE AIRWAYS CORP,0001158463,XNAS,US,jetblue|jetblue airways|jetblue airways corp
JBS,JBS N.V.,0001791942,XNYS,US,jbs|jbs n.v.
JBSS,SANFILIPPO JOHN B & SON INC,0000880117,XNAS,US,sanfilippo|sanfilippo john|sanfilippo john b & son inc|sanfilippo john b son
JBTM,JBT MAREL Corp,0001433660,XNYS,US,jbt|jbt marel|jbt marel corp
JCAP,"Jefferson Capital, Inc. / DE",0002046042,XNAS,US,"jefferson|jefferson capital|jefferson capital de|jefferson capital, inc. / de"
JCE,Nuveen Core Equity Alpha Fund,0001385763,XNYS,US,nuveen|nuveen core|nuveen core equity alpha fund
JCI,Johnson Controls International plc,0000833444,XNYS,US,johnson|johnson controls|johnson controls international|johnson controls international plc
JCSE,JE Cleantech Holdings Ltd,0001905511,XNAS,US,je|je cleantech|je cleantech holdings ltd
JCTC,JEWETT CAMERON TRADING CO LTD,0000885307,XNAS,US,jewett|jewett cameron|jewett cameron trading|jewett cameron trading co ltd
JD,"JD.com, Inc.",0001549802,XNAS,US,"jd|jd com|jd.com, inc."
JDCMF,"JD.com, Inc.",0001549802,OOTC,US,"jd|jd com|jd.com, inc."
JDZG,JIADE Ltd,0001976908,XNAS,US,jiade|jiade ltd
JEF,Jefferies Financial Group Inc.,0000096223,XNYS,US,jefferies|jefferies financial|jefferies financial group inc.
JELD,"JELD-WEN Holding, Inc.",0001674335,XNYS,US,"jeld|jeld wen|jeld-wen holding, inc."
JELLF,JEOL LTD/ADR,0002089509,OOTC,US,jeol|jeol ltd/adr
JEM,707 Cayman Holdings Ltd.,0002018222,XNAS,US,707|707 cayman|707 cayman holdings ltd.
JENA,JENA ACQUISITION Corp II,0002060337,XNYS,US,jena|jena acquisition|jena acquisition corp ii|jena acquisition ii
JETBF,Global Crossing Airlines Group Inc.,0001846084,OOTC,US,global|global crossing|global crossing airlines|global crossing airlines group inc.
JETD,BANK OF MONTREAL /CAN/,0000927971,ARCX,US,bank|bank of|bank of montreal /can/|bank of montreal can
JETMF,Global Crossing Airlines Group Inc.,0001846084,OOTC,US,global|global crossing|global crossing airlines|global crossing airlines group inc.
JETU,BANK OF MONTREAL /CAN/,0000927971,ARCX,US,bank|bank of|bank of montreal /can/|bank of montreal can
JF,J & Friends Holdings Ltd,0001716338,XNAS,US,j & friends holdings ltd|j friends
JFB,JFB Construction Holdings,0002024306,XNAS,US,jfb|jfb construction|jfb construction holdings
JFIL,"Jubilant Flame International, Ltd",0001517389,OOTC,US,"jubilant|jubilant flame|jubilant flame international|jubilant flame international, ltd"
JFIN,Jiayin Group Inc.,0001743102,XNAS,US,jiayin|jiayin group inc.
JFR,NUVEEN FLOATING RATE INCOME FUND,0001276533,XNYS,US,nuveen|nuveen floating|nuveen floating rate income fund
JFU,9F Inc.,0001619544,XNAS,US,9f|9f inc.
JG,Aurora Mobile Ltd,0001737339,XNAS,US,aurora|aurora mobile|aurora mobile ltd
JGH,Nuveen Global High Income Fund,0001615905,XNYS,US,nuveen|nuveen global|nuveen global high income fund
JGLDF,Japan Gold Corp.,0001686000,OOTC,US,japan|japan gold|japan gold corp.
JGSHF,"JG Summit Holdings, Inc./ADR",0001567172,OOTC,US,"jg|jg summit|jg summit holdings, inc./adr"
JHG,JANUS HENDERSON GROUP PLC,0001274173,XNYS,US,janus|janus henderson|janus henderson group plc
JHI,JOHN HANCOCK INVESTORS TRUST,0000759828,XNYS,US,john|john hancock|john hancock investors|john hancock investors trust
JHIUF,James Hardie Industries plc,0001159152,OOTC,US,james|james hardie|james hardie industries|james hardie industries plc
JHPCY,"Jiangsu Hengrui Pharmaceuticals Co., Ltd./ADR",0002071868,OOTC,US,"jiangsu|jiangsu hengrui|jiangsu hengrui pharmaceuticals|jiangsu hengrui pharmaceuticals co., ltd./adr"
JHS,JOHN HANCOCK INCOME SECURITIES TRUST,0000759866,XNYS,US,john|john hancock|john hancock income securities|john hancock income securities trust
JHX,James Hardie Industries plc,0001159152,XNYS,US,james|james hardie|james hardie industries|james hardie industries plc
JILL,"J.Jill, Inc.",0001687932,XNYS,US,"j jill|j.jill, inc."
JJETF,BARCLAYS BANK PLC,0000312070,OOTC,US,barclays|barclays bank|barclays bank plc
JJSF,J&J SNACK FOODS CORP,0000785956,XNAS,US,j j|j j snack foods|j&j snack foods corp
JKHY,JACK HENRY & ASSOCIATES INC,0000779152,XNAS,US,jack|jack henry|jack henry & associates inc|jack henry associates
JKS,"JinkoSolar Holding Co., Ltd.",0001481513,XNYS,US,"jinkosolar|jinkosolar holding co., ltd."
JL,J-Long Group Ltd,0001948436,XNAS,US,j long|j-long group ltd
JLHL,Julong Holding Ltd,0002007846,XNAS,US,julong|julong holding ltd
JLL,JONES LANG LASALLE INC,0001037976,XNYS,US,jones|jones lang|jones lang lasalle|jones lang lasalle inc
JLS,Nuveen Mortgage & Income Fund/MA/,0001472215,XNYS,US,nuveen|nuveen mortgage|nuveen mortgage & income fund/ma/|nuveen mortgage income fund ma
JMG,JM Group Ltd,0002049717,XASE,US,jm|jm group ltd
JMIA,Jumia Technologies AG,0001756708,XNYS,US,jumia|jumia technologies|jumia technologies ag
JMM,Nuveen Multi-Market Income Fund,0000838131,XNYS,US,nuveen|nuveen multi|nuveen multi market income fund|nuveen multi-market income fund
JMSB,"John Marshall Bancorp, Inc.",0001710482,XNAS,US,"john|john marshall|john marshall bancorp|john marshall bancorp, inc."
JNGHF,"Jiangsu Hengrui Pharmaceuticals Co., Ltd./ADR",0002071868,OOTC,US,"jiangsu|jiangsu hengrui|jiangsu hengrui pharmaceuticals|jiangsu hengrui pharmaceuticals co., ltd./adr"
JNJ,JOHNSON & JOHNSON,0000200406,XNYS,US,johnson|johnson & johnson|johnson johnson
JOB,GEE Group Inc.,0000040570,XASE,US,gee|gee group inc.
JOBY,"Joby Aviation, Inc.",0001819848,XNYS,US,"joby|joby aviation|joby aviation, inc."
JOCM,JOCOM HOLDINGS CORP.,0001907425,OOTC,US,jocom|jocom holdings corp.
JOE,ST JOE Co,0000745308,XNYS,US,st|st joe|st joe co
JOF,JAPAN SMALLER CAPITALIZATION FUND INC,0000859796,XNYS,US,japan|japan smaller|japan smaller capitalization fund|japan smaller capitalization fund inc
JOUT,JOHNSON OUTDOORS INC,0000788329,XNAS,US,johnson|johnson outdoors|johnson outdoors inc
JOYY,JOYY Inc.,0001530238,XNAS,US,joyy|joyy inc.
JPC,Nuveen Preferred & Income Opportunities Fund,0001216583,XNYS,US,nuveen|nuveen preferred|nuveen preferred & income opportunities fund|nuveen preferred income opportunities fund
JPM,JPMORGAN CHASE & CO,0000019617,XNYS,US,jpmorgan|jpmorgan chase|jpmorgan chase & co
JPOTF,Jackpot Digital Inc.,0001061612,OOTC,US,jackpot|jackpot digital|jackpot digital inc.
JPSTF,"Japan Post Bank Co., Ltd.",0001659576,OOTC,US,"japan|japan post|japan post bank|japan post bank co., ltd."
JQC,Nuveen Credit Strategies Income Fund,0001227476,XNYS,US,nuveen|nuveen credit|nuveen credit strategies income fund
JRI,Nuveen Real Asset Income & Growth Fund,0001539337,XNYS,US,nuveen|nuveen real|nuveen real asset income & growth fund|nuveen real asset income growth fund
JRS,NUVEEN REAL ESTATE INCOME FUND,0001158289,XNYS,US,nuveen|nuveen real|nuveen real estate income fund
JRSH,"Jerash Holdings (US), Inc.",0001696558,XNAS,US,"jerash|jerash holdings (us), inc.|jerash us"
JRSS,JRSIS HEALTH CARE Corp,0001597892,OOTC,US,jrsis|jrsis health|jrsis health care|jrsis health care corp
JRVR,"James River Group Holdings, Inc.",0001620459,XNAS,US,"james|james river|james river group holdings, inc."
JSDA,JONES SODA CO.,0001083522,OOTC,US,jones|jones soda|jones soda co.
JSM,NAVIENT CORP,0001593538,XNAS,US,navient|navient corp
JSPR,"Jasper Therapeutics, Inc.",0001788028,XNAS,US,"jasper|jasper therapeutics|jasper therapeutics, inc."
JSPRW,"Jasper Therapeutics, Inc.",0001788028,XNAS,US,"jasper|jasper therapeutics|jasper therapeutics, inc."
JTAI,Jet.AI Inc.,0001861622,XNAS,US,jet|jet ai|jet.ai inc.
JTGEY,"Citibank,N.A./ADR",0001472033,OOTC,US,"citibank|citibank n|citibank n a|citibank,n.a./adr"
JTGLF,"Citibank,N.A./ADR",0001472033,OOTC,US,"citibank|citibank n|citibank n a|citibank,n.a./adr"
JUNS,"JUPITER NEUROSCIENCES, INC.",0001679628,XNAS,US,"jupiter|jupiter neurosciences|jupiter neurosciences, inc."
JUSHF,Jushi Holdings Inc.,0001909747,OOTC,US,jushi|jushi holdings inc.
JUVF,JUNIATA VALLEY FINANCIAL CORP,0000714712,OOTC,US,juniata|juniata valley|juniata valley financial|juniata valley financial corp
JVA,COFFEE HOLDING CO INC,0001007019,XNAS,US,coffee|coffee holding co inc
JWEL,Jowell Global Ltd.,0001805594,XNAS,US,jowell|jowell global|jowell global ltd.
JWSMF,Jaws Mustang Acquisition Corp,0001831359,OOTC,US,jaws|jaws mustang|jaws mustang acquisition|jaws mustang acquisition corp
JWSUF,Jaws Mustang Acquisition Corp,0001831359,OOTC,US,jaws|jaws mustang|jaws mustang acquisition|jaws mustang acquisition corp
JWSWF,Jaws Mustang Acquisition Corp,0001831359,OOTC,US,jaws|jaws mustang|jaws mustang acquisition|jaws mustang acquisition corp
JXADF,JX Advanced Metals Corporation/ADR,0002065485,OOTC,US,jx|jx advanced|jx advanced metals|jx advanced metals corporation/adr
JXAMY,JX Advanced Metals Corporation/ADR,0002065485,OOTC,US,jx|jx advanced|jx advanced metals|jx advanced metals corporation/adr
JXG,JX Luxventure Group Inc.,0001546383,XNAS,US,jx|jx luxventure|jx luxventure group inc.
JXN,Jackson Financial Inc.,0001822993,XNYS,US,jackson|jackson financial|jackson financial inc.
JYD,Jayud Global Logistics Ltd,0001938186,XNAS,US,jayud|jayud global|jayud global logistics|jayud global logistics ltd
JYNT,JOINT Corp,0001612630,XNAS,US,joint|joint corp
JZ,Jianzhi Education Technology Group Co Ltd,0001852440,XNAS,US,jianzhi|jianzhi education|jianzhi education technology|jianzhi education technology group co ltd
JZXN,"Jiuzi Holdings, Inc.",0001816172,XNAS,US,"jiuzi|jiuzi holdings, inc."
KACLF,Kairous Acquisition Corp. Ltd,0001865468,OOTC,US,kairous|kairous acquisition|kairous acquisition corp. ltd
KAI,KADANT INC,0000886346,XNYS,US,kadant|kadant inc
KALA,"KALA BIO, Inc.",0001479419,XNAS,US,"kala|kala bio|kala bio, inc."
KALU,KAISER ALUMINUM CORP,0000811596,XNAS,US,kaiser|kaiser aluminum|kaiser aluminum corp
KALV,"KalVista Pharmaceuticals, Inc.",0001348911,XNAS,US,"kalvista|kalvista pharmaceuticals|kalvista pharmaceuticals, inc."
KANP,KAANAPALI LAND LLC,0001230058,OOTC,US,kaanapali|kaanapali land|kaanapali land llc
KAPA,"Kairos Pharma, LTD.",0001962011,XASE,US,"kairos|kairos pharma|kairos pharma, ltd."
KARO,Karooooo Ltd.,0001828102,XNAS,US,karooooo|karooooo ltd.
KARX,Karbon-X Corp.,0001729637,OOTC,US,karbon|karbon x|karbon-x corp.
KATJF,Knowledge Atlas Technology Joint Stock Co Limited/ADR,0002109545,OOTC,US,knowledge|knowledge atlas|knowledge atlas technology joint stock|knowledge atlas technology joint stock co limited/adr
KAVL,"Kaival Brands Innovations Group, Inc.",0001762239,OOTC,US,"kaival|kaival brands|kaival brands innovations|kaival brands innovations group, inc."
KAYS,"Kaya Holdings, Inc.",0001530746,OOTC,US,"kaya|kaya holdings, inc."
KB,KB Financial Group Inc.,0001445930,XNYS,US,kb|kb financial|kb financial group inc.
KBDC,"Kayne Anderson BDC, Inc.",0001747172,XNYS,US,"kayne|kayne anderson|kayne anderson bdc|kayne anderson bdc, inc."
KBGGY,Kongsberg Gruppen ASA/ADR,0001535759,OOTC,US,kongsberg|kongsberg gruppen|kongsberg gruppen asa|kongsberg gruppen asa/adr
KBH,KB HOME,0000795266,XNYS,US,kb|kb home
KBLB,"Kraig Biocraft Laboratories, Inc.",0001413119,OOTC,US,"kraig|kraig biocraft|kraig biocraft laboratories|kraig biocraft laboratories, inc."
KBON,Karbon Capital Partners Corp.,0002088749,XNAS,US,karbon|karbon capital|karbon capital partners|karbon capital partners corp.
KBONU,Karbon Capital Partners Corp.,0002088749,XNAS,US,karbon|karbon capital|karbon capital partners|karbon capital partners corp.
KBONW,Karbon Capital Partners Corp.,0002088749,XNAS,US,karbon|karbon capital|karbon capital partners|karbon capital partners corp.
KBR,"KBR, INC.",0001357615,XNYS,US,"kbr|kbr, inc."
KBSR,"KBS Real Estate Investment Trust III, Inc.",0001482430,OOTC,US,"kbs|kbs real|kbs real estate investment iii|kbs real estate investment trust iii, inc."
KBSX,FST Corp.,0002014254,XNAS,US,fst|fst corp.
KC,Kingsoft Cloud Holdings Ltd,0001795589,XNAS,US,kingsoft|kingsoft cloud|kingsoft cloud holdings ltd
KCCFF,Kutcho Copper Corp.,0001726906,OOTC,US,kutcho|kutcho copper|kutcho copper corp.
KCHV,Kochav Defense Acquisition Corp.,0002053799,XNAS,US,kochav|kochav defense|kochav defense acquisition|kochav defense acquisition corp.
KCHVR,Kochav Defense Acquisition Corp.,0002053799,XNAS,US,kochav|kochav defense|kochav defense acquisition|kochav defense acquisition corp.
KCHVU,Kochav Defense Acquisition Corp.,0002053799,XNAS,US,kochav|kochav defense|kochav defense acquisition|kochav defense acquisition corp.
KCLHF,Kingsoft Cloud Holdings Ltd,0001795589,OOTC,US,kingsoft|kingsoft cloud|kingsoft cloud holdings ltd
KCRD,"Kindcard, Inc.",0001696025,OOTC,US,"kindcard|kindcard, inc."
KD,"Kyndryl Holdings, Inc.",0001867072,XNYS,US,"kyndryl|kyndryl holdings, inc."
KDDIF,KDDI CORP,0001106215,OOTC,US,kddi|kddi corp
KDK,"Kodiak AI, Inc.",0001853138,XNAS,US,"kodiak|kodiak ai|kodiak ai, inc."
KDKGF,KLONDIKE GOLD CORP /FI,0000872699,OOTC,US,klondike|klondike gold|klondike gold corp /fi|klondike gold fi
KDKRW,"Kodiak AI, Inc.",0001853138,XNAS,US,"kodiak|kodiak ai|kodiak ai, inc."
KDOZF,KIDOZ INC.,0001318482,OOTC,US,kidoz|kidoz inc.
KDP,Keurig Dr Pepper Inc.,0001418135,XNAS,US,keurig|keurig dr|keurig dr pepper|keurig dr pepper inc.
KE,"Kimball Electronics, Inc.",0001606757,XNAS,US,"kimball|kimball electronics|kimball electronics, inc."
KEEL,Keel Infrastructure Corp.,0001812477,XNAS,US,keel|keel infrastructure|keel infrastructure corp.
KELRF,Keisei Electric Railway Co. Ltd/ADR,0002107989,OOTC,US,keisei|keisei electric|keisei electric railway|keisei electric railway co. ltd/adr
KELYA,KELLY SERVICES INC,0000055135,XNAS,US,kelly|kelly services|kelly services inc
KELYB,KELLY SERVICES INC,0000055135,XNAS,US,kelly|kelly services|kelly services inc
KEN,Kenon Holdings Ltd.,0001611005,XNYS,US,kenon|kenon holdings ltd.
KEP,KOREA ELECTRIC POWER CORP,0000887225,XNYS,US,korea|korea electric|korea electric power|korea electric power corp
KEQU,KEWAUNEE SCIENTIFIC CORP /DE/,0000055529,XNAS,US,kewaunee|kewaunee scientific|kewaunee scientific corp /de/|kewaunee scientific de
KERCY,Keisei Electric Railway Co. Ltd/ADR,0002107989,OOTC,US,keisei|keisei electric|keisei electric railway|keisei electric railway co. ltd/adr
KEX,KIRBY CORP,0000056047,XNYS,US,kirby|kirby corp
KEY,KEYCORP /NEW/,0000091576,XNYS,US,keycorp|keycorp /new/|keycorp new
KEYS,"Keysight Technologies, Inc.",0001601046,XNYS,US,"keysight|keysight technologies|keysight technologies, inc."
KF,KOREA FUND INC,0000748691,XNYS,US,korea|korea fund|korea fund inc
KFFB,Kentucky First Federal Bancorp,0001297341,XNAS,US,kentucky|kentucky first|kentucky first federal bancorp
KFII,K&F GROWTH ACQUISITION CORP. II,0002029976,XNAS,US,k f|k f growth acquisition ii|k&f growth acquisition corp. ii
KFIIR,K&F GROWTH ACQUISITION CORP. II,0002029976,XNAS,US,k f|k f growth acquisition ii|k&f growth acquisition corp. ii
KFIIU,K&F GROWTH ACQUISITION CORP. II,0002029976,XNAS,US,k f|k f growth acquisition ii|k&f growth acquisition corp. ii
KFRC,KFORCE INC,0000930420,XNYS,US,kforce|kforce inc
KFS,KINGSWAY FINANCIAL SERVICES INC,0001072627,XNYS,US,kingsway|kingsway financial|kingsway financial services|kingsway financial services inc
KFY,KORN FERRY,0000056679,XNYS,US,korn|korn ferry
KG,Kestrel Group Ltd,0002055116,XNAS,US,kestrel|kestrel group ltd
KGC,KINROSS GOLD CORP,0000701818,XNYS,US,kinross|kinross gold|kinross gold corp
KGCRF,KINROSS GOLD CORP,0000701818,OOTC,US,kinross|kinross gold|kinross gold corp
KGEI,Kolibri Global Energy Inc.,0001477081,XNAS,US,kolibri|kolibri global|kolibri global energy|kolibri global energy inc.
KGFMF,Kingfisher Metals Corp.,0001853889,OOTC,US,kingfisher|kingfisher metals|kingfisher metals corp.
KGS,"Kodiak Gas Services, Inc.",0001767042,XNYS,US,"kodiak|kodiak gas|kodiak gas services|kodiak gas services, inc."
KHC,Kraft Heinz Co,0001637459,XNAS,US,kraft|kraft heinz|kraft heinz co
KHOBF,KHEOBA Ltd,0002084698,OOTC,US,kheoba|kheoba ltd
KIDS,ORTHOPEDIATRICS CORP,0001425450,XNAS,US,orthopediatrics|orthopediatrics corp
KIDZ,"Classover Holdings, Inc.",0002022308,XNAS,US,"classover|classover holdings, inc."
KIDZW,"Classover Holdings, Inc.",0002022308,XNAS,US,"classover|classover holdings, inc."
KIM,KIMCO REALTY CORP,0000879101,XNYS,US,kimco|kimco realty|kimco realty corp
KINS,"KINGSTONE COMPANIES, INC.",0000033992,XNAS,US,"kingstone|kingstone companies|kingstone companies, inc."
KIO,KKR Income Opportunities Fund,0001515940,XNYS,US,kkr|kkr income|kkr income opportunities fund
KIQSF,KELSO TECHNOLOGIES INC,0001161814,OOTC,US,kelso|kelso technologies|kelso technologies inc
KITL,Kisses From Italy Inc.,0001608092,OOTC,US,kisses|kisses from|kisses from italy|kisses from italy inc.
KITT,"Nauticus Robotics, Inc.",0001849820,XNAS,US,"nauticus|nauticus robotics|nauticus robotics, inc."
KITTW,"Nauticus Robotics, Inc.",0001849820,XNAS,US,"nauticus|nauticus robotics|nauticus robotics, inc."
KKR,KKR & Co. Inc.,0001404912,XNYS,US,kkr|kkr & co. inc.
KKRS,KKR & Co. Inc.,0001404912,XNYS,US,kkr|kkr & co. inc.
KKRT,KKR & Co. Inc.,0001404912,XNYS,US,kkr|kkr & co. inc.
KLAC,KLA CORP,0000319201,XNAS,US,kla|kla corp
KLAR,Klarna Group plc,0002003292,XNYS,US,klarna|klarna group plc
KLC,"KinderCare Learning Companies, Inc.",0001873529,XNYS,US,"kindercare|kindercare learning|kindercare learning companies|kindercare learning companies, inc."
KLGDF,Kalo Gold Corp.,0001901931,OOTC,US,kalo|kalo gold|kalo gold corp.
KLIC,KULICKE & SOFFA INDUSTRIES INC,0000056978,XNAS,US,kulicke|kulicke & soffa industries inc|kulicke soffa|kulicke soffa industries
KLNG,"Koil Energy Solutions, Inc.",0001110607,OOTC,US,"koil|koil energy|koil energy solutions|koil energy solutions, inc."
KLRA,"Kailera Therapeutics, Inc.",0002096997,XNAS,US,"kailera|kailera therapeutics|kailera therapeutics, inc."
KLRS,"Kalaris Therapeutics, Inc.",0001754068,XNAS,US,"kalaris|kalaris therapeutics|kalaris therapeutics, inc."
KLSVF,KLONDIKE SILVER CORP.,0001655531,OOTC,US,klondike|klondike silver|klondike silver corp.
KLTR,KALTURA INC,0001432133,XNAS,US,kaltura|kaltura inc
KLXE,"KLX Energy Services Holdings, Inc.",0001738827,XNAS,US,"klx|klx energy|klx energy services|klx energy services holdings, inc."
KLYG,"Kelyniam Global, Inc.",0001372114,OOTC,US,"kelyniam|kelyniam global|kelyniam global, inc."
KMB,KIMBERLY CLARK CORP,0000055785,XNAS,US,kimberly|kimberly clark|kimberly clark corp
KMDA,KAMADA LTD,0001567529,XNAS,US,kamada|kamada ltd
KMFG,KEEMO Fashion Group Ltd,0001935033,OOTC,US,keemo|keemo fashion|keemo fashion group ltd
KMI,"KINDER MORGAN, INC.",0001506307,XNYS,US,"kinder|kinder morgan|kinder morgan, inc."
KMPB,KEMPER Corp,0000860748,XNYS,US,kemper|kemper corp
KMPR,KEMPER Corp,0000860748,XNYS,US,kemper|kemper corp
KMRK,K-TECH SOLUTIONS CO LTD,0002049187,XNAS,US,k tech|k tech solutions|k-tech solutions co ltd
KMT,KENNAMETAL INC,0000055242,XNYS,US,kennametal|kennametal inc
KMTS,"KESTRA MEDICAL TECHNOLOGIES, LTD.",0001877184,XNAS,US,"kestra|kestra medical|kestra medical technologies|kestra medical technologies, ltd."
KMX,CARMAX INC,0001170010,XNYS,US,carmax|carmax inc
KMYGY,"Kumyang Co., Ltd./ADR",0002003770,OOTC,US,"kumyang|kumyang co., ltd./adr"
KN,Knowles Corp,0001587523,XNYS,US,knowles|knowles corp
KNDI,"Kandi Technologies Group, Inc.",0001720250,XNAS,US,"kandi|kandi technologies|kandi technologies group, inc."
KNF,Knife River Corp,0001955520,XNYS,US,knife|knife river|knife river corp
KNGRF,Kingsmen Resources Ltd.,0001191832,OOTC,US,kingsmen|kingsmen resources|kingsmen resources ltd.
KNOP,KNOT Offshore Partners LP,0001564180,XNYS,US,knot|knot offshore|knot offshore partners|knot offshore partners lp
KNOS,KRONOS ADVANCED TECHNOLOGIES INC,0001108248,OOTC,US,kronos|kronos advanced|kronos advanced technologies|kronos advanced technologies inc
KNRX,KNOREX LTD.,0001982960,XASE,US,knorex|knorex ltd.
KNSA,"Kiniksa Pharmaceuticals International, plc",0001730430,XNAS,US,"kiniksa|kiniksa pharmaceuticals|kiniksa pharmaceuticals international|kiniksa pharmaceuticals international, plc"
KNSL,"Kinsale Capital Group, Inc.",0001669162,XNYS,US,"kinsale|kinsale capital|kinsale capital group, inc."
KNTK,Kinetik Holdings Inc.,0001692787,XNYS,US,kinetik|kinetik holdings inc.
KNX,Knight-Swift Transportation Holdings Inc.,0001492691,XNYS,US,knight|knight swift|knight swift transportation|knight-swift transportation holdings inc.
KO,COCA COLA CO,0000021344,XNYS,US,coca|coca cola|coca cola co
KOAN,"Resonate Blends, Inc.",0000897078,OOTC,US,"resonate|resonate blends|resonate blends, inc."
KOD,Kodiak Sciences Inc.,0001468748,XNAS,US,kodiak|kodiak sciences|kodiak sciences inc.
KODK,EASTMAN KODAK CO,0000031235,XNYS,US,eastman|eastman kodak|eastman kodak co
KOF,COCA COLA FEMSA SAB DE CV,0000910631,XNYS,US,coca|coca cola|coca cola femsa sab de cv
KOGDF,KO Gold Inc.,0002008257,OOTC,US,ko|ko gold|ko gold inc.
KOKSF,Kokusai Electric Corporation/ADR,0002033019,OOTC,US,kokusai|kokusai electric|kokusai electric corporation/adr
KOLD,ProShares Trust II,0001415311,ARCX,US,proshares|proshares ii|proshares trust ii
KOP,Koppers Holdings Inc.,0001315257,XNYS,US,koppers|koppers holdings inc.
KOPN,KOPIN CORP,0000771266,XNAS,US,kopin|kopin corp
KORE,"KORE Group Holdings, Inc.",0001855457,XNYS,US,"kore|kore group holdings, inc."
KORGW,"KORE Group Holdings, Inc.",0001855457,OOTC,US,"kore|kore group holdings, inc."
KOS,Kosmos Energy Ltd.,0001509991,XNYS,US,kosmos|kosmos energy|kosmos energy ltd.
KOSCF,Kose Corporation/ADR,0001668501,OOTC,US,kose|kose corporation/adr
KOSS,KOSS CORP,0000056701,XNAS,US,koss|koss corp
KOYN,"CSLM Digital Asset Acquisition Corp III, Ltd",0002068454,XNAS,US,"cslm|cslm digital|cslm digital asset acquisition corp iii, ltd|cslm digital asset acquisition iii"
KOYNU,"CSLM Digital Asset Acquisition Corp III, Ltd",0002068454,XNAS,US,"cslm|cslm digital|cslm digital asset acquisition corp iii, ltd|cslm digital asset acquisition iii"
KOYNW,"CSLM Digital Asset Acquisition Corp III, Ltd",0002068454,XNAS,US,"cslm|cslm digital|cslm digital asset acquisition corp iii, ltd|cslm digital asset acquisition iii"
KOZAY,Turk Altin Isletmeleri A.S./ADR,0001532173,OOTC,US,turk|turk altin|turk altin isletmeleri a s|turk altin isletmeleri a.s./adr
KPEA,Kun Peng International Ltd.,0001502557,OOTC,US,kun|kun peng|kun peng international|kun peng international ltd.
KPHMW,KIORA PHARMACEUTICALS INC,0001372514,OOTC,US,kiora|kiora pharmaceuticals|kiora pharmaceuticals inc
KPLT,"Katapult Holdings, Inc.",0001785424,XNAS,US,"katapult|katapult holdings, inc."
KPLTW,"Katapult Holdings, Inc.",0001785424,XNAS,US,"katapult|katapult holdings, inc."
KPRX,KIORA PHARMACEUTICALS INC,0001372514,XNAS,US,kiora|kiora pharmaceuticals|kiora pharmaceuticals inc
KPTI,Karyopharm Therapeutics Inc.,0001503802,XNAS,US,karyopharm|karyopharm therapeutics|karyopharm therapeutics inc.
KR,KROGER CO,0000056873,XNYS,US,kroger|kroger co
KRAQ,KRAKacquisition Corp,0002082119,XNAS,US,krakacquisition|krakacquisition corp
KRAQU,KRAKacquisition Corp,0002082119,XNAS,US,krakacquisition|krakacquisition corp
KRAQW,KRAKacquisition Corp,0002082119,XNAS,US,krakacquisition|krakacquisition corp
KRC,KILROY REALTY CORP,0001025996,XNYS,US,kilroy|kilroy realty|kilroy realty corp
KREF,KKR Real Estate Finance Trust Inc.,0001631596,XNYS,US,kkr|kkr real|kkr real estate finance|kkr real estate finance trust inc.
KRFG,"King Resources, Inc.",0000774415,OOTC,US,"king|king resources|king resources, inc."
KRG,KITE REALTY GROUP TRUST,0001286043,XNYS,US,kite|kite realty|kite realty group trust
KRKR,36Kr Holdings Inc.,0001779476,XNAS,US,36kr|36kr holdings inc.
KRMD,"KORU Medical Systems, Inc.",0000704440,XNAS,US,"koru|koru medical|koru medical systems|koru medical systems, inc."
KRMN,Karman Holdings Inc.,0002040127,XNYS,US,karman|karman holdings inc.
KRNGF,Karoon Gas Australia Ltd /ADR/,0001494191,OOTC,US,karoon|karoon gas|karoon gas australia|karoon gas australia ltd /adr/
KRNGY,Karoon Gas Australia Ltd /ADR/,0001494191,OOTC,US,karoon|karoon gas|karoon gas australia|karoon gas australia ltd /adr/
KRNT,Kornit Digital Ltd.,0001625791,XNAS,US,kornit|kornit digital|kornit digital ltd.
KRNY,Kearny Financial Corp.,0001617242,XNAS,US,kearny|kearny financial|kearny financial corp.
KRO,KRONOS WORLDWIDE INC,0001257640,XNYS,US,kronos|kronos worldwide|kronos worldwide inc
KROS,"Keros Therapeutics, Inc.",0001664710,XNAS,US,"keros|keros therapeutics|keros therapeutics, inc."
KRP,"Kimbell Royalty Partners, LP",0001657788,XNYS,US,"kimbell|kimbell royalty|kimbell royalty partners|kimbell royalty partners, lp"
KRRO,"Korro Bio, Inc.",0001703647,XNAS,US,"korro|korro bio|korro bio, inc."
KRSP,Rice Acquisition Corp 3,0002074872,XNYS,US,rice|rice acquisition|rice acquisition 3|rice acquisition corp 3
KRT,Karat Packaging Inc.,0001758021,XNAS,US,karat|karat packaging|karat packaging inc.
KRTL,KRTL Holding Group Inc,0001288614,OOTC,US,krtl|krtl holding group inc
KRUS,"KURA SUSHI USA, INC.",0001772177,XNAS,US,"kura|kura sushi|kura sushi usa|kura sushi usa, inc."
KRYS,"Krystal Biotech, Inc.",0001711279,XNAS,US,"krystal|krystal biotech|krystal biotech, inc."
KRYXF,KORYX COPPER INC.,0001318596,OOTC,US,koryx|koryx copper|koryx copper inc.
KSCP,"Knightscope, Inc.",0001600983,XNAS,US,"knightscope|knightscope, inc."
KSEZ,Kinetic Seas Inc.,0001945619,OOTC,US,kinetic|kinetic seas|kinetic seas inc.
KSPI,Joint Stock Co Kaspi.kz,0001985487,XNAS,US,joint|joint stock|joint stock co kaspi.kz|joint stock kaspi kz
KSS,KOHLS Corp,0000885639,XNYS,US,kohls|kohls corp
KT,KT CORP,0000892450,XNYS,US,kt|kt corp
KTB,"Kontoor Brands, Inc.",0001760965,XNYS,US,"kontoor|kontoor brands|kontoor brands, inc."
KTCC,KEY TRONIC CORP,0000719733,XNAS,US,key|key tronic|key tronic corp
KTEL,"KonaTel, Inc.",0000845819,OOTC,US,"konatel|konatel, inc."
KTF,DWS MUNICIPAL INCOME TRUST,0000839533,XNYS,US,dws|dws municipal|dws municipal income|dws municipal income trust
KTGDF,K2 Gold Corp,0001583962,OOTC,US,k2|k2 gold|k2 gold corp
KTH,STRUCTURED PRODUCTS CORP CORTS TR FOR PECO ENERGY CAP TR III,0001283464,XNYS,US,structured|structured products|structured products corp corts tr for peco energy cap tr iii|structured products corts tr for peco energy cap tr iii
KTN,STRUCTURED PRODUCTS CORP CRED ENHANCE CORTS TR FOR AON CAP A,0001283337,XNYS,US,structured|structured products|structured products corp cred enhance corts tr for aon cap a|structured products cred enhance corts tr for aon cap a
KTOS,"KRATOS DEFENSE & SECURITY SOLUTIONS, INC.",0001069258,XNAS,US,"kratos|kratos defense|kratos defense & security solutions, inc.|kratos defense security solutions"
KTTA,Pasithea Therapeutics Corp.,0001841330,XNAS,US,pasithea|pasithea therapeutics|pasithea therapeutics corp.
KTTAW,Pasithea Therapeutics Corp.,0001841330,XNAS,US,pasithea|pasithea therapeutics|pasithea therapeutics corp.
KTWO,K2 Capital Acquisition Corp,0002086524,XNAS,US,k2|k2 capital|k2 capital acquisition|k2 capital acquisition corp
KTWOR,K2 Capital Acquisition Corp,0002086524,XNAS,US,k2|k2 capital|k2 capital acquisition|k2 capital acquisition corp
KTWOU,K2 Capital Acquisition Corp,0002086524,XNAS,US,k2|k2 capital|k2 capital acquisition|k2 capital acquisition corp
KUBR,Kuber Resources Corp,0001081834,OOTC,US,kuber|kuber resources|kuber resources corp
KUKEY,Kuke Music Holding Ltd,0001809158,OOTC,US,kuke|kuke music|kuke music holding ltd
KULR,"KULR Technology Group, Inc.",0001662684,XASE,US,"kulr|kulr technology|kulr technology group, inc."
KURA,"Kura Oncology, Inc.",0001422143,XNAS,US,"kura|kura oncology|kura oncology, inc."
KUST,"KUSTOM ENTERTAINMENT, INC.",0001342958,XNAS,US,"kustom|kustom entertainment|kustom entertainment, inc."
KVAC,Keen Vision Acquisition Corp.,0001889983,XNAS,US,keen|keen vision|keen vision acquisition|keen vision acquisition corp.
KVACU,Keen Vision Acquisition Corp.,0001889983,XNAS,US,keen|keen vision|keen vision acquisition|keen vision acquisition corp.
KVACW,Keen Vision Acquisition Corp.,0001889983,XNAS,US,keen|keen vision|keen vision acquisition|keen vision acquisition corp.
KVHI,KVH INDUSTRIES INC DE,0001007587,XNAS,US,kvh|kvh industries|kvh industries de|kvh industries inc de
KVUE,Kenvue Inc.,0001944048,XNYS,US,kenvue|kenvue inc.
KVYO,"Klaviyo, Inc.",0001835830,XNYS,US,"klaviyo|klaviyo, inc."
KW,"Kennedy-Wilson Holdings, Inc.",0001408100,XNYS,US,"kennedy|kennedy wilson|kennedy-wilson holdings, inc."
KWIK,"KwikClick, Inc.",0001884164,OOTC,US,"kwikclick|kwikclick, inc."
KWM,K Wave Media Ltd.,0002000756,XNAS,US,k wave|k wave media|k wave media ltd.
KWMWW,K Wave Media Ltd.,0002000756,XNAS,US,k wave|k wave media|k wave media ltd.
KWR,QUAKER CHEMICAL CORP,0000081362,XNYS,US,quaker|quaker chemical|quaker chemical corp
KXHCF,Kioxia Holdings Corporation/ADR,0002053383,OOTC,US,kioxia|kioxia holdings corporation/adr
KXIAY,Kioxia Holdings Corporation/ADR,0002053383,OOTC,US,kioxia|kioxia holdings corporation/adr
KXIN,Kaixin Holdings,0001713539,XNAS,US,kaixin|kaixin holdings
KYFGF,Kyoto Financial Group Inc/ADR,0002042187,OOTC,US,kyoto|kyoto financial|kyoto financial group inc/adr
KYIV,Kyivstar Group Ltd.,0002062440,XNAS,US,kyivstar|kyivstar group ltd.
KYIVW,Kyivstar Group Ltd.,0002062440,XNAS,US,kyivstar|kyivstar group ltd.
KYMR,"Kymera Therapeutics, Inc.",0001815442,XNAS,US,"kymera|kymera therapeutics|kymera therapeutics, inc."
KYN,"Kayne Anderson Energy Infrastructure Fund, Inc.",0001293613,XNYS,US,"kayne|kayne anderson|kayne anderson energy infrastructure fund|kayne anderson energy infrastructure fund, inc."
KYNB,"KYNTRA BIO, INC.",0000921299,XNAS,US,"kyntra|kyntra bio|kyntra bio, inc."
KYOCF,KYOCERA CORP,0000057083,OOTC,US,kyocera|kyocera corp
KYOCY,KYOCERA CORP,0000057083,OOTC,US,kyocera|kyocera corp
KYTX,"Kyverna Therapeutics, Inc.",0001994702,XNAS,US,"kyverna|kyverna therapeutics|kyverna therapeutics, inc."
KZIA,KAZIA THERAPEUTICS LTD,0001075880,XNAS,US,kazia|kazia therapeutics|kazia therapeutics ltd
L,LOEWS CORP,0000060086,XNYS,US,loews|loews corp
LAAI,Loan Artificial Intelligence Corp.,0001594968,OOTC,US,loan|loan artificial|loan artificial intelligence|loan artificial intelligence corp.
LAAOF,Li Auto Inc.,0001791706,OOTC,US,li|li auto|li auto inc.
LAB,STANDARD BIOTOOLS INC.,0001162194,XNAS,US,standard|standard biotools|standard biotools inc.
LABFF,"Laboratorios Farmaceuticos Rovi, S.A./ADR",0002029970,OOTC,US,"laboratorios|laboratorios farmaceuticos|laboratorios farmaceuticos rovi|laboratorios farmaceuticos rovi, s.a./adr"
LABT,Lakewood-Amedex Biotherapeutics Inc.,0002079272,XNAS,US,lakewood|lakewood amedex|lakewood amedex biotherapeutics|lakewood-amedex biotherapeutics inc.
LAC,LITHIUM AMERICAS CORP.,0001966983,XNYS,US,lithium|lithium americas|lithium americas corp.
LACHF,Lapco Holdings Limited/ADR,0002023870,OOTC,US,lapco|lapco holdings limited/adr
LAD,LITHIA MOTORS INC,0001023128,XNYS,US,lithia|lithia motors|lithia motors inc
LADR,Ladder Capital Corp,0001577670,XNYS,US,ladder|ladder capital|ladder capital corp
LAES,SEALSQ Corp,0001951222,XNAS,US,sealsq|sealsq corp
LAFA,LaFayette Acquisition Corp.,0002079106,XNAS,US,lafayette|lafayette acquisition|lafayette acquisition corp.
LAFAR,LaFayette Acquisition Corp.,0002079106,XNAS,US,lafayette|lafayette acquisition|lafayette acquisition corp.
LAFAU,LaFayette Acquisition Corp.,0002079106,XNAS,US,lafayette|lafayette acquisition|lafayette acquisition corp.
LAKE,LAKELAND INDUSTRIES INC,0000798081,XNAS,US,lakeland|lakeland industries|lakeland industries inc
LAMR,LAMAR ADVERTISING CO/NEW,0001090425,XNAS,US,lamar|lamar advertising|lamar advertising co/new|lamar advertising new
LAND,GLADSTONE LAND Corp,0001495240,XNAS,US,gladstone|gladstone land|gladstone land corp
LANDO,GLADSTONE LAND Corp,0001495240,XNAS,US,gladstone|gladstone land|gladstone land corp
LANDP,GLADSTONE LAND Corp,0001495240,XNAS,US,gladstone|gladstone land|gladstone land corp
LANV,Lanvin Group Holdings Ltd,0001922097,XNYS,US,lanvin|lanvin group holdings ltd
LAR,Lithium Argentina AG,0001440972,XNYS,US,lithium|lithium argentina|lithium argentina ag
LARK,LANDMARK BANCORP INC,0001141688,XNAS,US,landmark|landmark bancorp|landmark bancorp inc
LASE,Laser Photonics Corp,0001807887,XNAS,US,laser|laser photonics|laser photonics corp
LASR,"NLIGHT, INC.",0001124796,XNAS,US,"nlight|nlight, inc."
LATA,Galata Acquisition Corp. II,0002076427,XNAS,US,galata|galata acquisition|galata acquisition corp. ii|galata acquisition ii
LATAU,Galata Acquisition Corp. II,0002076427,XNAS,US,galata|galata acquisition|galata acquisition corp. ii|galata acquisition ii
LATAW,Galata Acquisition Corp. II,0002076427,XNAS,US,galata|galata acquisition|galata acquisition corp. ii|galata acquisition ii
LAUR,"LAUREATE EDUCATION, INC.",0000912766,XNAS,US,"laureate|laureate education|laureate education, inc."
LAW,"CS Disco, Inc.",0001625641,XNYS,US,"cs|cs disco|cs disco, inc."
LAWIL,"Light & Wonder, Inc.",0000750004,OOTC,US,"light|light & wonder, inc.|light wonder"
LAWR,"Robot Consulting Co., Ltd.",0002007599,XNAS,US,"robot|robot consulting|robot consulting co., ltd."
LAZ,"Lazard, Inc.",0001311370,XNYS,US,"lazard|lazard, inc."
LB,LandBridge Co LLC,0001995807,XNYS,US,landbridge|landbridge co llc
LBCMF,Copper Giant Resources Corp.,0001580110,OOTC,US,copper|copper giant|copper giant resources|copper giant resources corp.
LBGJ,Li Bang International Corp Inc.,0001896425,XNAS,US,li|li bang|li bang international|li bang international corp inc.
LBRA,1847 Holdings LLC,0001599407,OOTC,US,1847|1847 holdings llc
LBRDA,Liberty Broadband Corp,0001611983,XNAS,US,liberty|liberty broadband|liberty broadband corp
LBRDB,Liberty Broadband Corp,0001611983,OOTC,US,liberty|liberty broadband|liberty broadband corp
LBRDK,Liberty Broadband Corp,0001611983,XNAS,US,liberty|liberty broadband|liberty broadband corp
LBRDP,Liberty Broadband Corp,0001611983,XNAS,US,liberty|liberty broadband|liberty broadband corp
LBRT,Liberty Energy Inc.,0001694028,XNYS,US,liberty|liberty energy|liberty energy inc.
LBRX,LB PHARMACEUTICALS INC,0001691082,XNAS,US,lb|lb pharmaceuticals|lb pharmaceuticals inc
LBSR,LIBERTY STAR URANIUM & METALS CORP.,0001172178,OOTC,US,liberty|liberty star|liberty star uranium & metals corp.|liberty star uranium metals
LBTYA,Liberty Global Ltd.,0001570585,XNAS,US,liberty|liberty global|liberty global ltd.
LBTYB,Liberty Global Ltd.,0001570585,XNAS,US,liberty|liberty global|liberty global ltd.
LBTYK,Liberty Global Ltd.,0001570585,XNAS,US,liberty|liberty global|liberty global ltd.
LC,LendingClub Corp,0001409970,XNYS,US,lendingclub|lendingclub corp
LCCC,Lakeshore Acquisition III Corp.,0002049248,XNAS,US,lakeshore|lakeshore acquisition|lakeshore acquisition iii|lakeshore acquisition iii corp.
LCCCR,Lakeshore Acquisition III Corp.,0002049248,XNAS,US,lakeshore|lakeshore acquisition|lakeshore acquisition iii|lakeshore acquisition iii corp.
LCCCU,Lakeshore Acquisition III Corp.,0002049248,XNAS,US,lakeshore|lakeshore acquisition|lakeshore acquisition iii|lakeshore acquisition iii corp.
LCFY,Locafy Ltd,0001875547,XNAS,US,locafy|locafy ltd
LCFYW,Locafy Ltd,0001875547,XNAS,US,locafy|locafy ltd
LCGMF,LION COPPER & GOLD CORP.,0001339688,OOTC,US,lion|lion copper|lion copper & gold corp.|lion copper gold
LCHD,Leader Capital Holdings Corp.,0001715433,OOTC,US,leader|leader capital|leader capital holdings corp.
LCID,"Lucid Group, Inc.",0001811210,XNAS,US,"lucid|lucid group, inc."
LCII,LCI INDUSTRIES,0000763744,XNYS,US,lci|lci industries
LCNB,LCNB CORP,0001074902,XNAS,US,lcnb|lcnb corp
LCTC,"Lifeloc Technologies, Inc",0001493137,OOTC,US,"lifeloc|lifeloc technologies|lifeloc technologies, inc"
LCTX,"Lineage Cell Therapeutics, Inc.",0000876343,XASE,US,"lineage|lineage cell|lineage cell therapeutics|lineage cell therapeutics, inc."
LCUT,"LIFETIME BRANDS, INC",0000874396,XNAS,US,"lifetime|lifetime brands|lifetime brands, inc"
LDDD,Longduoduo Co Ltd,0001892316,OOTC,US,longduoduo|longduoduo co ltd
LDI,"loanDepot, Inc.",0001831631,XNYS,US,"loandepot|loandepot, inc."
LDOS,"Leidos Holdings, Inc.",0001336920,XNYS,US,"leidos|leidos holdings, inc."
LDP,"Cohen & Steers Ltd Duration Preferred & Income Fund, Inc.",0001548717,XNYS,US,"cohen|cohen & steers ltd duration preferred & income fund, inc.|cohen steers|cohen steers duration preferred income fund"
LDXC,Londax Corp.,0001985554,OOTC,US,londax|londax corp.
LE,"LANDS' END, INC.",0000799288,XNAS,US,"lands|lands end|lands' end, inc."
LEA,LEAR CORP,0000842162,XNYS,US,lear|lear corp
LEAT,Leatt Corp,0001456189,OOTC,US,leatt|leatt corp
LECO,LINCOLN ELECTRIC HOLDINGS INC,0000059527,XNAS,US,lincoln|lincoln electric|lincoln electric holdings inc
LEDS,SemiLEDs Corp,0001333822,XNAS,US,semileds|semileds corp
LEE,"LEE ENTERPRISES, Inc",0000058361,XNAS,US,"lee|lee enterprises|lee enterprises, inc"
LEEEF,Leef Brands Inc.,0001711141,OOTC,US,leef|leef brands|leef brands inc.
LEEN,"Leopard Energy, Inc.",0001230524,OOTC,US,"leopard|leopard energy|leopard energy, inc."
LEG,LEGGETT & PLATT INC,0000058492,XNYS,US,leggett|leggett & platt inc|leggett platt
LEGH,Legacy Housing Corp,0001436208,XNAS,US,legacy|legacy housing|legacy housing corp
LEGN,Legend Biotech Corp,0001801198,XNAS,US,legend|legend biotech|legend biotech corp
LEGO,Legato Merger Corp. IV,0002087450,XASE,US,legato|legato merger|legato merger corp. iv|legato merger iv
LEGT,Legato Merger Corp. III,0002002038,XASE,US,legato|legato merger|legato merger corp. iii|legato merger iii
LEN,LENNAR CORP /NEW/,0000920760,XNYS,US,lennar|lennar corp /new/|lennar new
LENZ,"LENZ Therapeutics, Inc.",0001815776,XNAS,US,"lenz|lenz therapeutics|lenz therapeutics, inc."
LEO,"BNY MELLON STRATEGIC MUNICIPALS, INC.",0000818972,XNYS,US,"bny|bny mellon|bny mellon strategic municipals|bny mellon strategic municipals, inc."
LESL,"Leslie's, Inc.",0001821806,XNAS,US,"leslie|leslie s|leslie's, inc."
LEU,CENTRUS ENERGY CORP,0001065059,XNYS,US,centrus|centrus energy|centrus energy corp
LEVI,LEVI STRAUSS & CO,0000094845,XNYS,US,levi|levi strauss|levi strauss & co
LEXX,Lexaria Bioscience Corp.,0001348362,XNAS,US,lexaria|lexaria bioscience|lexaria bioscience corp.
LFAC,Leapfrog Acquisition Corp,0002084563,XNAS,US,leapfrog|leapfrog acquisition|leapfrog acquisition corp
LFACU,Leapfrog Acquisition Corp,0002084563,XNAS,US,leapfrog|leapfrog acquisition|leapfrog acquisition corp
LFACW,Leapfrog Acquisition Corp,0002084563,XNAS,US,leapfrog|leapfrog acquisition|leapfrog acquisition corp
LFCR,"LIFECORE BIOMEDICAL, INC. DE",0001005286,XNAS,US,"lifecore|lifecore biomedical|lifecore biomedical de|lifecore biomedical, inc. de"
LFLRF,LaFleur Minerals Inc..,0001800890,OOTC,US,lafleur|lafleur minerals|lafleur minerals inc..
LFMD,"LifeMD, Inc.",0000948320,XNAS,US,"lifemd|lifemd, inc."
LFMDP,"LifeMD, Inc.",0000948320,XNAS,US,"lifemd|lifemd, inc."
LFS,"LEIFRAS Co., Ltd.",0002030277,XNAS,US,"leifras|leifras co., ltd."
LFST,"LifeStance Health Group, Inc.",0001845257,XNAS,US,"lifestance|lifestance health|lifestance health group, inc."
LFT,"Lument Finance Trust, Inc.",0001547546,XNYS,US,"lument|lument finance|lument finance trust, inc."
LFUS,LITTELFUSE INC /DE,0000889331,XNAS,US,littelfuse|littelfuse de|littelfuse inc /de
LFVN,Lifevantage Corp,0000849146,XNAS,US,lifevantage|lifevantage corp
LFWD,Lifeward Ltd.,0001607962,XNAS,US,lifeward|lifeward ltd.
LGCL,Lucas GC Ltd,0001954694,XNAS,US,lucas|lucas gc|lucas gc ltd
LGCXF,Lahontan Gold Corp.,0001921582,OOTC,US,lahontan|lahontan gold|lahontan gold corp.
LGCY,Legacy Education Inc.,0001836754,XASE,US,legacy|legacy education|legacy education inc.
LGDTF,Liberty Gold Corp. /CAN,0001755191,OOTC,US,liberty|liberty gold|liberty gold can|liberty gold corp. /can
LGHL,Lion Group Holding Ltd,0001806524,XNAS,US,lion|lion group holding ltd
LGI,LAZARD GLOBAL TOTAL RETURN & INCOME FUND INC,0001278211,XNYS,US,lazard|lazard global|lazard global total return & income fund inc|lazard global total return income fund
LGIH,"LGI Homes, Inc.",0001580670,XNAS,US,"lgi|lgi homes|lgi homes, inc."
LGL,LGL GROUP INC,0000061004,XASE,US,lgl|lgl group inc
LGMK,"LogicMark, Inc.",0001566826,OOTC,US,"logicmark|logicmark, inc."
LGN,Legence Corp.,0002052568,XNAS,US,legence|legence corp.
LGND,LIGAND PHARMACEUTICALS INC,0000886163,XNAS,US,ligand|ligand pharmaceuticals|ligand pharmaceuticals inc
LGNDZ,LIGAND PHARMACEUTICALS INC,0000886163,OOTC,US,ligand|ligand pharmaceuticals|ligand pharmaceuticals inc
LGNXZ,LIGAND PHARMACEUTICALS INC,0000886163,OOTC,US,ligand|ligand pharmaceuticals|ligand pharmaceuticals inc
LGNYZ,LIGAND PHARMACEUTICALS INC,0000886163,OOTC,US,ligand|ligand pharmaceuticals|ligand pharmaceuticals inc
LGNZZ,LIGAND PHARMACEUTICALS INC,0000886163,OOTC,US,ligand|ligand pharmaceuticals|ligand pharmaceuticals inc
LGO,Largo Inc.,0001400438,XNAS,US,largo|largo inc.
LGPS,LOGPROSTYLE INC.,0002040290,XASE,US,logprostyle|logprostyle inc.
LGVN,Longeveron Inc.,0001721484,XNAS,US,longeveron|longeveron inc.
LH,LABCORP HOLDINGS INC.,0000920148,XNYS,US,labcorp|labcorp holdings inc.
LHAI,Linkhome Holdings Inc.,0002017758,XNAS,US,linkhome|linkhome holdings inc.
LHSW,Lianhe Sowell International Group Ltd,0002004024,XNAS,US,lianhe|lianhe sowell|lianhe sowell international|lianhe sowell international group ltd
LHX,"L3HARRIS TECHNOLOGIES, INC. /DE/",0000202058,XNYS,US,"l3harris|l3harris technologies|l3harris technologies de|l3harris technologies, inc. /de/"
LI,Li Auto Inc.,0001791706,XNAS,US,li|li auto|li auto inc.
LIANY,LianBio,0001831283,OOTC,US,lianbio
LICN,Lichen International Ltd,0001876766,XNAS,US,lichen|lichen international|lichen international ltd
LIDR,"AEye, Inc.",0001818644,XNAS,US,"aeye|aeye, inc."
LIDRW,"AEye, Inc.",0001818644,XNAS,US,"aeye|aeye, inc."
LIEN,"Chicago Atlantic BDC, Inc.",0001843162,XNAS,US,"chicago|chicago atlantic|chicago atlantic bdc|chicago atlantic bdc, inc."
LIF,"Life360, Inc.",0001581760,XNAS,US,"life360|life360, inc."
LIFD,LFTD PARTNERS INC.,0001391135,OOTC,US,lftd|lftd partners|lftd partners inc.
LIFE,Ethos Technologies Inc.,0001788451,XNAS,US,ethos|ethos technologies|ethos technologies inc.
LIFX,"Life360, Inc.",0001581760,OOTC,US,"life360|life360, inc."
LII,LENNOX INTERNATIONAL INC,0001069202,XNYS,US,lennox|lennox international|lennox international inc
LILA,Liberty Latin America Ltd.,0001712184,XNAS,US,liberty|liberty latin|liberty latin america|liberty latin america ltd.
LILAB,Liberty Latin America Ltd.,0001712184,OOTC,US,liberty|liberty latin|liberty latin america|liberty latin america ltd.
LILAK,Liberty Latin America Ltd.,0001712184,XNAS,US,liberty|liberty latin|liberty latin america|liberty latin america ltd.
LILIF,Argentina Lithium & Energy Corp.,0001689448,OOTC,US,argentina|argentina lithium|argentina lithium & energy corp.|argentina lithium energy
LILMF,Lilium N.V.,0001855756,OOTC,US,lilium|lilium n.v.
LIMN,"Liminatus Pharma, Inc.",0001971387,XNAS,US,"liminatus|liminatus pharma|liminatus pharma, inc."
LIMNW,"Liminatus Pharma, Inc.",0001971387,XNAS,US,"liminatus|liminatus pharma|liminatus pharma, inc."
LIMX,Limitless X Holdings Inc.,0001803977,OOTC,US,limitless|limitless x|limitless x holdings inc.
LIN,LINDE PLC,0001707925,XNAS,US,linde|linde plc
LINC,LINCOLN EDUCATIONAL SERVICES CORP,0001286613,XNAS,US,lincoln|lincoln educational|lincoln educational services|lincoln educational services corp
LIND,"LINDBLAD EXPEDITIONS HOLDINGS, INC.",0001512499,XNAS,US,"lindblad|lindblad expeditions|lindblad expeditions holdings, inc."
LINE,"Lineage, Inc.",0001868159,XNAS,US,"lineage|lineage, inc."
LINK,INTERLINK ELECTRONICS INC,0000828146,XNAS,US,interlink|interlink electronics|interlink electronics inc
LINMF,Linear Minerals Corp,0001066130,OOTC,US,linear|linear minerals|linear minerals corp
LION,Lionsgate Studios Corp.,0002052959,XNYS,US,lionsgate|lionsgate studios|lionsgate studios corp.
LIPO,LIPELLA PHARMACEUTICALS INC.,0001347242,OOTC,US,lipella|lipella pharmaceuticals|lipella pharmaceuticals inc.
LIQT,LIQTECH INTERNATIONAL INC,0001307579,XNAS,US,liqtech|liqtech international|liqtech international inc
LISMF,LITHIUM SOUTH DEVELOPMENT Corp,0001643715,OOTC,US,lithium|lithium south|lithium south development|lithium south development corp
LITB,"LightInTheBox Holding Co., Ltd.",0001523836,XNYS,US,"lightinthebox|lightinthebox holding co., ltd."
LITE,Lumentum Holdings Inc.,0001633978,XNAS,US,lumentum|lumentum holdings inc.
LITS,"Lite Strategy, Inc.",0001262104,XNAS,US,"lite|lite strategy|lite strategy, inc."
LITSF,LITHOS GROUP LTD.,0001978165,OOTC,US,lithos|lithos group ltd.
LIVE,LIVE VENTURES Inc,0001045742,XNAS,US,live|live ventures|live ventures inc
LIVG,"Livento Group, Inc.",0001593549,OOTC,US,"livento|livento group, inc."
LIVN,LivaNova PLC,0001639691,XNAS,US,livanova|livanova plc
LIXT,"LIXTE BIOTECHNOLOGY HOLDINGS, INC.",0001335105,XNAS,US,"lixte|lixte biotechnology|lixte biotechnology holdings, inc."
LKFN,LAKELAND FINANCIAL CORP,0000721994,XNAS,US,lakeland|lakeland financial|lakeland financial corp
LKFT,Lakefront Biotherapeutics NV,0001421876,XNAS,US,lakefront|lakefront biotherapeutics|lakefront biotherapeutics nv
LKNCY,Luckin Coffee Inc.,0001767582,OOTC,US,luckin|luckin coffee|luckin coffee inc.
LKQ,LKQ CORP,0001065696,XNAS,US,lkq|lkq corp
LKSP,Lake Superior Acquisition Corp,0002043508,XNAS,US,lake|lake superior|lake superior acquisition|lake superior acquisition corp
LKSPR,Lake Superior Acquisition Corp,0002043508,XNAS,US,lake|lake superior|lake superior acquisition|lake superior acquisition corp
LKSPU,Lake Superior Acquisition Corp,0002043508,XNAS,US,lake|lake superior|lake superior acquisition|lake superior acquisition corp
LKYLY,Locksley Resources Limited/ADR,0002091585,OOTC,US,locksley|locksley resources|locksley resources limited/adr
LKYRF,Locksley Resources Limited/ADR,0002091585,OOTC,US,locksley|locksley resources|locksley resources limited/adr
LLDTF,Lloyds Banking Group plc,0001160106,OOTC,US,lloyds|lloyds banking|lloyds banking group plc
LLOBF,Lloyds Banking Group plc,0001160106,OOTC,US,lloyds|lloyds banking|lloyds banking group plc
LLY,ELI LILLY & Co,0000059478,XNYS,US,eli|eli lilly|eli lilly & co
LLYVA,"Liberty Live Holdings, Inc.",0002078416,XNAS,US,"liberty|liberty live|liberty live holdings, inc."
LLYVB,"Liberty Live Holdings, Inc.",0002078416,OOTC,US,"liberty|liberty live|liberty live holdings, inc."
LLYVK,"Liberty Live Holdings, Inc.",0002078416,XNAS,US,"liberty|liberty live|liberty live holdings, inc."
LMAT,LEMAITRE VASCULAR INC,0001158895,XNAS,US,lemaitre|lemaitre vascular|lemaitre vascular inc
LMB,"Limbach Holdings, Inc.",0001606163,XNAS,US,"limbach|limbach holdings, inc."
LMED,LataMed AI Corp.,0001477960,OOTC,US,latamed|latamed ai|latamed ai corp.
LMFA,"LM FUNDING AMERICA, INC.",0001640384,XNAS,US,"lm|lm funding|lm funding america|lm funding america, inc."
LMMY,"Exousia Bio, Inc.",0001939937,OOTC,US,"exousia|exousia bio|exousia bio, inc."
LMND,"Lemonade, Inc.",0001691421,XNYS,US,"lemonade|lemonade, inc."
LMNR,Limoneira CO,0001342423,XNAS,US,limoneira|limoneira co
LMRI,"Lumexa Imaging Holdings, Inc.",0002071288,XNAS,US,"lumexa|lumexa imaging|lumexa imaging holdings, inc."
LMRMF,Lomiko Metals Inc.,0001588837,OOTC,US,lomiko|lomiko metals|lomiko metals inc.
LMRXF,LARAMIDE RESOURCES LTD,0001001500,OOTC,US,laramide|laramide resources|laramide resources ltd
LMT,LOCKHEED MARTIN CORP,0000936468,XNYS,US,lockheed|lockheed martin|lockheed martin corp
LNAI,Lunai Bioworks Inc.,0001527728,XNAS,US,lunai|lunai bioworks|lunai bioworks inc.
LNC,LINCOLN NATIONAL CORP,0000059558,XNYS,US,lincoln|lincoln national|lincoln national corp
LND,BrasilAgro - Brazilian Agricultural Real Estate Co,0001499849,XNYS,US,brasilagro|brasilagro - brazilian agricultural real estate co|brasilagro brazilian|brasilagro brazilian agricultural real estate
LNG,"Cheniere Energy, Inc.",0000003570,XNYS,US,"cheniere|cheniere energy|cheniere energy, inc."
LNKS,Linkers Industries Ltd,0001972074,XNAS,US,linkers|linkers industries|linkers industries ltd
LNN,LINDSAY CORP,0000836157,XNYS,US,lindsay|lindsay corp
LNSR,"LENSAR, Inc.",0001320350,XNAS,US,"lensar|lensar, inc."
LNT,ALLIANT ENERGY CORP,0000352541,XNAS,US,alliant|alliant energy|alliant energy corp
LNTCY,"Lens Technology Co., Ltd./ADR",0002098381,OOTC,US,"lens|lens technology|lens technology co., ltd./adr"
LNTH,"Lantheus Holdings, Inc.",0001521036,XNAS,US,"lantheus|lantheus holdings, inc."
LNTO,LELANTOS HOLDINGS INC.,0002006925,OOTC,US,lelantos|lelantos holdings inc.
LNWO,"Light & Wonder, Inc.",0000750004,OOTC,US,"light|light & wonder, inc.|light wonder"
LNXSF,LANXESS AG,0001311307,OOTC,US,lanxess|lanxess ag
LNXSY,LANXESS AG,0001311307,OOTC,US,lanxess|lanxess ag
LNZA,"LanzaTech Global, Inc.",0001843724,XNAS,US,"lanzatech|lanzatech global|lanzatech global, inc."
LNZAW,"LanzaTech Global, Inc.",0001843724,XNAS,US,"lanzatech|lanzatech global|lanzatech global, inc."
LOAN,"MANHATTAN BRIDGE CAPITAL, INC",0001080340,XNAS,US,"manhattan|manhattan bridge|manhattan bridge capital|manhattan bridge capital, inc"
LOAR,Loar Holdings Inc.,0002000178,XNYS,US,loar|loar holdings inc.
LOB,"Live Oak Bancshares, Inc.",0001462120,XNYS,US,"live|live oak|live oak bancshares|live oak bancshares, inc."
LOBO,LOBO TECHNOLOGIES LTD.,0001932072,XNAS,US,lobo|lobo technologies|lobo technologies ltd.
LOCL,Local Bounti Corporation/DE,0001840780,XNYS,US,local|local bounti|local bounti corporation/de|local bounti de
LOCLW,Local Bounti Corporation/DE,0001840780,OOTC,US,local|local bounti|local bounti corporation/de|local bounti de
LOCO,"El Pollo Loco Holdings, Inc.",0001606366,XNAS,US,"el|el pollo|el pollo loco|el pollo loco holdings, inc."
LODE,Comstock Inc.,0001120970,XASE,US,comstock|comstock inc.
LOGC,ContextLogic Holdings Inc.,0002064307,OOTC,US,contextlogic|contextlogic holdings inc.
LOGI,LOGITECH INTERNATIONAL S.A.,0001032975,XNAS,US,logitech|logitech international|logitech international s.a.
LOIMF,Loomis AB / ADR,0001454147,OOTC,US,loomis|loomis ab|loomis ab / adr
LOKV,Live Oak Acquisition Corp. V,0002048951,XNAS,US,live|live oak|live oak acquisition corp. v|live oak acquisition v
LOKVU,Live Oak Acquisition Corp. V,0002048951,XNAS,US,live|live oak|live oak acquisition corp. v|live oak acquisition v
LOKVW,Live Oak Acquisition Corp. V,0002048951,XNAS,US,live|live oak|live oak acquisition corp. v|live oak acquisition v
LOMA,Loma Negra Compania Industrial Argentina Sociedad Anonima,0001711375,XNYS,US,loma|loma negra|loma negra compania industrial argentina sociedad anonima
LOMLF,Lion One Metals Ltd.,0001509397,OOTC,US,lion|lion one|lion one metals|lion one metals ltd.
LOMWF,Lion One Metals Ltd.,0001509397,OOTC,US,lion|lion one|lion one metals|lion one metals ltd.
LONA,"LeonaBio, Inc.",0001620463,XNAS,US,"leonabio|leonabio, inc."
LOOP,"Loop Industries, Inc.",0001504678,XNAS,US,"loop|loop industries|loop industries, inc."
LOPE,"Grand Canyon Education, Inc.",0001434588,XNAS,US,"grand|grand canyon|grand canyon education|grand canyon education, inc."
LOT,Lotus Technology Inc.,0001962746,XNAS,US,lotus|lotus technology|lotus technology inc.
LOTMY,Lottomatica Group S.p.A./ADR,0002041918,OOTC,US,lottomatica|lottomatica group s.p.a./adr|lottomatica s|lottomatica s p a
LOTWW,Lotus Technology Inc.,0001962746,XNAS,US,lotus|lotus technology|lotus technology inc.
LOVE,Lovesac Co,0001701758,XNAS,US,lovesac|lovesac co
LOW,LOWES COMPANIES INC,0000060667,XNYS,US,lowes|lowes companies|lowes companies inc
LPA,Logistic Properties of the Americas,0001997711,XASE,US,logistic|logistic properties|logistic properties of americas|logistic properties of the americas
LPAA,Launch One Acquisition Corp.,0002015502,XNAS,US,launch|launch one|launch one acquisition|launch one acquisition corp.
LPAAU,Launch One Acquisition Corp.,0002015502,XNAS,US,launch|launch one|launch one acquisition|launch one acquisition corp.
LPAAW,Launch One Acquisition Corp.,0002015502,XNAS,US,launch|launch one|launch one acquisition|launch one acquisition corp.
LPBB,Launch Two Acquisition Corp.,0002023676,XNAS,US,launch|launch two|launch two acquisition|launch two acquisition corp.
LPBBU,Launch Two Acquisition Corp.,0002023676,XNAS,US,launch|launch two|launch two acquisition|launch two acquisition corp.
LPBBW,Launch Two Acquisition Corp.,0002023676,XNAS,US,launch|launch two|launch two acquisition|launch two acquisition corp.
LPCHY,Lapco Holdings Limited/ADR,0002023870,OOTC,US,lapco|lapco holdings limited/adr
LPCN,Lipocine Inc.,0001535955,XNAS,US,lipocine|lipocine inc.
LPCV,Launchpad Cadenza Acquisition Corp I,0002083728,XNAS,US,launchpad|launchpad cadenza|launchpad cadenza acquisition corp i|launchpad cadenza acquisition i
LPCVU,Launchpad Cadenza Acquisition Corp I,0002083728,XNAS,US,launchpad|launchpad cadenza|launchpad cadenza acquisition corp i|launchpad cadenza acquisition i
LPCVW,Launchpad Cadenza Acquisition Corp I,0002083728,XNAS,US,launchpad|launchpad cadenza|launchpad cadenza acquisition corp i|launchpad cadenza acquisition i
LPG,DORIAN LPG LTD.,0001596993,XNYS,US,dorian|dorian lpg|dorian lpg ltd.
LPGCY,Laopu Gold Co. Ltd./ADR,0002068440,OOTC,US,laopu|laopu gold|laopu gold co. ltd./adr
LPL,"LG Display Co., Ltd.",0001290109,XNYS,US,"lg|lg display|lg display co., ltd."
LPLA,LPL Financial Holdings Inc.,0001397911,XNAS,US,lpl|lpl financial|lpl financial holdings inc.
LPRO,Open Lending Corp,0001806201,XNAS,US,open|open lending|open lending corp
LPSIF,LEGEND POWER SYSTEMS INC.,0001472466,OOTC,US,legend|legend power|legend power systems|legend power systems inc.
LPSN,LIVEPERSON INC,0001102993,XNAS,US,liveperson|liveperson inc
LPTH,LIGHTPATH TECHNOLOGIES INC,0000889971,XNAS,US,lightpath|lightpath technologies|lightpath technologies inc
LPUGF,Laopu Gold Co. Ltd./ADR,0002068440,OOTC,US,laopu|laopu gold|laopu gold co. ltd./adr
LPX,LOUISIANA-PACIFIC CORP,0000060519,XNYS,US,louisiana|louisiana pacific|louisiana-pacific corp
LQDA,Liquidia Corp,0001819576,XNAS,US,liquidia|liquidia corp
LQDT,LIQUIDITY SERVICES INC,0001235468,XNAS,US,liquidity|liquidity services|liquidity services inc
LQMT,LIQUIDMETAL TECHNOLOGIES INC,0001141240,OOTC,US,liquidmetal|liquidmetal technologies|liquidmetal technologies inc
LQWC,LIFEQUEST WORLD CORP.,0001060888,OOTC,US,lifequest|lifequest world|lifequest world corp.
LRCX,LAM RESEARCH CORP,0000707549,XNAS,US,lam|lam research|lam research corp
LRDC,"Laredo Oil, Inc.",0001442492,OOTC,US,"laredo|laredo oil|laredo oil, inc."
LRE,"LEAD REAL ESTATE CO., LTD",0001888980,XNAS,US,"lead|lead real|lead real estate|lead real estate co., ltd"
LRHC,La Rosa Holdings Corp.,0001879403,XNAS,US,la|la rosa|la rosa holdings corp.
LRMR,"Larimar Therapeutics, Inc.",0001374690,XNAS,US,"larimar|larimar therapeutics|larimar therapeutics, inc."
LRN,"Stride, Inc.",0001157408,XNYS,US,"stride|stride, inc."
LRRIF,Lion Rock Resources Inc.,0001992500,OOTC,US,lion|lion rock|lion rock resources|lion rock resources inc.
LRVIY,"Laboratorios Farmaceuticos Rovi, S.A./ADR",0002029970,OOTC,US,"laboratorios|laboratorios farmaceuticos|laboratorios farmaceuticos rovi|laboratorios farmaceuticos rovi, s.a./adr"
LSAK,LESAKA TECHNOLOGIES INC,0001041514,XNAS,US,lesaka|lesaka technologies|lesaka technologies inc
LSBCF,"LakeShore Biopharma Co., Ltd.",0001946399,OOTC,US,"lakeshore|lakeshore biopharma|lakeshore biopharma co., ltd."
LSBK,"Lake Shore Bancorp, Inc. /MD/",0002059653,XNAS,US,"lake|lake shore|lake shore bancorp md|lake shore bancorp, inc. /md/"
LSBWF,"LakeShore Biopharma Co., Ltd.",0001946399,OOTC,US,"lakeshore|lakeshore biopharma|lakeshore biopharma co., ltd."
LSCC,LATTICE SEMICONDUCTOR CORP,0000855658,XNAS,US,lattice|lattice semiconductor|lattice semiconductor corp
LSE,"Leishen Energy Holding Co., Ltd.",0001985139,XNAS,US,"leishen|leishen energy|leishen energy holding co., ltd."
LSEB,LSEB Creative Corp.,0001888740,OOTC,US,lseb|lseb creative|lseb creative corp.
LSEGY,London Stock Exchange Group plc,0001842726,OOTC,US,london|london stock|london stock exchange|london stock exchange group plc
LSF,"Laird Superfood, Inc.",0001650696,XASE,US,"laird|laird superfood|laird superfood, inc."
LSH,Lakeside Holding Ltd,0001996192,XNAS,US,lakeside|lakeside holding ltd
LSHGF,Louis Hachette Group/ADR,0002063675,OOTC,US,louis|louis hachette|louis hachette group/adr
LSPD,Lightspeed Commerce Inc.,0001823306,XNYS,US,lightspeed|lightspeed commerce|lightspeed commerce inc.
LSRCF,Lasertec Corporation/ADR,0001822989,OOTC,US,lasertec|lasertec corporation/adr
LSTA,"LISATA THERAPEUTICS, INC.",0000320017,XNAS,US,"lisata|lisata therapeutics|lisata therapeutics, inc."
LSTR,LANDSTAR SYSTEM INC,0000853816,XNAS,US,landstar|landstar system|landstar system inc
LTAFF,Lithium Africa Corp.,0002115899,OOTC,US,lithium|lithium africa|lithium africa corp.
LTBR,LIGHTBRIDGE Corp,0001084554,XNAS,US,lightbridge|lightbridge corp
LTC,LTC PROPERTIES INC,0000887905,XNYS,US,ltc|ltc properties|ltc properties inc
LTCH,"Latch, Inc.",0001826000,OOTC,US,"latch|latch, inc."
LTCHW,"Latch, Inc.",0001826000,OOTC,US,"latch|latch, inc."
LTCN,Grayscale Litecoin Trust (LTC),0001732406,OOTC,US,grayscale|grayscale litecoin|grayscale litecoin ltc|grayscale litecoin trust (ltc)
LTESF,Leet INC.,0001946746,OOTC,US,leet|leet inc.
LTGHF,Life Healthcare Group Holdings Limited/ADR,0001569963,OOTC,US,life|life healthcare|life healthcare group holdings limited/adr
LTGHY,Life Healthcare Group Holdings Limited/ADR,0001569963,OOTC,US,life|life healthcare|life healthcare group holdings limited/adr
LTH,"Life Time Group Holdings, Inc.",0001869198,XNYS,US,"life|life time|life time group holdings, inc."
LTM,LATAM AIRLINES GROUP S.A.,0001047716,XNYS,US,latam|latam airlines|latam airlines group s.a.
LTMGF,Lottomatica Group S.p.A./ADR,0002041918,OOTC,US,lottomatica|lottomatica group s.p.a./adr|lottomatica s|lottomatica s p a
LTRN,Lantern Pharma Inc.,0001763950,XNAS,US,lantern|lantern pharma|lantern pharma inc.
LTRX,LANTRONIX INC,0001114925,XNAS,US,lantronix|lantronix inc
LTRYW,Sports Entertainment Gaming Global Corp,0001673481,XNAS,US,sports|sports entertainment|sports entertainment gaming global|sports entertainment gaming global corp
LTSV,"Lightstone Value Plus REIT IV, Inc.",0001619312,OOTC,US,"lightstone|lightstone value|lightstone value plus reit iv|lightstone value plus reit iv, inc."
LTUM,Lithium Corp,0001415332,OOTC,US,lithium|lithium corp
LU,Lufax Holding Ltd,0001816007,XNYS,US,lufax|lufax holding ltd
LUCD,Lucid Diagnostics Inc.,0001799011,XNAS,US,lucid|lucid diagnostics|lucid diagnostics inc.
LUCK,Lucky Strike Entertainment Corp,0001840572,XNYS,US,lucky|lucky strike|lucky strike entertainment|lucky strike entertainment corp
LUCN,"Lucent, Inc.",0001726079,OOTC,US,"lucent|lucent, inc."
LUCY,Innovative Eyewear Inc,0001808377,XNAS,US,innovative|innovative eyewear|innovative eyewear inc
LUCYW,Innovative Eyewear Inc,0001808377,XNAS,US,innovative|innovative eyewear|innovative eyewear inc
LUD,Luda Technology Group Ltd,0001984124,XASE,US,luda|luda technology|luda technology group ltd
LUDG,"LUDWIG ENTERPRISES, INC.",0001960262,OOTC,US,"ludwig|ludwig enterprises|ludwig enterprises, inc."
LULU,lululemon athletica inc.,0001397187,XNAS,US,lululemon|lululemon athletica|lululemon athletica inc.
LUMN,"Lumen Technologies, Inc.",0000018926,XNYS,US,"lumen|lumen technologies|lumen technologies, inc."
LUNG,Pulmonx Corp,0001127537,XNAS,US,pulmonx|pulmonx corp
LUNR,"Intuitive Machines, Inc.",0001844452,XNAS,US,"intuitive|intuitive machines|intuitive machines, inc."
LUV,SOUTHWEST AIRLINES CO,0000092380,XNYS,US,southwest|southwest airlines|southwest airlines co
LUVU,"Luvu Brands, Inc.",0001374567,OOTC,US,"luvu|luvu brands|luvu brands, inc."
LUXE,LuxExperience B.V.,0001831907,XNYS,US,luxexperience|luxexperience b|luxexperience b v|luxexperience b.v.
LVLU,"Lulu's Fashion Lounge Holdings, Inc.",0001780201,XNAS,US,"lulu|lulu s|lulu s fashion lounge|lulu's fashion lounge holdings, inc."
LVO,"LiveOne, Inc.",0001491419,XNAS,US,"liveone|liveone, inc."
LVPA,LVPAI GROUP Ltd,0000831378,OOTC,US,lvpai|lvpai group ltd
LVRLF,CordovaCann Corp.,0001168981,OOTC,US,cordovacann|cordovacann corp.
LVROF,Lavoro Ltd,0001945711,OOTC,US,lavoro|lavoro ltd
LVRWF,Lavoro Ltd,0001945711,OOTC,US,lavoro|lavoro ltd
LVS,LAS VEGAS SANDS CORP,0001300514,XNYS,US,las|las vegas|las vegas sands|las vegas sands corp
LVWR,"LiveWire Group, Inc.",0001898795,XNYS,US,"livewire|livewire group, inc."
LW,"Lamb Weston Holdings, Inc.",0001679273,XNYS,US,"lamb|lamb weston|lamb weston holdings, inc."
LWAC,LightWave Acquisition Corp.,0002061379,XNAS,US,lightwave|lightwave acquisition|lightwave acquisition corp.
LWACU,LightWave Acquisition Corp.,0002061379,XNAS,US,lightwave|lightwave acquisition|lightwave acquisition corp.
LWACW,LightWave Acquisition Corp.,0002061379,XNAS,US,lightwave|lightwave acquisition|lightwave acquisition corp.
LWAY,"Lifeway Foods, Inc.",0000814586,XNAS,US,"lifeway|lifeway foods|lifeway foods, inc."
LWLG,"Lightwave Logic, Inc.",0001325964,XNAS,US,"lightwave|lightwave logic|lightwave logic, inc."
LWSCF,Sienna Senior Living Inc./ADR,0002073972,OOTC,US,sienna|sienna senior|sienna senior living|sienna senior living inc./adr
LX,LexinFintech Holdings Ltd.,0001708259,XNAS,US,lexinfintech|lexinfintech holdings ltd.
LXEH,Lixiang Education Holding Co. Ltd.,0001814067,XNAS,US,lixiang|lixiang education|lixiang education holding co. ltd.
LXEO,"Lexeo Therapeutics, Inc.",0001907108,XNAS,US,"lexeo|lexeo therapeutics|lexeo therapeutics, inc."
LXFR,LUXFER HOLDINGS PLC,0001096056,XNYS,US,luxfer|luxfer holdings plc
LXP,LXP Industrial Trust,0000910108,XNYS,US,lxp|lxp industrial|lxp industrial trust
LXRX,"LEXICON PHARMACEUTICALS, INC.",0001062822,XNAS,US,"lexicon|lexicon pharmaceuticals|lexicon pharmaceuticals, inc."
LXU,"LSB INDUSTRIES, INC.",0000060714,XNYS,US,"lsb|lsb industries|lsb industries, inc."
LYB,LyondellBasell Industries N.V.,0001489393,XNYS,US,lyondellbasell|lyondellbasell industries|lyondellbasell industries n.v.
LYEL,"Lyell Immunopharma, Inc.",0001806952,XNAS,US,"lyell|lyell immunopharma|lyell immunopharma, inc."
LYFT,"Lyft, Inc.",0001759509,XNAS,US,"lyft|lyft, inc."
LYG,Lloyds Banking Group plc,0001160106,XNYS,US,lloyds|lloyds banking|lloyds banking group plc
LYRA,"Lyra Therapeutics, Inc.",0001327273,OOTC,US,"lyra|lyra therapeutics|lyra therapeutics, inc."
LYTHF,Lytus Technologies Holdings PTV. Ltd.,0001816319,OOTC,US,lytus|lytus technologies|lytus technologies holdings ptv. ltd.|lytus technologies ptv
LYTS,LSI INDUSTRIES INC,0000763532,XNAS,US,lsi|lsi industries|lsi industries inc
LYV,"Live Nation Entertainment, Inc.",0001335258,XNYS,US,"live|live nation|live nation entertainment|live nation entertainment, inc."
LZ,"LEGALZOOM.COM, INC.",0001286139,XNAS,US,"legalzoom|legalzoom com|legalzoom.com, inc."
LZB,LA-Z-BOY INC,0000057131,XNYS,US,la|la z|la z boy|la-z-boy inc
LZM,Lifezone Metals Ltd,0001958217,XNYS,US,lifezone|lifezone metals|lifezone metals ltd
LZMH,LZ Technology Holdings Ltd,0001967397,XNAS,US,lz|lz technology|lz technology holdings ltd
M,"Macy's, Inc.",0000794367,XNYS,US,"macy|macy s|macy's, inc."
MA,Mastercard Inc,0001141391,XNYS,US,mastercard|mastercard inc
MAA,MID AMERICA APARTMENT COMMUNITIES INC.,0000912595,XNYS,US,mid|mid america|mid america apartment communities|mid america apartment communities inc.
MAAS,Maase Inc.,0001750264,XNAS,US,maase|maase inc.
MAC,MACERICH CO,0000912242,XNYS,US,macerich|macerich co
MACI,Melar Acquisition Corp. I/Cayman,0002016221,XNAS,US,melar|melar acquisition|melar acquisition corp. i/cayman|melar acquisition i cayman
MACIU,Melar Acquisition Corp. I/Cayman,0002016221,XNAS,US,melar|melar acquisition|melar acquisition corp. i/cayman|melar acquisition i cayman
MACIW,Melar Acquisition Corp. I/Cayman,0002016221,XNAS,US,melar|melar acquisition|melar acquisition corp. i/cayman|melar acquisition i cayman
MAGE,MAGELLAN COPPER & GOLD Corp,0001515317,OOTC,US,magellan|magellan copper|magellan copper & gold corp|magellan copper gold
MAGH,Magnitude International Ltd,0002046117,XNAS,US,magnitude|magnitude international|magnitude international ltd
MAGN,Magnera Corp,0000041719,XNYS,US,magnera|magnera corp
MAIA,"MAIA Biotechnology, Inc.",0001878313,XASE,US,"maia|maia biotechnology|maia biotechnology, inc."
MAIN,Main Street Capital CORP,0001396440,XNYS,US,main|main street|main street capital|main street capital corp
MAIR,Madison Air Solutions Corp,0002098430,XNYS,US,madison|madison air|madison air solutions|madison air solutions corp
MAJI,Nextel Medical Corp.,0001492448,OOTC,US,nextel|nextel medical|nextel medical corp.
MAKO,Mako Mining Corp.,0001784930,XNAS,US,mako|mako mining|mako mining corp.
MALG,MICROALLIANCE GROUP INC.,0001309251,OOTC,US,microalliance|microalliance group inc.
MAMA,"Mama's Creations, Inc.",0001520358,XNAS,US,"mama|mama s|mama s creations|mama's creations, inc."
MAMK,MaxsMaking Inc.,0002008007,XNAS,US,maxsmaking|maxsmaking inc.
MAMO,Massimo Group,0001952853,XNAS,US,massimo|massimo group
MAN,ManpowerGroup Inc.,0000871763,XNYS,US,manpowergroup|manpowergroup inc.
MANA,Grayscale Decentraland Trust (MANA),0001852023,OOTC,US,grayscale|grayscale decentraland|grayscale decentraland mana|grayscale decentraland trust (mana)
MANDF,Mandatum Oyj/ADR,0002038958,OOTC,US,mandatum|mandatum oyj|mandatum oyj/adr
MANE,"Veradermics, Inc",0001827635,XNYS,US,"veradermics|veradermics, inc"
MANH,MANHATTAN ASSOCIATES INC,0001056696,XNAS,US,manhattan|manhattan associates|manhattan associates inc
MANU,Manchester United plc,0001549107,XNYS,US,manchester|manchester united|manchester united plc
MAPPF,PROSTAR HOLDINGS INC. /BC,0001493130,OOTC,US,prostar|prostar bc|prostar holdings inc. /bc
MAPS,"WM TECHNOLOGY, INC.",0001779474,OOTC,US,"wm|wm technology|wm technology, inc."
MAPSW,"WM TECHNOLOGY, INC.",0001779474,OOTC,US,"wm|wm technology|wm technology, inc."
MAR,MARRIOTT INTERNATIONAL INC /MD/,0001048286,XNAS,US,marriott|marriott international|marriott international inc /md/|marriott international md
MARA,"MARA Holdings, Inc.",0001507605,XNAS,US,"mara|mara holdings, inc."
MARPS,MARINE PETROLEUM TRUST,0000062362,XNAS,US,marine|marine petroleum|marine petroleum trust
MAS,MASCO CORP /DE/,0000062996,XNYS,US,masco|masco corp /de/|masco de
MASI,MASIMO CORP,0000937556,XNAS,US,masimo|masimo corp
MASK,3 E Network Technology Group Ltd,0001993097,XNAS,US,3 e|3 e network technology|3 e network technology group ltd
MASN,"Maison Luxe, Inc.",0001486452,OOTC,US,"maison|maison luxe|maison luxe, inc."
MASS,908 Devices Inc.,0001555279,XNAS,US,908|908 devices|908 devices inc.
MAT,MATTEL INC /DE/,0000063276,XNAS,US,mattel|mattel de|mattel inc /de/
MATH,Metalpha Technology Holding Ltd,0001682241,XNAS,US,metalpha|metalpha technology|metalpha technology holding ltd
MATV,"Mativ Holdings, Inc.",0001000623,XNYS,US,"mativ|mativ holdings, inc."
MATW,MATTHEWS INTERNATIONAL CORP,0000063296,XNAS,US,matthews|matthews international|matthews international corp
MATX,"Matson, Inc.",0000003453,XNYS,US,"matson|matson, inc."
MAUTF,Montage Gold Corp.,0001830918,OOTC,US,montage|montage gold|montage gold corp.
MAUUF,AERO ENERGY Ltd,0001905688,OOTC,US,aero|aero energy|aero energy ltd
MAWAF,"Maruwa Co., Ltd./ADR",0002093667,OOTC,US,"maruwa|maruwa co., ltd./adr"
MAX,"MediaAlpha, Inc.",0001818383,XNYS,US,"mediaalpha|mediaalpha, inc."
MAXNQ,"Maxeon Solar Technologies, Ltd.",0001796898,OOTC,US,"maxeon|maxeon solar|maxeon solar technologies|maxeon solar technologies, ltd."
MAYS,MAYS J W INC,0000054187,XNAS,US,mays|mays j|mays j w|mays j w inc
MAZE,"Maze Therapeutics, Inc.",0001842295,XNAS,US,"maze|maze therapeutics|maze therapeutics, inc."
MB,MASTERBEEF GROUP,0002027265,XNAS,US,masterbeef|masterbeef group
MBAI,Check-Cap Ltd,0001610590,XNAS,US,check|check cap|check-cap ltd
MBAV,M3-Brigade Acquisition V Corp.,0002016072,XNAS,US,m3|m3 brigade|m3 brigade acquisition v|m3-brigade acquisition v corp.
MBAVU,M3-Brigade Acquisition V Corp.,0002016072,XNAS,US,m3|m3 brigade|m3 brigade acquisition v|m3-brigade acquisition v corp.
MBAVW,M3-Brigade Acquisition V Corp.,0002016072,XNAS,US,m3|m3 brigade|m3 brigade acquisition v|m3-brigade acquisition v corp.
MBBC,"Marathon Bancorp, Inc. /MD/",0001835385,XNAS,US,"marathon|marathon bancorp|marathon bancorp md|marathon bancorp, inc. /md/"
MBC,"MasterBrand, Inc.",0001941365,XNYS,US,"masterbrand|masterbrand, inc."
MBFJF,MITSUBISHI UFJ FINANCIAL GROUP INC,0000067088,OOTC,US,mitsubishi|mitsubishi ufj|mitsubishi ufj financial|mitsubishi ufj financial group inc
MBGAF,DAIMLER AG,0001067318,OOTC,US,daimler|daimler ag
MBGCF,"Mitsubishi Gas Chemical Company, Inc./ADR",0002079706,OOTC,US,"mitsubishi|mitsubishi gas|mitsubishi gas chemical|mitsubishi gas chemical company, inc./adr"
MBI,MBIA INC,0000814585,XNYS,US,mbia|mbia inc
MBIN,Merchants Bancorp,0001629019,XNAS,US,merchants|merchants bancorp
MBINL,Merchants Bancorp,0001629019,XNAS,US,merchants|merchants bancorp
MBINM,Merchants Bancorp,0001629019,XNAS,US,merchants|merchants bancorp
MBINN,Merchants Bancorp,0001629019,XNAS,US,merchants|merchants bancorp
MBIO,"MUSTANG BIO, INC.",0001680048,XNAS,US,"mustang|mustang bio|mustang bio, inc."
MBLY,Mobileye Global Inc.,0001910139,XNAS,US,mobileye|mobileye global|mobileye global inc.
MBNKO,MEDALLION FINANCIAL CORP,0001000209,XNAS,US,medallion|medallion financial|medallion financial corp
MBOT,Microbot Medical Inc.,0000883975,XNAS,US,microbot|microbot medical|microbot medical inc.
MBRFY,MARFRIG GLOBAL FOODS S.A.,0001496919,OOTC,US,marfrig|marfrig global|marfrig global foods|marfrig global foods s.a.
MBRX,"Moleculin Biotech, Inc.",0001659617,XNAS,US,"moleculin|moleculin biotech|moleculin biotech, inc."
MBSHY,"Mitsubishi Gas Chemical Company, Inc./ADR",0002079706,OOTC,US,"mitsubishi|mitsubishi gas|mitsubishi gas chemical|mitsubishi gas chemical company, inc./adr"
MBUMF,"Mabuchi Motor Co., Ltd./ADR",0001534281,OOTC,US,"mabuchi|mabuchi motor|mabuchi motor co., ltd./adr"
MBUU,"MALIBU BOATS, INC.",0001590976,XNAS,US,"malibu|malibu boats|malibu boats, inc."
MBVI,M3-Brigade Acquisition VI Corp.,0002073928,XNAS,US,m3|m3 brigade|m3 brigade acquisition vi|m3-brigade acquisition vi corp.
MBVIU,M3-Brigade Acquisition VI Corp.,0002073928,XNAS,US,m3|m3 brigade|m3 brigade acquisition vi|m3-brigade acquisition vi corp.
MBVIW,M3-Brigade Acquisition VI Corp.,0002073928,XNAS,US,m3|m3 brigade|m3 brigade acquisition vi|m3-brigade acquisition vi corp.
MBWM,MERCANTILE BANK CORP,0001042729,XNAS,US,mercantile|mercantile bank|mercantile bank corp
MBX,"MBX Biosciences, Inc.",0001776111,XNAS,US,"mbx|mbx biosciences|mbx biosciences, inc."
MC,Moelis & Co,0001596967,XNYS,US,moelis|moelis & co
MCAG,Mountain Crest Acquisition Corp. V,0001859035,OOTC,US,mountain|mountain crest|mountain crest acquisition corp. v|mountain crest acquisition v
MCAGR,Mountain Crest Acquisition Corp. V,0001859035,OOTC,US,mountain|mountain crest|mountain crest acquisition corp. v|mountain crest acquisition v
MCAGU,Mountain Crest Acquisition Corp. V,0001859035,OOTC,US,mountain|mountain crest|mountain crest acquisition corp. v|mountain crest acquisition v
MCAHU,Mountain Crest Acquisition 6 Corp.,0002109876,XNAS,US,mountain|mountain crest|mountain crest acquisition 6|mountain crest acquisition 6 corp.
MCB,Metropolitan Bank Holding Corp.,0001476034,XNYS,US,metropolitan|metropolitan bank|metropolitan bank holding corp.
MCBS,"MetroCity Bankshares, Inc.",0001747068,XNAS,US,"metrocity|metrocity bankshares|metrocity bankshares, inc."
MCD,MCDONALDS CORP,0000063908,XNYS,US,mcdonalds|mcdonalds corp
MCFT,"MasterCraft Boat Holdings, Inc.",0001638290,XNAS,US,"mastercraft|mastercraft boat|mastercraft boat holdings, inc."
MCGA,Yorkville Acquisition Corp.,0002064658,XNAS,US,yorkville|yorkville acquisition|yorkville acquisition corp.
MCGAU,Yorkville Acquisition Corp.,0002064658,XNAS,US,yorkville|yorkville acquisition|yorkville acquisition corp.
MCGAW,Yorkville Acquisition Corp.,0002064658,XNAS,US,yorkville|yorkville acquisition|yorkville acquisition corp.
MCHB,Mechanics Bancorp,0001518715,XNAS,US,mechanics|mechanics bancorp
MCHP,MICROCHIP TECHNOLOGY INC,0000827054,XNAS,US,microchip|microchip technology|microchip technology inc
MCHPP,MICROCHIP TECHNOLOGY INC,0000827054,XNAS,US,microchip|microchip technology|microchip technology inc
MCHX,MARCHEX INC,0001224133,XNAS,US,marchex|marchex inc
MCI,BARINGS CORPORATE INVESTORS,0000275694,XNYS,US,barings|barings corporate|barings corporate investors
MCK,MCKESSON CORP,0000927653,XNYS,US,mckesson|mckesson corp
MCLE,Medicale Corp.,0001827855,OOTC,US,medicale|medicale corp.
MCN,XAI Madison Equity Premium Income Fund,0001289868,XNYS,US,xai|xai madison|xai madison equity premium income fund
MCO,MOODYS CORP /DE/,0001059556,XNYS,US,moodys|moodys corp /de/|moodys de
MCOM,micromobility.com Inc.,0001788841,OOTC,US,micromobility|micromobility com|micromobility.com inc.
MCOMW,micromobility.com Inc.,0001788841,OOTC,US,micromobility|micromobility com|micromobility.com inc.
MCR,MFS CHARTER INCOME TRUST,0000851170,XNYS,US,mfs|mfs charter|mfs charter income|mfs charter income trust
MCRB,"Seres Therapeutics, Inc.",0001609809,XNAS,US,"seres|seres therapeutics|seres therapeutics, inc."
MCRI,MONARCH CASINO & RESORT INC,0000907242,XNAS,US,monarch|monarch casino|monarch casino & resort inc|monarch casino resort
MCRP,Micropolis AI Robotics,0001993431,XASE,US,micropolis|micropolis ai|micropolis ai robotics
MCS,MARCUS CORP,0000062234,XNYS,US,marcus|marcus corp
MCTA,Charming Medical Ltd,0002035992,XNAS,US,charming|charming medical|charming medical ltd
MCUJF,MEDICURE INC,0001133519,OOTC,US,medicure|medicure inc
MCW,"Mister Car Wash, Inc.",0001853513,XNAS,US,"mister|mister car|mister car wash|mister car wash, inc."
MCY,MERCURY GENERAL CORP,0000064996,XNYS,US,mercury|mercury general|mercury general corp
MD,"Pediatrix Medical Group, Inc.",0000893949,XNYS,US,"pediatrix|pediatrix medical|pediatrix medical group, inc."
MDA,MDA Space Ltd.,0001857047,XNYS,US,mda|mda space|mda space ltd.
MDAI,"Spectral AI, Inc.",0001833498,XNAS,US,"spectral|spectral ai|spectral ai, inc."
MDAIW,"Spectral AI, Inc.",0001833498,XNAS,US,"spectral|spectral ai|spectral ai, inc."
MDB,"MongoDB, Inc.",0001441816,XNAS,US,"mongodb|mongodb, inc."
MDBH,"MDB Capital Holdings, LLC",0001934642,XNAS,US,"mdb|mdb capital|mdb capital holdings, llc"
MDCE,Medical Care Technologies Inc.,0001404593,OOTC,US,medical|medical care|medical care technologies|medical care technologies inc.
MDCOY,PT Medco Energi Internasional Tbk/ADR,0002094100,OOTC,US,pt|pt medco|pt medco energi internasional tbk|pt medco energi internasional tbk/adr
MDCX,Medicus Pharma Ltd.,0001997296,XNAS,US,medicus|medicus pharma|medicus pharma ltd.
MDCXW,Medicus Pharma Ltd.,0001997296,XNAS,US,medicus|medicus pharma|medicus pharma ltd.
MDDNF,Meridian Energy Ltd/ADR,0002063417,OOTC,US,meridian|meridian energy|meridian energy ltd/adr
MDDTY,Mandatum Oyj/ADR,0002038958,OOTC,US,mandatum|mandatum oyj|mandatum oyj/adr
MDEX,Madison Technologies Inc.,0001318268,OOTC,US,madison|madison technologies|madison technologies inc.
MDGL,"MADRIGAL PHARMACEUTICALS, INC.",0001157601,XNAS,US,"madrigal|madrigal pharmaceuticals|madrigal pharmaceuticals, inc."
MDIA,Mediaco Holding Inc.,0001784254,XNAS,US,mediaco|mediaco holding inc.
MDLK,ModuLink Inc.,0001611046,OOTC,US,modulink|modulink inc.
MDLN,Medline Inc.,0002046386,XNAS,US,medline|medline inc.
MDLZ,"Mondelez International, Inc.",0001103982,XNAS,US,"mondelez|mondelez international|mondelez international, inc."
MDNAF,Medicenna Therapeutics Corp.,0001807983,OOTC,US,medicenna|medicenna therapeutics|medicenna therapeutics corp.
MDNC,Medinotec Inc.,0001931055,OOTC,US,medinotec|medinotec inc.
MDRR,"Medalist Diversified, Inc.",0001654595,XNAS,US,"medalist|medalist diversified|medalist diversified, inc."
MDT,Medtronic plc,0001613103,XNYS,US,medtronic|medtronic plc
MDU,MDU RESOURCES GROUP INC,0000067716,XNYS,US,mdu|mdu resources|mdu resources group inc
MDV,"MODIV INDUSTRIAL, INC.",0001645873,XNYS,US,"modiv|modiv industrial|modiv industrial, inc."
MDWD,MediWound Ltd.,0001593984,XNAS,US,mediwound|mediwound ltd.
MDWK,"MDWerks, Inc.",0001295514,OOTC,US,"mdwerks|mdwerks, inc."
MDXG,"MIMEDX GROUP, INC.",0001376339,XNAS,US,"mimedx|mimedx group, inc."
MDXH,MDxHealth SA,0001872529,XNAS,US,mdxhealth|mdxhealth sa
MDY,SPDR S&P MIDCAP 400 ETF TRUST,0000936958,ARCX,US,spdr|spdr s|spdr s p midcap 400 etf|spdr s&p midcap 400 etf trust
MEC,"Mayville Engineering Company, Inc.",0001766368,XNYS,US,"mayville|mayville engineering|mayville engineering company, inc."
MECPF,MUSTANG ENERGY CORP.,0001945166,OOTC,US,mustang|mustang energy|mustang energy corp.
MED,MEDIFAST INC,0000910329,XNYS,US,medifast|medifast inc
MEDP,"Medpace Holdings, Inc.",0001668397,XNAS,US,"medpace|medpace holdings, inc."
MEGI,NYLI CBRE Global Infrastructure Megatrends Term Fund,0001855066,XNYS,US,nyli|nyli cbre|nyli cbre global infrastructure megatrends term fund
MEGL,Magic Empire Global Ltd,0001881472,XNAS,US,magic|magic empire|magic empire global|magic empire global ltd
MEHA,Functional Brands Inc.,0001837254,XNAS,US,functional|functional brands|functional brands inc.
MEI,METHODE ELECTRONICS INC,0000065270,XNYS,US,methode|methode electronics|methode electronics inc
MEIUF,Meitu Inc./ADR,0001699967,OOTC,US,meitu|meitu inc./adr
MELI,MERCADOLIBRE INC,0001099590,XNAS,US,mercadolibre|mercadolibre inc
MENS,Jyong Biotech Ltd.,0001954488,XNAS,US,jyong|jyong biotech|jyong biotech ltd.
MEOBF,MESOBLAST LTD,0001345099,OOTC,US,mesoblast|mesoblast ltd
MEOH,METHANEX CORP,0000886977,XNAS,US,methanex|methanex corp
MERC,MERCER INTERNATIONAL INC.,0001333274,XNAS,US,mercer|mercer international|mercer international inc.
MESH,Meshflow Acquisition Corp,0002081468,XNAS,US,meshflow|meshflow acquisition|meshflow acquisition corp
MESHU,Meshflow Acquisition Corp,0002081468,XNAS,US,meshflow|meshflow acquisition|meshflow acquisition corp
MESHW,Meshflow Acquisition Corp,0002081468,XNAS,US,meshflow|meshflow acquisition|meshflow acquisition corp
MESO,MESOBLAST LTD,0001345099,XNAS,US,mesoblast|mesoblast ltd
MET,METLIFE INC,0001099219,XNYS,US,metlife|metlife inc
META,"Meta Platforms, Inc.",0001326801,XNAS,US,"meta|meta platforms|meta platforms, inc."
METC,"Ramaco Resources, Inc.",0001687187,XNAS,US,"ramaco|ramaco resources|ramaco resources, inc."
METCB,"Ramaco Resources, Inc.",0001687187,XNAS,US,"ramaco|ramaco resources|ramaco resources, inc."
METCI,"Ramaco Resources, Inc.",0001687187,XNAS,US,"ramaco|ramaco resources|ramaco resources, inc."
METCZ,"Ramaco Resources, Inc.",0001687187,XNAS,US,"ramaco|ramaco resources|ramaco resources, inc."
METRY,METRO INC./ADR,0002073643,OOTC,US,metro|metro inc./adr
MEVO,M Evo Global Acquisition Corp II,0002087361,XNAS,US,m evo|m evo global acquisition corp ii|m evo global acquisition ii
MEVOU,M Evo Global Acquisition Corp II,0002087361,XNAS,US,m evo|m evo global acquisition corp ii|m evo global acquisition ii
MEVOW,M Evo Global Acquisition Corp II,0002087361,XNAS,US,m evo|m evo global acquisition corp ii|m evo global acquisition ii
MFA,"MFA FINANCIAL, INC.",0001055160,XNYS,US,"mfa|mfa financial|mfa financial, inc."
MFAN,"MFA FINANCIAL, INC.",0001055160,XNYS,US,"mfa|mfa financial|mfa financial, inc."
MFAO,"MFA FINANCIAL, INC.",0001055160,XNYS,US,"mfa|mfa financial|mfa financial, inc."
MFBI,"Monroe Federal Bancorp, Inc.",0002024899,OOTC,US,"monroe|monroe federal|monroe federal bancorp|monroe federal bancorp, inc."
MFC,MANULIFE FINANCIAL CORP,0001086888,XNYS,US,manulife|manulife financial|manulife financial corp
MFG,MIZUHO FINANCIAL GROUP INC,0001335730,XNYS,US,mizuho|mizuho financial|mizuho financial group inc
MFI,mF International Ltd,0001940941,XNAS,US,mf|mf international|mf international ltd
MFIC,MidCap Financial Investment Corp,0001278752,XNAS,US,midcap|midcap financial|midcap financial investment|midcap financial investment corp
MFICL,MidCap Financial Investment Corp,0001278752,XNAS,US,midcap|midcap financial|midcap financial investment|midcap financial investment corp
MFIN,MEDALLION FINANCIAL CORP,0001000209,XNAS,US,medallion|medallion financial|medallion financial corp
MFM,MFS MUNICIPAL INCOME TRUST,0000801961,XNYS,US,mfs|mfs municipal|mfs municipal income|mfs municipal income trust
MFON,MOBIVITY HOLDINGS CORP.,0001447380,OOTC,US,mobivity|mobivity holdings corp.
MG,"Mistras Group, Inc.",0001436126,XNYS,US,"mistras|mistras group, inc."
MGA,MAGNA INTERNATIONAL INC,0000749098,XNYS,US,magna|magna international|magna international inc
MGAM,"Mobile Global Esports, Inc.",0001886362,OOTC,US,"mobile|mobile global|mobile global esports|mobile global esports, inc."
MGCLY,"Midea Group Co., Ltd./ADR",0002039784,OOTC,US,"midea|midea group co., ltd./adr"
MGCOF,"Midea Group Co., Ltd./ADR",0002039784,OOTC,US,"midea|midea group co., ltd./adr"
MGEE,MGE ENERGY INC,0001161728,XNAS,US,mge|mge energy|mge energy inc
MGF,MFS GOVERNMENT MARKETS INCOME TRUST,0000811922,XNYS,US,mfs|mfs government|mfs government markets income|mfs government markets income trust
MGHL,MORGAN GROUP HOLDING CO,0001162283,OOTC,US,morgan|morgan group holding co
MGHTF,Mercury NZ Ltd./ADR,0002062807,OOTC,US,mercury|mercury nz|mercury nz ltd./adr
MGIH,Millennium Group International Holdings Ltd,0001903995,XNAS,US,millennium|millennium group international holdings ltd|millennium international
MGLD,"Marygold Companies, Inc.",0001005101,XASE,US,"marygold|marygold companies|marygold companies, inc."
MGM,MGM Resorts International,0000789570,XNYS,US,mgm|mgm resorts|mgm resorts international
MGMNF,MAGNA MINING INC.,0001965615,OOTC,US,magna|magna mining|magna mining inc.
MGN,Megan Holdings Ltd.,0001995075,XNAS,US,megan|megan holdings ltd.
MGNC,Mag Magna Corp,0001949864,OOTC,US,mag|mag magna|mag magna corp
MGNI,"MAGNITE, INC.",0001595974,XNAS,US,"magnite|magnite, inc."
MGNO,"Magnolia Bancorp, Inc.",0002033615,OOTC,US,"magnolia|magnolia bancorp|magnolia bancorp, inc."
MGNX,MACROGENICS INC,0001125345,XNAS,US,macrogenics|macrogenics inc
MGPI,MGP INGREDIENTS INC,0000835011,XNAS,US,mgp|mgp ingredients|mgp ingredients inc
MGR,"AFFILIATED MANAGERS GROUP, INC.",0001004434,XNYS,US,"affiliated|affiliated managers|affiliated managers group, inc."
MGRB,"AFFILIATED MANAGERS GROUP, INC.",0001004434,XNYS,US,"affiliated|affiliated managers|affiliated managers group, inc."
MGRC,MCGRATH RENTCORP,0000752714,XNAS,US,mcgrath|mcgrath rentcorp
MGRD,"AFFILIATED MANAGERS GROUP, INC.",0001004434,XNYS,US,"affiliated|affiliated managers|affiliated managers group, inc."
MGRE,"AFFILIATED MANAGERS GROUP, INC.",0001004434,XNYS,US,"affiliated|affiliated managers|affiliated managers group, inc."
MGRT,Mega Fortune Co Ltd,0002033377,XNAS,US,mega|mega fortune|mega fortune co ltd
MGRX,"MANGOCEUTICALS, INC.",0001938046,XNAS,US,"mangoceuticals|mangoceuticals, inc."
MGSD,"Maitong Sunshine Cultural Development Co., Ltd",0002003750,OOTC,US,"maitong|maitong sunshine|maitong sunshine cultural development|maitong sunshine cultural development co., ltd"
MGTE,Marblegate Capital Corp,0001965052,OOTC,US,marblegate|marblegate capital|marblegate capital corp
MGTEW,Marblegate Capital Corp,0001965052,OOTC,US,marblegate|marblegate capital|marblegate capital corp
MGTI,"MGT CAPITAL INVESTMENTS, INC.",0001001601,OOTC,US,"mgt|mgt capital|mgt capital investments|mgt capital investments, inc."
MGTX,MeiraGTx Holdings plc,0001735438,XNAS,US,meiragtx|meiragtx holdings plc
MGX,"Metagenomi Therapeutics, Inc.",0001785279,XNAS,US,"metagenomi|metagenomi therapeutics|metagenomi therapeutics, inc."
MGY,Magnolia Oil & Gas Corp,0001698990,XNYS,US,magnolia|magnolia oil|magnolia oil & gas corp|magnolia oil gas
MGYR,"Magyar Bancorp, Inc.",0001337068,XNAS,US,"magyar|magyar bancorp|magyar bancorp, inc."
MH,"McGraw Hill, Inc.",0001951070,XNYS,US,"mcgraw|mcgraw hill|mcgraw hill, inc."
MHD,"BLACKROCK MUNIHOLDINGS FUND, INC.",0001034665,XNYS,US,"blackrock|blackrock muniholdings|blackrock muniholdings fund|blackrock muniholdings fund, inc."
MHF,WESTERN ASSET MUNICIPAL HIGH INCOME FUND INC.,0000830487,XNYS,US,western|western asset|western asset municipal high income fund|western asset municipal high income fund inc.
MHH,"Mastech Digital, Inc.",0001437226,XASE,US,"mastech|mastech digital|mastech digital, inc."
MHK,MOHAWK INDUSTRIES INC,0000851968,XNYS,US,mohawk|mohawk industries|mohawk industries inc
MHLA,"Maiden Holdings, Ltd.",0001412100,XNYS,US,"maiden|maiden holdings, ltd."
MHNC,"Maiden Holdings, Ltd.",0001412100,XNYS,US,"maiden|maiden holdings, ltd."
MHO,"M/I HOMES, INC.",0000799292,XNYS,US,"m i|m i homes|m/i homes, inc."
MHUAF,"Meihua International Medical Technologies Co., Ltd.",0001835615,OOTC,US,"meihua|meihua international|meihua international medical technologies|meihua international medical technologies co., ltd."
MHUBF,MineHub Technologies Inc.,0001869137,OOTC,US,minehub|minehub technologies|minehub technologies inc.
MI,NFT Ltd,0001958713,XASE,US,nft|nft ltd
MIAX,"MIAMI INTERNATIONAL HOLDINGS, INC.",0001438472,XNYS,US,"miami|miami international|miami international holdings, inc."
MIBE,MIAMI BREEZE CAR CARE INC,0001872066,OOTC,US,miami|miami breeze|miami breeze car care|miami breeze car care inc
MICC,Magnum Ice Cream Co N.V.,0002071668,XNYS,US,magnum|magnum ice|magnum ice cream|magnum ice cream co n.v.
MICLF,Mycronic AB/ADR,0002032399,OOTC,US,mycronic|mycronic ab|mycronic ab/adr
MIDD,MIDDLEBY Corp,0000769520,XNAS,US,middleby|middleby corp
MILIF,Military Metals Corp.,0001866460,OOTC,US,military|military metals|military metals corp.
MIMDF,MiMedia Holdings Inc.,0001920576,OOTC,US,mimedia|mimedia holdings inc.
MIMI,Mint Inc Ltd,0001998560,XNAS,US,mint|mint inc ltd
MIMTF,Mitsubishi Materials Corp / ADR,0001460447,OOTC,US,mitsubishi|mitsubishi materials|mitsubishi materials corp / adr
MIN,MFS INTERMEDIATE INCOME TRUST,0000826735,XNYS,US,mfs|mfs intermediate|mfs intermediate income|mfs intermediate income trust
MINBY,MINEBEA MITSUMI Inc.,0001034983,OOTC,US,minebea|minebea mitsumi|minebea mitsumi inc.
MIND,"MIND TECHNOLOGY, INC",0000926423,XNAS,US,"mind|mind technology|mind technology, inc"
MINE,MAYFAIR GOLD CORP.,0001823255,XASE,US,mayfair|mayfair gold|mayfair gold corp.
MINR,Minerva Gold Inc.,0001854816,OOTC,US,minerva|minerva gold|minerva gold inc.
MIR,"Mirion Technologies, Inc.",0001809987,XNYS,US,"mirion|mirion technologies|mirion technologies, inc."
MIRA,"MIRA PHARMACEUTICALS, INC.",0001904286,XNAS,US,"mira|mira pharmaceuticals|mira pharmaceuticals, inc."
MIRM,"Mirum Pharmaceuticals, Inc.",0001759425,XNAS,US,"mirum|mirum pharmaceuticals|mirum pharmaceuticals, inc."
MIST,Milestone Pharmaceuticals Inc.,0001408443,XNAS,US,milestone|milestone pharmaceuticals|milestone pharmaceuticals inc.
MITI,"Mitesco, Inc.",0000802257,OOTC,US,"mitesco|mitesco, inc."
MITK,MITEK SYSTEMS INC,0000807863,XNAS,US,mitek|mitek systems|mitek systems inc
MITN,"TPG Mortgage Investment Trust, Inc.",0001514281,XNYS,US,"tpg|tpg mortgage|tpg mortgage investment|tpg mortgage investment trust, inc."
MITP,"TPG Mortgage Investment Trust, Inc.",0001514281,XNYS,US,"tpg|tpg mortgage|tpg mortgage investment|tpg mortgage investment trust, inc."
MITQ,MOVING iMAGE TECHNOLOGIES INC.,0001770236,XASE,US,moving|moving image|moving image technologies|moving image technologies inc.
MITT,"TPG Mortgage Investment Trust, Inc.",0001514281,XNYS,US,"tpg|tpg mortgage|tpg mortgage investment|tpg mortgage investment trust, inc."
MITUF,Mitsui Chemicals Inc,0001446420,OOTC,US,mitsui|mitsui chemicals|mitsui chemicals inc
MIY,"BLACKROCK MUNIYIELD MICHIGAN QUALITY FUND, INC.",0000890393,XNYS,US,"blackrock|blackrock muniyield|blackrock muniyield michigan quality fund|blackrock muniyield michigan quality fund, inc."
MKC,MCCORMICK & CO INC,0000063754,XNYS,US,mccormick|mccormick & co inc
MKDW,MKDWELL Tech Inc.,0001991332,XNAS,US,mkdwell|mkdwell tech|mkdwell tech inc.
MKDWW,MKDWELL Tech Inc.,0001991332,XNAS,US,mkdwell|mkdwell tech|mkdwell tech inc.
MKL,MARKEL GROUP INC.,0001096343,XNYS,US,markel|markel group inc.
MKLY,McKinley Acquisition Corp,0002067592,XNAS,US,mckinley|mckinley acquisition|mckinley acquisition corp
MKLYR,McKinley Acquisition Corp,0002067592,XNAS,US,mckinley|mckinley acquisition|mckinley acquisition corp
MKLYU,McKinley Acquisition Corp,0002067592,XNAS,US,mckinley|mckinley acquisition|mckinley acquisition corp
MKSI,MKS INC,0001049502,XNAS,US,mks|mks inc
MKTW,"MARKETWISE, INC.",0001805651,XNAS,US,"marketwise|marketwise, inc."
MKTX,MARKETAXESS HOLDINGS INC,0001278021,XNAS,US,marketaxess|marketaxess holdings inc
MKZR,"MacKenzie Realty Capital, Inc.",0001550913,XNAS,US,"mackenzie|mackenzie realty|mackenzie realty capital|mackenzie realty capital, inc."
MLAA,Mountain Lake Acquisition Corp. II,0002094265,XNAS,US,mountain|mountain lake|mountain lake acquisition corp. ii|mountain lake acquisition ii
MLAAU,Mountain Lake Acquisition Corp. II,0002094265,XNAS,US,mountain|mountain lake|mountain lake acquisition corp. ii|mountain lake acquisition ii
MLAAW,Mountain Lake Acquisition Corp. II,0002094265,XNAS,US,mountain|mountain lake|mountain lake acquisition corp. ii|mountain lake acquisition ii
MLAB,MESA LABORATORIES INC /CO/,0000724004,XNAS,US,mesa|mesa laboratories|mesa laboratories inc /co/
MLAC,Mountain Lake Acquisition Corp.,0002029492,XNAS,US,mountain|mountain lake|mountain lake acquisition|mountain lake acquisition corp.
MLACR,Mountain Lake Acquisition Corp.,0002029492,XNAS,US,mountain|mountain lake|mountain lake acquisition|mountain lake acquisition corp.
MLACU,Mountain Lake Acquisition Corp.,0002029492,XNAS,US,mountain|mountain lake|mountain lake acquisition|mountain lake acquisition corp.
MLCI,Mount Logan Capital Inc.,0002051820,XNAS,US,mount|mount logan|mount logan capital|mount logan capital inc.
MLCIL,Mount Logan Capital Inc.,0002051820,XNAS,US,mount|mount logan|mount logan capital|mount logan capital inc.
MLCMF,MILLICOM INTERNATIONAL CELLULAR SA,0000912958,OOTC,US,millicom|millicom international|millicom international cellular|millicom international cellular sa
MLCO,Melco Resorts & Entertainment LTD,0001381640,XNAS,US,melco|melco resorts|melco resorts & entertainment ltd|melco resorts entertainment
MLEC,Moolec Science SA,0001937737,XNAS,US,moolec|moolec science|moolec science sa
MLECW,Moolec Science SA,0001937737,XNAS,US,moolec|moolec science|moolec science sa
MLGO,MicroAlgo Inc.,0001800392,XNAS,US,microalgo|microalgo inc.
MLI,MUELLER INDUSTRIES INC,0000089439,XNYS,US,mueller|mueller industries|mueller industries inc
MLIZY,MELIUZ S.A.,0002080003,OOTC,US,meliuz|meliuz s.a.
MLKN,"MILLERKNOLL, INC.",0000066382,XNAS,US,"millerknoll|millerknoll, inc."
MLM,MARTIN MARIETTA MATERIALS INC,0000916076,XNYS,US,martin|martin marietta|martin marietta materials|martin marietta materials inc
MLMC,"FrankSpeech Network, Inc.",0001099234,OOTC,US,"frankspeech|frankspeech network|frankspeech network, inc."
MLP,MAUI LAND & PINEAPPLE CO INC,0000063330,XNYS,US,maui|maui land|maui land & pineapple co inc|maui land pineapple
MLPB,UBS AG,0001114446,ARCX,US,ubs|ubs ag
MLPR,UBS AG,0001114446,ARCX,US,ubs|ubs ag
MLR,MILLER INDUSTRIES INC /TN/,0000924822,XNYS,US,miller|miller industries|miller industries inc /tn/|miller industries tn
MLSPF,Melrose Industries Plc/ADR,0001516535,OOTC,US,melrose|melrose industries|melrose industries plc/adr
MLSS,MILESTONE SCIENTIFIC INC.,0000855683,XASE,US,milestone|milestone scientific|milestone scientific inc.
MLTX,MoonLake Immunotherapeutics,0001821586,XNAS,US,moonlake|moonlake immunotherapeutics
MLYS,"Mineralys Therapeutics, Inc.",0001933414,XNAS,US,"mineralys|mineralys therapeutics|mineralys therapeutics, inc."
MMA,MIXED MARTIAL ARTS GROUP LTD,0001981519,XASE,US,mixed|mixed martial|mixed martial arts|mixed martial arts group ltd
MMCP,"Mag Mile Capital, Inc.",0001879293,OOTC,US,"mag|mag mile|mag mile capital|mag mile capital, inc."
MMD,NYLI MacKay DefinedTerm Muni Opportunities Fund,0001518557,XNYS,US,nyli|nyli mackay|nyli mackay definedterm muni opportunities fund
MMED,"MiniMed Group, Inc.",0002062583,XNAS,US,"minimed|minimed group, inc."
MMEX,MMEX Resources Corp,0001440799,OOTC,US,mmex|mmex resources|mmex resources corp
MMI,"Marcus & Millichap, Inc.",0001578732,XNYS,US,"marcus|marcus & millichap, inc.|marcus millichap"
MMLP,MARTIN MIDSTREAM PARTNERS L.P.,0001176334,XNAS,US,martin|martin midstream|martin midstream partners|martin midstream partners l.p.
MMM,3M CO,0000066740,XNYS,US,3m|3m co
MMMW,MASS MEGAWATTS WIND POWER INC,0001117228,OOTC,US,mass|mass megawatts|mass megawatts wind power|mass megawatts wind power inc
MMS,"MAXIMUS, INC.",0001032220,XNYS,US,"maximus|maximus, inc."
MMSI,MERIT MEDICAL SYSTEMS INC,0000856982,XNAS,US,merit|merit medical|merit medical systems|merit medical systems inc
MMT,MFS MULTIMARKET INCOME TRUST,0000809173,XNYS,US,mfs|mfs multimarket|mfs multimarket income|mfs multimarket income trust
MMTIF,MICROMEM TECHNOLOGIES INC,0001085921,OOTC,US,micromem|micromem technologies|micromem technologies inc
MMTRS,MILLS MUSIC TRUST,0000066496,OOTC,US,mills|mills music|mills music trust
MMTX,Miluna Acquisition Corp,0002077033,XNAS,US,miluna|miluna acquisition|miluna acquisition corp
MMTXU,Miluna Acquisition Corp,0002077033,XNAS,US,miluna|miluna acquisition|miluna acquisition corp
MMTXW,Miluna Acquisition Corp,0002077033,XNAS,US,miluna|miluna acquisition|miluna acquisition corp
MMU,WESTERN ASSET MANAGED MUNICIPALS FUND INC.,0000886043,XNYS,US,western|western asset|western asset managed municipals fund|western asset managed municipals fund inc.
MMYT,MakeMyTrip Ltd,0001495153,XNAS,US,makemytrip|makemytrip ltd
MNBEF,MINEBEA MITSUMI Inc.,0001034983,OOTC,US,minebea|minebea mitsumi|minebea mitsumi inc.
MNDO,MIND CTI LTD,0001119083,XNAS,US,mind|mind cti|mind cti ltd
MNDR,Mobile-health Network Solutions,0001976695,XNAS,US,mobile|mobile health|mobile health network solutions|mobile-health network solutions
MNDY,monday.com Ltd.,0001845338,XNAS,US,monday|monday com|monday.com ltd.
MNESP,MSA Safety Inc,0000066570,OOTC,US,msa|msa safety|msa safety inc
MNKD,MANNKIND CORP,0000899460,XNAS,US,mannkind|mannkind corp
MNLCF,MANULIFE FINANCIAL CORP,0001086888,OOTC,US,manulife|manulife financial|manulife financial corp
MNMXF,Minimax Group Inc./ADR,0002109556,OOTC,US,minimax|minimax group inc./adr
MNOV,MEDICINOVA INC,0001226616,XNAS,US,medicinova|medicinova inc
MNPR,Monopar Therapeutics,0001645469,XNAS,US,monopar|monopar therapeutics
MNQFF,MANULIFE FINANCIAL CORP,0001086888,OOTC,US,manulife|manulife financial|manulife financial corp
MNR,MACH NATURAL RESOURCES LP,0001980088,XNYS,US,mach|mach natural|mach natural resources|mach natural resources lp
MNRO,"MONRO, INC.",0000876427,XNAS,US,"monro|monro, inc."
MNSB,"MainStreet Bancshares, Inc.",0001693577,XNAS,US,"mainstreet|mainstreet bancshares|mainstreet bancshares, inc."
MNSBP,"MainStreet Bancshares, Inc.",0001693577,XNAS,US,"mainstreet|mainstreet bancshares|mainstreet bancshares, inc."
MNSKY,MoneySupermarket.com Group PLC/ADR,0001584297,OOTC,US,moneysupermarket|moneysupermarket com|moneysupermarket.com group plc/adr
MNSO,MINISO Group Holding Ltd,0001815846,XNYS,US,miniso|miniso group holding ltd
MNST,Monster Beverage Corp,0000865752,XNAS,US,monster|monster beverage|monster beverage corp
MNTCF,"Montage Technology Co., Ltd./ADR",0002123346,OOTC,US,"montage|montage technology|montage technology co., ltd./adr"
MNTGY,"Montage Technology Co., Ltd./ADR",0002123346,OOTC,US,"montage|montage technology|montage technology co., ltd./adr"
MNTK,"Montauk Renewables, Inc.",0001826600,XNAS,US,"montauk|montauk renewables|montauk renewables, inc."
MNTN,"MNTN, Inc.",0001891027,XNYS,US,"mntn|mntn, inc."
MNTR,"Mentor Capital, Inc.",0001599117,OOTC,US,"mentor|mentor capital|mentor capital, inc."
MNTS,Momentus Inc.,0001781162,XNAS,US,momentus|momentus inc.
MNTSW,Momentus Inc.,0001781162,XNAS,US,momentus|momentus inc.
MNUFF,MANULIFE FINANCIAL CORP,0001086888,OOTC,US,manulife|manulife financial|manulife financial corp
MNUPF,MANULIFE FINANCIAL CORP,0001086888,OOTC,US,manulife|manulife financial|manulife financial corp
MNY,MoneyHero Ltd,0001974044,XNAS,US,moneyhero|moneyhero ltd
MNYWW,MoneyHero Ltd,0001974044,XNAS,US,moneyhero|moneyhero ltd
MO,"ALTRIA GROUP, INC.",0000764180,XNYS,US,"altria|altria group, inc."
MOB,Mobilicom Ltd,0001898643,XNAS,US,mobilicom|mobilicom ltd
MOBBW,Mobilicom Ltd,0001898643,XNAS,US,mobilicom|mobilicom ltd
MOBI,"Mobia Medical, Inc.",0001489993,XNAS,US,"mobia|mobia medical|mobia medical, inc."
MOBQ,"Mobiquity Technologies, Inc.",0001084267,OOTC,US,"mobiquity|mobiquity technologies|mobiquity technologies, inc."
MOBQW,"Mobiquity Technologies, Inc.",0001084267,OOTC,US,"mobiquity|mobiquity technologies|mobiquity technologies, inc."
MOBX,"MOBIX LABS, INC",0001855467,XNAS,US,"mobix|mobix labs|mobix labs, inc"
MOBXW,"MOBIX LABS, INC",0001855467,XNAS,US,"mobix|mobix labs|mobix labs, inc"
MOD,MODINE MANUFACTURING CO,0000067347,XNYS,US,modine|modine manufacturing|modine manufacturing co
MODD,"Modular Medical, Inc.",0001074871,XNAS,US,"modular|modular medical|modular medical, inc."
MOGMF,Mogotes Metals Inc.,0002011589,OOTC,US,mogotes|mogotes metals|mogotes metals inc.
MOGU,MOGU Inc.,0001743971,XNYS,US,mogu|mogu inc.
MOH,"MOLINA HEALTHCARE, INC.",0001179929,XNYS,US,"molina|molina healthcare|molina healthcare, inc."
MOJO,EQUATOR Beverage Co,0001414953,OOTC,US,equator|equator beverage|equator beverage co
MOLN,MOLECULAR PARTNERS AG,0001745114,XNAS,US,molecular|molecular partners|molecular partners ag
MOMO,Hello Group Inc.,0001610601,XNAS,US,hello|hello group inc.
MONRF,Moncler S.p.A./ADR,0001605755,OOTC,US,moncler|moncler s|moncler s p a|moncler s.p.a./adr
MORN,"Morningstar, Inc.",0001289419,XNAS,US,"morningstar|morningstar, inc."
MOS,MOSAIC CO,0001285785,XNYS,US,mosaic|mosaic co
MOV,MOVADO GROUP INC,0000072573,XNYS,US,movado|movado group inc
MOVAA,MOVADO GROUP INC,0000072573,OOTC,US,movado|movado group inc
MOVE,"Corvex, Inc.",0001734750,XNAS,US,"corvex|corvex, inc."
MP,MP Materials Corp. / DE,0001801368,XNYS,US,mp|mp materials|mp materials corp. / de|mp materials de
MPA,BLACKROCK MUNIYIELD PENNSYLVANIA QUALITY FUND,0000891038,XNYS,US,blackrock|blackrock muniyield|blackrock muniyield pennsylvania quality fund
MPAA,MOTORCAR PARTS OF AMERICA INC,0000918251,XNAS,US,motorcar|motorcar parts|motorcar parts of america|motorcar parts of america inc
MPB,MID PENN BANCORP INC,0000879635,XNAS,US,mid|mid penn|mid penn bancorp|mid penn bancorp inc
MPC,Marathon Petroleum Corp,0001510295,XNYS,US,marathon|marathon petroleum|marathon petroleum corp
MPJPY,Metaplanet Inc.,0002100603,OOTC,US,metaplanet|metaplanet inc.
MPLT,"MapLight Therapeutics, Inc.",0001770069,XNAS,US,"maplight|maplight therapeutics|maplight therapeutics, inc."
MPLX,MPLX LP,0001552000,XNYS,US,mplx|mplx lp
MPLXP,MPLX LP,0001552000,OOTC,US,mplx|mplx lp
MPNGF,Meituan Dianping/ADR,0001754088,OOTC,US,meituan|meituan dianping|meituan dianping/adr
MPT,MEDICAL PROPERTIES TRUST INC,0001287865,XNYS,US,medical|medical properties|medical properties trust inc
MPTI,"M-tron Industries, Inc.",0001902314,XASE,US,"m tron|m tron industries|m-tron industries, inc."
MPU,Mega Matrix Inc,0001953021,XASE,US,mega|mega matrix|mega matrix inc
MPV,BARINGS PARTICIPATION INVESTORS,0000831655,XNYS,US,barings|barings participation|barings participation investors
MPWR,MONOLITHIC POWER SYSTEMS INC,0001280452,XNAS,US,monolithic|monolithic power|monolithic power systems|monolithic power systems inc
MQ,"Marqeta, Inc.",0001522540,XNAS,US,"marqeta|marqeta, inc."
MQY,"BLACKROCK MUNIYIELD QUALITY FUND, INC.",0000890196,XNYS,US,"blackrock|blackrock muniyield|blackrock muniyield quality fund|blackrock muniyield quality fund, inc."
MRAI,"Marpai, Inc.",0001844392,OOTC,US,"marpai|marpai, inc."
MRAM,EVERSPIN TECHNOLOGIES INC.,0001438423,XNAS,US,everspin|everspin technologies|everspin technologies inc.
MRBK,Meridian Corp,0001750735,XNAS,US,meridian|meridian corp
MRCIF,"Mercari, Inc./ADR",0001752564,OOTC,US,"mercari|mercari, inc./adr"
MRCY,MERCURY SYSTEMS INC,0001049521,XNAS,US,mercury|mercury systems|mercury systems inc
MRDN,Meridian Holdings Inc./NV,0001437925,XNAS,US,meridian|meridian holdings inc./nv
MREGY,Meridian Energy Ltd/ADR,0002063417,OOTC,US,meridian|meridian energy|meridian energy ltd/adr
MREO,Mereo BioPharma Group plc,0001719714,XNAS,US,mereo|mereo biopharma|mereo biopharma group plc
MRK,"Merck & Co., Inc.",0000310158,XNYS,US,"merck|merck & co., inc."
MRKR,"Marker Therapeutics, Inc.",0001094038,XNAS,US,"marker|marker therapeutics|marker therapeutics, inc."
MRLN,"Merlin, Inc.",0002028707,XNAS,US,"merlin|merlin, inc."
MRM,Medirom Healthcare Technologies Inc.,0001819704,XNAS,US,medirom|medirom healthcare|medirom healthcare technologies|medirom healthcare technologies inc.
MRMD,MARIMED INC.,0001522767,OOTC,US,marimed|marimed inc.
MRNA,"Moderna, Inc.",0001682852,XNAS,US,"moderna|moderna, inc."
MRNO,Murano Global Investments Plc,0001988776,XNAS,US,murano|murano global|murano global investments|murano global investments plc
MRNOW,Murano Global Investments Plc,0001988776,XNAS,US,murano|murano global|murano global investments|murano global investments plc
MRP,"Millrose Properties, Inc.",0002017206,XNYS,US,"millrose|millrose properties|millrose properties, inc."
MRPT,MACREPORT NET INC,0001143994,OOTC,US,macreport|macreport net|macreport net inc
MRRDF,Meridian Mining UK Societas,0001839886,OOTC,US,meridian|meridian mining|meridian mining uk societas
MRSH,"MARSH & MCLENNAN COMPANIES, INC.",0000062709,XNYS,US,"marsh|marsh & mclennan companies, inc.|marsh mclennan|marsh mclennan companies"
MRT,"Marti Technologies, Inc.",0001852767,XASE,US,"marti|marti technologies|marti technologies, inc."
MRTN,MARTEN TRANSPORT LTD,0000799167,XNAS,US,marten|marten transport|marten transport ltd
MRUWY,"Maruwa Co., Ltd./ADR",0002093667,OOTC,US,"maruwa|maruwa co., ltd./adr"
MRVI,"MARAVAI LIFESCIENCES HOLDINGS, INC.",0001823239,XNAS,US,"maravai|maravai lifesciences|maravai lifesciences holdings, inc."
MRVL,"Marvell Technology, Inc.",0001835632,XNAS,US,"marvell|marvell technology|marvell technology, inc."
MRX,Marex Group plc,0001997464,XNAS,US,marex|marex group plc
MRZLF,Mirasol Resources Ltd,0001301854,OOTC,US,mirasol|mirasol resources|mirasol resources ltd
MS,MORGAN STANLEY,0000895421,XNYS,US,morgan|morgan stanley
MSA,MSA Safety Inc,0000066570,XNYS,US,msa|msa safety|msa safety inc
MSAI,"MultiSensor AI Holdings, Inc.",0001863990,XNAS,US,"multisensor|multisensor ai|multisensor ai holdings, inc."
MSAIW,"MultiSensor AI Holdings, Inc.",0001863990,XNAS,US,"multisensor|multisensor ai|multisensor ai holdings, inc."
MSB,MESABI TRUST,0000065172,XNYS,US,mesabi|mesabi trust
MSBB,"Mercer Bancorp, Inc.",0001967306,OOTC,US,"mercer|mercer bancorp|mercer bancorp, inc."
MSBI,"Midland States Bancorp, Inc.",0001466026,XNAS,US,"midland|midland states|midland states bancorp|midland states bancorp, inc."
MSBIP,"Midland States Bancorp, Inc.",0001466026,XNAS,US,"midland|midland states|midland states bancorp|midland states bancorp, inc."
MSBT,Morgan Stanley Bitcoin Trust,0002103612,ARCX,US,morgan|morgan stanley|morgan stanley bitcoin|morgan stanley bitcoin trust
MSC,STUDIO CITY INTERNATIONAL HOLDINGS Ltd,0001713334,XNYS,US,studio|studio city|studio city international|studio city international holdings ltd
MSCI,MSCI Inc.,0001408198,XNYS,US,msci|msci inc.
MSD,MORGAN STANLEY EMERGING MARKETS DEBT FUND INC,0000904112,XNYS,US,morgan|morgan stanley|morgan stanley emerging markets debt fund|morgan stanley emerging markets debt fund inc
MSDL,Morgan Stanley Direct Lending Fund,0001782524,XNYS,US,morgan|morgan stanley|morgan stanley direct lending fund
MSEX,MIDDLESEX WATER CO,0000066004,XNAS,US,middlesex|middlesex water|middlesex water co
MSEXP,MIDDLESEX WATER CO,0000066004,OOTC,US,middlesex|middlesex water|middlesex water co
MSFT,MICROSOFT CORP,0000789019,XNAS,US,microsoft|microsoft corp
MSGE,Madison Square Garden Entertainment Corp.,0001952073,XNYS,US,madison|madison square|madison square garden entertainment|madison square garden entertainment corp.
MSGM,Motorsport Games Inc.,0001821175,XNAS,US,motorsport|motorsport games|motorsport games inc.
MSGS,Madison Square Garden Sports Corp.,0001636519,XNYS,US,madison|madison square|madison square garden sports|madison square garden sports corp.
MSGY,Masonglory Ltd,0002020228,XNAS,US,masonglory|masonglory ltd
MSI,"Motorola Solutions, Inc.",0000068505,XNYS,US,"motorola|motorola solutions|motorola solutions, inc."
MSIF,"MSC INCOME FUND, INC.",0001535778,XNYS,US,"msc|msc income|msc income fund|msc income fund, inc."
MSLE,Satellos Bioscience Inc.,0001421642,XNAS,US,satellos|satellos bioscience|satellos bioscience inc.
MSM,MSC INDUSTRIAL DIRECT CO INC,0001003078,XNYS,US,msc|msc industrial|msc industrial direct|msc industrial direct co inc
MSN,EMERSON RADIO CORP,0000032621,XASE,US,emerson|emerson radio|emerson radio corp
MSOGF,MINISO Group Holding Ltd,0001815846,OOTC,US,miniso|miniso group holding ltd
MSPR,"MSP Recovery, Inc.",0001802450,OOTC,US,"msp|msp recovery|msp recovery, inc."
MSPRW,"MSP Recovery, Inc.",0001802450,OOTC,US,"msp|msp recovery|msp recovery, inc."
MSPRZ,"MSP Recovery, Inc.",0001802450,OOTC,US,"msp|msp recovery|msp recovery, inc."
MSS,Maison Solutions Inc.,0001892292,XNAS,US,maison|maison solutions|maison solutions inc.
MSSAF,Metal Sky Star Acquisition Corp,0001882464,OOTC,US,metal|metal sky|metal sky star acquisition|metal sky star acquisition corp
MSSHY,Mitsui-Soko Holdings Co Limited/ADR,0002087844,OOTC,US,mitsui|mitsui soko|mitsui-soko holdings co limited/adr
MSSUF,Metal Sky Star Acquisition Corp,0001882464,OOTC,US,metal|metal sky|metal sky star acquisition|metal sky star acquisition corp
MSSWF,Metal Sky Star Acquisition Corp,0001882464,OOTC,US,metal|metal sky|metal sky star acquisition|metal sky star acquisition corp
MSTKY,MatsukiyoCocokara & Co./ADR,0002025217,OOTC,US,matsukiyococokara|matsukiyococokara & co./adr
MSTR,Strategy Inc,0001050446,XNAS,US,strategy|strategy inc
MSUXF,Misumi Group Inc./ADR,0001710864,OOTC,US,misumi|misumi group inc./adr
MSW,Ming Shing Group Holdings Ltd,0001956166,XNAS,US,ming|ming shing|ming shing group holdings ltd
MT,ArcelorMittal,0001243429,XNYS,US,arcelormittal
MTA,Metalla Royalty & Streaming Ltd.,0001722606,XASE,US,metalla|metalla royalty|metalla royalty & streaming ltd.|metalla royalty streaming
MTAL,Metals Acquisition Corp. II,0002107724,XNYS,US,metals|metals acquisition|metals acquisition corp. ii|metals acquisition ii
MTB,M&T BANK CORP,0000036270,XNYS,US,m t|m t bank|m&t bank corp
MTC,"MMTEC, INC.",0001742518,XNAS,US,"mmtec|mmtec, inc."
MTCH,"Match Group, Inc.",0000891103,XNAS,US,"match|match group, inc."
MTD,METTLER TOLEDO INTERNATIONAL INC/,0001037646,XNYS,US,mettler|mettler toledo|mettler toledo international|mettler toledo international inc/
MTDR,Matador Resources Co,0001520006,XNYS,US,matador|matador resources|matador resources co
MTEK,Maris Tech Ltd.,0001872964,XNAS,US,maris|maris tech|maris tech ltd.
MTEKW,Maris Tech Ltd.,0001872964,XNAS,US,maris|maris tech|maris tech ltd.
MTEN,Mingteng International Corp Inc.,0001948099,XNAS,US,mingteng|mingteng international|mingteng international corp inc.
MTEX,MANNATECH INC,0001056358,XNAS,US,mannatech|mannatech inc
MTG,MGIC INVESTMENT CORP,0000876437,XNYS,US,mgic|mgic investment|mgic investment corp
MTGLY,Mininglamp Technology Group Limited/ADR,0002128448,OOTC,US,mininglamp|mininglamp technology|mininglamp technology group limited/adr
MTGRF,MGX Resources Limited/ADR,0001537543,OOTC,US,mgx|mgx resources|mgx resources limited/adr
MTH,Meritage Homes CORP,0000833079,XNYS,US,meritage|meritage homes|meritage homes corp
MTLK,METALINK LTD,0001098462,OOTC,US,metalink|metalink ltd
MTLMY,Metallium Limited/ADR,0002091028,OOTC,US,metallium|metallium limited/adr
MTLPF,Metlen Energy & Metals PLC/ADR,0002090231,OOTC,US,metlen|metlen energy|metlen energy & metals plc/adr|metlen energy metals
MTLS,MATERIALISE NV,0001091223,XNAS,US,materialise|materialise nv
MTMCF,Metallium Limited/ADR,0002091028,OOTC,US,metallium|metallium limited/adr
MTMTY,Metlen Energy & Metals PLC/ADR,0002090231,OOTC,US,metlen|metlen energy|metlen energy & metals plc/adr|metlen energy metals
MTMV,Motomova Inc,0001393044,OOTC,US,motomova|motomova inc
MTN,VAIL RESORTS INC,0000812011,XNYS,US,vail|vail resorts|vail resorts inc
MTNB,"Matinas BioPharma Holdings, Inc.",0001582554,XASE,US,"matinas|matinas biopharma|matinas biopharma holdings, inc."
MTPLF,Metaplanet Inc.,0002100603,OOTC,US,metaplanet|metaplanet inc.
MTR,MESA ROYALTY TRUST/TX,0000313364,XNYS,US,mesa|mesa royalty|mesa royalty trust/tx|mesa royalty tx
MTRN,MATERION Corp,0001104657,XNYS,US,materion|materion corp
MTRX,MATRIX SERVICE CO,0000866273,XNAS,US,matrix|matrix service|matrix service co
MTSI,"MACOM Technology Solutions Holdings, Inc.",0001493594,XNAS,US,"macom|macom technology|macom technology solutions|macom technology solutions holdings, inc."
MTTAF,Meta Critical Minerals Inc.,0001999111,OOTC,US,meta|meta critical|meta critical minerals|meta critical minerals inc.
MTTCF,Steakholder Foods Ltd.,0001828098,OOTC,US,steakholder|steakholder foods|steakholder foods ltd.
MTUL,UBS AG,0001114446,ARCX,US,ubs|ubs ag
MTUS,Metallus Inc.,0001598428,XNYS,US,metallus|metallus inc.
MTVA,MetaVia Inc.,0001638287,XNAS,US,metavia|metavia inc.
MTW,MANITOWOC CO INC,0000061986,XNYS,US,manitowoc|manitowoc co inc
MTWO,"M2i Global, Inc.",0001753373,OOTC,US,"m2i|m2i global|m2i global, inc."
MTX,MINERALS TECHNOLOGIES INC,0000891014,XNYS,US,minerals|minerals technologies|minerals technologies inc
MTZ,MASTEC INC,0000015615,XNYS,US,mastec|mastec inc
MU,MICRON TECHNOLOGY INC,0000723125,XNAS,US,micron|micron technology|micron technology inc
MUA,"BLACKROCK MUNIASSETS FUND, INC.",0000901243,XNYS,US,"blackrock|blackrock muniassets|blackrock muniassets fund|blackrock muniassets fund, inc."
MUC,"BLACKROCK MUNIHOLDINGS CALIFORNIA QUALITY FUND, INC.",0001051004,XNYS,US,"blackrock|blackrock muniholdings|blackrock muniholdings california quality fund|blackrock muniholdings california quality fund, inc."
MUFG,MITSUBISHI UFJ FINANCIAL GROUP INC,0000067088,XNYS,US,mitsubishi|mitsubishi ufj|mitsubishi ufj financial|mitsubishi ufj financial group inc
MUJ,"BLACKROCK MUNIHOLDINGS NEW JERSEY QUALITY FUND, INC.",0001053988,XNYS,US,"blackrock|blackrock muniholdings|blackrock muniholdings new jersey quality fund|blackrock muniholdings new jersey quality fund, inc."
MUR,MURPHY OIL CORP,0000717423,XNYS,US,murphy|murphy oil|murphy oil corp
MUSA,Murphy USA Inc.,0001573516,XNYS,US,murphy|murphy usa|murphy usa inc.
MUX,McEwen Inc.,0000314203,XNYS,US,mcewen|mcewen inc.
MUZE,Muzero Acquisition Corp,0002093484,XNAS,US,muzero|muzero acquisition|muzero acquisition corp
MUZEU,Muzero Acquisition Corp,0002093484,XNAS,US,muzero|muzero acquisition|muzero acquisition corp
MUZEW,Muzero Acquisition Corp,0002093484,XNAS,US,muzero|muzero acquisition|muzero acquisition corp
MVBF,MVB FINANCIAL CORP,0001277902,XNAS,US,mvb|mvb financial|mvb financial corp
MVCO,"Metavesco, Inc.",0000924095,OOTC,US,"metavesco|metavesco, inc."
MVIS,"MICROVISION, INC.",0000065770,XNAS,US,"microvision|microvision, inc."
MVNC,Marvion Inc.,0001439264,OOTC,US,marvion|marvion inc.
MVO,MV Oil Trust,0001371782,XNYS,US,mv|mv oil|mv oil trust
MVRL,UBS AG,0001114446,ARCX,US,ubs|ubs ag
MVST,"Microvast Holdings, Inc.",0001760689,XNAS,US,"microvast|microvast holdings, inc."
MVSTW,"Microvast Holdings, Inc.",0001760689,XNAS,US,"microvast|microvast holdings, inc."
MWA,"Mueller Water Products, Inc.",0001350593,XNYS,US,"mueller|mueller water|mueller water products|mueller water products, inc."
MWAI,"MedWellAI, Inc.",0001520118,OOTC,US,"medwellai|medwellai, inc."
MWC,"Micware Co., Ltd.",0002083526,XNAS,US,"micware|micware co., ltd."
MWG,Multi Ways Holdings Ltd,0001941500,XASE,US,multi|multi ways|multi ways holdings ltd
MWH,"SOLV Energy, Inc.",0002065636,XNAS,US,"solv|solv energy|solv energy, inc."
MWYN,"Marwynn Holdings, Inc.",0002030522,XNAS,US,"marwynn|marwynn holdings, inc."
MX,MAGNACHIP SEMICONDUCTOR Corp,0001325702,XNYS,US,magnachip|magnachip semiconductor|magnachip semiconductor corp
MXC,MEXCO ENERGY CORP,0000066418,XASE,US,mexco|mexco energy|mexco energy corp
MXCT,"MAXCYTE, INC.",0001287098,XNAS,US,"maxcyte|maxcyte, inc."
MXE,MEXICO EQUITY & INCOME FUND INC,0000863900,XNYS,US,mexico|mexico equity|mexico equity & income fund inc|mexico equity income fund
MXF,MEXICO FUND INC,0000065433,XNYS,US,mexico|mexico fund|mexico fund inc
MXL,"MAXLINEAR, INC",0001288469,XNAS,US,"maxlinear|maxlinear, inc"
MXUBY,Mixue Bingcheng Co Ltd/ADR,0002061911,OOTC,US,mixue|mixue bingcheng|mixue bingcheng co ltd/adr
MXUGF,Mixue Bingcheng Co Ltd/ADR,0002061911,OOTC,US,mixue|mixue bingcheng|mixue bingcheng co ltd/adr
MYCB,"My City Builders, Inc.",0001556801,OOTC,US,"my|my city|my city builders|my city builders, inc."
MYCRY,Mycronic AB/ADR,0002032399,OOTC,US,mycronic|mycronic ab|mycronic ab/adr
MYE,MYERS INDUSTRIES INC,0000069488,XNYS,US,myers|myers industries|myers industries inc
MYFW,First Western Financial Inc,0001327607,XNAS,US,first|first western|first western financial|first western financial inc
MYGN,MYRIAD GENETICS INC,0000899923,XNAS,US,myriad|myriad genetics|myriad genetics inc
MYI,"BLACKROCK MUNIYIELD QUALITY FUND III, INC.",0000883412,XNYS,US,"blackrock|blackrock muniyield|blackrock muniyield quality fund iii|blackrock muniyield quality fund iii, inc."
MYN,"BLACKROCK MUNIYIELD NEW YORK QUALITY FUND, INC.",0000882150,XNYS,US,"blackrock|blackrock muniyield|blackrock muniyield new york quality fund|blackrock muniyield new york quality fund, inc."
MYND,"Mynd.ai, Inc.",0001708441,XASE,US,"mynd|mynd ai|mynd.ai, inc."
MYO,"MYOMO, INC.",0001369290,XASE,US,"myomo|myomo, inc."
MYPS,"PLAYSTUDIOS, Inc.",0001823878,XNAS,US,"playstudios|playstudios, inc."
MYPSW,"PLAYSTUDIOS, Inc.",0001823878,XNAS,US,"playstudios|playstudios, inc."
MYRG,MYR GROUP INC.,0000700923,XNAS,US,myr|myr group inc.
MYSE,"Myseum.AI, Inc.",0001648960,XNAS,US,"myseum|myseum ai|myseum.ai, inc."
MYSEW,"Myseum.AI, Inc.",0001648960,XNAS,US,"myseum|myseum ai|myseum.ai, inc."
MYSZ,"My Size, Inc.",0001211805,XNAS,US,"my|my size|my size, inc."
MYX,Maywood Acquisition Corp. 2,0002080087,XNAS,US,maywood|maywood acquisition|maywood acquisition 2|maywood acquisition corp. 2
MYXXU,Maywood Acquisition Corp. 2,0002080087,XNAS,US,maywood|maywood acquisition|maywood acquisition 2|maywood acquisition corp. 2
MZHOF,MIZUHO FINANCIAL GROUP INC,0001335730,OOTC,US,mizuho|mizuho financial|mizuho financial group inc
MZTI,MARZETTI CO,0000057515,XNAS,US,marzetti|marzetti co
MZYX,MOZAYYX Acquisition Corp.,0002097376,XNYS,US,mozayyx|mozayyx acquisition|mozayyx acquisition corp.
NA,Nano Labs Ltd,0001872302,XNAS,US,nano|nano labs|nano labs ltd
NAAS,NaaS Technology Inc.,0001712178,XNAS,US,naas|naas technology|naas technology inc.
NABL,"N-able, Inc.",0001834488,XNYS,US,"n able|n-able, inc."
NAC,Nuveen California Quality Municipal Income Fund,0001074952,XNYS,US,nuveen|nuveen california|nuveen california quality municipal income fund
NAD,Nuveen Quality Municipal Income Fund,0001083839,XNYS,US,nuveen|nuveen quality|nuveen quality municipal income fund
NAGE,"Niagen Bioscience, Inc.",0001386570,XNAS,US,"niagen|niagen bioscience|niagen bioscience, inc."
NAII,NATURAL ALTERNATIVES INTERNATIONAL INC,0000787253,XNAS,US,natural|natural alternatives|natural alternatives international|natural alternatives international inc
NAK,NORTHERN DYNASTY MINERALS LTD,0001164771,XASE,US,northern|northern dynasty|northern dynasty minerals|northern dynasty minerals ltd
NAKA,Nakamoto Inc.,0001946573,XNAS,US,nakamoto|nakamoto inc.
NAKAW,Nakamoto Inc.,0001946573,OOTC,US,nakamoto|nakamoto inc.
NALG,North America Lithium & Gold Corp,0001059689,OOTC,US,north|north america|north america lithium & gold corp|north america lithium gold
NAMI,Jinxin Technology Holding Co,0001967631,XNAS,US,jinxin|jinxin technology|jinxin technology holding co
NAMM,Namib Minerals,0002026514,XNAS,US,namib|namib minerals
NAMMW,Namib Minerals,0002026514,XNAS,US,namib|namib minerals
NAMS,NewAmsterdam Pharma Co N.V.,0001936258,XNAS,US,newamsterdam|newamsterdam pharma|newamsterdam pharma co n.v.
NAMSW,NewAmsterdam Pharma Co N.V.,0001936258,XNAS,US,newamsterdam|newamsterdam pharma|newamsterdam pharma co n.v.
NAN,NUVEEN NEW YORK QUALITY MUNICIPAL INCOME FUND,0001074769,XNYS,US,nuveen|nuveen new|nuveen new york quality municipal income fund
NASC,Can B Corp,0001509957,OOTC,US,can|can b|can b corp
NAT,NORDIC AMERICAN TANKERS Ltd,0001000177,XNYS,US,nordic|nordic american|nordic american tankers|nordic american tankers ltd
NATH,"NATHANS FAMOUS, INC.",0000069733,XNAS,US,"nathans|nathans famous|nathans famous, inc."
NATL,NCR Atleos Corp,0001974138,XNYS,US,ncr|ncr atleos|ncr atleos corp
NATNF,Nation Gold Corp.,0002096533,OOTC,US,nation|nation gold|nation gold corp.
NATR,NATURES SUNSHINE PRODUCTS INC,0000275053,XNAS,US,natures|natures sunshine|natures sunshine products|natures sunshine products inc
NAUT,"Nautilus Biotechnology, Inc.",0001808805,XNAS,US,"nautilus|nautilus biotechnology|nautilus biotechnology, inc."
NAVI,NAVIENT CORP,0001593538,XNAS,US,navient|navient corp
NAVN,"Navan, Inc.",0001639723,XNAS,US,"navan|navan, inc."
NAZ,NUVEEN ARIZONA QUALITY MUNICIPAL INCOME FUND,0000892992,XNYS,US,nuveen|nuveen arizona|nuveen arizona quality municipal income fund
NB,NIOCORP DEVELOPMENTS LTD,0001512228,XNAS,US,niocorp|niocorp developments|niocorp developments ltd
NBB,Nuveen Taxable Municipal Income Fund,0001478888,XNYS,US,nuveen|nuveen taxable|nuveen taxable municipal income fund
NBBK,"NB Bancorp, Inc.",0001979330,XNAS,US,"nb|nb bancorp|nb bancorp, inc."
NBH,NEUBERGER MUNICIPAL FUND INC.,0001178839,XASE,US,neuberger|neuberger municipal|neuberger municipal fund|neuberger municipal fund inc.
NBHC,National Bank Holdings Corp,0001475841,XNYS,US,national|national bank|national bank holdings corp
NBIS,Nebius Group N.V.,0001513845,XNAS,US,nebius|nebius group n.v.
NBIX,NEUROCRINE BIOSCIENCES INC,0000914475,XNAS,US,neurocrine|neurocrine biosciences|neurocrine biosciences inc
NBLXF,Noble Plains Uranium Corp.,0001813419,OOTC,US,noble|noble plains|noble plains uranium|noble plains uranium corp.
NBND,NetBrands Corp.,0001725911,OOTC,US,netbrands|netbrands corp.
NBP,NovaBridge Biosciences,0001778016,XNAS,US,novabridge|novabridge biosciences
NBR,NABORS INDUSTRIES LTD,0001163739,XNYS,US,nabors|nabors industries|nabors industries ltd
NBRG,Newbridge Acquisition Ltd,0001918414,XNAS,US,newbridge|newbridge acquisition|newbridge acquisition ltd
NBRGR,Newbridge Acquisition Ltd,0001918414,XNAS,US,newbridge|newbridge acquisition|newbridge acquisition ltd
NBRGU,Newbridge Acquisition Ltd,0001918414,XNAS,US,newbridge|newbridge acquisition|newbridge acquisition ltd
NBRWF,NABORS INDUSTRIES LTD,0001163739,OOTC,US,nabors|nabors industries|nabors industries ltd
NBTB,NBT BANCORP INC,0000790359,XNAS,US,nbt|nbt bancorp|nbt bancorp inc
NBTX,Nanobiotix S.A.,0001760854,XNAS,US,nanobiotix|nanobiotix s.a.
NBXG,Neuberger Next Generation Connectivity Fund Inc.,0001843181,XNYS,US,neuberger|neuberger next|neuberger next generation connectivity fund|neuberger next generation connectivity fund inc.
NC,NACCO INDUSTRIES INC,0000789933,XNYS,US,nacco|nacco industries|nacco industries inc
NCA,NUVEEN CALIFORNIA MUNICIPAL VALUE FUND,0000818851,XNYS,US,nuveen|nuveen california|nuveen california municipal value fund
NCAUF,Newcore Gold Ltd.,0001627868,OOTC,US,newcore|newcore gold|newcore gold ltd.
NCDL,Nuveen Churchill Direct Lending Corp.,0001737924,XNYS,US,nuveen|nuveen churchill|nuveen churchill direct lending|nuveen churchill direct lending corp.
NCEL,NewcelX Ltd.,0001783036,XNAS,US,newcelx|newcelx ltd.
NCEW,New Century Logistics (BVI) Ltd,0001968043,XNAS,US,new|new century|new century logistics (bvi) ltd|new century logistics bvi
NCHEF,Nichirei Corporation/ADR,0001570299,OOTC,US,nichirei|nichirei corporation/adr
NCI,Neo-Concept International Group Holdings Ltd,0001916331,XNAS,US,neo|neo concept|neo concept international|neo-concept international group holdings ltd
NCIQ,Hashdex Nasdaq CME Crypto Index ETF,0002031069,XNAS,US,hashdex|hashdex nasdaq|hashdex nasdaq cme crypto index etf
NCL,Northann Corp.,0001923780,XASE,US,northann|northann corp.
NCLH,Norwegian Cruise Line Holdings Ltd.,0001513761,XNYS,US,norwegian|norwegian cruise|norwegian cruise line|norwegian cruise line holdings ltd.
NCLTF,"Nitori Holdings Co., Ltd.",0001801729,OOTC,US,"nitori|nitori holdings co., ltd."
NCLTY,"Nitori Holdings Co., Ltd.",0001801729,OOTC,US,"nitori|nitori holdings co., ltd."
NCMI,"National CineMedia, Inc.",0001377630,XNAS,US,"national|national cinemedia|national cinemedia, inc."
NCNA,NuCana plc,0001709626,XNAS,US,nucana|nucana plc
NCNO,"nCino, Inc.",0001902733,XNAS,US,"ncino|ncino, inc."
NCPL,Netcapital Inc.,0001414767,XNAS,US,netcapital|netcapital inc.
NCPLW,Netcapital Inc.,0001414767,XNAS,US,netcapital|netcapital inc.
NCRA,"NOCERA, INC.",0001756180,XNAS,US,"nocera|nocera, inc."
NCRRP,NCR Voyix Corp,0000070866,OOTC,US,ncr|ncr voyix|ncr voyix corp
NCSM,"NCS Multistage Holdings, Inc.",0001692427,XNAS,US,"ncs|ncs multistage|ncs multistage holdings, inc."
NCSYF,NICE Ltd.,0001003935,OOTC,US,nice|nice ltd.
NCT,Intercont (Cayman) Ltd,0002018529,XNAS,US,intercont|intercont (cayman) ltd|intercont cayman
NCTY,The9 LTD,0001296774,XNAS,US,the9|the9 ltd
NCV,Virtus Convertible & Income Fund,0001214935,XNYS,US,virtus|virtus convertible|virtus convertible & income fund|virtus convertible income fund
NCZ,Virtus Convertible & Income Fund II,0001227857,XNYS,US,virtus|virtus convertible|virtus convertible & income fund ii|virtus convertible income fund ii
NDAQ,"NASDAQ, INC.",0001120193,XNAS,US,"nasdaq|nasdaq, inc."
NDEKF,NITTO DENKO CORP / ADR/,0000353991,OOTC,US,nitto|nitto denko|nitto denko corp / adr/
NDLS,NOODLES & Co,0001275158,XNAS,US,noodles|noodles & co
NDMO,Nuveen Dynamic Municipal Opportunities Fund,0001793129,XNYS,US,nuveen|nuveen dynamic|nuveen dynamic municipal opportunities fund
NDRA,ENDRA Life Sciences Inc.,0001681682,XNAS,US,endra|endra life|endra life sciences|endra life sciences inc.
NDSN,NORDSON CORP,0000072331,XNAS,US,nordson|nordson corp
NE,Noble Corp plc,0001895262,XNYS,US,noble|noble corp plc
NEA,Nuveen AMT-Free Quality Municipal Income Fund,0001195737,XNYS,US,nuveen|nuveen amt|nuveen amt free quality municipal income fund|nuveen amt-free quality municipal income fund
NECB,"NorthEast Community Bancorp, Inc./MD/",0001847398,XNAS,US,"northeast|northeast community|northeast community bancorp md|northeast community bancorp, inc./md/"
NEE,NEXTERA ENERGY INC,0000753308,XNYS,US,nextera|nextera energy|nextera energy inc
NEGG,"Newegg Commerce, Inc.",0001474627,XNAS,US,"newegg|newegg commerce|newegg commerce, inc."
NELR,Neolara Corp.,0001941360,OOTC,US,neolara|neolara corp.
NEM,NEWMONT Corp /DE/,0001164727,XNYS,US,newmont|newmont corp /de/|newmont de
NEMCL,NEWMONT Corp /DE/,0001164727,OOTC,US,newmont|newmont corp /de/|newmont de
NEN,NEW ENGLAND REALTY ASSOCIATES LIMITED PARTNERSHIP,0000746514,XASE,US,new|new england|new england realty associates limited partnership|new england realty associates partnership
NEO,NEOGENOMICS INC,0001077183,XNAS,US,neogenomics|neogenomics inc
NEOG,NEOGEN CORP,0000711377,XNAS,US,neogen|neogen corp
NEON,Neonode Inc.,0000087050,XNAS,US,neonode|neonode inc.
NEOV,NeoVolta Inc.,0001748137,XNAS,US,neovolta|neovolta inc.
NEOVW,NeoVolta Inc.,0001748137,XNAS,US,neovolta|neovolta inc.
NEPH,NEPHROS INC,0001196298,XNAS,US,nephros|nephros inc
NERV,"Minerva Neurosciences, Inc.",0001598646,XNAS,US,"minerva|minerva neurosciences|minerva neurosciences, inc."
NESR,National Energy Services Reunited Corp.,0001698514,XNAS,US,national|national energy|national energy services reunited|national energy services reunited corp.
NET,"Cloudflare, Inc.",0001477333,XNYS,US,"cloudflare|cloudflare, inc."
NETTF,"NetEase, Inc.",0001110646,OOTC,US,"netease|netease, inc."
NEU,NEWMARKET CORP,0001282637,XNYS,US,newmarket|newmarket corp
NEUP,Neuphoria Therapeutics Inc.,0001191070,XNAS,US,neuphoria|neuphoria therapeutics|neuphoria therapeutics inc.
NEWEN,NATIONAL GRID PLC,0001004315,OOTC,US,national|national grid|national grid plc
NEWH,"NewHydrogen, Inc.",0001371128,OOTC,US,"newhydrogen|newhydrogen, inc."
NEWP,NEW PACIFIC METALS CORP,0001369085,XASE,US,new|new pacific|new pacific metals|new pacific metals corp
NEWT,"NewtekOne, Inc.",0001587987,XNAS,US,"newtekone|newtekone, inc."
NEWTG,"NewtekOne, Inc.",0001587987,XNAS,US,"newtekone|newtekone, inc."
NEWTH,"NewtekOne, Inc.",0001587987,XNAS,US,"newtekone|newtekone, inc."
NEWTI,"NewtekOne, Inc.",0001587987,XNAS,US,"newtekone|newtekone, inc."
NEWTO,"NewtekOne, Inc.",0001587987,XNAS,US,"newtekone|newtekone, inc."
NEWTP,"NewtekOne, Inc.",0001587987,XNAS,US,"newtekone|newtekone, inc."
NEXA,Nexa Resources S.A.,0001713930,XNYS,US,nexa|nexa resources|nexa resources s.a.
NEXCF,Nextech3D.AI Corp.,0001737270,OOTC,US,nextech3d|nextech3d ai|nextech3d.ai corp.
NEXHY,"Nippon Express Holdings, Inc./ADR",0001985406,OOTC,US,"nippon|nippon express|nippon express holdings, inc./adr"
NEXM,NexMetals Mining Corp.,0000795800,XNAS,US,nexmetals|nexmetals mining|nexmetals mining corp.
NEXN,Nexxen International Ltd.,0001849396,XNAS,US,nexxen|nexxen international|nexxen international ltd.
NEXR,Nexera Technologies Ltd,0001885408,XNAS,US,nexera|nexera technologies|nexera technologies ltd
NEXRW,Nexera Technologies Ltd,0001885408,XNAS,US,nexera|nexera technologies|nexera technologies ltd
NEXT,NextDecade Corp,0001612720,XNAS,US,nextdecade|nextdecade corp
NFBK,"Northfield Bancorp, Inc.",0001493225,XNAS,US,"northfield|northfield bancorp|northfield bancorp, inc."
NFE,New Fortress Energy Inc.,0001749723,XNAS,US,new|new fortress|new fortress energy|new fortress energy inc.
NFG,NATIONAL FUEL GAS CO,0000070145,XNYS,US,national|national fuel|national fuel gas|national fuel gas co
NFGC,New Found Gold Corp.,0001840616,XASE,US,new|new found|new found gold|new found gold corp.
NFJ,"Virtus Dividend, Interest & Premium Strategy Fund",0001260563,XNYS,US,"virtus|virtus dividend|virtus dividend interest premium strategy fund|virtus dividend, interest & premium strategy fund"
NFLX,NETFLIX INC,0001065280,XNAS,US,netflix|netflix inc
NFSN,"Nongfu Shop Digital New Retail Co., Ltd",0001284454,OOTC,US,"nongfu|nongfu shop|nongfu shop digital new retail|nongfu shop digital new retail co., ltd"
NG,NOVAGOLD RESOURCES INC,0001173420,XASE,US,novagold|novagold resources|novagold resources inc
NGCG,"New Generation Consumer Group, Inc.",0001061040,OOTC,US,"new|new generation|new generation consumer|new generation consumer group, inc."
NGEN,NERVGEN PHARMA CORP.,0001751912,XNAS,US,nervgen|nervgen pharma|nervgen pharma corp.
NGG,NATIONAL GRID PLC,0001004315,XNYS,US,national|national grid|national grid plc
NGGTF,NATIONAL GRID PLC,0001004315,OOTC,US,national|national grid|national grid plc
NGHI,"Galenfeha, Inc.",0001574676,OOTC,US,"galenfeha|galenfeha, inc."
NGHLF,Nightingale Health Plc,0002060863,OOTC,US,nightingale|nightingale health|nightingale health plc
NGL,NGL Energy Partners LP,0001504461,XNYS,US,ngl|ngl energy|ngl energy partners|ngl energy partners lp
NGLD,Nevada Canyon Gold Corp.,0001605481,OOTC,US,nevada|nevada canyon|nevada canyon gold|nevada canyon gold corp.
NGNE,Neurogene Inc.,0001404644,XNAS,US,neurogene|neurogene inc.
NGS,NATURAL GAS SERVICES GROUP INC,0001084991,XNYS,US,natural|natural gas|natural gas services|natural gas services group inc
NGSCF,"Nagase & Co., Ltd./ADR",0002092248,OOTC,US,"nagase|nagase & co., ltd./adr"
NGTF,"NightFood Holdings, Inc.",0001593001,OOTC,US,"nightfood|nightfood holdings, inc."
NGVC,"Natural Grocers by Vitamin Cottage, Inc.",0001547459,XNYS,US,"natural|natural grocers|natural grocers by vitamin cottage|natural grocers by vitamin cottage, inc."
NGVT,Ingevity Corp,0001653477,XNYS,US,ingevity|ingevity corp
NGXXF,NGEx Minerals Ltd.,0002044153,OOTC,US,ngex|ngex minerals|ngex minerals ltd.
NHC,NATIONAL HEALTHCARE CORP,0001047335,XASE,US,national|national healthcare|national healthcare corp
NHFLF,NORTHFIELD CAPITAL CORP,0001075822,OOTC,US,northfield|northfield capital|northfield capital corp
NHI,NATIONAL HEALTH INVESTORS INC,0000877860,XNYS,US,national|national health|national health investors|national health investors inc
NHIC,NewHold Investment Corp. III,0002043699,XNAS,US,newhold|newhold investment|newhold investment corp. iii|newhold investment iii
NHICU,NewHold Investment Corp. III,0002043699,XNAS,US,newhold|newhold investment|newhold investment corp. iii|newhold investment iii
NHICW,NewHold Investment Corp. III,0002043699,XNAS,US,newhold|newhold investment|newhold investment corp. iii|newhold investment iii
NHIVU,NewHold Investment Corp IV,0002099767,XNAS,US,newhold|newhold investment|newhold investment corp iv|newhold investment iv
NHKGF,NHK Spring Co. Ltd/ADR,0002087500,OOTC,US,nhk|nhk spring|nhk spring co. ltd/adr
NHKSY,NHK Spring Co. Ltd/ADR,0002087500,OOTC,US,nhk|nhk spring|nhk spring co. ltd/adr
NHLTY,Nightingale Health Plc,0002060863,OOTC,US,nightingale|nightingale health|nightingale health plc
NHNKF,Nihon Kohden Corporation/ADR,0001543726,OOTC,US,nihon|nihon kohden|nihon kohden corporation/adr
NHP,"National Healthcare Properties, Inc.",0001561032,XNAS,US,"national|national healthcare|national healthcare properties|national healthcare properties, inc."
NHPAP,"National Healthcare Properties, Inc.",0001561032,XNAS,US,"national|national healthcare|national healthcare properties|national healthcare properties, inc."
NHPBP,"National Healthcare Properties, Inc.",0001561032,XNAS,US,"national|national healthcare|national healthcare properties|national healthcare properties, inc."
NHS,Neuberger High Yield Strategies Fund Inc.,0001487610,XASE,US,neuberger|neuberger high|neuberger high yield strategies fund|neuberger high yield strategies fund inc.
NHTC,NATURAL HEALTH TRENDS CORP,0000912061,XNAS,US,natural|natural health|natural health trends|natural health trends corp
NI,NISOURCE INC.,0001111711,XNYS,US,nisource|nisource inc.
NIC,NICOLET BANKSHARES INC,0001174850,XNYS,US,nicolet|nicolet bankshares|nicolet bankshares inc
NICE,NICE Ltd.,0001003935,XNAS,US,nice|nice ltd.
NICM,NICOLA MINING INC.,0001526475,XNAS,US,nicola|nicola mining|nicola mining inc.
NIE,Virtus Equity & Convertible Income Fund,0001383441,XNYS,US,virtus|virtus equity|virtus equity & convertible income fund|virtus equity convertible income fund
NIHK,"Video River Networks, Inc.",0001084475,OOTC,US,"video|video river|video river networks|video river networks, inc."
NIKA,"NIKA PHARMACEUTICALS, INC",0001145604,OOTC,US,"nika|nika pharmaceuticals|nika pharmaceuticals, inc"
NIM,NUVEEN SELECT MATURITIES MUNICIPAL FUND,0000890119,XNYS,US,nuveen|nuveen select|nuveen select maturities municipal fund
NIMU,NON INVASIVE MONITORING SYSTEMS INC /FL/,0000720762,OOTC,US,non|non invasive|non invasive monitoring systems fl|non invasive monitoring systems inc /fl/
NINE,"Nine Energy Service, Inc.",0001532286,XASE,US,"nine|nine energy|nine energy service|nine energy service, inc."
NIO,NIO Inc.,0001736541,XNYS,US,nio|nio inc.
NIOBW,NIOCORP DEVELOPMENTS LTD,0001512228,XNAS,US,niocorp|niocorp developments|niocorp developments ltd
NIOIF,NIO Inc.,0001736541,OOTC,US,nio|nio inc.
NIOMF,First American Uranium Inc.,0001937453,OOTC,US,first|first american|first american uranium|first american uranium inc.
NIPG,NIP Group Inc.,0001966233,XNAS,US,nip|nip group inc.
NIQ,NIQ Global Intelligence plc,0002054696,XNYS,US,niq|niq global|niq global intelligence|niq global intelligence plc
NIU,Niu Technologies,0001744781,XNAS,US,niu|niu technologies
NIVF,NewGenIvf Group Ltd,0001981662,XNAS,US,newgenivf|newgenivf group ltd
NIVFW,NewGenIvf Group Ltd,0001981662,XNAS,US,newgenivf|newgenivf group ltd
NIXX,"Nixxy, Inc.",0001462223,XNAS,US,"nixxy|nixxy, inc."
NIXXW,"Nixxy, Inc.",0001462223,XNAS,US,"nixxy|nixxy, inc."
NJR,NEW JERSEY RESOURCES CORP,0000356309,XNYS,US,new|new jersey|new jersey resources|new jersey resources corp
NKE,"NIKE, Inc.",0000320187,XNYS,US,"nike|nike, inc."
NKGFD,Nevada King Gold Corp.,0001839154,OOTC,US,nevada|nevada king|nevada king gold|nevada king gold corp.
NKLR,Terra Innovatum Global N.V.,0002067627,XNAS,US,terra|terra innovatum|terra innovatum global|terra innovatum global n.v.
NKSH,NATIONAL BANKSHARES INC,0000796534,XNAS,US,national|national bankshares|national bankshares inc
NKTR,NEKTAR THERAPEUTICS,0000906709,XNAS,US,nektar|nektar therapeutics
NKTX,"Nkarta, Inc.",0001787400,XNAS,US,"nkarta|nkarta, inc."
NKX,NUVEEN CALIFORNIA AMT-FREE QUALITY MUNICIPAL INCOME FUND,0001195738,XNYS,US,nuveen|nuveen california|nuveen california amt free quality municipal income fund|nuveen california amt-free quality municipal income fund
NL,NL INDUSTRIES INC,0000072162,XNYS,US,nl|nl industries|nl industries inc
NLCP,"NewLake Capital Partners, Inc.",0001854964,OOTC,US,"newlake|newlake capital|newlake capital partners|newlake capital partners, inc."
NLOP,Net Lease Office Properties,0001952976,XNYS,US,net|net lease|net lease office properties
NLST,NETLIST INC,0001282631,OOTC,US,netlist|netlist inc
NLY,ANNALY CAPITAL MANAGEMENT INC,0001043219,XNYS,US,annaly|annaly capital|annaly capital management|annaly capital management inc
NMAI,Nuveen Multi-Asset Income Fund,0001861115,XNYS,US,nuveen|nuveen multi|nuveen multi asset income fund|nuveen multi-asset income fund
NMAX,Newsmax Inc.,0002026478,XNYS,US,newsmax|newsmax inc.
NMCO,Nuveen Municipal Credit Opportunities Fund,0001774342,XNYS,US,nuveen|nuveen municipal|nuveen municipal credit opportunities fund
NMCPF,Nuvau Minerals Corp,0002003813,OOTC,US,nuvau|nuvau minerals|nuvau minerals corp
NMEX,NORTHERN MINERALS & EXPLORATION LTD.,0001415744,OOTC,US,northern|northern minerals|northern minerals & exploration ltd.|northern minerals exploration
NMFC,New Mountain Finance Corp,0001496099,XNAS,US,new|new mountain|new mountain finance|new mountain finance corp
NMFCZ,New Mountain Finance Corp,0001496099,XNAS,US,new|new mountain|new mountain finance|new mountain finance corp
NMG,Nouveau Monde Graphite Inc.,0001649752,XNYS,US,nouveau|nouveau monde|nouveau monde graphite|nouveau monde graphite inc.
NMGX,Nano Magic Inc.,0000891417,OOTC,US,nano|nano magic|nano magic inc.
NMHI,Nature's Miracle Holding Inc.,0001947861,OOTC,US,nature|nature s|nature s miracle|nature's miracle holding inc.
NMHIW,Nature's Miracle Holding Inc.,0001947861,OOTC,US,nature|nature s|nature s miracle|nature's miracle holding inc.
NMI,NUVEEN MUNICIPAL INCOME FUND INC,0000830271,XNYS,US,nuveen|nuveen municipal|nuveen municipal income fund|nuveen municipal income fund inc
NMIH,"NMI Holdings, Inc.",0001547903,XNAS,US,"nmi|nmi holdings, inc."
NMKBP,NATIONAL GRID PLC,0001004315,OOTC,US,national|national grid|national grid plc
NMKCP,NATIONAL GRID PLC,0001004315,OOTC,US,national|national grid|national grid plc
NML,Neuberger Energy Infrastructure & Income Fund Inc.,0001562051,XASE,US,neuberger|neuberger energy|neuberger energy infrastructure & income fund inc.|neuberger energy infrastructure income fund
NMM,Navios Maritime Partners L.P.,0001415921,XNYS,US,navios|navios maritime|navios maritime partners|navios maritime partners l.p.
NMP,NMP Acquisition Corp.,0002054876,XNAS,US,nmp|nmp acquisition|nmp acquisition corp.
NMPAR,NMP Acquisition Corp.,0002054876,XNAS,US,nmp|nmp acquisition|nmp acquisition corp.
NMPAU,NMP Acquisition Corp.,0002054876,XNAS,US,nmp|nmp acquisition|nmp acquisition corp.
NMPGY,Navios Maritime Holdings Inc.,0001333172,OOTC,US,navios|navios maritime|navios maritime holdings inc.
NMPRY,Navios Maritime Holdings Inc.,0001333172,OOTC,US,navios|navios maritime|navios maritime holdings inc.
NMPWP,NATIONAL GRID PLC,0001004315,OOTC,US,national|national grid|national grid plc
NMR,NOMURA HOLDINGS INC,0001163653,XNYS,US,nomura|nomura holdings inc
NMRA,"Neumora Therapeutics, Inc.",0001885522,XNAS,US,"neumora|neumora therapeutics|neumora therapeutics, inc."
NMRK,"NEWMARK GROUP, INC.",0001690680,XNAS,US,"newmark|newmark group, inc."
NMS,Nuveen Minnesota Quality Municipal Income Fund,0001607997,XNYS,US,nuveen|nuveen minnesota|nuveen minnesota quality municipal income fund
NMT,NUVEEN MASSACHUSETTS QUALITY MUNICIPAL INCOME FUND,0000897419,XNYS,US,nuveen|nuveen massachusetts|nuveen massachusetts quality municipal income fund
NMTC,NEUROONE MEDICAL TECHNOLOGIES Corp,0001500198,XNAS,US,neuroone|neuroone medical|neuroone medical technologies|neuroone medical technologies corp
NMZ,NUVEEN MUNICIPAL HIGH INCOME OPPORTUNITY FUND,0001266585,XNYS,US,nuveen|nuveen municipal|nuveen municipal high income opportunity fund
NN,NEXTNAV INC.,0001865631,XNAS,US,nextnav|nextnav inc.
NNAVW,NEXTNAV INC.,0001865631,XNAS,US,nextnav|nextnav inc.
NNAX,New Momentum Corp.,0001132509,OOTC,US,new|new momentum|new momentum corp.
NNBR,NN INC,0000918541,XNAS,US,nn|nn inc
NNDM,Nano Dimension Ltd.,0001643303,XNAS,US,nano|nano dimension|nano dimension ltd.
NNE,Nano Nuclear Energy Inc.,0001923891,XNAS,US,nano|nano nuclear|nano nuclear energy|nano nuclear energy inc.
NNFSF,Nongfu Spring Co. Ltd./ADR,0001834267,OOTC,US,nongfu|nongfu spring|nongfu spring co. ltd./adr
NNI,NELNET INC,0001258602,XNYS,US,nelnet|nelnet inc
NNN,"NNN REIT, INC.",0000751364,XNYS,US,"nnn|nnn reit|nnn reit, inc."
NNNN,Anbio Biotechnology,0001982708,XNAS,US,anbio|anbio biotechnology
NNOX,Nano-X Imaging Ltd.,0001795251,XNAS,US,nano|nano x|nano x imaging|nano-x imaging ltd.
NNUP,NOCOPI TECHNOLOGIES INC/MD/,0000888981,OOTC,US,nocopi|nocopi technologies|nocopi technologies inc/md/|nocopi technologies md
NNVC,"NANOVIRICIDES, INC.",0001379006,XASE,US,"nanoviricides|nanoviricides, inc."
NNWWF,North West Co Inc./ADR,0002073913,OOTC,US,north|north west|north west co inc./adr
NNY,NUVEEN NEW YORK MUNICIPAL VALUE FUND,0000818850,XNYS,US,nuveen|nuveen new|nuveen new york municipal value fund
NOA,North American Construction Group Ltd.,0001368519,XNYS,US,north|north american|north american construction|north american construction group ltd.
NOAH,NOAH HOLDINGS LTD,0001499543,XNYS,US,noah|noah holdings ltd
NOBH,NOBILITY HOMES INC,0000072205,OOTC,US,nobility|nobility homes|nobility homes inc
NOC,NORTHROP GRUMMAN CORP /DE/,0001133421,XNYS,US,northrop|northrop grumman|northrop grumman corp /de/|northrop grumman de
NODK,"NI Holdings, Inc.",0001681206,XNAS,US,"ni|ni holdings, inc."
NOEM,CO2 Energy Transition Corp.,0001956648,XNAS,US,co2|co2 energy|co2 energy transition|co2 energy transition corp.
NOEMR,CO2 Energy Transition Corp.,0001956648,XNAS,US,co2|co2 energy|co2 energy transition|co2 energy transition corp.
NOEMU,CO2 Energy Transition Corp.,0001956648,XNAS,US,co2|co2 energy|co2 energy transition|co2 energy transition corp.
NOEMW,CO2 Energy Transition Corp.,0001956648,XNAS,US,co2|co2 energy|co2 energy transition|co2 energy transition corp.
NOFCF,NOF Corporation/ADR,0002108180,OOTC,US,nof|nof corporation/adr
NOG,"NORTHERN OIL & GAS, INC.",0001104485,XNYS,US,"northern|northern oil|northern oil & gas, inc.|northern oil gas"
NOK,NOKIA CORP,0000924613,XNYS,US,nokia|nokia corp
NOKBF,NOKIA CORP,0000924613,OOTC,US,nokia|nokia corp
NOMA,Nomadar Corp.,0001994214,XNAS,US,nomadar|nomadar corp.
NOMD,Nomad Foods Ltd,0001651717,XNYS,US,nomad|nomad foods|nomad foods ltd
NONOF,NOVO NORDISK A S,0000353278,OOTC,US,novo|novo nordisk|novo nordisk a s
NOPFF,Nevada Organic Phosphate Inc.,0001991188,OOTC,US,nevada|nevada organic|nevada organic phosphate|nevada organic phosphate inc.
NORD,Nordicus Partners Corp,0001011060,OOTC,US,nordicus|nordicus partners|nordicus partners corp
NOTE,"FiscalNote Holdings, Inc.",0001823466,OOTC,US,"fiscalnote|fiscalnote holdings, inc."
NOTEW,"FiscalNote Holdings, Inc.",0001823466,OOTC,US,"fiscalnote|fiscalnote holdings, inc."
NOTV,"Inotiv, Inc.",0000720154,XNAS,US,"inotiv|inotiv, inc."
NOV,NOV Inc.,0001021860,XNYS,US,nov|nov inc.
NOVT,NOVANTA INC,0001076930,XNAS,US,novanta|novanta inc
NOVTU,NOVANTA INC,0001076930,XNAS,US,novanta|novanta inc
NOW,"ServiceNow, Inc.",0001373715,XNYS,US,"servicenow|servicenow, inc."
NOWG,Nowigence Inc.,0001761911,OOTC,US,nowigence|nowigence inc.
NP,Neptune Insurance Holdings Inc.,0002067129,XNYS,US,neptune|neptune insurance|neptune insurance holdings inc.
NPAC,New Providence Acquisition Corp. III/Cayman,0002048948,XNAS,US,new|new providence|new providence acquisition corp. iii/cayman|new providence acquisition iii cayman
NPACU,New Providence Acquisition Corp. III/Cayman,0002048948,XNAS,US,new|new providence|new providence acquisition corp. iii/cayman|new providence acquisition iii cayman
NPACW,New Providence Acquisition Corp. III/Cayman,0002048948,XNAS,US,new|new providence|new providence acquisition corp. iii/cayman|new providence acquisition iii cayman
NPB,NORTHPOINTE BANCSHARES INC,0001336706,XNYS,US,northpointe|northpointe bancshares|northpointe bancshares inc
NPCE,NeuroPace Inc,0001528287,XNAS,US,neuropace|neuropace inc
NPCT,Nuveen Core Plus Impact Fund,0001835068,XNYS,US,nuveen|nuveen core|nuveen core plus impact fund
NPEHF,"Nippon Express Holdings, Inc./ADR",0001985406,OOTC,US,"nippon|nippon express|nippon express holdings, inc./adr"
NPFD,Nuveen Variable Rate Preferred & Income Fund,0001865389,XNYS,US,nuveen|nuveen variable|nuveen variable rate preferred & income fund|nuveen variable rate preferred income fund
NPICF,Northland Power Inc./ADR,0002072389,OOTC,US,northland|northland power|northland power inc./adr
NPIFF,Northland Power Inc./ADR,0002072389,OOTC,US,northland|northland power|northland power inc./adr
NPIXY,Northland Power Inc./ADR,0002072389,OOTC,US,northland|northland power|northland power inc./adr
NPK,NATIONAL PRESTO INDUSTRIES INC,0000080172,XNYS,US,national|national presto|national presto industries|national presto industries inc
NPKI,NPK International Inc.,0000071829,XNYS,US,npk|npk international|npk international inc.
NPO,Enpro Inc.,0001164863,XNYS,US,enpro|enpro inc.
NPPXF,NIPPON TELEGRAPH & TELEPHONE CORP,0000769594,OOTC,US,nippon|nippon telegraph|nippon telegraph & telephone corp|nippon telegraph telephone
NPRFF,Nepra Foods Inc.,0001859022,OOTC,US,nepra|nepra foods|nepra foods inc.
NPT,Texxon Holding Ltd,0002014337,XNAS,US,texxon|texxon holding ltd
NPV,NUVEEN VIRGINIA QUALITY MUNICIPAL INCOME FUND,0000897421,XNYS,US,nuveen|nuveen virginia|nuveen virginia quality municipal income fund
NPWR,NET Power Inc.,0001845437,XNYS,US,net|net power|net power inc.
NRC,NRC HEALTH,0000070487,XNAS,US,nrc|nrc health
NRDE,NU RIDE INC.,0001759546,OOTC,US,nu|nu ride|nu ride inc.
NRDS,"NERDWALLET, INC.",0001625278,XNAS,US,"nerdwallet|nerdwallet, inc."
NRDY,Nerdy Inc.,0001819404,XNYS,US,nerdy|nerdy inc.
NREF,"NexPoint Real Estate Finance, Inc.",0001786248,XNYS,US,"nexpoint|nexpoint real|nexpoint real estate finance|nexpoint real estate finance, inc."
NRG,"NRG ENERGY, INC.",0001013871,XNYS,US,"nrg|nrg energy|nrg energy, inc."
NRGD,BANK OF MONTREAL /CAN/,0000927971,ARCX,US,bank|bank of|bank of montreal /can/|bank of montreal can
NRGFF,AE Fuels Corp,0002102593,OOTC,US,ae|ae fuels|ae fuels corp
NRGU,BANK OF MONTREAL /CAN/,0000927971,ARCX,US,bank|bank of|bank of montreal /can/|bank of montreal can
NRGV,"Energy Vault Holdings, Inc.",0001828536,XNYS,US,"energy|energy vault|energy vault holdings, inc."
NRHI,"Natural Resource Holdings, Inc.",0001680689,OOTC,US,"natural|natural resource|natural resource holdings, inc."
NRIM,NORTHRIM BANCORP INC,0001163370,XNAS,US,northrim|northrim bancorp|northrim bancorp inc
NRIS,"Norris Industries, Inc.",0001603793,OOTC,US,"norris|norris industries|norris industries, inc."
NRIX,"Nurix Therapeutics, Inc.",0001549595,XNAS,US,"nurix|nurix therapeutics|nurix therapeutics, inc."
NRK,NUVEEN NEW YORK AMT-FREE QUALITY MUNICIPAL INCOME FUND,0001195739,XNYS,US,nuveen|nuveen new|nuveen new york amt free quality municipal income fund|nuveen new york amt-free quality municipal income fund
NRO,NEUBERGER REAL ESTATE SECURITIES INCOME FUND INC,0001261166,XASE,US,neuberger|neuberger real|neuberger real estate securities income fund|neuberger real estate securities income fund inc
NROM,NOBLE ROMANS INC,0000709005,OOTC,US,noble|noble romans|noble romans inc
NRP,NATURAL RESOURCE PARTNERS LP,0001171486,XNYS,US,natural|natural resource|natural resource partners|natural resource partners lp
NRRSF,Norsemont Mining Inc.,0001778940,OOTC,US,norsemont|norsemont mining|norsemont mining inc.
NRRWF,Nuran Wireless Inc.,0001680637,OOTC,US,nuran|nuran wireless|nuran wireless inc.
NRSCF,NOMURA HOLDINGS INC,0001163653,OOTC,US,nomura|nomura holdings inc
NRSN,NeuroSense Therapeutics Ltd.,0001875091,XNAS,US,neurosense|neurosense therapeutics|neurosense therapeutics ltd.
NRSNW,NeuroSense Therapeutics Ltd.,0001875091,XNAS,US,neurosense|neurosense therapeutics|neurosense therapeutics ltd.
NRT,NORTH EUROPEAN OIL ROYALTY TRUST,0000072633,XNYS,US,north|north european|north european oil royalty|north european oil royalty trust
NRUC,NATIONAL RURAL UTILITIES COOPERATIVE FINANCE CORP /DC/,0000070502,XNYS,US,national|national rural|national rural utilities cooperative finance corp /dc/|national rural utilities cooperative finance dc
NRXP,"NRX Pharmaceuticals, Inc.",0001719406,XNAS,US,"nrx|nrx pharmaceuticals|nrx pharmaceuticals, inc."
NRXPW,"NRX Pharmaceuticals, Inc.",0001719406,XNAS,US,"nrx|nrx pharmaceuticals|nrx pharmaceuticals, inc."
NRXS,"Neuraxis, INC",0001933567,XASE,US,"neuraxis|neuraxis, inc"
NRYCF,Nations Royalty Corp.,0002022469,OOTC,US,nations|nations royalty|nations royalty corp.
NSA,National Storage Affiliates Trust,0001618563,XNYS,US,national|national storage|national storage affiliates|national storage affiliates trust
NSARO,NSTAR ELECTRIC CO,0000013372,OOTC,US,nstar|nstar electric|nstar electric co
NSARP,NSTAR ELECTRIC CO,0000013372,OOTC,US,nstar|nstar electric|nstar electric co
NSC,NORFOLK SOUTHERN CORP,0000702165,XNYS,US,norfolk|norfolk southern|norfolk southern corp
NSFDF,NXT Energy Solutions Inc.,0001009922,OOTC,US,nxt|nxt energy|nxt energy solutions|nxt energy solutions inc.
NSIT,INSIGHT ENTERPRISES INC,0000932696,XNAS,US,insight|insight enterprises|insight enterprises inc
NSKFF,Kongsberg Gruppen ASA/ADR,0001535759,OOTC,US,kongsberg|kongsberg gruppen|kongsberg gruppen asa|kongsberg gruppen asa/adr
NSP,"INSPERITY, INC.",0001000753,XNYS,US,"insperity|insperity, inc."
NSPR,"InspireMD, Inc.",0001433607,XNAS,US,"inspiremd|inspiremd, inc."
NSRCF,NextSource Materials Inc.,0001302084,OOTC,US,nextsource|nextsource materials|nextsource materials inc.
NSRX,Nasus Pharma Ltd,0002029039,XASE,US,nasus|nasus pharma|nasus pharma ltd
NSSC,"NAPCO SECURITY TECHNOLOGIES, INC",0000069633,XNAS,US,"napco|napco security|napco security technologies|napco security technologies, inc"
NSTM,NovelStem International Corp.,0000912544,OOTC,US,novelstem|novelstem international|novelstem international corp.
NSTS,"NSTS Bancorp, Inc.",0001881592,XNAS,US,"nsts|nsts bancorp|nsts bancorp, inc."
NSURF,North Shore Uranium Ltd.,0002002326,OOTC,US,north|north shore|north shore uranium|north shore uranium ltd.
NSYS,NORTECH SYSTEMS INC,0000722313,XNAS,US,nortech|nortech systems|nortech systems inc
NTAP,"NetApp, Inc.",0001002047,XNAS,US,"netapp|netapp, inc."
NTB,Bank of N.T. Butterfield & Son Ltd,0001653242,XNYS,US,bank|bank of|bank of n t butterfield son|bank of n.t. butterfield & son ltd
NTCL,NetClass Technology Inc,0001927578,XNAS,US,netclass|netclass technology|netclass technology inc
NTCT,NETSCOUT SYSTEMS INC,0001078075,XNAS,US,netscout|netscout systems|netscout systems inc
NTES,"NetEase, Inc.",0001110646,XNAS,US,"netease|netease, inc."
NTGR,"NETGEAR, INC.",0001122904,XNAS,US,"netgear|netgear, inc."
NTHI,"NEONC TECHNOLOGIES HOLDINGS, INC.",0001979414,XNAS,US,"neonc|neonc technologies|neonc technologies holdings, inc."
NTIC,NORTHERN TECHNOLOGIES INTERNATIONAL CORP,0000875582,XNAS,US,northern|northern technologies|northern technologies international|northern technologies international corp
NTIP,"NETWORK-1 TECHNOLOGIES, INC.",0001065078,XASE,US,"network|network 1|network 1 technologies|network-1 technologies, inc."
NTLA,"Intellia Therapeutics, Inc.",0001652130,XNAS,US,"intellia|intellia therapeutics|intellia therapeutics, inc."
NTNX,"Nutanix, Inc.",0001618732,XNAS,US,"nutanix|nutanix, inc."
NTPIF,NAM TAI PROPERTY INC.,0000829365,OOTC,US,nam|nam tai|nam tai property|nam tai property inc.
NTR,Nutrien Ltd.,0001725964,XNYS,US,nutrien|nutrien ltd.
NTRA,"Natera, Inc.",0001604821,XNAS,US,"natera|natera, inc."
NTRB,NutriBand Inc.,0001676047,XNAS,US,nutriband|nutriband inc.
NTRBW,NutriBand Inc.,0001676047,XNAS,US,nutriband|nutriband inc.
NTRP,"NextTrip, Inc.",0000788611,XNAS,US,"nexttrip|nexttrip, inc."
NTRR,NEUTRA CORP.,0001512886,OOTC,US,neutra|neutra corp.
NTRS,NORTHERN TRUST CORP,0000073124,XNAS,US,northern|northern trust corp
NTRSO,NORTHERN TRUST CORP,0000073124,XNAS,US,northern|northern trust corp
NTRX,"Entrex Carbon Market, Inc.",0001363598,OOTC,US,"entrex|entrex carbon|entrex carbon market|entrex carbon market, inc."
NTSK,Netskope Inc,0002063196,XNAS,US,netskope|netskope inc
NTST,NETSTREIT Corp.,0001798100,XNYS,US,netstreit|netstreit corp.
NTTYY,NIPPON TELEGRAPH & TELEPHONE CORP,0000769594,OOTC,US,nippon|nippon telegraph|nippon telegraph & telephone corp|nippon telegraph telephone
NTWK,NETSOL TECHNOLOGIES INC,0001039280,XNAS,US,netsol|netsol technologies|netsol technologies inc
NTWO,Newbury Street II Acquisition Corp,0002028027,XNAS,US,newbury|newbury street|newbury street ii acquisition|newbury street ii acquisition corp
NTWOU,Newbury Street II Acquisition Corp,0002028027,XNAS,US,newbury|newbury street|newbury street ii acquisition|newbury street ii acquisition corp
NTWOW,Newbury Street II Acquisition Corp,0002028027,XNAS,US,newbury|newbury street|newbury street ii acquisition|newbury street ii acquisition corp
NTZ,NATUZZI S P A,0000900391,XNYS,US,natuzzi|natuzzi s|natuzzi s p a
NU,Nu Holdings Ltd.,0001691493,XNYS,US,nu|nu holdings ltd.
NUAI,"New ERA Energy & Digital, Inc.",0002028336,XNAS,US,"new|new era|new era energy & digital, inc.|new era energy digital"
NUAIW,"New ERA Energy & Digital, Inc.",0002028336,XNAS,US,"new|new era|new era energy & digital, inc.|new era energy digital"
NUCL,Eagle Nuclear Energy Corp.,0002089283,XNAS,US,eagle|eagle nuclear|eagle nuclear energy|eagle nuclear energy corp.
NUCLW,Eagle Nuclear Energy Corp.,0002089283,XNAS,US,eagle|eagle nuclear|eagle nuclear energy|eagle nuclear energy corp.
NUE,NUCOR CORP,0000073309,XNYS,US,nucor|nucor corp
NULGF,NuLegacy Gold Corp,0001502758,OOTC,US,nulegacy|nulegacy gold|nulegacy gold corp
NUMD,"Nu-Med Plus, Inc.",0001543637,OOTC,US,"nu|nu med|nu med plus|nu-med plus, inc."
NUS,"NU SKIN ENTERPRISES, INC.",0001021561,XNYS,US,"nu|nu skin|nu skin enterprises|nu skin enterprises, inc."
NUTR,NUSATRIP Inc,0002006468,XNAS,US,nusatrip|nusatrip inc
NUTX,Nutex Health Inc.,0001479681,XNAS,US,nutex|nutex health|nutex health inc.
NUV,NUVEEN MUNICIPAL VALUE FUND INC,0000812801,XNYS,US,nuveen|nuveen municipal|nuveen municipal value fund|nuveen municipal value fund inc
NUVB,Nuvation Bio Inc.,0001811063,XNYS,US,nuvation|nuvation bio|nuvation bio inc.
NUVID,Emo Capital Corp.,0001410708,OOTC,US,emo|emo capital|emo capital corp.
NUVL,"Nuvalent, Inc.",0001861560,XNAS,US,"nuvalent|nuvalent, inc."
NUVR,"Nuvera Communications, Inc.",0000071557,OOTC,US,"nuvera|nuvera communications|nuvera communications, inc."
NUW,Nuveen AMT-Free Municipal Value Fund,0001450445,XNYS,US,nuveen|nuveen amt|nuveen amt free municipal value fund|nuveen amt-free municipal value fund
NUWE,"Nuwellis, Inc.",0001506492,XNAS,US,"nuwellis|nuwellis, inc."
NVA,Nova Minerals Ltd,0001852551,XNAS,US,nova|nova minerals|nova minerals ltd
NVAAF,Nova Minerals Ltd,0001852551,OOTC,US,nova|nova minerals|nova minerals ltd
NVACW,"Profusa, Inc.",0001859807,OOTC,US,"profusa|profusa, inc."
NVAWW,Nova Minerals Ltd,0001852551,XNAS,US,nova|nova minerals|nova minerals ltd
NVAX,NOVAVAX INC,0001000694,XNAS,US,novavax|novavax inc
NVCR,NovoCure Ltd,0001645113,XNAS,US,novocure|novocure ltd
NVCT,"Nuvectis Pharma, Inc.",0001875558,XNAS,US,"nuvectis|nuvectis pharma|nuvectis pharma, inc."
NVDA,NVIDIA CORP,0001045810,XNAS,US,nvidia|nvidia corp
NVEC,NVE CORP /NEW/,0000724910,XNAS,US,nve|nve corp /new/|nve new
NVG,Nuveen AMT-Free Municipal Credit Income Fund,0001090116,XNYS,US,nuveen|nuveen amt|nuveen amt free municipal credit income fund|nuveen amt-free municipal credit income fund
NVGLF,NV Gold Corp,0001607807,OOTC,US,gold|nv gold corp
NVGS,Navigator Holdings Ltd.,0001581804,XNYS,US,navigator|navigator holdings ltd.
NVMI,NOVA LTD.,0001109345,XNAS,US,nova|nova ltd.
NVNI,Nvni Group Ltd,0001965143,XNAS,US,nvni|nvni group ltd
NVNIW,Nvni Group Ltd,0001965143,XNAS,US,nvni|nvni group ltd
NVNO,enVVeno Medical Corp,0001661053,XNAS,US,envveno|envveno medical|envveno medical corp
NVNXF,NOVONIX Ltd,0001859795,OOTC,US,novonix|novonix ltd
NVO,NOVO NORDISK A S,0000353278,XNYS,US,novo|novo nordisk|novo nordisk a s
NVR,NVR INC,0000906163,XNYS,US,nvr|nvr inc
NVRI,ENVIRI Corp,0000045876,XNYS,US,enviri|enviri corp
NVS,NOVARTIS AG,0001114448,XNYS,US,novartis|novartis ag
NVSEF,NOVARTIS AG,0001114448,OOTC,US,novartis|novartis ag
NVSGF,Nevada Sunrise Metals Corp.,0001415758,OOTC,US,nevada|nevada sunrise|nevada sunrise metals|nevada sunrise metals corp.
NVST,Envista Holdings Corp,0001757073,XNYS,US,envista|envista holdings corp
NVT,nVent Electric plc,0001720635,XNYS,US,nvent|nvent electric|nvent electric plc
NVTS,Navitas Semiconductor Corp,0001821769,XNAS,US,navitas|navitas semiconductor|navitas semiconductor corp
NVVE,Nuvve Holding Corp.,0001836875,XNAS,US,nuvve|nuvve holding corp.
NVX,NOVONIX Ltd,0001859795,XNAS,US,novonix|novonix ltd
NWAX,New America Acquisition I Corp.,0002074878,XNYS,US,new|new america|new america acquisition i|new america acquisition i corp.
NWBI,"Northwest Bancshares, Inc.",0001471265,XNAS,US,"northwest|northwest bancshares|northwest bancshares, inc."
NWBO,NORTHWEST BIOTHERAPEUTICS INC,0001072379,OOTC,US,northwest|northwest biotherapeutics|northwest biotherapeutics inc
NWCYY,North West Co Inc./ADR,0002073913,OOTC,US,north|north west|north west co inc./adr
NWE,"NorthWestern Energy Group, Inc.",0001993004,XNAS,US,"northwestern|northwestern energy|northwestern energy group, inc."
NWFL,NORWOOD FINANCIAL CORP,0001013272,XNAS,US,norwood|norwood financial|norwood financial corp
NWG,NatWest Group plc,0000844150,XNYS,US,natwest|natwest group plc
NWGL,CL Workshop Group Ltd,0001948294,XNAS,US,cl|cl workshop|cl workshop group ltd
NWL,NEWELL BRANDS INC.,0000814453,XNAS,US,newell|newell brands|newell brands inc.
NWN,Northwest Natural Holding Co,0001733998,XNYS,US,northwest|northwest natural|northwest natural holding co
NWOEF,New Oriental Education & Technology Group Inc.,0001372920,OOTC,US,new|new oriental|new oriental education & technology group inc.|new oriental education technology
NWPG,"Newport Gold, Inc.",0001289223,OOTC,US,"newport|newport gold|newport gold, inc."
NWPP,NEW PEOPLES BANKSHARES INC,0001163389,OOTC,US,new|new peoples|new peoples bankshares|new peoples bankshares inc
NWPX,"NWPX Infrastructure, Inc.",0001001385,XNAS,US,"nwpx|nwpx infrastructure|nwpx infrastructure, inc."
NWS,NEWS CORP,0001564708,XNAS,US,news|news corp
NWSA,NEWS CORP,0001564708,XNAS,US,news|news corp
NWSGY,CTF Services Ltd,0001449664,OOTC,US,ctf|ctf services|ctf services ltd
NWSLL,NEWS CORP,0001564708,OOTC,US,news|news corp
NWSZF,CTF Services Ltd,0001449664,OOTC,US,ctf|ctf services|ctf services ltd
NWTG,"Newton Golf Company, Inc.",0001934245,XNAS,US,"newton|newton golf|newton golf company, inc."
NX,Quanex Building Products CORP,0001423221,XNYS,US,quanex|quanex building|quanex building products|quanex building products corp
NXDR,"Nextdoor Holdings, Inc.",0001846069,XNYS,US,"nextdoor|nextdoor holdings, inc."
NXDT,NEXPOINT DIVERSIFIED REAL ESTATE TRUST,0001356115,XNYS,US,nexpoint|nexpoint diversified|nexpoint diversified real estate|nexpoint diversified real estate trust
NXE,NexGen Energy Ltd.,0001698535,XNYS,US,nexgen|nexgen energy|nexgen energy ltd.
NXG,NXG NextGen Infrastructure Income Fund,0001506488,XNYS,US,nxg|nxg nextgen|nxg nextgen infrastructure income fund
NXGL,"NEXGEL, INC.",0001468929,XNAS,US,"nexgel|nexgel, inc."
NXGLW,"NEXGEL, INC.",0001468929,XNAS,US,"nexgel|nexgel, inc."
NXL,"Nexalin Technology, Inc.",0001527352,XNAS,US,"nexalin|nexalin technology|nexalin technology, inc."
NXMH,"Next Meats Holdings, Inc.",0001811530,OOTC,US,"next|next meats|next meats holdings, inc."
NXNT,"Nexscient, Inc.",0001976663,OOTC,US,"nexscient|nexscient, inc."
NXNVW,NEXTNAV INC.,0001865631,OOTC,US,nextnav|nextnav inc.
NXP,NUVEEN SELECT TAX FREE INCOME PORTFOLIO,0000883618,XNYS,US,nuveen|nuveen select|nuveen select tax free income portfolio
NXPGF,Mobico Group PLC/ADR,0001455632,OOTC,US,mobico|mobico group plc/adr
NXPGY,Mobico Group PLC/ADR,0001455632,OOTC,US,mobico|mobico group plc/adr
NXPI,NXP Semiconductors N.V.,0001413447,XNAS,US,nxp|nxp semiconductors|nxp semiconductors n.v.
NXPL,NextPlat Corp,0001058307,XNAS,US,nextplat|nextplat corp
NXPLW,NextPlat Corp,0001058307,XNAS,US,nextplat|nextplat corp
NXRT,"NexPoint Residential Trust, Inc.",0001620393,XNYS,US,"nexpoint|nexpoint residential|nexpoint residential trust, inc."
NXST,"NEXSTAR MEDIA GROUP, INC.",0001142417,XNAS,US,"nexstar|nexstar media|nexstar media group, inc."
NXT,Nextpower Inc.,0001852131,XNAS,US,nextpower|nextpower inc.
NXTC,"NextCure, Inc.",0001661059,XNAS,US,"nextcure|nextcure, inc."
NXTS,Nexentis Technologies Inc.,0001789192,XNAS,US,nexentis|nexentis technologies|nexentis technologies inc.
NXTT,Next Technology Holding Inc.,0001784970,XNAS,US,next|next technology|next technology holding inc.
NXUR,"Nxu, Inc.",0001722969,OOTC,US,"nxu|nxu, inc."
NXXT,"NEXTNRG, INC.",0001817004,XNAS,US,"nextnrg|nextnrg, inc."
NYAX,Nayax Ltd.,0001901279,XNAS,US,nayax|nayax ltd.
NYC,American Strategic Investment Co.,0001595527,XNYS,US,american|american strategic|american strategic investment|american strategic investment co.
NYMXF,NYMOX PHARMACEUTICAL CORP,0001018735,OOTC,US,nymox|nymox pharmaceutical|nymox pharmaceutical corp
NYT,NEW YORK TIMES CO,0000071691,XNYS,US,new|new york|new york times|new york times co
NYXH,Nyxoah SA,0001857190,XNAS,US,nyxoah|nyxoah sa
NZAUF,Rua Gold Inc.,0001925511,OOTC,US,rua|rua gold|rua gold inc.
NZEOF,New Zealand Oil & Gas Ltd/ADR,0001445654,OOTC,US,new|new zealand|new zealand oil & gas ltd/adr|new zealand oil gas
NZEOY,New Zealand Oil & Gas Ltd/ADR,0001445654,OOTC,US,new|new zealand|new zealand oil & gas ltd/adr|new zealand oil gas
NZERF,New Zealand Energy Corp.,0001509705,OOTC,US,new|new zealand|new zealand energy|new zealand energy corp.
NZF,Nuveen Municipal Credit Income Fund,0001137887,XNYS,US,nuveen|nuveen municipal|nuveen municipal credit income fund
O,REALTY INCOME CORP,0000726728,XNYS,US,realty|realty income|realty income corp
OABI,"OmniAb, Inc.",0001846253,XNAS,US,"omniab|omniab, inc."
OABIW,"OmniAb, Inc.",0001846253,XNAS,US,"omniab|omniab, inc."
OACC,Oaktree Acquisition Corp. III Life Sciences,0002029769,XNAS,US,oaktree|oaktree acquisition|oaktree acquisition corp. iii life sciences|oaktree acquisition iii life sciences
OACCU,Oaktree Acquisition Corp. III Life Sciences,0002029769,XNAS,US,oaktree|oaktree acquisition|oaktree acquisition corp. iii life sciences|oaktree acquisition iii life sciences
OACCW,Oaktree Acquisition Corp. III Life Sciences,0002029769,XNAS,US,oaktree|oaktree acquisition|oaktree acquisition corp. iii life sciences|oaktree acquisition iii life sciences
OAKV,"Oak View Bankshares, Inc.",0001865429,OOTC,US,"oak|oak view|oak view bankshares|oak view bankshares, inc."
OBA,Oxley Bridge Acquisition Ltd,0002034313,XNAS,US,oxley|oxley bridge|oxley bridge acquisition|oxley bridge acquisition ltd
OBAI,"Our Bond, Inc.",0001756064,XNAS,US,"our|our bond|our bond, inc."
OBAWU,Oxley Bridge Acquisition Ltd,0002034313,XNAS,US,oxley|oxley bridge|oxley bridge acquisition|oxley bridge acquisition ltd
OBAWW,Oxley Bridge Acquisition Ltd,0002034313,XNAS,US,oxley|oxley bridge|oxley bridge acquisition|oxley bridge acquisition ltd
OBCKF,Ottobock SE & Co. KGaA/ADR,0002094691,OOTC,US,ottobock|ottobock kgaa|ottobock se & co. kgaa/adr
OBDC,Blue Owl Capital Corp,0001655888,XNYS,US,blue|blue owl|blue owl capital|blue owl capital corp
OBE,OBSIDIAN ENERGY LTD.,0001334388,XASE,US,obsidian|obsidian energy|obsidian energy ltd.
OBIBF,"OBIC Business Consultants Co., Ltd./ADR",0002088339,OOTC,US,"obic|obic business|obic business consultants|obic business consultants co., ltd./adr"
OBICY,"OBIC Co., Ltd./ADR",0002077146,OOTC,US,"obic|obic co., ltd./adr"
OBIIF,"OBIC Co., Ltd./ADR",0002077146,OOTC,US,"obic|obic co., ltd./adr"
OBIO,"Orchestra BioMed Holdings, Inc.",0001814114,XNAS,US,"orchestra|orchestra biomed|orchestra biomed holdings, inc."
OBK,"Origin Bancorp, Inc.",0001516912,XNYS,US,"origin|origin bancorp|origin bancorp, inc."
OBNB,Osprey BNB Chain Trust,0001916101,OOTC,US,osprey|osprey bnb|osprey bnb chain|osprey bnb chain trust
OBNK,Osprey BONK Trust,0002042444,OOTC,US,osprey|osprey bonk|osprey bonk trust
OBOCY,Ottobock SE & Co. KGaA/ADR,0002094691,OOTC,US,ottobock|ottobock kgaa|ottobock se & co. kgaa/adr
OBT,"Orange County Bancorp, Inc. /DE/",0001754226,XNAS,US,"orange|orange county|orange county bancorp de|orange county bancorp, inc. /de/"
OBTC,Osprey Bitcoin Trust,0001767057,XNAS,US,osprey|osprey bitcoin|osprey bitcoin trust
OBULF,One Bullion Ltd,0001927026,OOTC,US,one|one bullion|one bullion ltd
OC,Owens Corning,0001370946,XNYS,US,owens|owens corning
OCC,OPTICAL CABLE CORP,0001000230,XNAS,US,optical|optical cable|optical cable corp
OCCI,"OFS Credit Company, Inc.",0001716951,XNAS,US,"ofs|ofs credit|ofs credit company, inc."
OCCIM,"OFS Credit Company, Inc.",0001716951,XNAS,US,"ofs|ofs credit|ofs credit company, inc."
OCCIN,"OFS Credit Company, Inc.",0001716951,XNAS,US,"ofs|ofs credit|ofs credit company, inc."
OCEA,"Ocean Biomedical, Inc.",0001869974,OOTC,US,"ocean|ocean biomedical|ocean biomedical, inc."
OCFC,OCEANFIRST FINANCIAL CORP,0001004702,XNAS,US,oceanfirst|oceanfirst financial|oceanfirst financial corp
OCG,Oriental Culture Holding LTD,0001776067,XNAS,US,oriental|oriental culture|oriental culture holding ltd
OCGN,"Ocugen, Inc.",0001372299,XNAS,US,"ocugen|ocugen, inc."
OCGSF,Outcrop Silver & Gold Corp,0000942149,OOTC,US,outcrop|outcrop silver|outcrop silver & gold corp|outcrop silver gold
OCLN,"ORIGINCLEAR, INC.",0001419793,OOTC,US,"originclear|originclear, inc."
OCS,Oculis Holding AG,0001953530,XNAS,US,oculis|oculis holding ag
OCSAW,Oculis Holding AG,0001953530,XNAS,US,oculis|oculis holding ag
OCSL,Oaktree Specialty Lending Corp,0001414932,XNAS,US,oaktree|oaktree specialty|oaktree specialty lending|oaktree specialty lending corp
OCUL,"OCULAR THERAPEUTIX, INC",0001393434,XNAS,US,"ocular|ocular therapeutix|ocular therapeutix, inc"
ODC,Oil-Dri Corp of America,0000074046,XNYS,US,oil|oil dri|oil dri of america|oil-dri corp of america
ODD,Oddity Tech Ltd,0001907085,XNAS,US,oddity|oddity tech|oddity tech ltd
ODERF,"Odakyu Electric Railway Co., Ltd./ADR",0002108124,OOTC,US,"odakyu|odakyu electric|odakyu electric railway|odakyu electric railway co., ltd./adr"
ODFL,"OLD DOMINION FREIGHT LINE, INC.",0000878927,XNAS,US,"old|old dominion|old dominion freight line|old dominion freight line, inc."
ODKUY,"Odakyu Electric Railway Co., Ltd./ADR",0002108124,OOTC,US,"odakyu|odakyu electric|odakyu electric railway|odakyu electric railway co., ltd./adr"
ODOT,Osprey Polkadot Trust,0001857629,OOTC,US,osprey|osprey polkadot|osprey polkadot trust
ODRS,"Outdoor Specialty Products, Inc.",0001610718,OOTC,US,"outdoor|outdoor specialty|outdoor specialty products|outdoor specialty products, inc."
ODTX,"Odyssey Therapeutics, Inc.",0001882782,XNAS,US,"odyssey|odyssey therapeutics|odyssey therapeutics, inc."
ODV,Osisko Development Corp.,0001431852,XNYS,US,osisko|osisko development|osisko development corp.
ODVWZ,Osisko Development Corp.,0001431852,XNAS,US,osisko|osisko development|osisko development corp.
ODYS,Odysight.ai Inc.,0001577445,XNAS,US,odysight|odysight ai|odysight.ai inc.
ODYY,"Odyssey Health, Inc.",0001626644,OOTC,US,"odyssey|odyssey health|odyssey health, inc."
OEC,Orion S.A.,0001609804,XNYS,US,orion|orion s.a.
OESX,"ORION ENERGY SYSTEMS, INC.",0001409375,XNAS,US,"orion|orion energy|orion energy systems|orion energy systems, inc."
OFAL,OFA Group,0002036307,XNAS,US,ofa|ofa group
OFG,OFG BANCORP,0001030469,XNYS,US,ofg|ofg bancorp
OFIX,Orthofix Medical Inc.,0000884624,XNAS,US,orthofix|orthofix medical|orthofix medical inc.
OFLX,"Omega Flex, Inc.",0001317945,XNAS,US,"omega|omega flex|omega flex, inc."
OFRM,"Once Upon a Farm, PBC",0001696556,XNYS,US,"once|once upon|once upon a farm pbc|once upon a farm, pbc"
OFS,OFS Capital Corp,0001487918,XNAS,US,ofs|ofs capital|ofs capital corp
OFSSH,OFS Capital Corp,0001487918,XNAS,US,ofs|ofs capital|ofs capital corp
OFSSO,OFS Capital Corp,0001487918,XNAS,US,ofs|ofs capital|ofs capital corp
OGC,OceanaGold Corp,0001487326,XNYS,US,oceanagold|oceanagold corp
OGCP,"Empire State Realty OP, L.P.",0001553079,ARCX,US,"empire|empire state|empire state realty op|empire state realty op, l.p."
OGE,OGE ENERGY CORP.,0001021635,XNYS,US,oge|oge energy|oge energy corp.
OGEN,ORAGENICS INC,0001174940,XASE,US,oragenics|oragenics inc
OGI,ORGANIGRAM GLOBAL INC.,0001620737,XNAS,US,organigram|organigram global|organigram global inc.
OGN,Organon & Co.,0001821825,XNYS,US,organon|organon & co.
OGS,"ONE Gas, Inc.",0001587732,XNYS,US,"one|one gas|one gas, inc."
OHCFF,Light AI Inc.,0001735514,OOTC,US,light|light ai|light ai inc.
OHI,OMEGA HEALTHCARE INVESTORS INC,0000888491,XNYS,US,omega|omega healthcare|omega healthcare investors|omega healthcare investors inc
OI,"O-I Glass, Inc. /DE/",0000812074,XNYS,US,"o i|o i glass de|o-i glass, inc. /de/"
OIA,Invesco Municipal Income Opportunities Trust,0000835333,XNYS,US,invesco|invesco municipal|invesco municipal income opportunities|invesco municipal income opportunities trust
OII,OCEANEERING INTERNATIONAL INC,0000073756,XNYS,US,oceaneering|oceaneering international|oceaneering international inc
OILD,BANK OF MONTREAL /CAN/,0000927971,ARCX,US,bank|bank of|bank of montreal /can/|bank of montreal can
OILSF,Saturn Oil & Gas Inc.,0001868917,OOTC,US,saturn|saturn oil|saturn oil & gas inc.|saturn oil gas
OILU,BANK OF MONTREAL /CAN/,0000927971,ARCX,US,bank|bank of|bank of montreal /can/|bank of montreal can
OIM,OneIM Acquisition Corp.,0002088325,XNAS,US,oneim|oneim acquisition|oneim acquisition corp.
OIMAU,OneIM Acquisition Corp.,0002088325,XNAS,US,oneim|oneim acquisition|oneim acquisition corp.
OIMAW,OneIM Acquisition Corp.,0002088325,XNAS,US,oneim|oneim acquisition|oneim acquisition corp.
OIO,OIO Group,0001957538,XNAS,US,oio|oio group
OIOWW,OIO Group,0001957538,XNAS,US,oio|oio group
OIS,"OIL STATES INTERNATIONAL, INC",0001121484,XNYS,US,"oil|oil states|oil states international|oil states international, inc"
OKE,ONEOK INC /NEW/,0001039684,XNYS,US,oneok|oneok inc /new/|oneok new
OKLO,Oklo Inc.,0001849056,XNYS,US,oklo|oklo inc.
OKMN,"OKMIN RESOURCES, INC.",0001848334,OOTC,US,"okmin|okmin resources|okmin resources, inc."
OKTA,"Okta, Inc.",0001660134,XNAS,US,"okta|okta, inc."
OKUR,"OnKure Therapeutics, Inc.",0001637715,XNAS,US,"onkure|onkure therapeutics|onkure therapeutics, inc."
OKYO,OKYO Pharma Ltd,0001849296,XNAS,US,okyo|okyo pharma|okyo pharma ltd
OLB,"OLB GROUP, INC.",0001314196,XNAS,US,"olb|olb group, inc."
OLED,UNIVERSAL DISPLAY CORP \PA\,0001005284,XNAS,US,universal|universal display|universal display corp \pa\|universal display pa
OLLI,"Ollie's Bargain Outlet Holdings, Inc.",0001639300,XNAS,US,"ollie|ollie s|ollie s bargain outlet|ollie's bargain outlet holdings, inc."
OLMA,"Olema Pharmaceuticals, Inc.",0001750284,XNAS,US,"olema|olema pharmaceuticals|olema pharmaceuticals, inc."
OLN,OLIN Corp,0000074303,XNYS,US,olin|olin corp
OLOX,OLENOX INDUSTRIES INC.,0001023994,XNAS,US,olenox|olenox industries|olenox industries inc.
OLOXF,DEUTSCHE BANK AKTIENGESELLSCHAFT,0001159508,OOTC,US,deutsche|deutsche bank|deutsche bank aktiengesellschaft
OLP,ONE LIBERTY PROPERTIES INC,0000712770,XNYS,US,one|one liberty|one liberty properties|one liberty properties inc
OLPX,"OLAPLEX HOLDINGS, INC.",0001868726,XNAS,US,"olaplex|olaplex holdings, inc."
OM,"Outset Medical, Inc.",0001484612,XNAS,US,"outset|outset medical|outset medical, inc."
OMAB,Central North Airport Group,0001378239,XNAS,US,central|central north|central north airport|central north airport group
OMC,OMNICOM GROUP INC.,0000029989,XNYS,US,omnicom|omnicom group inc.
OMCC,OLD MARKET CAPITAL Corp,0001000045,OOTC,US,old|old market|old market capital|old market capital corp
OMCL,"OMNICELL, INC.",0000926326,XNAS,US,"omnicell|omnicell, inc."
OMDA,"Omada Health, Inc.",0001611115,XNAS,US,"omada|omada health|omada health, inc."
OMER,OMEROS CORP,0001285819,XNAS,US,omeros|omeros corp
OMEX,ODYSSEY MARINE EXPLORATION INC,0000798528,XNAS,US,odyssey|odyssey marine|odyssey marine exploration|odyssey marine exploration inc
OMF,"OneMain Holdings, Inc.",0001584207,XNYS,US,"onemain|onemain holdings, inc."
OMH,Ohmyhome Ltd,0001944902,XNAS,US,ohmyhome|ohmyhome ltd
OMQS,OMNIQ Corp.,0000278165,OOTC,US,omniq|omniq corp.
OMSE,OMS Energy Technologies Inc.,0002012219,XNAS,US,oms|oms energy|oms energy technologies|oms energy technologies inc.
OMTK,Omnitek Engineering Corp,0001404804,OOTC,US,omnitek|omnitek engineering|omnitek engineering corp
ON,ON SEMICONDUCTOR CORP,0001097864,XNAS,US,on|on semiconductor|on semiconductor corp
ONAR,Onar Holding Corp,0001682265,OOTC,US,onar|onar holding corp
ONB,OLD NATIONAL BANCORP /IN/,0000707179,XNAS,US,old|old national|old national bancorp /in/|old national bancorp in
ONBPO,OLD NATIONAL BANCORP /IN/,0000707179,XNAS,US,old|old national|old national bancorp /in/|old national bancorp in
ONBPP,OLD NATIONAL BANCORP /IN/,0000707179,XNAS,US,old|old national|old national bancorp /in/|old national bancorp in
ONC,BeOne Medicines Ltd.,0001651308,XNAS,US,beone|beone medicines|beone medicines ltd.
ONCH,1RT Acquisition Corp.,0002054272,XNAS,US,1rt|1rt acquisition|1rt acquisition corp.
ONCHU,1RT Acquisition Corp.,0002054272,XNAS,US,1rt|1rt acquisition|1rt acquisition corp.
ONCHW,1RT Acquisition Corp.,0002054272,XNAS,US,1rt|1rt acquisition|1rt acquisition corp.
ONCO,"Onconetix, Inc.",0001782107,XNAS,US,"onconetix|onconetix, inc."
ONCY,ONCOLYTICS BIOTECH INC,0001129928,XNAS,US,oncolytics|oncolytics biotech|oncolytics biotech inc
ONDS,Ondas Inc.,0001646188,XNAS,US,ondas|ondas inc.
ONEG,OneConstruction Group Ltd,0002030834,XNAS,US,oneconstruction|oneconstruction group ltd
ONEI,OneMeta Inc.,0001388295,OOTC,US,onemeta|onemeta inc.
ONEW,OneWater Marine Inc.,0001772921,XNAS,US,onewater|onewater marine|onewater marine inc.
ONFO,"Onfolio Holdings, Inc",0001825452,XNAS,US,"onfolio|onfolio holdings, inc"
ONFOP,"Onfolio Holdings, Inc",0001825452,OOTC,US,"onfolio|onfolio holdings, inc"
ONFOW,"Onfolio Holdings, Inc",0001825452,XNAS,US,"onfolio|onfolio holdings, inc"
ONIT,ONITY GROUP INC.,0000873860,XNYS,US,onity|onity group inc.
ONL,Orion Properties Inc.,0001873923,XNYS,US,orion|orion properties|orion properties inc.
ONMD,OneMedNet Corp,0001849380,XNAS,US,onemednet|onemednet corp
ONMDW,OneMedNet Corp,0001849380,XNAS,US,onemednet|onemednet corp
ONON,On Holding AG,0001858985,XNYS,US,on|on holding ag
ONT,"Onterris, Inc.",0001643615,XNYS,US,"onterris|onterris, inc."
ONTO,ONTO INNOVATION INC.,0000704532,XNYS,US,onto|onto innovation|onto innovation inc.
ONWRF,Onward Medical N.V./ADR,0002059986,OOTC,US,onward|onward medical|onward medical n.v./adr
ONWRY,Onward Medical N.V./ADR,0002059986,OOTC,US,onward|onward medical|onward medical n.v./adr
OOMA,OOMA INC,0001327688,XNYS,US,ooma|ooma inc
OPAD,Offerpad Solutions Inc.,0001825024,XNYS,US,offerpad|offerpad solutions|offerpad solutions inc.
OPADW,Offerpad Solutions Inc.,0001825024,OOTC,US,offerpad|offerpad solutions|offerpad solutions inc.
OPAL,OPAL Fuels Inc.,0001842279,XNAS,US,opal|opal fuels|opal fuels inc.
OPBK,OP Bancorp,0001722010,XNAS,US,op|op bancorp
OPCH,"Option Care Health, Inc.",0001014739,XNAS,US,"option|option care|option care health|option care health, inc."
OPEN,Opendoor Technologies Inc.,0001801169,XNAS,US,opendoor|opendoor technologies|opendoor technologies inc.
OPENL,Opendoor Technologies Inc.,0001801169,XNAS,US,opendoor|opendoor technologies|opendoor technologies inc.
OPENW,Opendoor Technologies Inc.,0001801169,XNAS,US,opendoor|opendoor technologies|opendoor technologies inc.
OPENZ,Opendoor Technologies Inc.,0001801169,XNAS,US,opendoor|opendoor technologies|opendoor technologies inc.
OPFI,OppFi Inc.,0001818502,XNYS,US,oppfi|oppfi inc.
OPHC,"OptimumBank Holdings, Inc.",0001288855,XASE,US,"optimumbank|optimumbank holdings, inc."
OPK,"OPKO HEALTH, INC.",0000944809,XNAS,US,"opko|opko health|opko health, inc."
OPLN,"OPENLANE, Inc.",0001395942,XNYS,US,"openlane|openlane, inc."
OPNHY,Open House Group Co. Ltd/ADR,0002131812,OOTC,US,open|open house|open house group co. ltd/adr
OPP,"RiverNorth/DoubleLine Strategic Opportunity Fund, Inc.",0001678130,XNYS,US,"rivernorth|rivernorth doubleline|rivernorth doubleline strategic opportunity fund|rivernorth/doubleline strategic opportunity fund, inc."
OPPPF,Open House Group Co. Ltd/ADR,0002131812,OOTC,US,open|open house|open house group co. ltd/adr
OPRA,Opera Ltd,0001737450,XNAS,US,opera|opera ltd
OPRT,Oportun Financial Corp,0001538716,XNAS,US,oportun|oportun financial|oportun financial corp
OPRX,OptimizeRx Corp,0001448431,XNAS,US,optimizerx|optimizerx corp
OPTEY,Opthea Ltd,0001815620,OOTC,US,opthea|opthea ltd
OPTHF,Optimi Health Corp.,0002027329,OOTC,US,optimi|optimi health|optimi health corp.
OPTT,"Ocean Power Technologies, Inc.",0001378140,XASE,US,"ocean|ocean power|ocean power technologies|ocean power technologies, inc."
OPTU,"Optimum Communications, Inc.",0001702780,XNYS,US,"optimum|optimum communications|optimum communications, inc."
OPTX,"SYNTEC OPTICS HOLDINGS, INC.",0001866816,XNAS,US,"syntec|syntec optics|syntec optics holdings, inc."
OPTXW,"SYNTEC OPTICS HOLDINGS, INC.",0001866816,XNAS,US,"syntec|syntec optics|syntec optics holdings, inc."
OPXS,Optex Systems Holdings Inc,0001397016,XNAS,US,optex|optex systems|optex systems holdings inc
OPY,OPPENHEIMER HOLDINGS INC,0000791963,XNYS,US,oppenheimer|oppenheimer holdings inc
OR,OR Royalties Inc.,0001627272,XNYS,US,or|or royalties|or royalties inc.
ORA,"ORMAT TECHNOLOGIES, INC.",0001296445,XNYS,US,"ormat|ormat technologies|ormat technologies, inc."
ORANY,ORANGE,0001038143,OOTC,US,orange
ORBS,Eightco Holdings Inc.,0001892492,XNAS,US,eightco|eightco holdings inc.
ORC,"Orchid Island Capital, Inc.",0001518621,XNYS,US,"orchid|orchid island|orchid island capital|orchid island capital, inc."
ORCL,ORACLE CORP,0001341439,XNYS,US,oracle|oracle corp
ORESF,Orestone Mining Corp.,0001481857,OOTC,US,orestone|orestone mining|orestone mining corp.
ORGN,"Origin Materials, Inc.",0001802457,XNAS,US,"origin|origin materials|origin materials, inc."
ORGNW,"Origin Materials, Inc.",0001802457,XNAS,US,"origin|origin materials|origin materials, inc."
ORGO,Organogenesis Holdings Inc.,0001661181,XNAS,US,organogenesis|organogenesis holdings inc.
ORI,OLD REPUBLIC INTERNATIONAL CORP,0000074260,XNYS,US,old|old republic|old republic international|old republic international corp
ORIB,Orion Bliss Corp.,0001854183,OOTC,US,orion|orion bliss|orion bliss corp.
ORIC,"Oric Pharmaceuticals, Inc.",0001796280,XNAS,US,"oric|oric pharmaceuticals|oric pharmaceuticals, inc."
ORIO,Orion Digital Corp.,0001602842,XNAS,US,orion|orion digital|orion digital corp.
ORIQ,Origin Investment Corp I,0002044523,XNAS,US,origin|origin investment|origin investment corp i|origin investment i
ORIQU,Origin Investment Corp I,0002044523,XNAS,US,origin|origin investment|origin investment corp i|origin investment i
ORIQW,Origin Investment Corp I,0002044523,XNAS,US,origin|origin investment|origin investment corp i|origin investment i
ORIS,ORIENTAL RISE HOLDINGS Ltd,0001964664,XNAS,US,oriental|oriental rise|oriental rise holdings ltd
ORKA,"Oruka Therapeutics, Inc.",0000907654,XNAS,US,"oruka|oruka therapeutics|oruka therapeutics, inc."
ORKT,ORANGEKLOUD TECHNOLOGY INC.,0001979407,XNAS,US,orangekloud|orangekloud technology|orangekloud technology inc.
ORLA,Orla Mining Ltd.,0001680056,XASE,US,orla|orla mining|orla mining ltd.
ORLY,O REILLY AUTOMOTIVE INC,0000898173,XNAS,US,o reilly|o reilly automotive|o reilly automotive inc
ORMP,ORAMED PHARMACEUTICALS INC.,0001176309,XNAS,US,oramed|oramed pharmaceuticals|oramed pharmaceuticals inc.
ORN,Orion Group Holdings Inc,0001402829,XNYS,US,orion|orion group holdings inc
ORNJY,OranjeBTC S.A. Educacao E Investmentimento/ADR,0002093314,OOTC,US,oranjebtc|oranjebtc educacao|oranjebtc educacao e investmentimento|oranjebtc s.a. educacao e investmentimento/adr
ORRCF,OROCO RESOURCE CORP,0001390352,OOTC,US,oroco|oroco resource|oroco resource corp
ORRF,ORRSTOWN FINANCIAL SERVICES INC,0000826154,XNAS,US,orrstown|orrstown financial|orrstown financial services|orrstown financial services inc
ORXCF,ORIX CORP,0001070304,OOTC,US,orix|orix corp
OSBC,OLD SECOND BANCORP INC,0000357173,XNAS,US,old|old second|old second bancorp|old second bancorp inc
OSBK,OCONEE FINANCIAL CORP,0001076691,OOTC,US,oconee|oconee financial|oconee financial corp
OSCR,"Oscar Health, Inc.",0001568651,XNYS,US,"oscar|oscar health|oscar health, inc."
OSCUF,"Japan Exchange Group, Inc./ADR",0001600520,OOTC,US,"japan|japan exchange|japan exchange group, inc./adr"
OSDVF,Osisko Development Corp.,0001431852,OOTC,US,osisko|osisko development|osisko development corp.
OSG,OCTAVE SPECIALTY GROUP INC,0000874501,XNYS,US,octave|octave specialty|octave specialty group inc
OSIS,OSI SYSTEMS INC,0001039065,XNAS,US,osi|osi systems|osi systems inc
OSK,OSHKOSH CORP,0000775158,XNYS,US,oshkosh|oshkosh corp
OSOL,Osprey Solana Trust,0001868282,OOTC,US,osprey|osprey solana|osprey solana trust
OSPN,OneSpan Inc.,0001044777,XNAS,US,onespan|onespan inc.
OSRH,"OSR Holdings, Inc.",0001840425,XNAS,US,"osr|osr holdings, inc."
OSRHW,"OSR Holdings, Inc.",0001840425,XNAS,US,"osr|osr holdings, inc."
OSS,"ONE STOP SYSTEMS, INC.",0001394056,XNAS,US,"one|one stop|one stop systems|one stop systems, inc."
OSSFF,Embla Medical HF/ADR,0001437545,OOTC,US,embla|embla medical|embla medical hf|embla medical hf/adr
OSSUY,Embla Medical HF/ADR,0001437545,OOTC,US,embla|embla medical|embla medical hf|embla medical hf/adr
OST,"Ostin Technology Group Co., Ltd.",0001803407,XNAS,US,"ostin|ostin technology|ostin technology group co., ltd."
OSTX,OS Therapies Inc,0001795091,XASE,US,os|os therapies|os therapies inc
OSUR,ORASURE TECHNOLOGIES INC,0001116463,XNAS,US,orasure|orasure technologies|orasure technologies inc
OSW,ONESPAWORLD HOLDINGS Ltd,0001758488,XNAS,US,onespaworld|onespaworld holdings ltd
OTEX,OPEN TEXT CORP,0001002638,XNAS,US,open|open text|open text corp
OTF,Blue Owl Technology Finance Corp.,0001747777,XNYS,US,blue|blue owl|blue owl technology finance|blue owl technology finance corp.
OTGA,OTG Acquisition Corp. I,0002077010,XNAS,US,otg|otg acquisition|otg acquisition corp. i|otg acquisition i
OTGAU,OTG Acquisition Corp. I,0002077010,XNAS,US,otg|otg acquisition|otg acquisition corp. i|otg acquisition i
OTGAW,OTG Acquisition Corp. I,0002077010,XNAS,US,otg|otg acquisition|otg acquisition corp. i|otg acquisition i
OTH,OFF THE HOOK YS INC.,0002067767,XASE,US,off|off hook|off hook ys|off the hook ys inc.
OTIS,Otis Worldwide Corp,0001781335,XNYS,US,otis|otis worldwide|otis worldwide corp
OTLC,"Oncotelic Therapeutics, Inc.",0000908259,OOTC,US,"oncotelic|oncotelic therapeutics|oncotelic therapeutics, inc."
OTLK,"Outlook Therapeutics, Inc.",0001649989,XNAS,US,"outlook|outlook therapeutics|outlook therapeutics, inc."
OTLY,Oatly Group AB,0001843586,XNAS,US,oatly|oatly ab|oatly group ab
OTTR,Otter Tail Corp,0001466593,XNAS,US,otter|otter tail|otter tail corp
OUNZ,VanEck Merk Gold ETF,0001546652,ARCX,US,vaneck|vaneck merk|vaneck merk gold etf
OUST,"Ouster, Inc.",0001816581,XNAS,US,"ouster|ouster, inc."
OUT,OUTFRONT Media Inc.,0001579877,XNYS,US,outfront|outfront media|outfront media inc.
OVBC,OHIO VALLEY BANC CORP,0000894671,XNAS,US,ohio|ohio valley|ohio valley banc|ohio valley banc corp
OVID,Ovid Therapeutics Inc.,0001636651,XNAS,US,ovid|ovid therapeutics|ovid therapeutics inc.
OVLY,Oak Valley Bancorp,0001431567,XNAS,US,oak|oak valley|oak valley bancorp
OVTZ,OCULUS INC.,0001107280,OOTC,US,oculus|oculus inc.
OVV,Ovintiv Inc.,0001792580,XNYS,US,ovintiv|ovintiv inc.
OWL,BLUE OWL CAPITAL INC.,0001823945,XNYS,US,blue|blue owl|blue owl capital|blue owl capital inc.
OWLS,OBOOK HOLDINGS INC.,0002025416,XNAS,US,obook|obook holdings inc.
OWLT,"Owlet, Inc.",0001816708,XNYS,US,"owlet|owlet, inc."
OWLTW,"Owlet, Inc.",0001816708,OOTC,US,"owlet|owlet, inc."
OWPC,"One World Products, Inc.",0001622244,OOTC,US,"one|one world|one world products|one world products, inc."
OXBR,OXBRIDGE RE HOLDINGS Ltd,0001584831,XNAS,US,oxbridge|oxbridge re|oxbridge re holdings ltd
OXBRW,OXBRIDGE RE HOLDINGS Ltd,0001584831,XNAS,US,oxbridge|oxbridge re|oxbridge re holdings ltd
OXLC,Oxford Lane Capital Corp.,0001495222,XNAS,US,oxford|oxford lane|oxford lane capital|oxford lane capital corp.
OXLCG,Oxford Lane Capital Corp.,0001495222,XNAS,US,oxford|oxford lane|oxford lane capital|oxford lane capital corp.
OXLCI,Oxford Lane Capital Corp.,0001495222,XNAS,US,oxford|oxford lane|oxford lane capital|oxford lane capital corp.
OXLCL,Oxford Lane Capital Corp.,0001495222,XNAS,US,oxford|oxford lane|oxford lane capital|oxford lane capital corp.
OXLCM,Oxford Lane Capital Corp.,0001495222,XNAS,US,oxford|oxford lane|oxford lane capital|oxford lane capital corp.
OXLCN,Oxford Lane Capital Corp.,0001495222,XNAS,US,oxford|oxford lane|oxford lane capital|oxford lane capital corp.
OXLCO,Oxford Lane Capital Corp.,0001495222,XNAS,US,oxford|oxford lane|oxford lane capital|oxford lane capital corp.
OXLCP,Oxford Lane Capital Corp.,0001495222,XNAS,US,oxford|oxford lane|oxford lane capital|oxford lane capital corp.
OXLCZ,Oxford Lane Capital Corp.,0001495222,XNAS,US,oxford|oxford lane|oxford lane capital|oxford lane capital corp.
OXM,OXFORD INDUSTRIES INC,0000075288,XNYS,US,oxford|oxford industries|oxford industries inc
OXSQ,Oxford Square Capital Corp.,0001259429,XNAS,US,oxford|oxford square|oxford square capital|oxford square capital corp.
OXSQG,Oxford Square Capital Corp.,0001259429,XNAS,US,oxford|oxford square|oxford square capital|oxford square capital corp.
OXSQH,Oxford Square Capital Corp.,0001259429,XNAS,US,oxford|oxford square|oxford square capital|oxford square capital corp.
OXY,OCCIDENTAL PETROLEUM CORP /DE/,0000797468,XNYS,US,occidental|occidental petroleum|occidental petroleum corp /de/|occidental petroleum de
OYSE,Oyster Enterprises II Acquisition Corp,0002042182,XNAS,US,oyster|oyster enterprises|oyster enterprises ii acquisition|oyster enterprises ii acquisition corp
OYSER,Oyster Enterprises II Acquisition Corp,0002042182,XNAS,US,oyster|oyster enterprises|oyster enterprises ii acquisition|oyster enterprises ii acquisition corp
OYSEU,Oyster Enterprises II Acquisition Corp,0002042182,XNAS,US,oyster|oyster enterprises|oyster enterprises ii acquisition|oyster enterprises ii acquisition corp
OZ,"Belpointe PREP, LLC",0001807046,XASE,US,"belpointe|belpointe prep|belpointe prep, llc"
OZK,Bank OZK,0001569650,XNAS,US,bank|bank ozk
OZKAP,Bank OZK,0001569650,XNAS,US,bank|bank ozk
OZSC,"OZOP ENERGY SOLUTIONS, INC.",0001679817,OOTC,US,"ozop|ozop energy|ozop energy solutions|ozop energy solutions, inc."
OZVN,OZ VISION INC.,0001751707,OOTC,US,oz|oz vision|oz vision inc.
P,"Everpure, Inc.",0001474432,XNYS,US,"everpure|everpure, inc."
PAAC,Proem Acquisition Corp. I,0002087446,XNAS,US,proem|proem acquisition|proem acquisition corp. i|proem acquisition i
PAACU,Proem Acquisition Corp. I,0002087446,XNAS,US,proem|proem acquisition|proem acquisition corp. i|proem acquisition i
PAACW,Proem Acquisition Corp. I,0002087446,XNAS,US,proem|proem acquisition|proem acquisition corp. i|proem acquisition i
PAAPU,PLAINS ALL AMERICAN PIPELINE LP,0001070423,OOTC,US,plains|plains all|plains all american pipeline|plains all american pipeline lp
PAAS,PAN AMERICAN SILVER CORP,0000771992,XNYS,US,pan|pan american|pan american silver|pan american silver corp
PAASF,PAN AMERICAN SILVER CORP,0000771992,OOTC,US,pan|pan american|pan american silver|pan american silver corp
PAC,Pacific Airport Group,0001347557,XNYS,US,pacific|pacific airport|pacific airport group
PACB,"PACIFIC BIOSCIENCES OF CALIFORNIA, INC.",0001299130,XNAS,US,"pacific|pacific biosciences|pacific biosciences of california|pacific biosciences of california, inc."
PACH,Pioneer Acquisition I Corp,0002040381,XNAS,US,pioneer|pioneer acquisition|pioneer acquisition i|pioneer acquisition i corp
PACHU,Pioneer Acquisition I Corp,0002040381,XNAS,US,pioneer|pioneer acquisition|pioneer acquisition i|pioneer acquisition i corp
PACHW,Pioneer Acquisition I Corp,0002040381,XNAS,US,pioneer|pioneer acquisition|pioneer acquisition i|pioneer acquisition i corp
PACK,Ranpak Holdings Corp.,0001712463,XNYS,US,ranpak|ranpak holdings corp.
PACS,"PACS Group, Inc.",0002001184,XNYS,US,"pacs|pacs group, inc."
PADEF,Adaro Energy PT/ADR/,0001489079,OOTC,US,adaro|adaro energy|adaro energy pt|adaro energy pt/adr/
PAEXY,Parex Resources Inc./ADR,0002073620,OOTC,US,parex|parex resources|parex resources inc./adr
PAG,"PENSKE AUTOMOTIVE GROUP, INC.",0001019849,XNYS,US,"penske|penske automotive|penske automotive group, inc."
PAGS,PagSeguro Digital Ltd.,0001712807,XNYS,US,pagseguro|pagseguro digital|pagseguro digital ltd.
PAHC,PHIBRO ANIMAL HEALTH CORP,0001069899,XNAS,US,phibro|phibro animal|phibro animal health|phibro animal health corp
PAI,Western Asset Investment Grade Income Fund Inc.,0000075398,XNYS,US,western|western asset|western asset investment grade income fund|western asset investment grade income fund inc.
PAII,Pyrophyte Acquisition Corp. II,0002069238,XNYS,US,pyrophyte|pyrophyte acquisition|pyrophyte acquisition corp. ii|pyrophyte acquisition ii
PAIYY,Aesthetic Medical International Holdings Group Ltd,0001757143,OOTC,US,aesthetic|aesthetic medical|aesthetic medical international|aesthetic medical international holdings group ltd
PAL,"Proficient Auto Logistics, Inc",0001998768,XNAS,US,"proficient|proficient auto|proficient auto logistics|proficient auto logistics, inc"
PALI,"PALISADE BIO, INC.",0001357459,XNAS,US,"palisade|palisade bio|palisade bio, inc."
PALL,abrdn Palladium ETF Trust,0001459862,ARCX,US,abrdn|abrdn palladium|abrdn palladium etf|abrdn palladium etf trust
PALO,PALOMA ACQUISITION CORP I,0002101562,XNAS,US,paloma|paloma acquisition|paloma acquisition corp i|paloma acquisition i
PALOU,PALOMA ACQUISITION CORP I,0002101562,XNAS,US,paloma|paloma acquisition|paloma acquisition corp i|paloma acquisition i
PALOW,PALOMA ACQUISITION CORP I,0002101562,XNAS,US,paloma|paloma acquisition|paloma acquisition corp i|paloma acquisition i
PALX,Palomino Laboratories Inc.,0001938569,OOTC,US,palomino|palomino laboratories|palomino laboratories inc.
PAM,Pampa Energy Inc.,0001469395,XNYS,US,pampa|pampa energy|pampa energy inc.
PAMT,PAMT CORP,0000798287,XNAS,US,pamt|pamt corp
PANL,Pangaea Logistics Solutions Ltd.,0001606909,XNAS,US,pangaea|pangaea logistics|pangaea logistics solutions|pangaea logistics solutions ltd.
PANW,Palo Alto Networks Inc,0001327567,XNAS,US,palo|palo alto|palo alto networks|palo alto networks inc
PAPL,Pineapple Financial Inc.,0001938109,XASE,US,pineapple|pineapple financial|pineapple financial inc.
PAR,PAR TECHNOLOGY CORP,0000708821,XNYS,US,par|par technology|par technology corp
PARK,"Park Dental Partners, Inc.",0002069604,XNAS,US,"park|park dental|park dental partners|park dental partners, inc."
PARR,"PAR PACIFIC HOLDINGS, INC.",0000821483,XNYS,US,"par|par pacific|par pacific holdings, inc."
PARXF,Parex Resources Inc./ADR,0002073620,OOTC,US,parex|parex resources|parex resources inc./adr
PASG,"Passage BIO, Inc.",0001787297,XNAS,US,"passage|passage bio|passage bio, inc."
PASTF,Plastic Omnium/ADR,0001789135,OOTC,US,plastic|plastic omnium|plastic omnium/adr
PASW,"Ping An Biomedical Co., Ltd.",0001897532,XNAS,US,"ping|ping an|ping an biomedical|ping an biomedical co., ltd."
PATH,"UiPath, Inc.",0001734722,XNYS,US,"uipath|uipath, inc."
PATK,PATRICK INDUSTRIES INC,0000076605,XNAS,US,patrick|patrick industries|patrick industries inc
PAVM,PAVmed Inc.,0001624326,XNAS,US,pavmed|pavmed inc.
PAVS,Paranovus Entertainment Technology Ltd.,0001751876,XNAS,US,paranovus|paranovus entertainment|paranovus entertainment technology|paranovus entertainment technology ltd.
PAX,Patria Investments Ltd,0001825570,XNAS,US,patria|patria investments|patria investments ltd
PAXS,PIMCO Access Income Fund,0001886878,XNYS,US,pimco|pimco access|pimco access income fund
PAY,"Paymentus Holdings, Inc.",0001841156,XNYS,US,"paymentus|paymentus holdings, inc."
PAYC,"Paycom Software, Inc.",0001590955,XNYS,US,"paycom|paycom software|paycom software, inc."
PAYD,PAID INC,0001017655,OOTC,US,paid|paid inc
PAYO,Payoneer Global Inc.,0001845815,XNAS,US,payoneer|payoneer global|payoneer global inc.
PAYP,PayPay Corp,0002080845,XNAS,US,paypay|paypay corp
PAYS,"Paysign, Inc.",0001496443,XNAS,US,"paysign|paysign, inc."
PAYX,PAYCHEX INC,0000723531,XNAS,US,paychex|paychex inc
PB,PROSPERITY BANCSHARES INC,0001068851,XNYS,US,prosperity|prosperity bancshares|prosperity bancshares inc
PBA,PEMBINA PIPELINE CORP,0001546066,XNYS,US,pembina|pembina pipeline|pembina pipeline corp
PBATF,PT Bukit Asam Tbk/ADR,0001489088,OOTC,US,pt|pt bukit|pt bukit asam tbk|pt bukit asam tbk/adr
PBF,PBF Energy Inc.,0001534504,XNYS,US,pbf|pbf energy|pbf energy inc.
PBFS,"Pioneer Bancorp, Inc./MD",0001769663,XNAS,US,"pioneer|pioneer bancorp|pioneer bancorp md|pioneer bancorp, inc./md"
PBH,Prestige Consumer Healthcare Inc.,0001295947,XNYS,US,prestige|prestige consumer|prestige consumer healthcare|prestige consumer healthcare inc.
PBHC,"Pathfinder Bancorp, Inc.",0001609065,XNAS,US,"pathfinder|pathfinder bancorp|pathfinder bancorp, inc."
PBI,PITNEY BOWES INC /DE/,0000078814,XNYS,US,pitney|pitney bowes|pitney bowes de|pitney bowes inc /de/
PBM,PSYENCE BIOMEDICAL LTD.,0001985062,XNAS,US,psyence|psyence biomedical|psyence biomedical ltd.
PBMLF,Pacific Booker Minerals Inc.,0001319150,OOTC,US,pacific|pacific booker|pacific booker minerals|pacific booker minerals inc.
PBMWW,PSYENCE BIOMEDICAL LTD.,0001985062,XNAS,US,psyence|psyence biomedical|psyence biomedical ltd.
PBNAF,PEMBINA PIPELINE CORP,0001546066,OOTC,US,pembina|pembina pipeline|pembina pipeline corp
PBNNF,PT Bank Negara Indonesia (Persero) Tbk/ADR,0001504122,OOTC,US,pt|pt bank|pt bank negara indonesia (persero) tbk/adr|pt bank negara indonesia persero tbk
PBPRF,PEMBINA PIPELINE CORP,0001546066,OOTC,US,pembina|pembina pipeline|pembina pipeline corp
PBR,PETROBRAS - PETROLEO BRASILEIRO SA,0001119639,XNYS,US,petrobras|petrobras - petroleo brasileiro sa|petrobras petroleo|petrobras petroleo brasileiro
PBSV,"Pharma-Bio Serv, Inc.",0001304161,OOTC,US,"pharma|pharma bio|pharma bio serv|pharma-bio serv, inc."
PBT,PERMIAN BASIN ROYALTY TRUST,0000319654,XNYS,US,permian|permian basin|permian basin royalty|permian basin royalty trust
PBYI,"PUMA BIOTECHNOLOGY, INC.",0001401667,XNAS,US,"puma|puma biotechnology|puma biotechnology, inc."
PC,Premium Catering (Holdings) Ltd,0001998056,XNAS,US,premium|premium catering|premium catering (holdings) ltd
PCAP,ProCap Acquisition Corp,0002056634,XNAS,US,procap|procap acquisition|procap acquisition corp
PCAPU,ProCap Acquisition Corp,0002056634,XNAS,US,procap|procap acquisition|procap acquisition corp
PCAPW,ProCap Acquisition Corp,0002056634,XNAS,US,procap|procap acquisition|procap acquisition corp
PCAR,PACCAR INC,0000075362,XNAS,US,paccar|paccar inc
PCB,PCB BANCORP,0001423869,XNAS,US,pcb|pcb bancorp
PCCOF,Paltac Corporation/ADR,0002089174,OOTC,US,paltac|paltac corporation/adr
PCCYF,PETROCHINA CO LTD,0001108329,OOTC,US,petrochina|petrochina co ltd
PCF,HIGH INCOME SECURITIES FUND,0000810943,XNYS,US,high|high income|high income securities fund
PCG,PG&E Corp,0001004980,XNYS,US,pg|pg e|pg&e corp
PCLA,PicoCELA Inc.,0002018462,XNAS,US,picocela|picocela inc.
PCM,"PCM FUND, INC.",0000908187,XNYS,US,"pcm|pcm fund|pcm fund, inc."
PCMC,PUBLIC CO MANAGEMENT CORP,0001141964,OOTC,US,public|public co management corp|public management
PCN,PIMCO CORPORATE & INCOME STRATEGY FUND,0001160990,XNYS,US,pimco|pimco corporate|pimco corporate & income strategy fund|pimco corporate income strategy fund
PCOR,"PROCORE TECHNOLOGIES, INC.",0001611052,XNYS,US,"procore|procore technologies|procore technologies, inc."
PCPPF,PC Partner Group Ltd/ADR,0002053411,OOTC,US,pc|pc partner|pc partner group ltd/adr
PCQ,PIMCO CALIFORNIA MUNICIPAL INCOME FUND,0001140411,XNYS,US,pimco|pimco california|pimco california municipal income fund
PCRX,"Pacira BioSciences, Inc.",0001396814,XNAS,US,"pacira|pacira biosciences|pacira biosciences, inc."
PCSA,"Processa Pharmaceuticals, Inc.",0001533743,XNAS,US,"processa|processa pharmaceuticals|processa pharmaceuticals, inc."
PCSC,Perceptive Capital Solutions Corp,0002017526,XNAS,US,perceptive|perceptive capital|perceptive capital solutions|perceptive capital solutions corp
PCSVD,"PCS Edventures!, Inc.",0001122020,OOTC,US,"pcs|pcs edventures|pcs edventures!, inc."
PCT,"PureCycle Technologies, Inc.",0001830033,XNAS,US,"purecycle|purecycle technologies|purecycle technologies, inc."
PCTTU,"PureCycle Technologies, Inc.",0001830033,XNAS,US,"purecycle|purecycle technologies|purecycle technologies, inc."
PCTTW,"PureCycle Technologies, Inc.",0001830033,XNAS,US,"purecycle|purecycle technologies|purecycle technologies, inc."
PCTY,Paylocity Holding Corp,0001591698,XNAS,US,paylocity|paylocity holding corp
PCVX,"Vaxcyte, Inc.",0001649094,XNAS,US,"vaxcyte|vaxcyte, inc."
PCYN,PROCYON CORP,0000812306,OOTC,US,procyon|procyon corp
PCYO,PURE CYCLE CORP,0000276720,XNAS,US,pure|pure cycle|pure cycle corp
PD,"PagerDuty, Inc.",0001568100,XNYS,US,"pagerduty|pagerduty, inc."
PDC,Perpetuals.com Ltd,0001944399,XNAS,US,perpetuals|perpetuals com|perpetuals.com ltd
PDCC,Pearl Diver Credit Co Inc.,0001998043,XNYS,US,pearl|pearl diver|pearl diver credit|pearl diver credit co inc.
PDD,PDD Holdings Inc.,0001737806,XNAS,US,pdd|pdd holdings inc.
PDEX,PRO DEX INC,0000788920,XNAS,US,pro|pro dex|pro dex inc
PDFS,PDF SOLUTIONS INC,0001120914,XNAS,US,pdf|pdf solutions|pdf solutions inc
PDI,PIMCO Dynamic Income Fund,0001510599,XNYS,US,pimco|pimco dynamic|pimco dynamic income fund
PDLB,"Ponce Financial Group, Inc.",0001874071,XNAS,US,"ponce|ponce financial|ponce financial group, inc."
PDM,"Piedmont Realty Trust, Inc.",0001042776,XNYS,US,"piedmont|piedmont realty|piedmont realty trust, inc."
PDO,PIMCO Dynamic Income Opportunities Fund,0001798618,XNYS,US,pimco|pimco dynamic|pimco dynamic income opportunities fund
PDPA,Pearl Diver Credit Co Inc.,0001998043,XNYS,US,pearl|pearl diver|pearl diver credit|pearl diver credit co inc.
PDS,PRECISION DRILLING Corp,0001013605,XNYS,US,precision|precision drilling|precision drilling corp
PDSB,PDS Biotechnology Corp,0001472091,XNAS,US,pds|pds biotechnology|pds biotechnology corp
PDT,JOHN HANCOCK PREMIUM DIVIDEND FUND,0000855886,XNYS,US,john|john hancock|john hancock premium dividend fund
PDX,PIMCO Dynamic Income Strategy Fund,0001756908,XNYS,US,pimco|pimco dynamic|pimco dynamic income strategy fund
PDYN,Palladyne AI Corp.,0001826681,XNAS,US,palladyne|palladyne ai|palladyne ai corp.
PDYNW,Palladyne AI Corp.,0001826681,XNAS,US,palladyne|palladyne ai|palladyne ai corp.
PEB,Pebblebrook Hotel Trust,0001474098,XNYS,US,pebblebrook|pebblebrook hotel|pebblebrook hotel trust
PEBK,PEOPLES BANCORP OF NORTH CAROLINA INC,0001093672,XNAS,US,peoples|peoples bancorp|peoples bancorp of north carolina|peoples bancorp of north carolina inc
PEBO,PEOPLES BANCORP INC,0000318300,XNAS,US,peoples|peoples bancorp|peoples bancorp inc
PECO,"Phillips Edison & Company, Inc.",0001476204,XNAS,US,"phillips|phillips edison|phillips edison & company, inc."
PED,PEDEVCO CORP,0001141197,XASE,US,pedevco|pedevco corp
PEG,PUBLIC SERVICE ENTERPRISE GROUP INC,0000788784,XNYS,US,public|public service|public service enterprise|public service enterprise group inc
PEGA,PEGASYSTEMS INC,0001013857,XNAS,US,pegasystems|pegasystems inc
PEN,Penumbra Inc,0001321732,XNYS,US,penumbra|penumbra inc
PENG,"Penguin Solutions, Inc.",0001616533,XNAS,US,"penguin|penguin solutions|penguin solutions, inc."
PENN,"PENN Entertainment, Inc.",0000921738,XNAS,US,"penn|penn entertainment|penn entertainment, inc."
PEO,"ADAMS NATURAL RESOURCES FUND, INC.",0000216851,XNYS,US,"adams|adams natural|adams natural resources fund|adams natural resources fund, inc."
PEP,PEPSICO INC,0000077476,XNAS,US,pepsico|pepsico inc
PEPG,PepGen Inc.,0001835597,XNAS,US,pepgen|pepgen inc.
PERF,Perfect Corp.,0001899830,XNYS,US,perfect|perfect corp.
PERFF,Perfect Corp.,0001899830,OOTC,US,perfect|perfect corp.
PERI,Perion Network Ltd.,0001338940,XNAS,US,perion|perion network|perion network ltd.
PESI,PERMA FIX ENVIRONMENTAL SERVICES INC,0000891532,XNAS,US,perma|perma fix|perma fix environmental services|perma fix environmental services inc
PETS,PETMED EXPRESS INC,0001040130,XNAS,US,petmed|petmed express|petmed express inc
PETV,"PetVivo Holdings, Inc.",0001512922,OOTC,US,"petvivo|petvivo holdings, inc."
PETVW,"PetVivo Holdings, Inc.",0001512922,OOTC,US,"petvivo|petvivo holdings, inc."
PETZ,"TDH Holdings, Inc.",0001684425,XNAS,US,"tdh|tdh holdings, inc."
PEVM,PHOENIX MOTOR INC.,0001879848,OOTC,US,phoenix|phoenix motor|phoenix motor inc.
PEW,GrabAGun Digital Holdings Inc.,0002051380,XNYS,US,grabagun|grabagun digital|grabagun digital holdings inc.
PFAI,Pinnacle Food Group Ltd,0002032755,XNAS,US,pinnacle|pinnacle food|pinnacle food group ltd
PFBC,Preferred Bank,0001492165,XNAS,US,preferred|preferred bank
PFBX,PEOPLES FINANCIAL CORP /MS/,0000770460,OOTC,US,peoples|peoples financial|peoples financial corp /ms/|peoples financial ms
PFD,FLAHERTY & CRUMRINE PREFERRED & INCOME FUND INC,0000868578,XNYS,US,flaherty|flaherty & crumrine preferred & income fund inc|flaherty crumrine|flaherty crumrine preferred income fund
PFE,PFIZER INC,0000078003,XNYS,US,pfizer|pfizer inc
PFFL,UBS AG,0001114446,ARCX,US,ubs|ubs ag
PFG,PRINCIPAL FINANCIAL GROUP INC,0001126328,XNAS,US,principal|principal financial|principal financial group inc
PFGC,Performance Food Group Co,0001618673,XNYS,US,performance|performance food|performance food group co
PFH,PRUDENTIAL FINANCIAL INC,0001137774,XNYS,US,prudential|prudential financial|prudential financial inc
PFHO,PACIFIC HEALTH CARE ORGANIZATION INC,0001138476,OOTC,US,pacific|pacific health|pacific health care organization|pacific health care organization inc
PFIS,PEOPLES FINANCIAL SERVICES CORP.,0001056943,XNAS,US,peoples|peoples financial|peoples financial services|peoples financial services corp.
PFL,PIMCO INCOME STRATEGY FUND,0001244183,XNYS,US,pimco|pimco income|pimco income strategy fund
PFLT,PennantPark Floating Rate Capital Ltd.,0001504619,XNYS,US,pennantpark|pennantpark floating|pennantpark floating rate capital|pennantpark floating rate capital ltd.
PFN,PIMCO Income Strategy Fund II,0001296250,XNYS,US,pimco|pimco income|pimco income strategy fund ii
PFO,Flaherty & Crumrine PREFERRED & INCOME OPPORTUNITY FUND INC,0000882071,XNYS,US,flaherty|flaherty & crumrine preferred & income opportunity fund inc|flaherty crumrine|flaherty crumrine preferred income opportunity fund
PFS,PROVIDENT FINANCIAL SERVICES INC,0001178970,XNYS,US,provident|provident financial|provident financial services|provident financial services inc
PFSA,"Profusa, Inc.",0001859807,XNAS,US,"profusa|profusa, inc."
PFSB,"PFS Bancorp, Inc.",0001967656,OOTC,US,"pfs|pfs bancorp|pfs bancorp, inc."
PFSEF,Pfisterer Holdings SE/ADR,0002120422,OOTC,US,pfisterer|pfisterer holdings se/adr
PFSI,"PennyMac Financial Services, Inc.",0001745916,XNYS,US,"pennymac|pennymac financial|pennymac financial services|pennymac financial services, inc."
PFSTY,Pfisterer Holdings SE/ADR,0002120422,OOTC,US,pfisterer|pfisterer holdings se/adr
PFX,PhenixFIN Corp,0001490349,XNAS,US,phenixfin|phenixfin corp
PFXNZ,PhenixFIN Corp,0001490349,XNAS,US,phenixfin|phenixfin corp
PG,PROCTER & GAMBLE Co,0000080424,XNYS,US,procter|procter & gamble co|procter gamble
PGAC,PANTAGES CAPITAL ACQUISITION Corp,0002030829,XNAS,US,pantages|pantages capital|pantages capital acquisition|pantages capital acquisition corp
PGACR,PANTAGES CAPITAL ACQUISITION Corp,0002030829,XNAS,US,pantages|pantages capital|pantages capital acquisition|pantages capital acquisition corp
PGACU,PANTAGES CAPITAL ACQUISITION Corp,0002030829,XNAS,US,pantages|pantages capital|pantages capital acquisition|pantages capital acquisition corp
PGC,PEAPACK GLADSTONE FINANCIAL CORP,0001050743,XNAS,US,peapack|peapack gladstone|peapack gladstone financial|peapack gladstone financial corp
PGEN,"PRECIGEN, INC.",0001356090,XNAS,US,"precigen|precigen, inc."
PGNY,"Progyny, Inc.",0001551306,XNAS,US,"progyny|progyny, inc."
PGOL,PATRIOT GOLD CORP,0001080448,OOTC,US,patriot|patriot gold|patriot gold corp
PGP,PIMCO Global StocksPLUS & Income Fund,0001318025,XNYS,US,pimco|pimco global|pimco global stocksplus & income fund|pimco global stocksplus income fund
PGR,PROGRESSIVE CORP/OH/,0000080661,XNYS,US,progressive|progressive corp/oh/|progressive oh
PGY,Pagaya Technologies Ltd.,0001883085,XNAS,US,pagaya|pagaya technologies|pagaya technologies ltd.
PGYWW,Pagaya Technologies Ltd.,0001883085,XNAS,US,pagaya|pagaya technologies|pagaya technologies ltd.
PGZ,Principal Real Estate Income Fund,0001557523,XNYS,US,principal|principal real|principal real estate income fund
PGZFF,Pan Global Resources Inc.,0001566073,OOTC,US,pan|pan global|pan global resources|pan global resources inc.
PH,Parker-Hannifin Corp,0000076334,XNYS,US,parker|parker hannifin|parker-hannifin corp
PHAR,Pharming Group N.V.,0001828316,XNAS,US,pharming|pharming group n.v.
PHAT,"Phathom Pharmaceuticals, Inc.",0001783183,XNAS,US,"phathom|phathom pharmaceuticals|phathom pharmaceuticals, inc."
PHBI,Pharmagreen Biotech Inc.,0001435181,OOTC,US,pharmagreen|pharmagreen biotech|pharmagreen biotech inc.
PHCI,Panamera Holdings Corp,0001620749,OOTC,US,panamera|panamera holdings corp
PHDWY,"PT Ace Hardware Indonesia, Tbk./ADR",0001765812,OOTC,US,"pt|pt ace|pt ace hardware indonesia tbk|pt ace hardware indonesia, tbk./adr"
PHG,KONINKLIJKE PHILIPS NV,0000313216,XNYS,US,koninklijke|koninklijke philips|koninklijke philips nv
PHGE,BiomX Inc.,0001739174,XASE,US,biomx|biomx inc.
PHI,PLDT Inc.,0000078150,XNYS,US,pldt|pldt inc.
PHIN,PHINIA INC.,0001968915,XNYS,US,phinia|phinia inc.
PHIO,Phio Pharmaceuticals Corp.,0001533040,XNAS,US,phio|phio pharmaceuticals|phio pharmaceuticals corp.
PHK,PIMCO HIGH INCOME FUND,0001219360,XNYS,US,pimco|pimco high|pimco high income fund
PHM,PULTEGROUP INC/MI/,0000822416,XNYS,US,pultegroup|pultegroup inc/mi/|pultegroup mi
PHNMF,Phenom Resources Corp.,0001720553,OOTC,US,phenom|phenom resources|phenom resources corp.
PHOE,Phoenix Asia Holdings Ltd,0002035709,XNAS,US,phoenix|phoenix asia|phoenix asia holdings ltd
PHR,"Phreesia, Inc.",0001412408,XNYS,US,"phreesia|phreesia, inc."
PHTCF,PLDT Inc.,0000078150,OOTC,US,pldt|pldt inc.
PHUN,"Phunware, Inc.",0001665300,XNAS,US,"phunware|phunware, inc."
PHVS,Pharvaris N.V.,0001830487,XNAS,US,pharvaris|pharvaris n.v.
PHYS,Sprott Physical Gold Trust,0001477049,ARCX,US,sprott|sprott physical|sprott physical gold|sprott physical gold trust
PI,IMPINJ INC,0001114995,XNAS,US,impinj|impinj inc
PIAC,PRINCETON CAPITAL CORP,0000845385,OOTC,US,princeton|princeton capital|princeton capital corp
PICS,PicS N.V.,0001841644,XNAS,US,pics|pics n.v.
PIFMF,"Indofood Sukses Makmur, Tbk",0001445211,OOTC,US,"indofood|indofood sukses|indofood sukses makmur tbk|indofood sukses makmur, tbk"
PII,Polaris Inc.,0000931015,XNYS,US,polaris|polaris inc.
PIII,P3 Health Partners Inc.,0001832511,XNAS,US,p3|p3 health|p3 health partners|p3 health partners inc.
PIIIW,P3 Health Partners Inc.,0001832511,XNAS,US,p3|p3 health|p3 health partners|p3 health partners inc.
PIM,PUTNAM MASTER INTERMEDIATE INCOME TRUST,0000830622,XNYS,US,putnam|putnam master|putnam master intermediate income|putnam master intermediate income trust
PINE,"Alpine Income Property Trust, Inc.",0001786117,XNYS,US,"alpine|alpine income|alpine income property|alpine income property trust, inc."
PINS,"PINTEREST, INC.",0001506293,XNYS,US,"pinterest|pinterest, inc."
PINWF,Pinewood Technologies Group plc,0002059573,OOTC,US,pinewood|pinewood technologies|pinewood technologies group plc
PINXF,People's Insurance Co (Group) of China Limited/ADR,0001569964,OOTC,US,people|people s|people s insurance of china|people's insurance co (group) of china limited/adr
PIPR,PIPER SANDLER COMPANIES,0001230245,XNYS,US,piper|piper sandler|piper sandler companies
PIRBF,Piraeus Bank S.A.,0001437441,OOTC,US,piraeus|piraeus bank|piraeus bank s.a.
PJT,PJT Partners Inc.,0001626115,XNYS,US,pjt|pjt partners|pjt partners inc.
PK,Park Hotels & Resorts Inc.,0001617406,XNYS,US,park|park hotels|park hotels & resorts inc.|park hotels resorts
PKBK,"PARKE BANCORP, INC.",0001315399,XNAS,US,"parke|parke bancorp|parke bancorp, inc."
PKE,PARK AEROSPACE CORP,0000076267,XNYS,US,park|park aerospace|park aerospace corp
PKG,PACKAGING CORP OF AMERICA,0000075677,XNYS,US,packaging|packaging corp of america|packaging of|packaging of america
PKOH,PARK OHIO HOLDINGS CORP,0000076282,XNAS,US,park|park ohio|park ohio holdings corp
PKTX,"ProtoKinetix, Inc.",0001128189,OOTC,US,"protokinetix|protokinetix, inc."
PKX,POSCO HOLDINGS INC.,0000889132,XNYS,US,posco|posco holdings inc.
PL,Planet Labs PBC,0001836833,XNYS,US,planet|planet labs|planet labs pbc
PLAB,PHOTRONICS INC,0000810136,XNAS,US,photronics|photronics inc
PLAG,Planet Green Holdings Corp.,0001117057,XASE,US,planet|planet green|planet green holdings corp.
PLAY,"Dave & Buster's Entertainment, Inc.",0001525769,XNAS,US,"dave|dave & buster's entertainment, inc.|dave buster|dave buster s entertainment"
PLBC,PLUMAS BANCORP,0001168455,XNAS,US,plumas|plumas bancorp
PLBL,Polibeli Group Ltd,0002035697,XNAS,US,polibeli|polibeli group ltd
PLBY,"Playboy, Inc.",0001803914,XNAS,US,"playboy|playboy, inc."
PLCE,"Childrens Place, Inc.",0001041859,XNAS,US,"childrens|childrens place|childrens place, inc."
PLCKF,Plurilock Security Inc.,0001848782,OOTC,US,plurilock|plurilock security|plurilock security inc.
PLD,"Prologis, Inc.",0001045609,XNYS,US,"prologis|prologis, inc."
PLDGP,"Prologis, Inc.",0001045609,OOTC,US,"prologis|prologis, inc."
PLG,PLATINUM GROUP METALS LTD,0001095052,XASE,US,platinum|platinum group metals ltd|platinum metals
PLGO,Pelagos Insurance Capital Ltd,0001636639,XNYS,US,pelagos|pelagos insurance|pelagos insurance capital|pelagos insurance capital ltd
PLMJF,Plum Acquisition Corp. III,0001845550,OOTC,US,plum|plum acquisition|plum acquisition corp. iii|plum acquisition iii
PLMK,"Plum Acquisition Corp, IV",0002030482,XNAS,US,"plum|plum acquisition|plum acquisition corp, iv|plum acquisition iv"
PLMKU,"Plum Acquisition Corp, IV",0002030482,XNAS,US,"plum|plum acquisition|plum acquisition corp, iv|plum acquisition iv"
PLMKW,"Plum Acquisition Corp, IV",0002030482,XNAS,US,"plum|plum acquisition|plum acquisition corp, iv|plum acquisition iv"
PLMR,"Palomar Holdings, Inc.",0001761312,XNAS,US,"palomar|palomar holdings, inc."
PLMUF,Plum Acquisition Corp. III,0001845550,OOTC,US,plum|plum acquisition|plum acquisition corp. iii|plum acquisition iii
PLMWF,Plum Acquisition Corp. III,0001845550,OOTC,US,plum|plum acquisition|plum acquisition corp. iii|plum acquisition iii
PLNH,Planet 13 Holdings Inc.,0001813452,OOTC,US,planet|planet 13|planet 13 holdings inc.
PLNT,"Planet Fitness, Inc.",0001637207,XNYS,US,"planet|planet fitness|planet fitness, inc."
PLOW,"DOUGLAS DYNAMICS, INC",0001287213,XNYS,US,"douglas|douglas dynamics|douglas dynamics, inc"
PLPC,PREFORMED LINE PRODUCTS CO,0000080035,XNAS,US,preformed|preformed line|preformed line products|preformed line products co
PLRX,"PLIANT THERAPEUTICS, INC.",0001746473,XNAS,US,"pliant|pliant therapeutics|pliant therapeutics, inc."
PLRZ,Polyrizon Ltd.,0001893645,XNAS,US,polyrizon|polyrizon ltd.
PLSAY,Polestar Automotive Holding UK PLC,0001884082,OOTC,US,polestar|polestar automotive|polestar automotive holding uk plc|polestar automotive uk
PLSE,"PULSE BIOSCIENCES, INC.",0001625101,XNAS,US,"pulse|pulse biosciences|pulse biosciences, inc."
PLSH,"PANACEA LIFE SCIENCES HOLDINGS, INC.",0001552189,OOTC,US,"panacea|panacea life|panacea life sciences|panacea life sciences holdings, inc."
PLSM,Pulsenmore Ltd.,0002064764,XNAS,US,pulsenmore|pulsenmore ltd.
PLTK,Playtika Holding Corp.,0001828016,XNAS,US,playtika|playtika holding corp.
PLTM,GraniteShares Platinum Trust,0001690842,ARCX,US,graniteshares|graniteshares platinum|graniteshares platinum trust
PLTR,Palantir Technologies Inc.,0001321655,XNAS,US,palantir|palantir technologies|palantir technologies inc.
PLTS,Platinum Analytics Cayman Ltd,0002053033,XNAS,US,platinum|platinum analytics|platinum analytics cayman|platinum analytics cayman ltd
PLTYF,"Plastec Technologies, Ltd.",0001433309,OOTC,US,"plastec|plastec technologies|plastec technologies, ltd."
PLUG,PLUG POWER INC,0001093691,XNAS,US,plug|plug power|plug power inc
PLUR,Pluri Inc.,0001158780,XNAS,US,pluri|pluri inc.
PLUS,EPLUS INC,0001022408,XNAS,US,eplus|eplus inc
PLUT,Plutus Financial Group Ltd,0001933021,XNAS,US,plutus|plutus financial|plutus financial group ltd
PLX,"Protalix BioTherapeutics, Inc.",0001006281,XASE,US,"protalix|protalix biotherapeutics|protalix biotherapeutics, inc."
PLXS,PLEXUS CORP,0000785786,XNAS,US,plexus|plexus corp
PLYX,"Polaryx Therapeutics, Inc.",0002075320,XNAS,US,"polaryx|polaryx therapeutics|polaryx therapeutics, inc."
PM,Philip Morris International Inc.,0001413329,XNYS,US,philip|philip morris|philip morris international|philip morris international inc.
PMAX,Powell Max Ltd,0002012096,XNAS,US,powell|powell max|powell max ltd
PMBPF,PEMBINA PIPELINE CORP,0001546066,OOTC,US,pembina|pembina pipeline|pembina pipeline corp
PMCB,"PharmaCyte Biotech, Inc.",0001157075,XNAS,US,"pharmacyte|pharmacyte biotech|pharmacyte biotech, inc."
PMCUF,Pro Medicus Ltd./ADR,0002013003,OOTC,US,pro|pro medicus|pro medicus ltd./adr
PMDI,PSYCHEMEDICS CORP,0000806517,OOTC,US,psychemedics|psychemedics corp
PMDIY,Pro Medicus Ltd./ADR,0002013003,OOTC,US,pro|pro medicus|pro medicus ltd./adr
PMEC,Primech Holdings Ltd,0001891944,XNAS,US,primech|primech holdings ltd
PMEDF,Predictmedix Inc.,0001868079,OOTC,US,predictmedix|predictmedix inc.
PMHMY,Perfect Medical Health Management Ltd./ADR,0002030632,OOTC,US,perfect|perfect medical|perfect medical health management|perfect medical health management ltd./adr
PMHS,"Polomar Health Services, Inc.",0001265521,OOTC,US,"polomar|polomar health|polomar health services|polomar health services, inc."
PMI,"Picard Medical, Inc.",0002030617,XASE,US,"picard|picard medical|picard medical, inc."
PML,PIMCO MUNICIPAL INCOME FUND II,0001170299,XNYS,US,pimco|pimco municipal|pimco municipal income fund ii
PMM,PUTNAM MANAGED MUNICIPAL INCOME TRUST,0000844790,XNYS,US,putnam|putnam managed|putnam managed municipal income|putnam managed municipal income trust
PMMBF,PEMBINA PIPELINE CORP,0001546066,OOTC,US,pembina|pembina pipeline|pembina pipeline corp
PMMCF,Pampa Metals Corp,0001930459,OOTC,US,pampa|pampa metals|pampa metals corp
PMN,ProMIS Neurosciences Inc.,0001374339,XNAS,US,promis|promis neurosciences|promis neurosciences inc.
PMNT,Perfect Moment Ltd.,0001849221,XASE,US,perfect|perfect moment|perfect moment ltd.
PMO,PUTNAM MUNICIPAL OPPORTUNITIES TRUST,0000900422,XNYS,US,putnam|putnam municipal|putnam municipal opportunities|putnam municipal opportunities trust
PMT,PennyMac Mortgage Investment Trust,0001464423,XNYS,US,pennymac|pennymac mortgage|pennymac mortgage investment|pennymac mortgage investment trust
PMTR,Perimeter Acquisition Corp. I,0002061473,XNAS,US,perimeter|perimeter acquisition|perimeter acquisition corp. i|perimeter acquisition i
PMTRU,Perimeter Acquisition Corp. I,0002061473,XNAS,US,perimeter|perimeter acquisition|perimeter acquisition corp. i|perimeter acquisition i
PMTRW,Perimeter Acquisition Corp. I,0002061473,XNAS,US,perimeter|perimeter acquisition|perimeter acquisition corp. i|perimeter acquisition i
PMTS,CPI Card Group Inc.,0001641614,XNAS,US,cpi|cpi card|cpi card group inc.
PMTU,PennyMac Mortgage Investment Trust,0001464423,XNYS,US,pennymac|pennymac mortgage|pennymac mortgage investment|pennymac mortgage investment trust
PMTV,PennyMac Mortgage Investment Trust,0001464423,XNYS,US,pennymac|pennymac mortgage|pennymac mortgage investment|pennymac mortgage investment trust
PMTW,PennyMac Mortgage Investment Trust,0001464423,XNYS,US,pennymac|pennymac mortgage|pennymac mortgage investment|pennymac mortgage investment trust
PMVC,PMV Consumer Acquisition Corp.,0001807765,OOTC,US,pmv|pmv consumer|pmv consumer acquisition|pmv consumer acquisition corp.
PMVCW,PMV Consumer Acquisition Corp.,0001807765,OOTC,US,pmv|pmv consumer|pmv consumer acquisition|pmv consumer acquisition corp.
PMVP,"PMV Pharmaceuticals, Inc.",0001699382,XNAS,US,"pmv|pmv pharmaceuticals|pmv pharmaceuticals, inc."
PN,Skycorp Solar Group Ltd,0002001288,XNAS,US,skycorp|skycorp solar|skycorp solar group ltd
PNBK,PATRIOT NATIONAL BANCORP INC,0001098146,XNAS,US,patriot|patriot national|patriot national bancorp|patriot national bancorp inc
PNC,"PNC FINANCIAL SERVICES GROUP, INC.",0000713676,XNYS,US,"pnc|pnc financial|pnc financial services|pnc financial services group, inc."
PNDRY,Pandora A/S / ADR,0001505880,OOTC,US,pandora|pandora a|pandora a s|pandora a/s / adr
PNDZF,Pandora A/S / ADR,0001505880,OOTC,US,pandora|pandora a|pandora a s|pandora a/s / adr
PNFP,"Pinnacle Financial Partners, Inc.",0002082866,XNYS,US,"pinnacle|pinnacle financial|pinnacle financial partners|pinnacle financial partners, inc."
PNI,PIMCO NEW YORK MUNICIPAL INCOME FUND II,0001170311,XNYS,US,pimco|pimco new|pimco new york municipal income fund ii
PNMXO,PUBLIC SERVICE CO OF NEW MEXICO,0000081023,OOTC,US,public|public service|public service co of new mexico|public service of new mexico
PNNT,PENNANTPARK INVESTMENT CORP,0001383414,XNYS,US,pennantpark|pennantpark investment|pennantpark investment corp
PNPL,"PINEAPPLE, INC.",0001654672,OOTC,US,"pineapple|pineapple, inc."
PNPNF,POWER METALLIC MINES INC.,0000855950,OOTC,US,power|power metallic|power metallic mines|power metallic mines inc.
PNR,PENTAIR plc,0000077360,XNYS,US,pentair|pentair plc
PNRG,PRIMEENERGY RESOURCES CORP,0000056868,XNAS,US,primeenergy|primeenergy resources|primeenergy resources corp
PNTG,"Pennant Group, Inc.",0001766400,XNAS,US,"pennant|pennant group, inc."
PNW,PINNACLE WEST CAPITAL CORP,0000764622,XNYS,US,pinnacle|pinnacle west|pinnacle west capital|pinnacle west capital corp
PNXP,PINEAPPLE EXPRESS CANNABIS Co,0001710495,OOTC,US,pineapple|pineapple express|pineapple express cannabis|pineapple express cannabis co
PNYG,Pony Group Inc.,0001784058,OOTC,US,pony|pony group inc.
POAHF,Porsche Automobil Holding SE / ADR,0001450346,OOTC,US,porsche|porsche automobil|porsche automobil holding se / adr
POAS,PHAOS TECHNOLOGY HOLDINGS (CAYMAN) Ltd,0002024258,XASE,US,phaos|phaos technology|phaos technology cayman|phaos technology holdings (cayman) ltd
POCI,"PRECISION OPTICS CORPORATION, INC.",0000867840,XNAS,US,"precision|precision optics|precision optics corporation, inc."
PODC,"PodcastOne, Inc.",0001940177,XNAS,US,"podcastone|podcastone, inc."
PODD,INSULET CORP,0001145197,XNAS,US,insulet|insulet corp
POET,POET TECHNOLOGIES INC.,0001437424,XNAS,US,poet|poet technologies|poet technologies inc.
POLA,"Polar Power, Inc.",0001622345,XNAS,US,"polar|polar power|polar power, inc."
POLE,Andretti Acquisition Corp. II,0002025341,XNAS,US,andretti|andretti acquisition|andretti acquisition corp. ii|andretti acquisition ii
POLEU,Andretti Acquisition Corp. II,0002025341,XNAS,US,andretti|andretti acquisition|andretti acquisition corp. ii|andretti acquisition ii
POLEW,Andretti Acquisition Corp. II,0002025341,XNAS,US,andretti|andretti acquisition|andretti acquisition corp. ii|andretti acquisition ii
POM,POMDOCTOR Ltd,0001877971,XNAS,US,pomdoctor|pomdoctor ltd
PONO,"Pono Capital Four, Inc.",0002108164,XNAS,US,"pono|pono capital|pono capital four|pono capital four, inc."
PONOR,"Pono Capital Four, Inc.",0002108164,XNAS,US,"pono|pono capital|pono capital four|pono capital four, inc."
PONOU,"Pono Capital Four, Inc.",0002108164,XNAS,US,"pono|pono capital|pono capital four|pono capital four, inc."
PONY,Pony AI Inc.,0001969302,XNAS,US,pony|pony ai|pony ai inc.
POOL,POOL CORP,0000945841,XNAS,US,pool|pool corp
POR,PORTLAND GENERAL ELECTRIC CO /OR/,0000784977,XNYS,US,portland|portland general|portland general electric co /or/|portland general electric or
POSC,POSITRON CORP,0000844985,OOTC,US,positron|positron corp
POST,"Post Holdings, Inc.",0001530950,XNYS,US,"post|post holdings, inc."
POWI,POWER INTEGRATIONS INC,0000833640,XNAS,US,power|power integrations|power integrations inc
POWL,POWELL INDUSTRIES INC,0000080420,XNAS,US,powell|powell industries|powell industries inc
POWMF,Power Metal Resources PLC,0001988634,OOTC,US,power|power metal|power metal resources|power metal resources plc
POWW,Outdoor Holding Co,0001015383,XNAS,US,outdoor|outdoor holding co
POWWP,Outdoor Holding Co,0001015383,XNAS,US,outdoor|outdoor holding co
PPBT,PURPLE BIOTECH LTD.,0001614744,XNAS,US,purple|purple biotech|purple biotech ltd.
PPC,PILGRIMS PRIDE CORP,0000802481,XNAS,US,pilgrims|pilgrims pride|pilgrims pride corp
PPCB,"Propanc Biopharma, Inc.",0001517681,XNAS,US,"propanc|propanc biopharma|propanc biopharma, inc."
PPENF,Pampa Energy Inc.,0001469395,OOTC,US,pampa|pampa energy|pampa energy inc.
PPG,PPG INDUSTRIES INC,0000079879,XNYS,US,ppg|ppg industries|ppg industries inc
PPHC,"Public Policy Holding Company, Inc.",0001903508,XNAS,US,"public|public policy|public policy holding company, inc."
PPIH,"Perma-Pipe International Holdings, Inc.",0000914122,XNAS,US,"perma|perma pipe|perma pipe international|perma-pipe international holdings, inc."
PPL,PPL Corp,0000922224,XNYS,US,ppl|ppl corp
PPLAF,PEMBINA PIPELINE CORP,0001546066,OOTC,US,pembina|pembina pipeline|pembina pipeline corp
PPLC,PPL Corp,0000922224,XNYS,US,ppl|ppl corp
PPLOF,PEMBINA PIPELINE CORP,0001546066,OOTC,US,pembina|pembina pipeline|pembina pipeline corp
PPLT,abrdn Platinum ETF Trust,0001460235,ARCX,US,abrdn|abrdn platinum|abrdn platinum etf|abrdn platinum etf trust
PPRUF,Kering,0001445465,OOTC,US,kering
PPSI,"PIONEER POWER SOLUTIONS, INC.",0001449792,XNAS,US,"pioneer|pioneer power|pioneer power solutions|pioneer power solutions, inc."
PPT,PUTNAM PREMIER INCOME TRUST,0000827773,XNYS,US,putnam|putnam premier|putnam premier income|putnam premier income trust
PPTA,PERPETUA RESOURCES CORP.,0001526243,XNAS,US,perpetua|perpetua resources|perpetua resources corp.
PR,Permian Resources Corp,0001658566,XNYS,US,permian|permian resources|permian resources corp
PRA,PROASSURANCE CORP,0001127703,XNYS,US,proassurance|proassurance corp
PRAA,PRA GROUP INC,0001185348,XNAS,US,pra|pra group inc
PRAX,"Praxis Precision Medicines, Inc.",0001689548,XNAS,US,"praxis|praxis precision|praxis precision medicines|praxis precision medicines, inc."
PRBRY,PREMIUM BRANDS HOLDINGS Corp,0001503812,OOTC,US,premium|premium brands|premium brands holdings corp
PRBZF,PREMIUM BRANDS HOLDINGS Corp,0001503812,OOTC,US,premium|premium brands|premium brands holdings corp
PRCH,"Porch Group, Inc.",0001784535,XNAS,US,"porch|porch group, inc."
PRCT,PROCEPT BioRobotics Corp,0001588978,XNAS,US,procept|procept biorobotics|procept biorobotics corp
PRDO,PERDOCEO EDUCATION Corp,0001046568,XNAS,US,perdoceo|perdoceo education|perdoceo education corp
PRE,Prenetics Global Ltd,0001876431,XNAS,US,prenetics|prenetics global|prenetics global ltd
PREJF,PARTNERRE LTD,0000911421,OOTC,US,partnerre|partnerre ltd
PREKF,PrairieSky Royalty Ltd/ADR,0002071912,OOTC,US,prairiesky|prairiesky royalty|prairiesky royalty ltd/adr
PREM,Premier Air Charter Holdings Inc.,0001570937,OOTC,US,premier|premier air|premier air charter|premier air charter holdings inc.
PRENW,Prenetics Global Ltd,0001876431,XNAS,US,prenetics|prenetics global|prenetics global ltd
PRFX,PRF Technologies Ltd.,0001801834,XNAS,US,prf|prf technologies|prf technologies ltd.
PRG,"PROG Holdings, Inc.",0001808834,XNYS,US,"prog|prog holdings, inc."
PRGO,PERRIGO Co plc,0001585364,XNYS,US,perrigo|perrigo co plc
PRGS,PROGRESS SOFTWARE CORP /MA,0000876167,XNAS,US,progress|progress software|progress software corp /ma|progress software ma
PRH,PRUDENTIAL FINANCIAL INC,0001137774,XNYS,US,prudential|prudential financial|prudential financial inc
PRHI,"Presurance Holdings, Inc.",0001502292,XNAS,US,"presurance|presurance holdings, inc."
PRHIZ,"Presurance Holdings, Inc.",0001502292,XNAS,US,"presurance|presurance holdings, inc."
PRI,"Primerica, Inc.",0001475922,XNYS,US,"primerica|primerica, inc."
PRIAF,Prime Impact Acquisition I,0001819175,OOTC,US,prime|prime impact|prime impact acquisition i
PRIM,Primoris Services Corp,0001361538,XNYS,US,primoris|primoris services|primoris services corp
PRK,PARK NATIONAL CORP /OH/,0000805676,XASE,US,park|park national|park national corp /oh/|park national oh
PRKA,"PARKS AMERICA, INC",0001297937,OOTC,US,"parks|parks america|parks america, inc"
PRKR,PARKERVISION INC,0000914139,OOTC,US,parkervision|parkervision inc
PRKS,United Parks & Resorts Inc.,0001564902,XNYS,US,united|united parks|united parks & resorts inc.|united parks resorts
PRLB,Proto Labs Inc,0001443669,XNYS,US,proto|proto labs|proto labs inc
PRLD,Prelude Therapeutics Inc,0001678660,XNAS,US,prelude|prelude therapeutics|prelude therapeutics inc
PRM,"Perimeter Solutions, Inc.",0001880319,XNYS,US,"perimeter|perimeter solutions|perimeter solutions, inc."
PRMB,Primo Brands Corp,0002042694,XNYS,US,primo|primo brands|primo brands corp
PRME,"Prime Medicine, Inc.",0001894562,XNAS,US,"prime|prime medicine|prime medicine, inc."
PRNAF,ALTERITY THERAPEUTICS LTD,0001131343,OOTC,US,alterity|alterity therapeutics|alterity therapeutics ltd
PRNCF,Prince Silver Corp.,0002045300,OOTC,US,prince|prince silver|prince silver corp.
PROF,Profound Medical Corp.,0001628808,XNAS,US,profound|profound medical|profound medical corp.
PROK,PROKIDNEY CORP.,0001850270,XNAS,US,prokidney|prokidney corp.
PROP,Prairie Operating Co.,0001162896,XNAS,US,prairie|prairie operating|prairie operating co.
PROV,PROVIDENT FINANCIAL HOLDINGS INC,0001010470,XNAS,US,provident|provident financial|provident financial holdings inc
PRPH,"ProPhase Labs, Inc.",0000868278,OOTC,US,"prophase|prophase labs|prophase labs, inc."
PRPL,"Purple Innovation, Inc.",0001643953,XNAS,US,"purple|purple innovation|purple innovation, inc."
PRPO,"Precipio, Inc.",0001043961,XNAS,US,"precipio|precipio, inc."
PRQR,ProQR Therapeutics N.V.,0001612940,XNAS,US,proqr|proqr therapeutics|proqr therapeutics n.v.
PRRUF,IMMUTEP Ltd,0001506184,OOTC,US,immutep|immutep ltd
PRS,PRUDENTIAL FINANCIAL INC,0001137774,XNYS,US,prudential|prudential financial|prudential financial inc
PRSI,PORTSMOUTH SQUARE INC,0000079661,OOTC,US,portsmouth|portsmouth square|portsmouth square inc
PRSKY,PrairieSky Royalty Ltd/ADR,0002071912,OOTC,US,prairiesky|prairiesky royalty|prairiesky royalty ltd/adr
PRSO,Peraso Inc.,0000890394,XNAS,US,peraso|peraso inc.
PRSU,"Pursuit Attractions & Hospitality, Inc.",0000884219,XNYS,US,"pursuit|pursuit attractions|pursuit attractions & hospitality, inc.|pursuit attractions hospitality"
PRT,PermRock Royalty Trust,0001724009,XNYS,US,permrock|permrock royalty|permrock royalty trust
PRTA,PROTHENA CORP PUBLIC LTD CO,0001559053,XNAS,US,prothena|prothena corp public ltd co|prothena public
PRTC,PureTech Health plc,0001782999,XNAS,US,puretech|puretech health|puretech health plc
PRTH,"Priority Technology Holdings, Inc.",0001653558,XNAS,US,"priority|priority technology|priority technology holdings, inc."
PRTHU,"Priority Technology Holdings, Inc.",0001653558,OOTC,US,"priority|priority technology|priority technology holdings, inc."
PRTS,"CarParts.com, Inc.",0001378950,XNAS,US,"carparts|carparts com|carparts.com, inc."
PRU,PRUDENTIAL FINANCIAL INC,0001137774,XNYS,US,prudential|prudential financial|prudential financial inc
PRVA,"Privia Health Group, Inc.",0001759655,XNAS,US,"privia|privia health|privia health group, inc."
PRXA,"PROCACCIANTI HOTEL REIT, INC.",0001692345,OOTC,US,"procaccianti|procaccianti hotel|procaccianti hotel reit|procaccianti hotel reit, inc."
PRYMF,Prysmian S.p.A.,0001437672,OOTC,US,prysmian|prysmian s|prysmian s p a|prysmian s.p.a.
PRZO,ParaZero Technologies Ltd.,0001916241,XNAS,US,parazero|parazero technologies|parazero technologies ltd.
PS,PERSHING SQUARE INC.,0002026053,XNYS,US,pershing|pershing square|pershing square inc.
PSA,Public Storage,0001393311,XNYS,US,public|public storage
PSBAF,PT Sumber Alfaria Trijaya Tbk/ADR,0002063685,OOTC,US,pt|pt sumber|pt sumber alfaria trijaya tbk|pt sumber alfaria trijaya tbk/adr
PSBD,Palmer Square Capital BDC Inc.,0001794776,XNYS,US,palmer|palmer square|palmer square capital bdc|palmer square capital bdc inc.
PSBTY,PT Sumber Alfaria Trijaya Tbk/ADR,0002063685,OOTC,US,pt|pt sumber|pt sumber alfaria trijaya tbk|pt sumber alfaria trijaya tbk/adr
PSEC,PROSPECT CAPITAL CORP,0001287032,XNAS,US,prospect|prospect capital|prospect capital corp
PSF,"Cohen & Steers Select Preferred & Income Fund, Inc.",0001498612,XNYS,US,"cohen|cohen & steers select preferred & income fund, inc.|cohen steers|cohen steers select preferred income fund"
PSFE,Paysafe Ltd,0001833835,XNYS,US,paysafe|paysafe ltd
PSHG,Performance Shipping Inc.,0001481241,XNAS,US,performance|performance shipping|performance shipping inc.
PSIG,PS International Group Ltd.,0001997201,XNAS,US,ps|ps international|ps international group ltd.
PSIX,"POWER SOLUTIONS INTERNATIONAL, INC.",0001137091,XNAS,US,"power|power solutions|power solutions international|power solutions international, inc."
PSKRF,Protector Forsikring/ADR,0001789444,OOTC,US,protector|protector forsikring|protector forsikring/adr
PSKY,Paramount Skydance Corp,0002041610,XNAS,US,paramount|paramount skydance|paramount skydance corp
PSLV,Sprott Physical Silver Trust,0001494728,ARCX,US,sprott|sprott physical|sprott physical silver|sprott physical silver trust
PSMT,PRICESMART INC,0001041803,XNAS,US,pricesmart|pricesmart inc
PSN,PARSONS CORP,0000275880,XNYS,US,parsons|parsons corp
PSNL,"Personalis, Inc.",0001527753,XNAS,US,"personalis|personalis, inc."
PSNY,Polestar Automotive Holding UK PLC,0001884082,XNAS,US,polestar|polestar automotive|polestar automotive holding uk plc|polestar automotive uk
PSNYW,Polestar Automotive Holding UK PLC,0001884082,XNAS,US,polestar|polestar automotive|polestar automotive holding uk plc|polestar automotive uk
PSO,PEARSON PLC,0000938323,XNYS,US,pearson|pearson plc
PSORF,PEARSON PLC,0000938323,OOTC,US,pearson|pearson plc
PSPX,Pacific Sports Exchange Inc.,0001765651,OOTC,US,pacific|pacific sports|pacific sports exchange|pacific sports exchange inc.
PSQH,"PSQ Holdings, Inc.",0001847064,XNYS,US,"psq|psq holdings, inc."
PSRHF,Pulsar Helium Inc.,0001991413,OOTC,US,pulsar|pulsar helium|pulsar helium inc.
PSTL,"Postal Realty Trust, Inc.",0001759774,XNYS,US,"postal|postal realty|postal realty trust, inc."
PSTV,"PLUS THERAPEUTICS, INC.",0001095981,XNAS,US,"plus|plus therapeutics|plus therapeutics, inc."
PSUS,"Pershing Square USA, Ltd.",0002002660,XNYS,US,"pershing|pershing square|pershing square usa|pershing square usa, ltd."
PSX,Phillips 66,0001534701,XNYS,US,phillips|phillips 66
PSYCF,Psyched Wellness Ltd.,0001847706,OOTC,US,psyched|psyched wellness|psyched wellness ltd.
PTA,Cohen & Steers Tax-Advantaged Preferred Securities & Income Fund,0001793882,XNYS,US,cohen|cohen & steers tax-advantaged preferred securities & income fund|cohen steers|cohen steers tax advantaged preferred securities income fund
PTAXY,Paltac Corporation/ADR,0002089174,OOTC,US,paltac|paltac corporation/adr
PTC,PTC INC.,0000857005,XNAS,US,ptc|ptc inc.
PTCAY,PT Chandra Asri Petrochemical Tbk/ADR,0001547873,OOTC,US,pt|pt chandra|pt chandra asri petrochemical tbk|pt chandra asri petrochemical tbk/adr
PTCHF,PureTech Health plc,0001782999,OOTC,US,puretech|puretech health|puretech health plc
PTCO,PetroGas Co,0001609258,OOTC,US,petrogas|petrogas co
PTCT,"PTC THERAPEUTICS, INC.",0001070081,XNAS,US,"ptc|ptc therapeutics|ptc therapeutics, inc."
PTEN,PATTERSON UTI ENERGY INC,0000889900,XNAS,US,patterson|patterson uti|patterson uti energy|patterson uti energy inc
PTGX,"Protagonist Therapeutics, Inc",0001377121,XNAS,US,"protagonist|protagonist therapeutics|protagonist therapeutics, inc"
PTHRF,Pantheon Resources plc,0001621910,OOTC,US,pantheon|pantheon resources|pantheon resources plc
PTHS,Pelthos Therapeutics Inc.,0001919246,XASE,US,pelthos|pelthos therapeutics|pelthos therapeutics inc.
PTIX,"Protagenic Therapeutics, Inc.new",0001022899,OOTC,US,"protagenic|protagenic therapeutics|protagenic therapeutics new|protagenic therapeutics, inc.new"
PTLE,PTL Ltd,0002016337,XNAS,US,ptl|ptl ltd
PTLO,Portillo's Inc.,0001871509,XNAS,US,portillo|portillo s|portillo's inc.
PTN,PALATIN TECHNOLOGIES INC,0000911216,XASE,US,palatin|palatin technologies|palatin technologies inc
PTNM,Pitanium Ltd,0002046573,XNAS,US,pitanium|pitanium ltd
PTON,"PELOTON INTERACTIVE, INC.",0001639825,XNAS,US,"peloton|peloton interactive|peloton interactive, inc."
PTOR,Praetorian Acquisition Corp.,0002093912,XNAS,US,praetorian|praetorian acquisition|praetorian acquisition corp.
PTORU,Praetorian Acquisition Corp.,0002093912,XNAS,US,praetorian|praetorian acquisition|praetorian acquisition corp.
PTORW,Praetorian Acquisition Corp.,0002093912,XNAS,US,praetorian|praetorian acquisition|praetorian acquisition corp.
PTOS,"P2 Solar, Inc.",0001172069,OOTC,US,"p2|p2 solar|p2 solar, inc."
PTPI,"Petros Pharmaceuticals, Inc.",0001815903,OOTC,US,"petros|petros pharmaceuticals|petros pharmaceuticals, inc."
PTPIF,PT Chandra Asri Petrochemical Tbk/ADR,0001547873,OOTC,US,pt|pt chandra|pt chandra asri petrochemical tbk|pt chandra asri petrochemical tbk/adr
PTRN,Pattern Group Inc.,0001811935,XNAS,US,pattern|pattern group inc.
PTXAF,PT XLSMART Telecom Sejahtera Tbk/ADR,0001545057,OOTC,US,pt|pt xlsmart|pt xlsmart telecom sejahtera tbk|pt xlsmart telecom sejahtera tbk/adr
PTXKY,PT XLSMART Telecom Sejahtera Tbk/ADR,0001545057,OOTC,US,pt|pt xlsmart|pt xlsmart telecom sejahtera tbk|pt xlsmart telecom sejahtera tbk/adr
PTY,PIMCO CORPORATE & INCOME OPPORTUNITY FUND,0001190935,XNYS,US,pimco|pimco corporate|pimco corporate & income opportunity fund|pimco corporate income opportunity fund
PUBC,Purebase Corp,0001575858,OOTC,US,purebase|purebase corp
PUBM,"PubMatic, Inc.",0001422930,XNAS,US,"pubmatic|pubmatic, inc."
PUGBY,Puig Brands S.A./ADR,0002029472,OOTC,US,puig|puig brands|puig brands s.a./adr
PUIGF,Puig Brands S.A./ADR,0002029472,OOTC,US,puig|puig brands|puig brands s.a./adr
PUK,PRUDENTIAL PLC,0001116578,XNYS,US,prudential|prudential plc
PUKPF,PRUDENTIAL PLC,0001116578,OOTC,US,prudential|prudential plc
PULM,"Pulmatrix, Inc.",0001574235,XNAS,US,"pulmatrix|pulmatrix, inc."
PUMP,ProPetro Holding Corp.,0001680247,XNYS,US,propetro|propetro holding corp.
PURE,"PURE BIOSCIENCE, INC.",0001006028,OOTC,US,"pure|pure bioscience|pure bioscience, inc."
PURR,Hyperliquid Strategies Inc,0002078856,XNAS,US,hyperliquid|hyperliquid strategies|hyperliquid strategies inc
PVCT,"PROVECTUS BIOPHARMACEUTICALS, INC.",0000315545,OOTC,US,"provectus|provectus biopharmaceuticals|provectus biopharmaceuticals, inc."
PVH,PVH CORP. /DE/,0000078239,XNYS,US,pvh|pvh corp. /de/|pvh de
PVL,Permianville Royalty Trust,0001520048,XNYS,US,permianville|permianville royalty|permianville royalty trust
PVLA,"PALVELLA THERAPEUTICS, INC.",0001583648,XNAS,US,"palvella|palvella therapeutics|palvella therapeutics, inc."
PVOZ,Park View OZ REIT Inc,0001824204,OOTC,US,park|park view|park view oz reit|park view oz reit inc
PW,Power REIT,0001532619,XASE,US,power|power reit
PWDY,"POWERDYNE INTERNATIONAL, INC.",0001435617,OOTC,US,"powerdyne|powerdyne international|powerdyne international, inc."
PWP,Perella Weinberg Partners,0001777835,XNAS,US,perella|perella weinberg|perella weinberg partners
PWR,"QUANTA SERVICES, INC.",0001050915,XNYS,US,"quanta|quanta services|quanta services, inc."
PXED,"Phoenix Education Partners, Inc.",0001600222,XNYS,US,"phoenix|phoenix education|phoenix education partners|phoenix education partners, inc."
PXLW,"PIXELWORKS, INC",0001040161,XNAS,US,"pixelworks|pixelworks, inc"
PXS,Pyxis Tankers Inc.,0001640043,XNAS,US,pyxis|pyxis tankers|pyxis tankers inc.
PYAIF,Pony AI Inc.,0001969302,OOTC,US,pony|pony ai|pony ai inc.
PYPD,PolyPid Ltd.,0001611842,XNAS,US,polypid|polypid ltd.
PYPL,"PayPal Holdings, Inc.",0001633917,XNAS,US,"paypal|paypal holdings, inc."
PYRGF,PyroGenesis Canada Inc.,0001743344,OOTC,US,pyrogenesis|pyrogenesis canada|pyrogenesis canada inc.
PYT,PPLUS Trust Series GSC-2,0001294808,XNYS,US,pplus|pplus series|pplus series gsc 2|pplus trust series gsc-2
PYXS,"Pyxis Oncology, Inc.",0001782223,XNAS,US,"pyxis|pyxis oncology|pyxis oncology, inc."
PYYX,"PYXUS INTERNATIONAL, INC.",0000939930,OOTC,US,"pyxus|pyxus international|pyxus international, inc."
PZG,Paramount Gold Nevada Corp.,0001629210,XASE,US,paramount|paramount gold|paramount gold nevada|paramount gold nevada corp.
PZZA,PAPA JOHNS INTERNATIONAL INC,0000901491,XNAS,US,papa|papa johns|papa johns international|papa johns international inc
Q,"Qnity Electronics, Inc.",0002058873,XNYS,US,"qnity|qnity electronics|qnity electronics, inc."
QADRU,QDRO Acquisition Corp.,0002083217,XNAS,US,qdro|qdro acquisition|qdro acquisition corp.
QBTS,D-Wave Quantum Inc.,0001907982,XNYS,US,d wave|d wave quantum|d-wave quantum inc.
QCLS,"Q/C TECHNOLOGIES, INC.",0001321834,XNAS,US,"q c|q c technologies|q/c technologies, inc."
QCOM,QUALCOMM INC/DE,0000804328,XNAS,US,qualcomm|qualcomm de|qualcomm inc/de
QCRH,QCR HOLDINGS INC,0000906465,XNAS,US,qcr|qcr holdings inc
QDEL,QuidelOrtho Corp,0001906324,XNAS,US,quidelortho|quidelortho corp
QDMI,QDM International Inc.,0001094032,OOTC,US,qdm|qdm international|qdm international inc.
QETA,Quetta Acquisition Corp,0001978528,XNAS,US,quetta|quetta acquisition|quetta acquisition corp
QETAR,Quetta Acquisition Corp,0001978528,XNAS,US,quetta|quetta acquisition|quetta acquisition corp
QETAU,Quetta Acquisition Corp,0001978528,XNAS,US,quetta|quetta acquisition|quetta acquisition corp
QETH,Invesco Galaxy Ethereum ETF,0001995569,BATS,US,invesco|invesco galaxy|invesco galaxy ethereum etf
QFIN,"Qfin Holdings, Inc.",0001741530,XNAS,US,"qfin|qfin holdings, inc."
QFNHF,"Qfin Holdings, Inc.",0001741530,OOTC,US,"qfin|qfin holdings, inc."
QGAI,Quantum Genesis AI Corp.,0001663038,OOTC,US,quantum|quantum genesis|quantum genesis ai|quantum genesis ai corp.
QGEN,QIAGEN N.V.,0001015820,XNYS,US,qiagen|qiagen n.v.
QHUOD,QUHUO Ltd,0001781193,OOTC,US,quhuo|quhuo ltd
QIND,Quality Industrial Corp.,0001393781,OOTC,US,quality|quality industrial|quality industrial corp.
QLUNF,Qilun Group Inc.,0001951378,OOTC,US,qilun|qilun group inc.
QLYS,"QUALYS, INC.",0001107843,XNAS,US,"qualys|qualys, inc."
QMCI,QUOTEMEDIA INC,0001101433,OOTC,US,quotemedia|quotemedia inc
QMCO,QUANTUM CORP /DE/,0000709283,XNAS,US,quantum|quantum corp /de/|quantum de
QMMM,QMMM Holdings Ltd,0001971542,XNAS,US,qmmm|qmmm holdings ltd
QNBC,QNB CORP.,0000750558,OOTC,US,qnb|qnb corp.
QNC,Quantum eMotion Corp,0002106613,XASE,US,quantum|quantum emotion|quantum emotion corp
QNCX,"Quince Therapeutics, Inc.",0001662774,XNAS,US,"quince|quince therapeutics|quince therapeutics, inc."
QNRX,"Quoin Pharmaceuticals, Ltd.",0001671502,XNAS,US,"quoin|quoin pharmaceuticals|quoin pharmaceuticals, ltd."
QNST,"QUINSTREET, INC",0001117297,XNAS,US,"quinstreet|quinstreet, inc"
QNTM,Quantum Biopharma Ltd.,0001771885,XNAS,US,quantum|quantum biopharma|quantum biopharma ltd.
QNTO,"QUAINT OAK BANCORP, INC.",0001391933,OOTC,US,"quaint|quaint oak|quaint oak bancorp|quaint oak bancorp, inc."
QPRC,QUEST PATENT RESEARCH CORP,0000824416,OOTC,US,quest|quest patent|quest patent research|quest patent research corp
QQQ,"INVESCO QQQ TRUST, SERIES 1",0001067839,XNAS,US,"invesco|invesco qqq|invesco qqq series 1|invesco qqq trust, series 1"
QQQX,Nuveen NASDAQ 100 Dynamic Overwrite Fund,0001608741,XNAS,US,nuveen|nuveen nasdaq|nuveen nasdaq 100 dynamic overwrite fund
QRED,QuasarEdge Acquisition Corp,0002085177,XNYS,US,quasaredge|quasaredge acquisition|quasaredge acquisition corp
QRHC,Quest Resource Holding Corp,0001442236,XNAS,US,quest|quest resource|quest resource holding corp
QRVO,"Qorvo, Inc.",0001604778,XNAS,US,"qorvo|qorvo, inc."
QS,QuantumScape Corp,0001811414,XNAS,US,quantumscape|quantumscape corp
QSEA,Quartzsea Acquisition Corp,0002047455,XNAS,US,quartzsea|quartzsea acquisition|quartzsea acquisition corp
QSEAR,Quartzsea Acquisition Corp,0002047455,XNAS,US,quartzsea|quartzsea acquisition|quartzsea acquisition corp
QSEAU,Quartzsea Acquisition Corp,0002047455,XNAS,US,quartzsea|quartzsea acquisition|quartzsea acquisition corp
QSEP,"QS Energy, Inc.",0001103795,OOTC,US,"qs|qs energy|qs energy, inc."
QSI,Quantum-Si Inc,0001816431,XNAS,US,quantum|quantum si|quantum-si inc
QSIAW,Quantum-Si Inc,0001816431,XNAS,US,quantum|quantum si|quantum-si inc
QSJC,"TANCHENG GROUP CO., LTD.",0001753391,OOTC,US,"tancheng|tancheng group co., ltd."
QSOL,Invesco Galaxy Solana ETF,0002074409,BATS,US,invesco|invesco galaxy|invesco galaxy solana etf
QSR,Restaurant Brands International Inc.,0001618756,XNYS,US,restaurant|restaurant brands|restaurant brands international|restaurant brands international inc.
QTI,"QT IMAGING HOLDINGS, INC.",0001844505,XNAS,US,"qt|qt imaging|qt imaging holdings, inc."
QTIWW,"QT IMAGING HOLDINGS, INC.",0001844505,OOTC,US,"qt|qt imaging|qt imaging holdings, inc."
QTRX,Quanterix Corp,0001503274,XNAS,US,quanterix|quanterix corp
QTTB,Q32 Bio Inc.,0001661998,XNAS,US,q32|q32 bio|q32 bio inc.
QTTOY,Qutoutiao Inc.,0001733298,OOTC,US,qutoutiao|qutoutiao inc.
QTWO,"Q2 Holdings, Inc.",0001410384,XNYS,US,"q2|q2 holdings, inc."
QUAD,"Quad/Graphics, Inc.",0001481792,XNYS,US,"quad|quad graphics|quad/graphics, inc."
QUBT,Quantum Computing Inc.,0001758009,XNAS,US,quantum|quantum computing|quantum computing inc.
QUCY,Quantum Cyber N.V.,0001874252,XNAS,US,quantum|quantum cyber|quantum cyber n.v.
QUIK,QUICKLOGIC Corp,0000882508,XNAS,US,quicklogic|quicklogic corp
QULL,UBS AG,0001114446,ARCX,US,ubs|ubs ag
QUMS,Quantumsphere Acquisition Corp,0002070900,XNAS,US,quantumsphere|quantumsphere acquisition|quantumsphere acquisition corp
QUMSR,Quantumsphere Acquisition Corp,0002070900,XNAS,US,quantumsphere|quantumsphere acquisition|quantumsphere acquisition corp
QUMSU,Quantumsphere Acquisition Corp,0002070900,XNAS,US,quantumsphere|quantumsphere acquisition|quantumsphere acquisition corp
QURE,uniQure N.V.,0001590560,XNAS,US,uniqure|uniqure n.v.
QURT,"Quarta-Rad, Inc.",0001549631,OOTC,US,"quarta|quarta rad|quarta-rad, inc."
QVCAQ,"QVC Group, Inc.",0001355096,OOTC,US,"qvc|qvc group, inc."
QVCCQ,QVC INC,0001254699,OOTC,US,qvc|qvc inc
QVCDQ,QVC INC,0001254699,OOTC,US,qvc|qvc inc
QVCGQ,"QVC Group, Inc.",0001355096,OOTC,US,"qvc|qvc group, inc."
QVCPQ,"QVC Group, Inc.",0001355096,OOTC,US,"qvc|qvc group, inc."
QWTR,"Quest Water Global, Inc.",0001487091,OOTC,US,"quest|quest water|quest water global|quest water global, inc."
QXL,Viewbix Inc.,0000797542,XNAS,US,viewbix|viewbix inc.
QXO,"QXO, Inc.",0001236275,XNYS,US,"qxo|qxo, inc."
QZMRF,QUARTZ MOUNTAIN RESOURCES LTD,0000811522,OOTC,US,quartz|quartz mountain|quartz mountain resources|quartz mountain resources ltd
R,RYDER SYSTEM INC,0000085961,XNYS,US,ryder|ryder system|ryder system inc
RA,Brookfield Real Assets Income Fund Inc.,0001655099,XNYS,US,brookfield|brookfield real|brookfield real assets income fund|brookfield real assets income fund inc.
RAAQ,Real Asset Acquisition Corp.,0002052161,XNAS,US,real|real asset|real asset acquisition|real asset acquisition corp.
RAAQU,Real Asset Acquisition Corp.,0002052161,XNAS,US,real|real asset|real asset acquisition|real asset acquisition corp.
RAAQW,Real Asset Acquisition Corp.,0002052161,XNAS,US,real|real asset|real asset acquisition|real asset acquisition corp.
RAASY,Cloopen Group Holding Ltd,0001804583,OOTC,US,cloopen|cloopen group holding ltd
RAC,Rithm Acquisition Corp.,0002047497,XNYS,US,rithm|rithm acquisition|rithm acquisition corp.
RACE,Ferrari N.V.,0001648416,XNYS,US,ferrari|ferrari n.v.
RADX,Radiopharm Theranostics Ltd,0001949257,XNAS,US,radiopharm|radiopharm theranostics|radiopharm theranostics ltd
RAIL,"FreightCar America, Inc.",0001320854,XNAS,US,"freightcar|freightcar america|freightcar america, inc."
RAIN,"Rain Enhancement Technologies Holdco, Inc.",0002028293,XNAS,US,"rain|rain enhancement|rain enhancement technologies holdco|rain enhancement technologies holdco, inc."
RAINW,"Rain Enhancement Technologies Holdco, Inc.",0002028293,XNAS,US,"rain|rain enhancement|rain enhancement technologies holdco|rain enhancement technologies holdco, inc."
RAJAF,"Cordyceps Sunshine Biotech Holdings Co., Ltd.",0001885680,OOTC,US,"cordyceps|cordyceps sunshine|cordyceps sunshine biotech|cordyceps sunshine biotech holdings co., ltd."
RAKR,Rainmaker Worldwide Inc.,0001872292,OOTC,US,rainmaker|rainmaker worldwide|rainmaker worldwide inc.
RAL,Ralliant Corp,0002041385,XNYS,US,ralliant|ralliant corp
RAMP,"LiveRamp Holdings, Inc.",0000733269,XNYS,US,"liveramp|liveramp holdings, inc."
RAND,RAND CAPITAL CORP,0000081955,XNAS,US,rand|rand capital|rand capital corp
RANG,Range Capital Acquisition Corp.,0002035644,XNAS,US,range|range capital|range capital acquisition|range capital acquisition corp.
RANGR,Range Capital Acquisition Corp.,0002035644,XNAS,US,range|range capital|range capital acquisition|range capital acquisition corp.
RANGU,Range Capital Acquisition Corp.,0002035644,XNAS,US,range|range capital|range capital acquisition|range capital acquisition corp.
RANI,"Rani Therapeutics Holdings, Inc.",0001856725,XNAS,US,"rani|rani therapeutics|rani therapeutics holdings, inc."
RAPH,Raphael Pharmaceutical Inc.,0001415397,OOTC,US,raphael|raphael pharmaceutical|raphael pharmaceutical inc.
RAPP,"Rapport Therapeutics, Inc.",0002012593,XNAS,US,"rapport|rapport therapeutics|rapport therapeutics, inc."
RARE,Ultragenyx Pharmaceutical Inc.,0001515673,XNAS,US,ultragenyx|ultragenyx pharmaceutical|ultragenyx pharmaceutical inc.
RAVE,"RAVE RESTAURANT GROUP, INC.",0000718332,XNAS,US,"rave|rave restaurant|rave restaurant group, inc."
RAY,Raytech Holding Ltd,0001948443,XNAS,US,raytech|raytech holding ltd
RAYA,Erayak Power Solution Group Inc.,0001825875,XNAS,US,erayak|erayak power|erayak power solution|erayak power solution group inc.
RBA,RB GLOBAL INC.,0001046102,XNYS,US,rb|rb global|rb global inc.
RBB,RBB Bancorp,0001499422,XNAS,US,rbb|rbb bancorp
RBBN,Ribbon Communications Inc.,0001708055,XNAS,US,ribbon|ribbon communications|ribbon communications inc.
RBC,RBC Bearings INC,0001324948,XNYS,US,rbc|rbc bearings|rbc bearings inc
RBCAA,REPUBLIC BANCORP INC /KY/,0000921557,XNAS,US,republic|republic bancorp|republic bancorp inc /ky/|republic bancorp ky
RBKB,"Rhinebeck Bancorp, Inc.",0001751783,XNAS,US,"rhinebeck|rhinebeck bancorp|rhinebeck bancorp, inc."
RBLX,Roblox Corp,0001315098,XNYS,US,roblox|roblox corp
RBNE,Robin Energy Ltd.,0002039060,XNAS,US,robin|robin energy|robin energy ltd.
RBOT,Vicarious Surgical Inc.,0001812173,OOTC,US,vicarious|vicarious surgical|vicarious surgical inc.
RBOTW,Vicarious Surgical Inc.,0001812173,OOTC,US,vicarious|vicarious surgical|vicarious surgical inc.
RBRK,"Rubrik, Inc.",0001943896,XNYS,US,"rubrik|rubrik, inc."
RBSPF,NatWest Group plc,0000844150,OOTC,US,natwest|natwest group plc
RBTK,ZHEN DING RESOURCES INC.,0001594204,OOTC,US,zhen|zhen ding|zhen ding resources|zhen ding resources inc.
RC,Ready Capital Corp,0001527590,XNYS,US,ready|ready capital|ready capital corp
RCAT,"Red Cat Holdings, Inc.",0000748268,XNAS,US,"red|red cat|red cat holdings, inc."
RCD,Ready Capital Corp,0001527590,XNYS,US,ready|ready capital|ready capital corp
RCEL,"AVITA Medical, Inc.",0001762303,XNAS,US,"avita|avita medical|avita medical, inc."
RCG,"RENN Fund, Inc.",0000919567,XASE,US,"renn|renn fund|renn fund, inc."
RCI,ROGERS COMMUNICATIONS INC,0000733099,XNYS,US,rogers|rogers communications|rogers communications inc
RCIAF,ROGERS COMMUNICATIONS INC,0000733099,OOTC,US,rogers|rogers communications|rogers communications inc
RCKT,"ROCKET PHARMACEUTICALS, INC.",0001281895,XNAS,US,"rocket|rocket pharmaceuticals|rocket pharmaceuticals, inc."
RCKTW,"ROCKET PHARMACEUTICALS, INC.",0001281895,XNAS,US,"rocket|rocket pharmaceuticals|rocket pharmaceuticals, inc."
RCKY,"ROCKY BRANDS, INC.",0000895456,XNAS,US,"rocky|rocky brands|rocky brands, inc."
RCL,ROYAL CARIBBEAN CRUISES LTD,0000884887,XNYS,US,royal|royal caribbean|royal caribbean cruises|royal caribbean cruises ltd
RCMT,"RCM TECHNOLOGIES, INC.",0000700841,XNAS,US,"rcm|rcm technologies|rcm technologies, inc."
RCON,"Recon Technology, Ltd",0001442620,XNAS,US,"recon|recon technology|recon technology, ltd"
RCS,"PIMCO STRATEGIC INCOME FUND, INC.",0000916183,XNYS,US,"pimco|pimco strategic|pimco strategic income fund|pimco strategic income fund, inc."
RCT,RedCloud Holdings plc,0002027360,XNAS,US,redcloud|redcloud holdings plc
RCUS,"Arcus Biosciences, Inc.",0001724521,XNYS,US,"arcus|arcus biosciences|arcus biosciences, inc."
RCWBY,Rockwool A/S/ADR,0001969729,OOTC,US,rockwool|rockwool a|rockwool a s|rockwool a/s/adr
RCWLY,Rockwool A/S/ADR,0001969729,OOTC,US,rockwool|rockwool a|rockwool a s|rockwool a/s/adr
RDAC,Rising Dragon Acquisition Corp.,0002018145,XNAS,US,rising|rising dragon|rising dragon acquisition|rising dragon acquisition corp.
RDACR,Rising Dragon Acquisition Corp.,0002018145,XNAS,US,rising|rising dragon|rising dragon acquisition|rising dragon acquisition corp.
RDACU,Rising Dragon Acquisition Corp.,0002018145,XNAS,US,rising|rising dragon|rising dragon acquisition|rising dragon acquisition corp.
RDAG,Republic Digital Acquisition Co,0002055459,XNAS,US,republic|republic digital|republic digital acquisition|republic digital acquisition co
RDAGU,Republic Digital Acquisition Co,0002055459,XNAS,US,republic|republic digital|republic digital acquisition|republic digital acquisition co
RDAGW,Republic Digital Acquisition Co,0002055459,XNAS,US,republic|republic digital|republic digital acquisition|republic digital acquisition co
RDAR,"Telvantis, Inc.",0001384365,OOTC,US,"telvantis|telvantis, inc."
RDCM,RADCOM LTD,0001016838,XNAS,US,radcom|radcom ltd
RDCT,"VNUE, Inc.",0001376804,OOTC,US,"vnue|vnue, inc."
RDDT,"Reddit, Inc.",0001713445,XNYS,US,"reddit|reddit, inc."
RDEXF,Red Pine Exploration Inc.,0001856082,OOTC,US,red|red pine|red pine exploration|red pine exploration inc.
RDGL,VIVOS INC,0001449349,OOTC,US,vivos|vivos inc
RDGMF,Ridgeline Minerals Corp,0001820025,OOTC,US,ridgeline|ridgeline minerals|ridgeline minerals corp
RDGT,Ridgetech Inc.,0001856084,XNAS,US,ridgetech|ridgetech inc.
RDHL,RedHill Biopharma Ltd.,0001553846,XNAS,US,redhill|redhill biopharma|redhill biopharma ltd.
RDI,READING INTERNATIONAL INC,0000716634,XNAS,US,reading|reading international|reading international inc
RDIB,READING INTERNATIONAL INC,0000716634,XNAS,US,reading|reading international|reading international inc
RDN,RADIAN GROUP INC,0000890926,XNYS,US,radian|radian group inc
RDNT,"RadNet, Inc.",0000790526,XNAS,US,"radnet|radnet, inc."
RDNW,"RideNow Group, Inc.",0001596961,XNAS,US,"ridenow|ridenow group, inc."
RDPTF,Radiopharm Theranostics Ltd,0001949257,OOTC,US,radiopharm|radiopharm theranostics|radiopharm theranostics ltd
RDVT,"Red Violet, Inc.",0001720116,XNAS,US,"red|red violet|red violet, inc."
RDW,Redwire Corp,0001819810,XNYS,US,redwire|redwire corp
RDWR,RADWARE LTD,0001094366,XNAS,US,radware|radware ltd
RDY,DR REDDYS LABORATORIES LTD,0001135951,XNYS,US,dr|dr reddys|dr reddys laboratories|dr reddys laboratories ltd
RDZN,Roadzen Inc.,0001868640,XNAS,US,roadzen|roadzen inc.
RDZNW,Roadzen Inc.,0001868640,XNAS,US,roadzen|roadzen inc.
REA,"Rare Earths Americas, Inc.",0002095743,XASE,US,"rare|rare earths|rare earths americas|rare earths americas, inc."
REAL,"TheRealReal, Inc.",0001573221,XNAS,US,"therealreal|therealreal, inc."
REAX,Real Brokerage Inc,0001862461,XNAS,US,real|real brokerage|real brokerage inc
REBN,"Reborn Coffee, Inc.",0001707910,XNAS,US,"reborn|reborn coffee|reborn coffee, inc."
RECCY,Reece Limited/ADR,0002070570,OOTC,US,reece|reece limited/adr
RECT,Rectitude Holdings Ltd.,0001995116,XNAS,US,rectitude|rectitude holdings ltd.
REDRF,RED CANYON RESOURCES LTD.,0001898404,OOTC,US,red|red canyon|red canyon resources|red canyon resources ltd.
REDW,REDWOOD FINANCIAL INC /MN/,0000942895,OOTC,US,redwood|redwood financial|redwood financial inc /mn/|redwood financial mn
REE,REE Automotive Ltd.,0001843588,XNAS,US,ree|ree automotive|ree automotive ltd.
REECF,Reece Limited/ADR,0002070570,OOTC,US,reece|reece limited/adr
REED,"REED'S, INC.",0001140215,XASE,US,"reed|reed s|reed's, inc."
REEMF,RARE ELEMENT RESOURCES LTD,0001419806,OOTC,US,rare|rare element|rare element resources|rare element resources ltd
REEUF,Cartesian Growth Corp II,0001889112,OOTC,US,cartesian|cartesian growth|cartesian growth corp ii|cartesian growth ii
REEWF,Cartesian Growth Corp II,0001889112,OOTC,US,cartesian|cartesian growth|cartesian growth corp ii|cartesian growth ii
REFI,"Chicago Atlantic Real Estate Finance, Inc.",0001867949,XNAS,US,"chicago|chicago atlantic|chicago atlantic real estate finance|chicago atlantic real estate finance, inc."
REFR,RESEARCH FRONTIERS INC,0000793524,XNAS,US,research|research frontiers|research frontiers inc
REG,REGENCY CENTERS CORP,0000910606,XNAS,US,regency|regency centers|regency centers corp
REGCO,REGENCY CENTERS CORP,0000910606,XNAS,US,regency|regency centers|regency centers corp
REGCP,REGENCY CENTERS CORP,0000910606,XNAS,US,regency|regency centers|regency centers corp
REGN,"REGENERON PHARMACEUTICALS, INC.",0000872589,XNAS,US,"regeneron|regeneron pharmaceuticals|regeneron pharmaceuticals, inc."
REI,"RING ENERGY, INC.",0001384195,XASE,US,"ring|ring energy|ring energy, inc."
REKR,"Rekor Systems, Inc.",0001697851,XNAS,US,"rekor|rekor systems|rekor systems, inc."
RELL,"RICHARDSON ELECTRONICS, LTD.",0000355948,XNAS,US,"richardson|richardson electronics|richardson electronics, ltd."
RELX,RELX PLC,0000929869,XNYS,US,relx|relx plc
RELY,"Remitly Global, Inc.",0001782170,XNAS,US,"remitly|remitly global|remitly global, inc."
RENEF,Cartesian Growth Corp II,0001889112,OOTC,US,cartesian|cartesian growth|cartesian growth corp ii|cartesian growth ii
RENGY,"Rengo Co., Ltd./ADR",0002092252,OOTC,US,"rengo|rengo co., ltd./adr"
RENT,"Rent the Runway, Inc.",0001468327,XNAS,US,"rent|rent runway|rent the runway, inc."
RENX,RenX Enterprises Corp.,0001959023,XNAS,US,renx|renx enterprises|renx enterprises corp.
RENXF,Renalytix plc,0001811115,OOTC,US,renalytix|renalytix plc
REOS,ReoStar Energy CORP,0001335288,OOTC,US,reostar|reostar energy|reostar energy corp
REPL,"Replimune Group, Inc.",0001737953,XNAS,US,"replimune|replimune group, inc."
REPX,"Riley Exploration Permian, Inc.",0001001614,XASE,US,"riley|riley exploration|riley exploration permian|riley exploration permian, inc."
RERE,ATRenew Inc.,0001838957,XNYS,US,atrenew|atrenew inc.
RES,RPC INC,0000742278,XNYS,US,rpc|rpc inc
RETO,"ReTo Eco-Solutions, Inc.",0001687277,XNAS,US,"reto|reto eco|reto eco solutions|reto eco-solutions, inc."
REVB,"REVELATION BIOSCIENCES, INC.",0001810560,XNAS,US,"revelation|revelation biosciences|revelation biosciences, inc."
REVBW,"REVELATION BIOSCIENCES, INC.",0001810560,XNAS,US,"revelation|revelation biosciences|revelation biosciences, inc."
REVFF,Gitennes Exploration Inc.,0001002366,OOTC,US,gitennes|gitennes exploration|gitennes exploration inc.
REX,REX AMERICAN RESOURCES Corp,0000744187,XNYS,US,rex|rex american|rex american resources|rex american resources corp
REXR,"Rexford Industrial Realty, Inc.",0001571283,XNYS,US,"rexford|rexford industrial|rexford industrial realty|rexford industrial realty, inc."
REYN,Reynolds Consumer Products Inc.,0001786431,XNAS,US,reynolds|reynolds consumer|reynolds consumer products|reynolds consumer products inc.
REZI,"RESIDEO TECHNOLOGIES, INC.",0001740332,XNYS,US,"resideo|resideo technologies|resideo technologies, inc."
RF,REGIONS FINANCIAL CORP,0001281761,XNYS,US,regions|regions financial|regions financial corp
RFAI,RF Acquisition Corp II,0002012807,XNAS,US,rf|rf acquisition|rf acquisition corp ii|rf acquisition ii
RFAIR,RF Acquisition Corp II,0002012807,XNAS,US,rf|rf acquisition|rf acquisition corp ii|rf acquisition ii
RFAIU,RF Acquisition Corp II,0002012807,XNAS,US,rf|rf acquisition|rf acquisition corp ii|rf acquisition ii
RFAM,RF Acquisition Corp III,0002091712,XNAS,US,rf|rf acquisition|rf acquisition corp iii|rf acquisition iii
RFAMR,RF Acquisition Corp III,0002091712,XNAS,US,rf|rf acquisition|rf acquisition corp iii|rf acquisition iii
RFAMU,RF Acquisition Corp III,0002091712,XNAS,US,rf|rf acquisition|rf acquisition corp iii|rf acquisition iii
RFI,COHEN & STEERS TOTAL RETURN REALTY FUND INC,0000891290,XNYS,US,cohen|cohen & steers total return realty fund inc|cohen steers|cohen steers total return realty fund
RFIL,R F INDUSTRIES LTD,0000740664,XNAS,US,r f|r f industries|r f industries ltd
RFL,"Rafael Holdings, Inc.",0001713863,XNYS,US,"rafael|rafael holdings, inc."
RFM,"RiverNorth Flexible Municipal Income Fund, Inc.",0001790177,XNYS,US,"rivernorth|rivernorth flexible|rivernorth flexible municipal income fund|rivernorth flexible municipal income fund, inc."
RFMZ,"RiverNorth Flexible Municipal Income Fund II, Inc.",0001817159,XNYS,US,"rivernorth|rivernorth flexible|rivernorth flexible municipal income fund ii|rivernorth flexible municipal income fund ii, inc."
RGA,REINSURANCE GROUP OF AMERICA INC,0000898174,XNYS,US,reinsurance|reinsurance group of america inc|reinsurance of|reinsurance of america
RGBP,Regen BioPharma Inc,0001589150,OOTC,US,regen|regen biopharma|regen biopharma inc
RGBPP,Regen BioPharma Inc,0001589150,OOTC,US,regen|regen biopharma|regen biopharma inc
RGC,Regencell Bioscience Holdings Ltd,0001829667,XNAS,US,regencell|regencell bioscience|regencell bioscience holdings ltd
RGCCF,Relevant Gold Corp.,0001918151,OOTC,US,relevant|relevant gold|relevant gold corp.
RGCO,RGC RESOURCES INC,0001069533,XNAS,US,rgc|rgc resources|rgc resources inc
RGEN,REPLIGEN CORP,0000730272,XNAS,US,repligen|repligen corp
RGLD,ROYAL GOLD INC,0000085535,XNAS,US,royal|royal gold|royal gold inc
RGNT,REGENTIS BIOMATERIALS LTD.,0001912966,XASE,US,regentis|regentis biomaterials|regentis biomaterials ltd.
RGNX,REGENXBIO Inc.,0001590877,XNAS,US,regenxbio|regenxbio inc.
RGP,"RESOURCES CONNECTION, INC.",0001084765,XNAS,US,"resources|resources connection|resources connection, inc."
RGR,STURM RUGER & CO INC,0000095029,XNYS,US,sturm|sturm ruger|sturm ruger & co inc
RGS,REGIS CORP,0000716643,XNAS,US,regis|regis corp
RGT,"ROYCE GLOBAL TRUST, INC.",0001514490,XNYS,US,"royce|royce global|royce global trust, inc."
RGTI,"Rigetti Computing, Inc.",0001838359,XNAS,US,"rigetti|rigetti computing|rigetti computing, inc."
RGTIW,"Rigetti Computing, Inc.",0001838359,XNAS,US,"rigetti|rigetti computing|rigetti computing, inc."
RH,RH,0001528849,XNYS,US,rh
RHEP,"REGIONAL HEALTH PROPERTIES, INC",0001004724,OOTC,US,"regional|regional health|regional health properties|regional health properties, inc"
RHEPA,"REGIONAL HEALTH PROPERTIES, INC",0001004724,OOTC,US,"regional|regional health|regional health properties|regional health properties, inc"
RHEPB,"REGIONAL HEALTH PROPERTIES, INC",0001004724,OOTC,US,"regional|regional health|regional health properties|regional health properties, inc"
RHEPZ,"REGIONAL HEALTH PROPERTIES, INC",0001004724,OOTC,US,"regional|regional health|regional health properties|regional health properties, inc"
RHI,ROBERT HALF INC.,0000315213,XNYS,US,robert|robert half|robert half inc.
RHLD,"Resolute Holdings Management, Inc.",0002039497,XNYS,US,"resolute|resolute holdings management, inc.|resolute management"
RHNO,RHINO BITCOIN INC.,0001785493,OOTC,US,rhino|rhino bitcoin|rhino bitcoin inc.
RHP,"Ryman Hospitality Properties, Inc.",0001040829,XNYS,US,"ryman|ryman hospitality|ryman hospitality properties|ryman hospitality properties, inc."
RIBB,Ribbon Acquisition Corp.,0002035016,XNAS,US,ribbon|ribbon acquisition|ribbon acquisition corp.
RIBBR,Ribbon Acquisition Corp.,0002035016,XNAS,US,ribbon|ribbon acquisition|ribbon acquisition corp.
RIBBU,Ribbon Acquisition Corp.,0002035016,XNAS,US,ribbon|ribbon acquisition|ribbon acquisition corp.
RICK,"RCI HOSPITALITY HOLDINGS, INC.",0000935419,XNAS,US,"rci|rci hospitality|rci hospitality holdings, inc."
RIG,Transocean Ltd.,0001451505,XNYS,US,transocean|transocean ltd.
RIGL,RIGEL PHARMACEUTICALS INC,0001034842,XNAS,US,rigel|rigel pharmaceuticals|rigel pharmaceuticals inc
RILY,"BRC Group Holdings, Inc.",0001464790,XNAS,US,"brc|brc group holdings, inc."
RILYG,"BRC Group Holdings, Inc.",0001464790,XNAS,US,"brc|brc group holdings, inc."
RILYL,"BRC Group Holdings, Inc.",0001464790,XNAS,US,"brc|brc group holdings, inc."
RILYN,"BRC Group Holdings, Inc.",0001464790,XNAS,US,"brc|brc group holdings, inc."
RILYP,"BRC Group Holdings, Inc.",0001464790,XNAS,US,"brc|brc group holdings, inc."
RILYT,"BRC Group Holdings, Inc.",0001464790,XNAS,US,"brc|brc group holdings, inc."
RILYZ,"BRC Group Holdings, Inc.",0001464790,XNAS,US,"brc|brc group holdings, inc."
RIME,"Algorhythm Holdings, Inc.",0000923601,XNAS,US,"algorhythm|algorhythm holdings, inc."
RIO,RIO TINTO PLC,0000863064,XNYS,US,rio|rio tinto|rio tinto plc
RIOFF,Rio2 Ltd,0001743235,OOTC,US,rio2|rio2 ltd
RIOT,"Riot Platforms, Inc.",0001167419,XNAS,US,"riot|riot platforms|riot platforms, inc."
RITE,MINERALRITE Corp,0001096296,OOTC,US,mineralrite|mineralrite corp
RITM,Rithm Capital Corp.,0001556593,XNYS,US,rithm|rithm capital|rithm capital corp.
RITR,Reitar Logtech Holdings Ltd,0001951229,XNAS,US,reitar|reitar logtech|reitar logtech holdings ltd
RIV,"RIVERNORTH OPPORTUNITIES FUND, INC.",0001501072,XNYS,US,"rivernorth|rivernorth opportunities|rivernorth opportunities fund|rivernorth opportunities fund, inc."
RIVN,"Rivian Automotive, Inc. / DE",0001874178,XNAS,US,"rivian|rivian automotive|rivian automotive de|rivian automotive, inc. / de"
RJET,REPUBLIC AIRWAYS HOLDINGS INC.,0000810332,XNAS,US,republic|republic airways|republic airways holdings inc.
RJF,RAYMOND JAMES FINANCIAL INC,0000720005,XNYS,US,raymond|raymond james|raymond james financial|raymond james financial inc
RKDA,"Arcadia Biosciences, Inc.",0001469443,XNAS,US,"arcadia|arcadia biosciences|arcadia biosciences, inc."
RKGRY,RENK Group AG/ADR,0002093907,OOTC,US,renk|renk group ag/adr
RKHNF,ROCKHAVEN RESOURCES LTD,0001422532,OOTC,US,rockhaven|rockhaven resources|rockhaven resources ltd
RKLB,Rocket Lab Corp,0001819994,XNAS,US,rocket|rocket lab|rocket lab corp
RKLIF,RENTOKIL INITIAL PLC /FI,0000930157,OOTC,US,rentokil|rentokil initial|rentokil initial fi|rentokil initial plc /fi
RKT,"Rocket Companies, Inc.",0001805284,XNYS,US,"rocket|rocket companies|rocket companies, inc."
RKWAF,Rockwool A/S/ADR,0001969729,OOTC,US,rockwool|rockwool a|rockwool a s|rockwool a/s/adr
RKWBF,Rockwool A/S/ADR,0001969729,OOTC,US,rockwool|rockwool a|rockwool a s|rockwool a/s/adr
RL,RALPH LAUREN CORP,0001037038,XNYS,US,ralph|ralph lauren|ralph lauren corp
RLAY,"Relay Therapeutics, Inc.",0001812364,XNAS,US,"relay|relay therapeutics|relay therapeutics, inc."
RLBY,RELIABILITY INC,0000034285,OOTC,US,reliability|reliability inc
RLEA,Rubber Leaf Inc,0001893657,OOTC,US,rubber|rubber leaf|rubber leaf inc
RLFTF,MindMaze Therapeutics Holding SA,0001854078,OOTC,US,mindmaze|mindmaze therapeutics|mindmaze therapeutics holding sa
RLFTY,MindMaze Therapeutics Holding SA,0001854078,OOTC,US,mindmaze|mindmaze therapeutics|mindmaze therapeutics holding sa
RLGT,"RADIANT LOGISTICS, INC",0001171155,XASE,US,"radiant|radiant logistics|radiant logistics, inc"
RLI,RLI CORP,0000084246,XNYS,US,rli|rli corp
RLJ,RLJ Lodging Trust,0001511337,XNYS,US,rlj|rlj lodging|rlj lodging trust
RLMD,"RELMADA THERAPEUTICS, INC.",0001553643,XNAS,US,"relmada|relmada therapeutics|relmada therapeutics, inc."
RLMLF,RESOLUTION MINERALS LTD/ADR,0002086869,OOTC,US,resolution|resolution minerals|resolution minerals ltd/adr
RLNDF,RoyaLand Co Ltd.,0001924064,OOTC,US,royaland|royaland co ltd.
RLTY,Cohen & Steers Real Estate Opportunities & Income Fund,0001866874,XNYS,US,cohen|cohen & steers real estate opportunities & income fund|cohen steers|cohen steers real estate opportunities income fund
RLX,RLX Technology Inc.,0001828365,XNYS,US,rlx|rlx technology|rlx technology inc.
RLXXF,RELX PLC,0000929869,OOTC,US,relx|relx plc
RLYB,Rallybio Corp,0001739410,XNAS,US,rallybio|rallybio corp
RM,Regional Management Corp.,0001519401,XNYS,US,regional|regional management|regional management corp.
RMAX,"RE/MAX Holdings, Inc.",0001581091,XNYS,US,"re|re max|re/max holdings, inc."
RMBI,"Richmond Mutual Bancorporation, Inc.",0001767837,XNAS,US,"richmond|richmond mutual|richmond mutual bancorporation|richmond mutual bancorporation, inc."
RMBS,RAMBUS INC,0000917273,XNAS,US,rambus|rambus inc
RMCF,"Rocky Mountain Chocolate Factory, Inc.",0001616262,XNAS,US,"rocky|rocky mountain|rocky mountain chocolate factory|rocky mountain chocolate factory, inc."
RMCO,Royalty Management Holding Corp,0001843656,XNAS,US,royalty|royalty management|royalty management holding corp
RMCOW,Royalty Management Holding Corp,0001843656,XNAS,US,royalty|royalty management|royalty management holding corp
RMD,RESMED INC,0000943819,XNYS,US,resmed|resmed inc
RMESF,"RED METAL RESOURCES, LTD.",0001358654,OOTC,US,"red|red metal|red metal resources|red metal resources, ltd."
RMHI,"Retrieve Medical Holdings, Inc.",0001452804,OOTC,US,"retrieve|retrieve medical|retrieve medical holdings, inc."
RMI,"RiverNorth Opportunistic Municipal Income Fund, Inc.",0001746967,XNYS,US,"rivernorth|rivernorth opportunistic|rivernorth opportunistic municipal income fund|rivernorth opportunistic municipal income fund, inc."
RMIX,"Suncrete, Inc.",0002094433,XNAS,US,"suncrete|suncrete, inc."
RMM,"RiverNorth Managed Duration Municipal Income Fund, Inc.",0001771226,XNYS,US,"rivernorth|rivernorth managed|rivernorth managed duration municipal income fund|rivernorth managed duration municipal income fund, inc."
RMMZ,"RiverNorth Managed Duration Municipal Income Fund II, Inc.",0001870833,XNYS,US,"rivernorth|rivernorth managed|rivernorth managed duration municipal income fund ii|rivernorth managed duration municipal income fund ii, inc."
RMNI,"Rimini Street, Inc.",0001635282,XNAS,US,"rimini|rimini street|rimini street, inc."
RMR,RMR GROUP INC.,0001644378,XNAS,US,rmr|rmr group inc.
RMSG,Real Messenger Corp,0001983324,XNAS,US,real|real messenger|real messenger corp
RMSGW,Real Messenger Corp,0001983324,XNAS,US,real|real messenger|real messenger corp
RMSL,RemSleep Holdings Inc.,0001412126,OOTC,US,remsleep|remsleep holdings inc.
RMT,"ROYCE MICRO-CAP TRUST, INC.",0000912147,XNYS,US,"royce|royce micro|royce micro cap|royce micro-cap trust, inc."
RMTG,Regenerative Medical Technology Group Inc.,0001760026,OOTC,US,regenerative|regenerative medical|regenerative medical technology|regenerative medical technology group inc.
RMTHF,MAGIC SOFTWARE ENTERPRISES LTD,0000876779,OOTC,US,magic|magic software|magic software enterprises|magic software enterprises ltd
RMTI,"ROCKWELL MEDICAL, INC.",0001041024,XNAS,US,"rockwell|rockwell medical|rockwell medical, inc."
RMVEY,Rightmove PLC/ADR,0001516536,OOTC,US,rightmove|rightmove plc/adr
RMXI,"RMX INDUSTRIES, INC.",0001970743,OOTC,US,"rmx|rmx industries|rmx industries, inc."
RNA,"Atrium Therapeutics, Inc.",0002093101,XNAS,US,"atrium|atrium therapeutics|atrium therapeutics, inc."
RNAC,"Cartesian Therapeutics, Inc.",0001453687,XNAS,US,"cartesian|cartesian therapeutics|cartesian therapeutics, inc."
RNAZ,"Transcode Therapeutics, Inc.",0001829635,XNAS,US,"transcode|transcode therapeutics|transcode therapeutics, inc."
RNG,"RingCentral, Inc.",0001384905,XNYS,US,"ringcentral|ringcentral, inc."
RNGC,Ranger Gold Corp.,0001434740,OOTC,US,ranger|ranger gold|ranger gold corp.
RNGE,"RANGE IMPACT, INC.",0001438943,OOTC,US,"range|range impact|range impact, inc."
RNGOF,"Rengo Co., Ltd./ADR",0002092252,OOTC,US,"rengo|rengo co., ltd./adr"
RNGR,"Ranger Energy Services, Inc.",0001699039,XNYS,US,"ranger|ranger energy|ranger energy services|ranger energy services, inc."
RNGT,Range Capital Acquisition Corp II,0002078653,XNAS,US,range|range capital|range capital acquisition corp ii|range capital acquisition ii
RNGTU,Range Capital Acquisition Corp II,0002078653,XNAS,US,range|range capital|range capital acquisition corp ii|range capital acquisition ii
RNGTW,Range Capital Acquisition Corp II,0002078653,XNAS,US,range|range capital|range capital acquisition corp ii|range capital acquisition ii
RNKGF,RENK Group AG/ADR,0002093907,OOTC,US,renk|renk group ag/adr
RNLXY,Renalytix plc,0001811115,OOTC,US,renalytix|renalytix plc
RNP,COHEN & STEERS REIT & PREFERRED & INCOME FUND INC,0001224450,XNYS,US,cohen|cohen & steers reit & preferred & income fund inc|cohen steers|cohen steers reit preferred income fund
RNR,RENAISSANCERE HOLDINGS LTD,0000913144,XNYS,US,renaissancere|renaissancere holdings ltd
RNST,RENASANT CORP,0000715072,XNYS,US,renasant|renasant corp
RNTX,"Rein Therapeutics, Inc.",0001420565,XNAS,US,"rein|rein therapeutics|rein therapeutics, inc."
RNW,ReNew Energy Global plc,0001848763,XNAS,US,renew|renew energy|renew energy global|renew energy global plc
RNWWW,ReNew Energy Global plc,0001848763,XNAS,US,renew|renew energy|renew energy global|renew energy global plc
RNXT,"RenovoRx, Inc.",0001574094,XNAS,US,"renovorx|renovorx, inc."
ROAD,"Construction Partners, Inc.",0001718227,XNAS,US,"construction|construction partners|construction partners, inc."
ROC,Rank One Computing Corp,0002077709,XNAS,US,rank|rank one|rank one computing|rank one computing corp
ROCK,"GIBRALTAR INDUSTRIES, INC.",0000912562,XNAS,US,"gibraltar|gibraltar industries|gibraltar industries, inc."
ROG,ROGERS CORP,0000084748,XNYS,US,rogers|rogers corp
ROIUF,Route1 Inc.,0001736289,OOTC,US,route1|route1 inc.
ROIV,Roivant Sciences Ltd.,0001635088,XNAS,US,roivant|roivant sciences|roivant sciences ltd.
ROK,"ROCKWELL AUTOMATION, INC",0001024478,XNYS,US,"rockwell|rockwell automation|rockwell automation, inc"
ROKU,"ROKU, INC",0001428439,XNAS,US,"roku|roku, inc"
ROL,ROLLINS INC,0000084839,XNYS,US,rollins|rollins inc
ROLR,"High Roller Technologies, Inc.",0001947210,XASE,US,"high|high roller|high roller technologies|high roller technologies, inc."
ROMA,Roma Green Finance Ltd,0001945240,XNAS,US,roma|roma green|roma green finance|roma green finance ltd
ROMJF,Rubicon Organics Inc.,0001742195,OOTC,US,rubicon|rubicon organics|rubicon organics inc.
ROOT,"Root, Inc.",0001788882,XNAS,US,"root|root, inc."
ROP,ROPER TECHNOLOGIES INC,0000882835,XNAS,US,roper|roper technologies|roper technologies inc
ROST,"ROSS STORES, INC.",0000745732,XNAS,US,"ross|ross stores|ross stores, inc."
ROYL,"Royale Energy, Inc.",0001694617,OOTC,US,"royale|royale energy|royale energy, inc."
RPAY,Repay Holdings Corp,0001720592,XNAS,US,repay|repay holdings corp
RPC,"Ridgepost Capital, Inc.",0001841968,XNYS,US,"ridgepost|ridgepost capital|ridgepost capital, inc."
RPD,"Rapid7, Inc.",0001560327,XNAS,US,"rapid7|rapid7, inc."
RPDL,Rapid Line Inc.,0001910975,OOTC,US,rapid|rapid line|rapid line inc.
RPGL,Republic Power Group Ltd,0001912884,XNAS,US,republic|republic power|republic power group ltd
RPID,"RAPID MICRO BIOSYSTEMS, INC.",0001380106,XNAS,US,"rapid|rapid micro|rapid micro biosystems|rapid micro biosystems, inc."
RPM,RPM INTERNATIONAL INC/DE/,0000110621,XNYS,US,rpm|rpm international|rpm international de|rpm international inc/de/
RPMT,"REGO PAYMENT ARCHITECTURES, INC.",0001437283,OOTC,US,"rego|rego payment|rego payment architectures|rego payment architectures, inc."
RPRX,Royalty Pharma plc,0001802768,XNAS,US,royalty|royalty pharma|royalty pharma plc
RPT,Rithm Property Trust Inc.,0001614806,XNYS,US,rithm|rithm property|rithm property trust inc.
RQI,COHEN & STEERS QUALITY INCOME REALTY FUND INC,0001157842,XNYS,US,cohen|cohen & steers quality income realty fund inc|cohen steers|cohen steers quality income realty fund
RR,RICHTECH ROBOTICS INC.,0001963685,XNAS,US,richtech|richtech robotics|richtech robotics inc.
RRBI,RED RIVER BANCSHARES INC,0001071236,XNAS,US,red|red river|red river bancshares|red river bancshares inc
RRC,RANGE RESOURCES CORP,0000315852,XNYS,US,range|range resources|range resources corp
RREVU,RRE Ventures Acquisition Corp.,0002123969,XNAS,US,rre|rre ventures|rre ventures acquisition|rre ventures acquisition corp.
RRGB,RED ROBIN GOURMET BURGERS INC,0001171759,XNAS,US,red|red robin|red robin gourmet burgers|red robin gourmet burgers inc
RRR,"Red Rock Resorts, Inc.",0001653653,XNAS,US,"red|red rock|red rock resorts|red rock resorts, inc."
RRX,REGAL REXNORD CORP,0000082811,XNYS,US,regal|regal rexnord|regal rexnord corp
RS,"RELIANCE, INC.",0000861884,XNYS,US,"reliance|reliance, inc."
RSCF,"REFLECT SCIENTIFIC, INC.",0001103090,OOTC,US,"reflect|reflect scientific|reflect scientific, inc."
RSF,"RiverNorth Capital & Income Fund, Inc.",0001644771,XNYS,US,"rivernorth|rivernorth capital|rivernorth capital & income fund, inc.|rivernorth capital income fund"
RSG,"REPUBLIC SERVICES, INC.",0001060391,XNYS,US,"republic|republic services|republic services, inc."
RSGLF,Rocky Shore Gold Ltd.,0001683408,OOTC,US,rocky|rocky shore|rocky shore gold|rocky shore gold ltd.
RSHGY,RESONA HOLDINGS INC,0001447391,OOTC,US,resona|resona holdings inc
RSI,"Rush Street Interactive, Inc.",0001793659,XNYS,US,"rush|rush street|rush street interactive|rush street interactive, inc."
RSKD,RISKIFIED LTD.,0001851112,XNYS,US,riskified|riskified ltd.
RSKIA,"GEORGE RISK INDUSTRIES, INC.",0000084112,OOTC,US,"george|george risk|george risk industries|george risk industries, inc."
RSMDF,RESMED INC,0000943819,OOTC,US,resmed|resmed inc
RSMIY,RESOLUTION MINERALS LTD/ADR,0002086869,OOTC,US,resolution|resolution minerals|resolution minerals ltd/adr
RSMXF,Regency Silver Corp.,0001858994,OOTC,US,regency|regency silver|regency silver corp.
RSNHF,RESONA HOLDINGS INC,0001447391,OOTC,US,resona|resona holdings inc
RSRV,RESERVE PETROLEUM CO,0000083350,OOTC,US,reserve|reserve petroleum|reserve petroleum co
RSSS,"Research Solutions, Inc.",0001386301,XNAS,US,"research|research solutions|research solutions, inc."
RSTRF,Restaurant Brands International Limited Partnership,0001618755,OOTC,US,restaurant|restaurant brands|restaurant brands international limited partnership|restaurant brands international partnership
RSVR,"Reservoir Media, Inc.",0001824403,XNAS,US,"reservoir|reservoir media|reservoir media, inc."
RSVRW,"Reservoir Media, Inc.",0001824403,XNAS,US,"reservoir|reservoir media|reservoir media, inc."
RTAC,Renatus Tactical Acquisition Corp I,0002035173,XNAS,US,renatus|renatus tactical|renatus tactical acquisition corp i|renatus tactical acquisition i
RTACU,Renatus Tactical Acquisition Corp I,0002035173,XNAS,US,renatus|renatus tactical|renatus tactical acquisition corp i|renatus tactical acquisition i
RTACW,Renatus Tactical Acquisition Corp I,0002035173,XNAS,US,renatus|renatus tactical|renatus tactical acquisition corp i|renatus tactical acquisition i
RTB,RYVYL Inc.,0001419275,XNAS,US,ryvyl|ryvyl inc.
RTCJF,Baijiayun Group Ltd,0001381074,OOTC,US,baijiayun|baijiayun group ltd
RTEZ,REST EZ Inc.,0001733861,OOTC,US,rest|rest ez|rest ez inc.
RTGN,RetinalGenix Technologies Inc.,0001836295,OOTC,US,retinalgenix|retinalgenix technologies|retinalgenix technologies inc.
RTMVF,Rightmove PLC/ADR,0001516536,OOTC,US,rightmove|rightmove plc/adr
RTNTF,RIO TINTO LTD,0000887028,OOTC,US,rio|rio tinto|rio tinto ltd
RTO,RENTOKIL INITIAL PLC /FI,0000930157,XNYS,US,rentokil|rentokil initial|rentokil initial fi|rentokil initial plc /fi
RTON,"Right On Brands, Inc.",0001580262,OOTC,US,"right|right on|right on brands|right on brands, inc."
RTPPF,RIO TINTO PLC,0000863064,OOTC,US,rio|rio tinto|rio tinto plc
RTX,RTX Corp,0000101829,XNYS,US,rtx|rtx corp
RUBI,Rubico Inc.,0001943421,XNAS,US,rubico|rubico inc.
RUM,Rumble Inc.,0001830081,XNAS,US,rumble|rumble inc.
RUMBW,Rumble Inc.,0001830081,XNAS,US,rumble|rumble inc.
RUN,Sunrun Inc.,0001469367,XNAS,US,sunrun|sunrun inc.
RUPRF,RUPERT RESOURCES LTD,0001010000,OOTC,US,rupert|rupert resources|rupert resources ltd
RUSHA,RUSH ENTERPRISES INC TX,0001012019,XNAS,US,rush|rush enterprises|rush enterprises inc tx|rush enterprises tx
RUSHB,RUSH ENTERPRISES INC TX,0001012019,XNAS,US,rush|rush enterprises|rush enterprises inc tx|rush enterprises tx
RVI,Robinhood Ventures Fund I,0002085091,XNYS,US,robinhood|robinhood ventures|robinhood ventures fund i
RVLGF,Revival Gold Inc.,0001616885,OOTC,US,revival|revival gold|revival gold inc.
RVLV,"Revolve Group, Inc.",0001746618,XNYS,US,"revolve|revolve group, inc."
RVMD,"Revolution Medicines, Inc.",0001628171,XNAS,US,"revolution|revolution medicines|revolution medicines, inc."
RVMDW,"Revolution Medicines, Inc.",0001628171,XNAS,US,"revolution|revolution medicines|revolution medicines, inc."
RVP,RETRACTABLE TECHNOLOGIES INC,0000946563,XASE,US,retractable|retractable technologies|retractable technologies inc
RVPH,"REVIVA PHARMACEUTICALS HOLDINGS, INC.",0001742927,OOTC,US,"reviva|reviva pharmaceuticals|reviva pharmaceuticals holdings, inc."
RVRC,Revium Rx.,0001839140,OOTC,US,revium|revium rx|revium rx.
RVRF,River Financial Corp,0001641601,OOTC,US,river|river financial|river financial corp
RVSB,RIVERVIEW BANCORP INC,0001041368,XNAS,US,riverview|riverview bancorp|riverview bancorp inc
RVSN,Rail Vision Ltd.,0001743905,XNAS,US,rail|rail vision|rail vision ltd.
RVSNW,Rail Vision Ltd.,0001743905,XNAS,US,rail|rail vision|rail vision ltd.
RVT,"ROYCE SMALL-CAP TRUST, INC.",0000804116,XNYS,US,"royce|royce small|royce small cap|royce small-cap trust, inc."
RVTY,"REVVITY, INC.",0000031791,XNYS,US,"revvity|revvity, inc."
RWAX,"TAP REAL ESTATE TECHNOLOGIES, INC.",0001119190,OOTC,US,"tap|tap real|tap real estate technologies|tap real estate technologies, inc."
RWAY,Runway Growth Finance Corp.,0001653384,XNAS,US,runway|runway growth|runway growth finance|runway growth finance corp.
RWAYI,Runway Growth Finance Corp.,0001653384,XNAS,US,runway|runway growth|runway growth finance|runway growth finance corp.
RWAYL,Runway Growth Finance Corp.,0001653384,XNAS,US,runway|runway growth|runway growth finance|runway growth finance corp.
RWT,REDWOOD TRUST INC,0000930236,XNYS,US,redwood|redwood trust inc
RWTN,REDWOOD TRUST INC,0000930236,XNYS,US,redwood|redwood trust inc
RWTO,REDWOOD TRUST INC,0000930236,XNYS,US,redwood|redwood trust inc
RWTP,REDWOOD TRUST INC,0000930236,XNYS,US,redwood|redwood trust inc
RWTQ,REDWOOD TRUST INC,0000930236,XNYS,US,redwood|redwood trust inc
RXO,"RXO, Inc.",0001929561,XNYS,US,"rxo|rxo, inc."
RXRX,"RECURSION PHARMACEUTICALS, INC.",0001601830,XNAS,US,"recursion|recursion pharmaceuticals|recursion pharmaceuticals, inc."
RXST,"RxSight, Inc.",0001111485,XNAS,US,"rxsight|rxsight, inc."
RXT,"Rackspace Technology, Inc.",0001810019,XNAS,US,"rackspace|rackspace technology|rackspace technology, inc."
RY,ROYAL BANK OF CANADA,0001000275,XNYS,US,royal|royal bank|royal bank of canada
RYAAY,RYANAIR HOLDINGS PLC,0001038683,XNAS,US,ryanair|ryanair holdings plc
RYAM,RAYONIER ADVANCED MATERIALS INC.,0001597672,XNYS,US,rayonier|rayonier advanced|rayonier advanced materials|rayonier advanced materials inc.
RYAN,"RYAN SPECIALTY HOLDINGS, INC.",0001849253,XNYS,US,"ryan|ryan specialty|ryan specialty holdings, inc."
RYAOF,RYANAIR HOLDINGS PLC,0001038683,OOTC,US,ryanair|ryanair holdings plc
RYDAF,Shell plc,0001306965,OOTC,US,shell|shell plc
RYDE,Ryde Group Ltd,0001971115,XASE,US,ryde|ryde group ltd
RYES,Rise Gold Corp.,0001424864,OOTC,US,rise|rise gold|rise gold corp.
RYET,Ruanyun Edai Technology Inc.,0001873454,XNAS,US,ruanyun|ruanyun edai|ruanyun edai technology|ruanyun edai technology inc.
RYKKF,Ryohin Keikaku Co/ADR,0001592049,OOTC,US,ryohin|ryohin keikaku|ryohin keikaku co/adr
RYLBF,ROYAL BANK OF CANADA,0001000275,OOTC,US,royal|royal bank|royal bank of canada
RYLPF,KONINKLIJKE PHILIPS NV,0000313216,OOTC,US,koninklijke|koninklijke philips|koninklijke philips nv
RYM,"RYTHM, Inc.",0001800637,XNAS,US,"rythm|rythm, inc."
RYN,RAYONIER INC,0000052827,XNYS,US,rayonier|rayonier inc
RYOJ,"rYojbaba Co., Ltd.",0002012600,XNAS,US,"ryojbaba|ryojbaba co., ltd."
RYOOF,Rio Silver Inc.,0001683274,OOTC,US,rio|rio silver|rio silver inc.
RYTM,"RHYTHM PHARMACEUTICALS, INC.",0001649904,XNAS,US,"rhythm|rhythm pharmaceuticals|rhythm pharmaceuticals, inc."
RYZ,Ryerson Holding Corp,0001481582,XNYS,US,ryerson|ryerson holding corp
RZB,REINSURANCE GROUP OF AMERICA INC,0000898174,XNYS,US,reinsurance|reinsurance group of america inc|reinsurance of|reinsurance of america
RZC,REINSURANCE GROUP OF AMERICA INC,0000898174,XNYS,US,reinsurance|reinsurance group of america inc|reinsurance of|reinsurance of america
RZLT,"Rezolute, Inc.",0001509261,XNAS,US,"rezolute|rezolute, inc."
RZLV,REZOLVE AI PLC,0001920294,XNAS,US,rezolve|rezolve ai|rezolve ai plc
RZLVW,REZOLVE AI PLC,0001920294,XNAS,US,rezolve|rezolve ai|rezolve ai plc
S,"SentinelOne, Inc.",0001583708,XNYS,US,"sentinelone|sentinelone, inc."
SA,SEABRIDGE GOLD INC,0001231346,XNYS,US,seabridge|seabridge gold|seabridge gold inc
SAABF,Saab AB/ADR,0001770114,OOTC,US,saab|saab ab|saab ab/adr
SAAQ,Space Asset Acquisition Corp.,0002091222,XNAS,US,space|space asset|space asset acquisition|space asset acquisition corp.
SAAQU,Space Asset Acquisition Corp.,0002091222,XNAS,US,space|space asset|space asset acquisition|space asset acquisition corp.
SAAQW,Space Asset Acquisition Corp.,0002091222,XNAS,US,space|space asset|space asset acquisition|space asset acquisition corp.
SABA,Saba Capital Income & Opportunities Fund II,0000828803,XNYS,US,saba|saba capital|saba capital income & opportunities fund ii|saba capital income opportunities fund ii
SABOF,Sabio Holdings Inc.,0001896752,OOTC,US,sabio|sabio holdings inc.
SABR,Sabre Corp,0001597033,XNAS,US,sabre|sabre corp
SABS,"SAB Biotherapeutics, Inc.",0001833214,XNAS,US,"sab|sab biotherapeutics|sab biotherapeutics, inc."
SABSW,"SAB Biotherapeutics, Inc.",0001833214,XNAS,US,"sab|sab biotherapeutics|sab biotherapeutics, inc."
SAC,Safeguard Acquisition Corp.,0002082844,XNYS,US,safeguard|safeguard acquisition|safeguard acquisition corp.
SACH,Sachem Capital Corp.,0001682220,XASE,US,sachem|sachem capital|sachem capital corp.
SAFE,Safehold Inc.,0001095651,XNYS,US,safehold|safehold inc.
SAFT,SAFETY INSURANCE GROUP INC,0001172052,XNAS,US,safety|safety insurance|safety insurance group inc
SAFX,"XCF Global, Inc.",0002019793,XNAS,US,"xcf|xcf global|xcf global, inc."
SAGGF,Sterling Metals Corp.,0001727370,OOTC,US,sterling|sterling metals|sterling metals corp.
SAGT,SAGTEC GLOBAL Ltd,0002029138,XNAS,US,sagtec|sagtec global|sagtec global ltd
SAH,SONIC AUTOMOTIVE INC,0001043509,XNYS,US,sonic|sonic automotive|sonic automotive inc
SAIA,SAIA INC,0001177702,XNAS,US,saia|saia inc
SAIC,Science Applications International Corp,0001571123,XNAS,US,science|science applications|science applications international|science applications international corp
SAIH,SAIHEAT Ltd,0001847075,XNAS,US,saiheat|saiheat ltd
SAIHW,SAIHEAT Ltd,0001847075,XNAS,US,saiheat|saiheat ltd
SAIL,"SailPoint, Inc.",0002030781,XNAS,US,"sailpoint|sailpoint, inc."
SAJ,SARATOGA INVESTMENT CORP.,0001377936,XNYS,US,saratoga|saratoga investment|saratoga investment corp.
SALM,"SALEM MEDIA GROUP, INC. /DE/",0001050606,OOTC,US,"salem|salem media|salem media de|salem media group, inc. /de/"
SAM,BOSTON BEER CO INC,0000949870,XNYS,US,boston|boston beer|boston beer co inc
SAMG,Silvercrest Asset Management Group Inc.,0001549966,XNAS,US,silvercrest|silvercrest asset|silvercrest asset management|silvercrest asset management group inc.
SAN,"Banco Santander, S.A.",0000891478,XNYS,US,"banco|banco santander|banco santander, s.a."
SANA,"Sana Biotechnology, Inc.",0001770121,XNAS,US,"sana|sana biotechnology|sana biotechnology, inc."
SANG,Sangoma Technologies Corp,0001753368,XNAS,US,sangoma|sangoma technologies|sangoma technologies corp
SANM,SANMINA CORP,0000897723,XNAS,US,sanmina|sanmina corp
SAP,SAP SE,0001000184,XNYS,US,sap|sap se
SAPGF,SAP SE,0001000184,OOTC,US,sap|sap se
SAPIF,Saputo Inc./ADR,0002072563,OOTC,US,saputo|saputo inc./adr
SAR,SARATOGA INVESTMENT CORP.,0001377936,XNYS,US,saratoga|saratoga investment|saratoga investment corp.
SARO,"StandardAero, Inc.",0002025410,XNYS,US,"standardaero|standardaero, inc."
SASOF,SASOL LTD,0000314590,OOTC,US,sasol|sasol ltd
SAT,SARATOGA INVESTMENT CORP.,0001377936,XNYS,US,saratoga|saratoga investment|saratoga investment corp.
SATA,"Strive, Inc.",0001920406,XNAS,US,"strive|strive, inc."
SATL,Satellogic Inc.,0001874315,XNAS,US,satellogic|satellogic inc.
SATLF,"Start Today Co., Ltd./ADR",0001679920,OOTC,US,"start|start today|start today co., ltd./adr"
SATLW,Satellogic Inc.,0001874315,XNAS,US,satellogic|satellogic inc.
SATS,EchoStar CORP,0001415404,XNAS,US,echostar|echostar corp
SATT,SATIVUS TECH CORP.,0001661600,OOTC,US,sativus|sativus tech|sativus tech corp.
SAV,SARATOGA INVESTMENT CORP.,0001377936,XNYS,US,saratoga|saratoga investment|saratoga investment corp.
SAXPF,Sampo OYJ,0001436778,OOTC,US,sampo|sampo oyj
SAY,SARATOGA INVESTMENT CORP.,0001377936,XNYS,US,saratoga|saratoga investment|saratoga investment corp.
SAZ,SARATOGA INVESTMENT CORP.,0001377936,XNYS,US,saratoga|saratoga investment|saratoga investment corp.
SB,"SAFE BULKERS, INC.",0001434754,XNYS,US,"safe|safe bulkers|safe bulkers, inc."
SBAC,SBA COMMUNICATIONS CORP,0001034054,XNAS,US,sba|sba communications|sba communications corp
SBBTF,Vend Marketplaces ASA/ADR,0001451561,OOTC,US,vend|vend marketplaces|vend marketplaces asa|vend marketplaces asa/adr
SBC,SBC Medical Group Holdings Inc,0001930313,XNAS,US,sbc|sbc medical|sbc medical group holdings inc
SBCF,SEACOAST BANKING CORP OF FLORIDA,0000730708,XNAS,US,seacoast|seacoast banking|seacoast banking corp of florida|seacoast banking of florida
SBCLY,Sumitomo Bakelite Co Limited/ADR,0002087852,OOTC,US,sumitomo|sumitomo bakelite|sumitomo bakelite co limited/adr
SBCWW,SBC Medical Group Holdings Inc,0001930313,XNAS,US,sbc|sbc medical|sbc medical group holdings inc
SBDS,"Solo Brands, Inc.",0001870600,OOTC,US,"solo|solo brands|solo brands, inc."
SBET,"Sharplink, Inc.",0001981535,XNAS,US,"sharplink|sharplink, inc."
SBEV,"SPLASH BEVERAGE GROUP, INC.",0001553788,XASE,US,"splash|splash beverage|splash beverage group, inc."
SBEVW,"SPLASH BEVERAGE GROUP, INC.",0001553788,OOTC,US,"splash|splash beverage|splash beverage group, inc."
SBFG,"SB FINANCIAL GROUP, INC.",0000767405,XNAS,US,"sb|sb financial|sb financial group, inc."
SBFM,Sunshine Biopharma Inc.,0001402328,XNAS,US,sunshine|sunshine biopharma|sunshine biopharma inc.
SBFMW,Sunshine Biopharma Inc.,0001402328,XNAS,US,sunshine|sunshine biopharma|sunshine biopharma inc.
SBGI,"Sinclair, Inc.",0001971213,XNAS,US,"sinclair|sinclair, inc."
SBH,"Sally Beauty Holdings, Inc.",0001368458,XNYS,US,"sally|sally beauty|sally beauty holdings, inc."
SBI,WESTERN ASSET INTERMEDIATE MUNI FUND INC.,0000882300,XNYS,US,western|western asset|western asset intermediate muni fund|western asset intermediate muni fund inc.
SBIG,"SpringBig Holdings, Inc.",0001801602,OOTC,US,"springbig|springbig holdings, inc."
SBIGW,"SpringBig Holdings, Inc.",0001801602,OOTC,US,"springbig|springbig holdings, inc."
SBKLF,Sumitomo Bakelite Co Limited/ADR,0002087852,OOTC,US,sumitomo|sumitomo bakelite|sumitomo bakelite co limited/adr
SBLK,Star Bulk Carriers Corp.,0001386716,XNAS,US,star|star bulk|star bulk carriers|star bulk carriers corp.
SBMFF,Sino Biopharmaceutical Limited/ADR,0001604982,OOTC,US,sino|sino biopharmaceutical|sino biopharmaceutical limited/adr
SBMT,SILVER BOW MINING CORP.,0002067674,XASE,US,silver|silver bow|silver bow mining|silver bow mining corp.
SBMW,"Security Midwest Bancorp, Inc.",0002036060,OOTC,US,"security|security midwest|security midwest bancorp|security midwest bancorp, inc."
SBOEF,SBO AG/ADR,0001578955,OOTC,US,sbo|sbo ag/adr
SBR,SABINE ROYALTY TRUST,0000710752,XNYS,US,sabine|sabine royalty|sabine royalty trust
SBRA,"Sabra Health Care REIT, Inc.",0001492298,XNAS,US,"sabra|sabra health|sabra health care reit|sabra health care reit, inc."
SBS,COMPANHIA DE SANEAMENTO BASICO DO ESTADO DE SAO PAULO-SABESP,0001170858,XNYS,US,companhia|companhia de|companhia de saneamento basico do estado de sao paulo sabesp|companhia de saneamento basico do estado de sao paulo-sabesp
SBSI,SOUTHSIDE BANCSHARES INC,0000705432,XNYS,US,southside|southside bancshares|southside bancshares inc
SBSW,Sibanye Stillwater Ltd,0001786909,XNYS,US,sibanye|sibanye stillwater|sibanye stillwater ltd
SBUX,STARBUCKS CORP,0000829224,XNAS,US,starbucks|starbucks corp
SBXD,SilverBox Corp IV,0002015947,XNYS,US,silverbox|silverbox corp iv|silverbox iv
SBXE,SilverBox Corp V,0002081909,XNYS,US,silverbox|silverbox corp v|silverbox v
SBYSF,Sibanye Stillwater Ltd,0001786909,OOTC,US,sibanye|sibanye stillwater|sibanye stillwater ltd
SCAFF,Schaeffler AG/ADR,0001713675,OOTC,US,schaeffler|schaeffler ag/adr
SCAG,Scage Future,0002000366,XNAS,US,scage|scage future
SCAGW,Scage Future,0002000366,XNAS,US,scage|scage future
SCBXY,SCB X Public Co Ltd,0002066600,OOTC,US,scb|scb x|scb x public|scb x public co ltd
SCCD,Sachem Capital Corp.,0001682220,XASE,US,sachem|sachem capital|sachem capital corp.
SCCE,Sachem Capital Corp.,0001682220,XASE,US,sachem|sachem capital|sachem capital corp.
SCCF,Sachem Capital Corp.,0001682220,XASE,US,sachem|sachem capital|sachem capital corp.
SCCG,Sachem Capital Corp.,0001682220,XASE,US,sachem|sachem capital|sachem capital corp.
SCCO,SOUTHERN COPPER CORP/,0001001838,XNYS,US,southern|southern copper|southern copper corp/
SCD,LMP CAPITAL & INCOME FUND INC.,0001270131,XNYS,US,lmp|lmp capital|lmp capital & income fund inc.|lmp capital income fund
SCDL,UBS AG,0001114446,ARCX,US,ubs|ubs ag
SCGX,SAXON CAPITAL GROUP INC,0001277575,OOTC,US,saxon|saxon capital|saxon capital group inc
SCHL,SCHOLASTIC CORP,0000866729,XNAS,US,scholastic|scholastic corp
SCHW,SCHWAB CHARLES CORP,0000316709,XNYS,US,schwab|schwab charles|schwab charles corp
SCI,SERVICE CORP INTERNATIONAL,0000089089,XNYS,US,service|service corp international|service international
SCIA,"SCI Engineered Materials, Inc.",0000830616,OOTC,US,"sci|sci engineered|sci engineered materials|sci engineered materials, inc."
SCII,SC II Acquisition Corp.,0002076739,XNAS,US,sc|sc ii|sc ii acquisition|sc ii acquisition corp.
SCIIR,SC II Acquisition Corp.,0002076739,XNAS,US,sc|sc ii|sc ii acquisition|sc ii acquisition corp.
SCIIU,SC II Acquisition Corp.,0002076739,XNAS,US,sc|sc ii|sc ii acquisition|sc ii acquisition corp.
SCKT,"SOCKET MOBILE, INC.",0000944075,XNAS,US,"socket|socket mobile|socket mobile, inc."
SCL,STEPAN CO,0000094049,XNYS,US,stepan|stepan co
SCLX,Scilex Holding Co,0001820190,XNAS,US,scilex|scilex holding co
SCLXW,Scilex Holding Co,0001820190,XNAS,US,scilex|scilex holding co
SCM,Stellus Capital Investment Corp,0001551901,XNYS,US,stellus|stellus capital|stellus capital investment|stellus capital investment corp
SCMWY,SWISSCOM AG,0001069336,OOTC,US,swisscom|swisscom ag
SCND,SCIENTIFIC INDUSTRIES INC,0000087802,OOTC,US,scientific|scientific industries|scientific industries inc
SCNI,Scinai Immunotherapeutics Ltd.,0001611747,XNAS,US,scinai|scinai immunotherapeutics|scinai immunotherapeutics ltd.
SCNX,"Scienture Holdings, Inc.",0001382574,XNAS,US,"scienture|scienture holdings, inc."
SCO,ProShares Trust II,0001415311,ARCX,US,proshares|proshares ii|proshares trust ii
SCOP,Sprott Physical Copper Trust,0002108383,ARCX,US,sprott|sprott physical|sprott physical copper|sprott physical copper trust
SCOR,"COMSCORE, INC.",0001158172,XNAS,US,"comscore|comscore, inc."
SCPQ,Social Commerce Partners Corp,0002083143,XNAS,US,social|social commerce|social commerce partners|social commerce partners corp
SCPQU,Social Commerce Partners Corp,0002083143,XNAS,US,social|social commerce|social commerce partners|social commerce partners corp
SCPQW,Social Commerce Partners Corp,0002083143,XNAS,US,social|social commerce|social commerce partners|social commerce partners corp
SCRNY,"SCREEN Holdings Co., Ltd./ADR",0001544379,OOTC,US,"screen|screen holdings co., ltd./adr"
SCSC,"SCANSOURCE, INC.",0000918965,XNAS,US,"scansource|scansource, inc."
SCTAY,Sectra AB/ADR,0002032517,OOTC,US,sectra|sectra ab|sectra ab/adr
SCTH,"Securetech Innovations, Inc.",0001703157,OOTC,US,"securetech|securetech innovations|securetech innovations, inc."
SCTSF,Scottie Resources Corp.,0001790538,OOTC,US,scottie|scottie resources|scottie resources corp.
SCVL,SHOE CARNIVAL INC,0000895447,XNAS,US,shoe|shoe carnival|shoe carnival inc
SCWO,374Water Inc.,0000933972,XNAS,US,374water|374water inc.
SCXBF,SCB X Public Co Ltd,0002066600,OOTC,US,scb|scb x|scb x public|scb x public co ltd
SCYX,SCYNEXIS INC,0001178253,XNAS,US,scynexis|scynexis inc
SCYYF,SCANDIUM INTERNATIONAL MINING CORP.,0001408146,OOTC,US,scandium|scandium international|scandium international mining|scandium international mining corp.
SCZM,Santacruz Silver Mining Ltd.,0001548536,XNAS,US,santacruz|santacruz silver|santacruz silver mining|santacruz silver mining ltd.
SD,SANDRIDGE ENERGY INC,0001349436,XNYS,US,sandridge|sandridge energy|sandridge energy inc
SDA,SunCar Technology Group Inc.,0001936804,XNAS,US,suncar|suncar technology|suncar technology group inc.
SDAWW,SunCar Technology Group Inc.,0001936804,XNAS,US,suncar|suncar technology|suncar technology group inc.
SDCH,"SideChannel, Inc.",0001022505,OOTC,US,"sidechannel|sidechannel, inc."
SDEV,Stablecoin Development Corp,0001389545,XASE,US,stablecoin|stablecoin development|stablecoin development corp
SDGR,"Schrodinger, Inc.",0001490978,XNAS,US,"schrodinger|schrodinger, inc."
SDHC,Smith Douglas Homes Corp.,0001982518,XNYS,US,smith|smith douglas|smith douglas homes|smith douglas homes corp.
SDHI,Siddhi Acquisition Corp (Cayman Islands),0002034037,XNAS,US,siddhi|siddhi acquisition|siddhi acquisition cayman islands|siddhi acquisition corp (cayman islands)
SDHIR,Siddhi Acquisition Corp (Cayman Islands),0002034037,XNAS,US,siddhi|siddhi acquisition|siddhi acquisition cayman islands|siddhi acquisition corp (cayman islands)
SDHIU,Siddhi Acquisition Corp (Cayman Islands),0002034037,XNAS,US,siddhi|siddhi acquisition|siddhi acquisition cayman islands|siddhi acquisition corp (cayman islands)
SDHY,PGIM Short Duration High Yield Opportunities Fund,0001812923,XNYS,US,pgim|pgim short|pgim short duration high yield opportunities fund
SDM,Smart Digital Group Ltd,0002014955,XNAS,US,smart|smart digital|smart digital group ltd
SDMHF,Sartorius Stedim Biotech S.A./ADR,0001794363,OOTC,US,sartorius|sartorius stedim|sartorius stedim biotech|sartorius stedim biotech s.a./adr
SDOT,Sadot Group Inc.,0001701756,XNAS,US,sadot|sadot group inc.
SDRL,Seadrill Ltd,0001737706,XNYS,US,seadrill|seadrill ltd
SDST,Stardust Power Inc.,0001831979,XNAS,US,stardust|stardust power|stardust power inc.
SDSTW,Stardust Power Inc.,0001831979,XNAS,US,stardust|stardust power|stardust power inc.
SDSYA,SOUTH DAKOTA SOYBEAN PROCESSORS LLC,0001163609,OOTC,US,south|south dakota|south dakota soybean processors|south dakota soybean processors llc
SE,Sea Ltd,0001703399,XNYS,US,sea|sea ltd
SEAT,Vivid Seats Inc.,0001856031,XNAS,US,vivid|vivid seats|vivid seats inc.
SEATW,Vivid Seats Inc.,0001856031,XNAS,US,vivid|vivid seats|vivid seats inc.
SEAV,SEATech Ventures Corp.,0001763660,OOTC,US,seatech|seatech ventures|seatech ventures corp.
SEB,SEABOARD CORP /DE/,0000088121,XASE,US,seaboard|seaboard corp /de/|seaboard de
SEDG,"SOLAREDGE TECHNOLOGIES, INC.",0001419612,XNAS,US,"solaredge|solaredge technologies|solaredge technologies, inc."
SEED,Origin Agritech LTD,0001321851,XNAS,US,origin|origin agritech|origin agritech ltd
SEER,"Seer, Inc.",0001726445,XNAS,US,"seer|seer, inc."
SEG,Seaport Entertainment Group Inc.,0002009684,XNYS,US,seaport|seaport entertainment|seaport entertainment group inc.
SEGG,Sports Entertainment Gaming Global Corp,0001673481,XNAS,US,sports|sports entertainment|sports entertainment gaming global|sports entertainment gaming global corp
SEI,"Solaris Energy Infrastructure, Inc.",0001697500,XNYS,US,"solaris|solaris energy|solaris energy infrastructure|solaris energy infrastructure, inc."
SEIC,SEI INVESTMENTS CO,0000350894,XNAS,US,sei|sei investments|sei investments co
SELF,"Global Self Storage, Inc.",0001031235,XNAS,US,"global|global self|global self storage|global self storage, inc."
SELX,Semilux International Ltd.,0001990950,XNAS,US,semilux|semilux international|semilux international ltd.
SEM,SELECT MEDICAL HOLDINGS CORP,0001320414,XNYS,US,select|select medical|select medical holdings corp
SENEA,Seneca Foods Corp,0000088948,XNAS,US,seneca|seneca foods|seneca foods corp
SENEB,Seneca Foods Corp,0000088948,XNAS,US,seneca|seneca foods|seneca foods corp
SENEM,Seneca Foods Corp,0000088948,OOTC,US,seneca|seneca foods|seneca foods corp
SENR,"Strategic Environmental & Energy Resources, Inc.",0001576197,OOTC,US,"strategic|strategic environmental|strategic environmental & energy resources, inc.|strategic environmental energy resources"
SENS,"Senseonics Holdings, Inc.",0001616543,XNAS,US,"senseonics|senseonics holdings, inc."
SEOVF,SERNOVA CORP.,0001491434,OOTC,US,sernova|sernova corp.
SEPN,"Septerna, Inc.",0001984086,XNAS,US,"septerna|septerna, inc."
SEPSF,Asep Medical Holdings Inc.,0001969766,OOTC,US,asep|asep medical|asep medical holdings inc.
SER,"Serina Therapeutics, Inc.",0001708599,XASE,US,"serina|serina therapeutics|serina therapeutics, inc."
SERA,"SERA PROGNOSTICS, INC.",0001534969,XNAS,US,"sera|sera prognostics|sera prognostics, inc."
SERPY,Top End Energy Ltd/ADR,0002075349,OOTC,US,top|top end|top end energy|top end energy ltd/adr
SERV,Serve Robotics Inc. /DE/,0001832483,XNAS,US,serve|serve robotics|serve robotics de|serve robotics inc. /de/
SES,SES AI Corp,0001819142,XNYS,US,ses|ses ai|ses ai corp
SETO,SETO HOLDINGS INC,0000794998,OOTC,US,seto|seto holdings inc
SEV,Aptera Motors Corp,0001786471,XNAS,US,aptera|aptera motors|aptera motors corp
SEVN,Seven Hills Realty Trust,0001452477,XNAS,US,seven|seven hills|seven hills realty|seven hills realty trust
SEZL,Sezzle Inc.,0001662991,XNAS,US,sezzle|sezzle inc.
SF,STIFEL FINANCIAL CORP,0000720672,XNYS,US,stifel|stifel financial|stifel financial corp
SFB,STIFEL FINANCIAL CORP,0000720672,XNYS,US,stifel|stifel financial|stifel financial corp
SFBC,"Sound Financial Bancorp, Inc.",0001541119,XNAS,US,"sound|sound financial|sound financial bancorp|sound financial bancorp, inc."
SFBS,"ServisFirst Bancshares, Inc.",0001430723,XNYS,US,"servisfirst|servisfirst bancshares|servisfirst bancshares, inc."
SFCO,Southern Financial Corp,0001831523,OOTC,US,southern|southern financial|southern financial corp
SFCX,SUPA Consolidated Inc.,0001624985,OOTC,US,supa|supa consolidated|supa consolidated inc.
SFD,SMITHFIELD FOODS INC,0000091388,XNAS,US,smithfield|smithfield foods|smithfield foods inc
SFDL,SECURITY FEDERAL CORP,0000818677,OOTC,US,security|security federal|security federal corp
SFDMF,Shanghai Fudan Microelectronics Co Limited/ADR/,0001493507,OOTC,US,shanghai|shanghai fudan|shanghai fudan microelectronics|shanghai fudan microelectronics co limited/adr/
SFDMY,Shanghai Fudan Microelectronics Co Limited/ADR/,0001493507,OOTC,US,shanghai|shanghai fudan|shanghai fudan microelectronics|shanghai fudan microelectronics co limited/adr/
SFES,SAFEGUARD SCIENTIFICS INC,0000086115,OOTC,US,safeguard|safeguard scientifics|safeguard scientifics inc
SFGRF,Sony Financial Group Inc./ADR,0002084022,OOTC,US,sony|sony financial|sony financial group inc./adr
SFGYY,Sony Financial Group Inc./ADR,0002084022,OOTC,US,sony|sony financial|sony financial group inc./adr
SFHG,SAMFINE CREATION HOLDINGS GROUP Ltd,0001926792,XNAS,US,samfine|samfine creation|samfine creation holdings group ltd
SFIX,"Stitch Fix, Inc.",0001576942,XNAS,US,"stitch|stitch fix|stitch fix, inc."
SFL,SFL Corp Ltd.,0001289877,XNYS,US,sfl|sfl corp ltd.
SFM,"Sprouts Farmers Market, Inc.",0001575515,XNAS,US,"sprouts|sprouts farmers|sprouts farmers market|sprouts farmers market, inc."
SFNC,SIMMONS FIRST NATIONAL CORP,0000090498,XNAS,US,simmons|simmons first|simmons first national|simmons first national corp
SFRX,SEAFARER EXPLORATION CORP,0001106213,OOTC,US,seafarer|seafarer exploration|seafarer exploration corp
SFST,SOUTHERN FIRST BANCSHARES INC,0001090009,XNAS,US,southern|southern first|southern first bancshares|southern first bancshares inc
SFWJ,"Software Effective Solutions, Corp.",0001919847,OOTC,US,"software|software effective|software effective solutions|software effective solutions, corp."
SFWL,SHENGFENG DEVELOPMENT Ltd,0001863218,XNAS,US,shengfeng|shengfeng development|shengfeng development ltd
SG,"Sweetgreen, Inc.",0001477815,XNYS,US,"sweetgreen|sweetgreen, inc."
SGA,SAGA COMMUNICATIONS INC,0000886136,XNAS,US,saga|saga communications|saga communications inc
SGBAF,SES S.A.,0001347408,OOTC,US,ses|ses s.a.
SGC,"SUPERIOR GROUP OF COMPANIES, INC.",0000095574,XNAS,US,"superior|superior group of companies, inc.|superior of|superior of companies"
SGHC,Super Group (SGHC) Ltd,0001878057,XNYS,US,super|super group (sghc) ltd|super sghc
SGHT,"Sight Sciences, Inc.",0001531177,XNAS,US,"sight|sight sciences|sight sciences, inc."
SGI,SOMNIGROUP INTERNATIONAL INC.,0001206264,XNYS,US,somnigroup|somnigroup international|somnigroup international inc.
SGIOF,SHIONOGI & CO LTD,0001281721,OOTC,US,shionogi|shionogi & co ltd
SGIPF,"Sugi Holdings Co., Ltd./ADR",0002027330,OOTC,US,"sugi|sugi holdings co., ltd./adr"
SGLA,Sino Green Land Corp.,0001433551,OOTC,US,sino|sino green|sino green land|sino green land corp.
SGLY,Singularity Future Technology Ltd.,0001422892,XNAS,US,singularity|singularity future|singularity future technology|singularity future technology ltd.
SGML,Sigma Lithium Corp,0001848309,XNAS,US,sigma|sigma lithium|sigma lithium corp
SGMO,"SANGAMO THERAPEUTICS, INC",0001001233,OOTC,US,"sangamo|sangamo therapeutics|sangamo therapeutics, inc"
SGMT,Sagimet Biosciences Inc.,0001400118,XNAS,US,sagimet|sagimet biosciences|sagimet biosciences inc.
SGOL,abrdn Gold ETF Trust,0001450923,ARCX,US,abrdn|abrdn gold|abrdn gold etf|abrdn gold etf trust
SGP,"SpyGlass Pharma, Inc.",0001778922,XNAS,US,"spyglass|spyglass pharma|spyglass pharma, inc."
SGRP,"SPAR Group, Inc.",0001004989,XNAS,US,"spar|spar group, inc."
SGRY,"Surgery Partners, Inc.",0001638833,XNAS,US,"surgery|surgery partners|surgery partners, inc."
SGST,"Strategic Storage Trust VI, Inc.",0001852575,OOTC,US,"strategic|strategic storage|strategic storage trust vi, inc.|strategic storage vi"
SGTM,"Sustainable Green Team, Ltd.",0001895251,OOTC,US,"sustainable|sustainable green|sustainable green team|sustainable green team, ltd."
SGU,"STAR GROUP, L.P.",0001002590,XNYS,US,"star|star group, l.p."
SHAK,Shake Shack Inc.,0001620533,XNYS,US,shake|shake shack|shake shack inc.
SHAZ,SharonAI Holdings Inc.,0002068385,XNAS,US,sharonai|sharonai holdings inc.
SHAZW,SharonAI Holdings Inc.,0002068385,OOTC,US,sharonai|sharonai holdings inc.
SHBI,SHORE BANCSHARES INC,0001035092,XNAS,US,shore|shore bancshares|shore bancshares inc
SHC,Sotera Health Co,0001822479,XNAS,US,sotera|sotera health|sotera health co
SHECF,"Shin-Etsu Chemical Co., Ltd.",0001442651,OOTC,US,"shin|shin etsu|shin etsu chemical|shin-etsu chemical co., ltd."
SHEL,Shell plc,0001306965,XNYS,US,shell|shell plc
SHEN,SHENANDOAH TELECOMMUNICATIONS CO/VA/,0000354963,XNAS,US,shenandoah|shenandoah telecommunications|shenandoah telecommunications co/va/|shenandoah telecommunications va
SHFH,Scientist Home Future Health Ltd,0002032609,OOTC,US,scientist|scientist home|scientist home future health|scientist home future health ltd
SHFS,"SHF Holdings, Inc.",0001854963,XNAS,US,"shf|shf holdings, inc."
SHFSW,"SHF Holdings, Inc.",0001854963,XNAS,US,"shf|shf holdings, inc."
SHG,SHINHAN FINANCIAL GROUP CO LTD,0001263043,XNYS,US,shinhan|shinhan financial|shinhan financial group co ltd
SHGI,"Sparx Holdings Group, Inc.",0001874138,OOTC,US,"sparx|sparx holdings group, inc."
SHILY,Shanghai Iluvatar CoreX Semiconductor Co Ltd/ADR,0002111790,OOTC,US,shanghai|shanghai iluvatar|shanghai iluvatar corex semiconductor|shanghai iluvatar corex semiconductor co ltd/adr
SHIM,Shimmick Corp,0001887944,XNAS,US,shimmick|shimmick corp
SHIP,Seanergy Maritime Holdings Corp.,0001448397,XNAS,US,seanergy|seanergy maritime|seanergy maritime holdings corp.
SHLAF,Schindler Holding AG/ADR,0001655190,OOTC,US,schindler|schindler holding ag/adr
SHLRF,Schindler Holding AG/ADR,0001655190,OOTC,US,schindler|schindler holding ag/adr
SHLS,"Shoals Technologies Group, Inc.",0001831651,XNAS,US,"shoals|shoals technologies|shoals technologies group, inc."
SHMD,SCHMID Group N.V.,0001987240,XNAS,US,schmid|schmid group n.v.
SHMDW,SCHMID Group N.V.,0001987240,XNAS,US,schmid|schmid group n.v.
SHMXY,Shimadzu Corporation/ADR,0001648512,OOTC,US,shimadzu|shimadzu corporation/adr
SHMZF,Shimadzu Corporation/ADR,0001648512,OOTC,US,shimadzu|shimadzu corporation/adr
SHNY,BANK OF MONTREAL /CAN/,0000927971,ARCX,US,bank|bank of|bank of montreal /can/|bank of montreal can
SHO,"Sunstone Hotel Investors, Inc.",0001295810,XNYS,US,"sunstone|sunstone hotel|sunstone hotel investors|sunstone hotel investors, inc."
SHOO,"STEVEN MADDEN, LTD.",0000913241,XNAS,US,"steven|steven madden|steven madden, ltd."
SHOP,SHOPIFY INC.,0001594805,XNAS,US,shopify|shopify inc.
SHPH,"Shuttle Pharmaceuticals Holdings, Inc.",0001757499,XNAS,US,"shuttle|shuttle pharmaceuticals|shuttle pharmaceuticals holdings, inc."
SHW,SHERWIN WILLIAMS CO,0000089800,XNYS,US,sherwin|sherwin williams|sherwin williams co
SI,"SHOULDER INNOVATIONS, INC.",0001699350,XNYS,US,"shoulder|shoulder innovations|shoulder innovations, inc."
SIBN,"SI-BONE, Inc.",0001459839,XNAS,US,"si|si bone|si-bone, inc."
SICCY,"SICC Co., Ltd./ADR",0002098860,OOTC,US,"sicc|sicc co., ltd./adr"
SICOF,Silverco Mining Ltd.,0002117702,OOTC,US,silverco|silverco mining|silverco mining ltd.
SID,NATIONAL STEEL CO,0001049659,XNYS,US,national|national steel|national steel co
SIDU,Sidus Space Inc.,0001879726,XNAS,US,sidus|sidus space|sidus space inc.
SIEB,SIEBERT FINANCIAL CORP,0000065596,XNAS,US,siebert|siebert financial|siebert financial corp
SIF,SIFCO INDUSTRIES INC,0000090168,XASE,US,sifco|sifco industries|sifco industries inc
SIFY,SIFY TECHNOLOGIES LTD,0001094324,XNAS,US,sify|sify technologies|sify technologies ltd
SIG,SIGNET JEWELERS LTD,0000832988,XNYS,US,signet|signet jewelers|signet jewelers ltd
SIGA,SIGA TECHNOLOGIES INC,0001010086,XNAS,US,siga|siga technologies|siga technologies inc
SIGI,SELECTIVE INSURANCE GROUP INC,0000230557,XNAS,US,selective|selective insurance|selective insurance group inc
SIGIP,SELECTIVE INSURANCE GROUP INC,0000230557,XNAS,US,selective|selective insurance|selective insurance group inc
SIGY,"Sigyn Therapeutics, Inc.",0001642159,OOTC,US,"sigyn|sigyn therapeutics|sigyn therapeutics, inc."
SII,SPROTT INC.,0001512920,XNYS,US,sprott|sprott inc.
SILA,"Sila Realty Trust, Inc.",0001567925,XNYS,US,"sila|sila realty|sila realty trust, inc."
SILC,SILICOM LTD.,0000916793,XNAS,US,silicom|silicom ltd.
SILEF,Silver Elephant Mining Corp.,0001545224,OOTC,US,silver|silver elephant|silver elephant mining|silver elephant mining corp.
SILO,"Silo Pharma, Inc.",0001514183,XNAS,US,"silo|silo pharma|silo pharma, inc."
SIM,"GRUPO SIMEC, S.A.B. de C.V.",0000887153,XASE,US,"grupo|grupo simec|grupo simec b de c v|grupo simec, s.a.b. de c.v."
SIMA,SIM Acquisition Corp. I,0002014982,XNAS,US,sim|sim acquisition|sim acquisition corp. i|sim acquisition i
SIMAU,SIM Acquisition Corp. I,0002014982,XNAS,US,sim|sim acquisition|sim acquisition corp. i|sim acquisition i
SIMAW,SIM Acquisition Corp. I,0002014982,XNAS,US,sim|sim acquisition|sim acquisition corp. i|sim acquisition i
SIMO,Silicon Motion Technology CORP,0001329394,XNAS,US,silicon|silicon motion|silicon motion technology|silicon motion technology corp
SINT,"Sintx Technologies, Inc.",0001269026,XNAS,US,"sintx|sintx technologies|sintx technologies, inc."
SION,"Sionna Therapeutics, Inc.",0002036042,XNAS,US,"sionna|sionna therapeutics|sionna therapeutics, inc."
SIREF,Sirios Resources Inc.,0001577783,OOTC,US,sirios|sirios resources|sirios resources inc.
SIRI,SIRIUS XM HOLDINGS INC.,0000908937,XNAS,US,sirius|sirius xm|sirius xm holdings inc.
SITC,SITE Centers Corp.,0000894315,XNYS,US,site|site centers|site centers corp.
SITE,"SiteOne Landscape Supply, Inc.",0001650729,XNYS,US,"siteone|siteone landscape|siteone landscape supply|siteone landscape supply, inc."
SITKF,Sitka Gold Corp.,0001747657,OOTC,US,sitka|sitka gold|sitka gold corp.
SITM,SITIME Corp,0001451809,XNAS,US,sitime|sitime corp
SITS,"SOUTHERN ITS INTERNATIONAL, INC.",0001468978,OOTC,US,"southern|southern its|southern its international|southern its international, inc."
SIVR,abrdn Silver ETF Trust,0001450922,ARCX,US,abrdn|abrdn silver|abrdn silver etf|abrdn silver etf trust
SJ,Scienjoy Holding Corp,0001753673,XNAS,US,scienjoy|scienjoy holding corp
SJM,J M SMUCKER Co,0000091419,XNYS,US,j m|j m smucker|j m smucker co
SJT,SAN JUAN BASIN ROYALTY TRUST,0000319655,XNYS,US,san|san juan|san juan basin royalty|san juan basin royalty trust
SKAS,"Saker Aviation Services, Inc.",0001128281,OOTC,US,"saker|saker aviation|saker aviation services|saker aviation services, inc."
SKBL,Skyline Builders Group Holding Ltd,0002031009,XNAS,US,skyline|skyline builders|skyline builders group holding ltd
SKE,Skeena Resources Ltd,0001713748,XNYS,US,skeena|skeena resources|skeena resources ltd
SKFG,"Stark Focus Group, Inc.",0001794942,OOTC,US,"stark|stark focus|stark focus group, inc."
SKIL,Skillsoft Corp.,0001774675,XNYS,US,skillsoft|skillsoft corp.
SKILW,Skillsoft Corp.,0001774675,OOTC,US,skillsoft|skillsoft corp.
SKIN,SkinHealth Systems Inc.,0001818093,XNAS,US,skinhealth|skinhealth systems|skinhealth systems inc.
SKK,SKK Holdings Ltd,0001991261,XNAS,US,skk|skk holdings ltd
SKKY,"Skkynet Cloud Systems, Inc.",0001546853,OOTC,US,"skkynet|skkynet cloud|skkynet cloud systems|skkynet cloud systems, inc."
SKLTF,Seek Ltd,0001487139,OOTC,US,seek|seek ltd
SKLZ,Skillz Inc.,0001801661,XNYS,US,skillz|skillz inc.
SKM,SK TELECOM CO LTD,0001015650,XNYS,US,sk|sk telecom|sk telecom co ltd
SKPJF,SKY Perfect JSAT Holdings Inc,0001447108,OOTC,US,sky|sky perfect|sky perfect jsat|sky perfect jsat holdings inc
SKT,TANGER INC.,0000899715,XNYS,US,tanger|tanger inc.
SKVI,"SKINVISIBLE, INC.",0001085277,OOTC,US,"skinvisible|skinvisible, inc."
SKWD,"Skyward Specialty Insurance Group, Inc.",0001519449,XNAS,US,"skyward|skyward specialty|skyward specialty insurance|skyward specialty insurance group, inc."
SKY,"Champion Homes, Inc.",0000090896,XNYS,US,"champion|champion homes|champion homes, inc."
SKYE,"Skye Bioscience, Inc.",0001516551,XNAS,US,"skye|skye bioscience|skye bioscience, inc."
SKYH,Sky Harbour Group Corp,0001823587,XNYS,US,sky|sky harbour|sky harbour group corp
SKYI,"Sky Century Investment, Inc.",0001555017,OOTC,US,"sky|sky century|sky century investment|sky century investment, inc."
SKYQ,Sky Quarry Inc.,0001812447,XNAS,US,sky|sky quarry|sky quarry inc.
SKYT,"SkyWater Technology, Inc",0001819974,XNAS,US,"skywater|skywater technology|skywater technology, inc"
SKYW,SKYWEST INC,0000793733,XNAS,US,skywest|skywest inc
SKYX,SKYX Platforms Corp.,0001598981,XNAS,US,skyx|skyx platforms|skyx platforms corp.
SLAB,SILICON LABORATORIES INC.,0001038074,XNAS,US,silicon|silicon laboratories|silicon laboratories inc.
SLAI,SOLAI Ltd,0001517496,XNYS,US,solai|solai ltd
SLB,SLB LIMITED/NV,0000087347,XNYS,US,slb|slb limited/nv
SLBK,"Skyline Bankshares, Inc.",0001657642,OOTC,US,"skyline|skyline bankshares|skyline bankshares, inc."
SLDB,Solid Biosciences Inc.,0001707502,XNAS,US,solid|solid biosciences|solid biosciences inc.
SLDC,"Solidus Communications, Inc.",0001427644,OOTC,US,"solidus|solidus communications|solidus communications, inc."
SLDE,"Slide Insurance Holdings, Inc.",0001886428,XNAS,US,"slide|slide insurance|slide insurance holdings, inc."
SLDP,"Solid Power, Inc.",0001844862,XNAS,US,"solid|solid power|solid power, inc."
SLDPW,"Solid Power, Inc.",0001844862,XNAS,US,"solid|solid power|solid power, inc."
SLE,"Super League Enterprise, Inc.",0001621672,XNAS,US,"super|super league|super league enterprise|super league enterprise, inc."
SLF,SUN LIFE FINANCIAL INC,0001097362,XNYS,US,sun|sun life|sun life financial|sun life financial inc
SLFIF,SUN LIFE FINANCIAL INC,0001097362,OOTC,US,sun|sun life|sun life financial|sun life financial inc
SLFPF,STANDARD LIFE PLC,0001370418,OOTC,US,standard|standard life|standard life plc
SLFPY,STANDARD LIFE PLC,0001370418,OOTC,US,standard|standard life|standard life plc
SLFQF,SUN LIFE FINANCIAL INC,0001097362,OOTC,US,sun|sun life|sun life financial|sun life financial inc
SLG,SL GREEN REALTY CORP,0001040971,XNYS,US,sl|sl green|sl green realty|sl green realty corp
SLGB,Smart Logistics Global Ltd,0001987189,XNAS,US,smart|smart logistics|smart logistics global|smart logistics global ltd
SLGL,Sol-Gel Technologies Ltd.,0001684693,XNAS,US,sol|sol gel|sol gel technologies|sol-gel technologies ltd.
SLGN,SILGAN HOLDINGS INC,0000849869,XNYS,US,silgan|silgan holdings inc
SLI,STANDARD LITHIUM LTD.,0001537137,XASE,US,standard|standard lithium|standard lithium ltd.
SLM,SLM Corp,0001032033,XNAS,US,slm|slm corp
SLMBP,SLM Corp,0001032033,XNAS,US,slm|slm corp
SLMT,Brera Holdings PLC,0001939965,XNAS,US,brera|brera holdings plc
SLN,Silence Therapeutics plc,0001479615,XNAS,US,silence|silence therapeutics|silence therapeutics plc
SLNCF,Silence Therapeutics plc,0001479615,OOTC,US,silence|silence therapeutics|silence therapeutics plc
SLND,"Southland Holdings, Inc.",0001883814,XASE,US,"southland|southland holdings, inc."
SLNG,"Stabilis Solutions, Inc.",0001043186,XNAS,US,"stabilis|stabilis solutions|stabilis solutions, inc."
SLNH,"Soluna Holdings, Inc",0000064463,XNAS,US,"soluna|soluna holdings, inc"
SLNHP,"Soluna Holdings, Inc",0000064463,XNAS,US,"soluna|soluna holdings, inc"
SLNO,SOLENO THERAPEUTICS INC,0001484565,XNAS,US,soleno|soleno therapeutics|soleno therapeutics inc
SLP,"Simulations Plus, Inc.",0001023459,XNAS,US,"simulations|simulations plus|simulations plus, inc."
SLQT,"SelectQuote, Inc.",0001794783,XNYS,US,"selectquote|selectquote, inc."
SLRC,SLR Investment Corp.,0001418076,XNAS,US,slr|slr investment|slr investment corp.
SLS,"SELLAS Life Sciences Group, Inc.",0001390478,XNAS,US,"sellas|sellas life|sellas life sciences|sellas life sciences group, inc."
SLSN,"SOLESENCE, INC.",0000883107,XNAS,US,"solesence|solesence, inc."
SLSR,Solaris Resources Inc.,0002019103,XASE,US,solaris|solaris resources|solaris resources inc.
SLV,iShares Silver Trust,0001330568,ARCX,US,ishares|ishares silver|ishares silver trust
SLVM,Sylvamo Corp,0001856485,XNYS,US,sylvamo|sylvamo corp
SLVO,CREDIT SUISSE AG,0001053092,XNAS,US,credit|credit suisse|credit suisse ag
SLXN,Silexion Therapeutics Corp,0002022416,XNAS,US,silexion|silexion therapeutics|silexion therapeutics corp
SLXNW,Silexion Therapeutics Corp,0002022416,XNAS,US,silexion|silexion therapeutics|silexion therapeutics corp
SM,SM Energy Co,0000893538,XNYS,US,sm|sm energy|sm energy co
SMA,"SmartStop Self Storage REIT, Inc.",0001585389,XNYS,US,"smartstop|smartstop self|smartstop self storage reit|smartstop self storage reit, inc."
SMBC,"SOUTHERN MISSOURI BANCORP, INC.",0000916907,XNAS,US,"southern|southern missouri|southern missouri bancorp|southern missouri bancorp, inc."
SMBK,SMARTFINANCIAL INC.,0001038773,XNYS,US,smartfinancial|smartfinancial inc.
SMC,Summit Midstream Corp,0002024218,XNYS,US,summit|summit midstream|summit midstream corp
SMCI,"Super Micro Computer, Inc.",0001375365,XNAS,US,"super|super micro|super micro computer|super micro computer, inc."
SMDRF,SIERRA MADRE GOLD & SILVER LTD.,0001939801,OOTC,US,sierra|sierra madre|sierra madre gold & silver ltd.|sierra madre gold silver
SMEGF,Siemens Energy AG/ADR,0001830056,OOTC,US,siemens|siemens energy|siemens energy ag/adr
SMERY,Siemens Energy AG/ADR,0001830056,OOTC,US,siemens|siemens energy|siemens energy ag/adr
SMFG,"SUMITOMO MITSUI FINANCIAL GROUP, INC.",0001022837,XNYS,US,"sumitomo|sumitomo mitsui|sumitomo mitsui financial|sumitomo mitsui financial group, inc."
SMFNF,"SUMITOMO MITSUI FINANCIAL GROUP, INC.",0001022837,OOTC,US,"sumitomo|sumitomo mitsui|sumitomo mitsui financial|sumitomo mitsui financial group, inc."
SMFRF,"Sumitomo Forestry Co., Ltd./ADR",0002048270,OOTC,US,"sumitomo|sumitomo forestry|sumitomo forestry co., ltd./adr"
SMG,SCOTTS MIRACLE-GRO CO,0000825542,XNYS,US,scotts|scotts miracle|scotts miracle gro|scotts miracle-gro co
SMGSY,SMG Swiss Marketplace Group AG/ADR,0002093227,OOTC,US,smg|smg swiss|smg swiss marketplace|smg swiss marketplace group ag/adr
SMHB,UBS AG,0001114446,ARCX,US,ubs|ubs ag
SMHI,SEACOR Marine Holdings Inc.,0001690334,XNYS,US,seacor|seacor marine|seacor marine holdings inc.
SMID,SMITH MIDLAND CORP,0000924719,XNAS,US,smith|smith midland|smith midland corp
SMJF,SMJ International Holdings Inc.,0002070954,XASE,US,smj|smj international|smj international holdings inc.
SMMT,Summit Therapeutics Inc.,0001599298,XNAS,US,summit|summit therapeutics|summit therapeutics inc.
SMNR,"Semnur Pharmaceuticals, Inc.",0001913577,OOTC,US,"semnur|semnur pharmaceuticals|semnur pharmaceuticals, inc."
SMNRW,"Semnur Pharmaceuticals, Inc.",0001913577,OOTC,US,"semnur|semnur pharmaceuticals|semnur pharmaceuticals, inc."
SMOFF,Sonoro Gold Corp.,0001538189,OOTC,US,sonoro|sonoro gold|sonoro gold corp.
SMP,"STANDARD MOTOR PRODUCTS, INC.",0000093389,XNYS,US,"standard|standard motor|standard motor products|standard motor products, inc."
SMPL,Simply Good Foods Co,0001702744,XNAS,US,simply|simply good|simply good foods|simply good foods co
SMR,NUSCALE POWER Corp,0001822966,XNYS,US,nuscale|nuscale power|nuscale power corp
SMRT,"SmartRent, Inc.",0001837014,XNYS,US,"smartrent|smartrent, inc."
SMSGY,Samsonite International SA/ADR,0001560968,OOTC,US,samsonite|samsonite international|samsonite international sa/adr
SMSI,"SMITH MICRO SOFTWARE, INC.",0000948708,XNAS,US,"smith|smith micro|smith micro software|smith micro software, inc."
SMSOF,Samsonite International SA/ADR,0001560968,OOTC,US,samsonite|samsonite international|samsonite international sa/adr
SMTC,SEMTECH CORP,0000088941,XNAS,US,semtech|semtech corp
SMTGF,SMA Solar Technology AG/ADR,0001516684,OOTC,US,sma|sma solar|sma solar technology|sma solar technology ag/adr
SMTI,Sanara MedTech Inc.,0000714256,XNAS,US,sanara|sanara medtech|sanara medtech inc.
SMTK,"SmartKem, Inc.",0001817760,XNAS,US,"smartkem|smartkem, inc."
SMWB,SIMILARWEB LTD.,0001842731,XNYS,US,similarweb|similarweb ltd.
SMX,SMX (Security Matters) Public Ltd Co,0001940674,XNAS,US,smx|smx (security matters) public ltd co|smx security|smx security matters public
SMXT,"SolarMax Technology, Inc.",0001519472,XNAS,US,"solarmax|solarmax technology|solarmax technology, inc."
SMXWW,SMX (Security Matters) Public Ltd Co,0001940674,XNAS,US,smx|smx (security matters) public ltd co|smx security|smx security matters public
SN,"SharkNinja, Inc.",0001957132,XNYS,US,"sharkninja|sharkninja, inc."
SNA,Snap-on Inc,0000091440,XNYS,US,snap|snap on|snap-on inc
SNAL,"Snail, Inc.",0001886894,XNAS,US,"snail|snail, inc."
SNAP,Snap Inc,0001564408,XNYS,US,snap|snap inc
SNBH,SENTIENT BRANDS HOLDINGS INC.,0001358633,OOTC,US,sentient|sentient brands|sentient brands holdings inc.
SNBR,Sleep Number Corp,0000827187,XNAS,US,sleep|sleep number|sleep number corp
SND,"Smart Sand, Inc.",0001529628,XNAS,US,"smart|smart sand|smart sand, inc."
SNDA,"SONIDA SENIOR LIVING, INC.",0001043000,XNYS,US,"sonida|sonida senior|sonida senior living|sonida senior living, inc."
SNDK,Sandisk Corp,0002023554,XNAS,US,sandisk|sandisk corp
SNDL,SNDL Inc.,0001766600,XNAS,US,sndl|sndl inc.
SNDR,"Schneider National, Inc.",0001692063,XNYS,US,"schneider|schneider national|schneider national, inc."
SNDX,Syndax Pharmaceuticals Inc,0001395937,XNAS,US,syndax|syndax pharmaceuticals|syndax pharmaceuticals inc
SNEJF,Sony Group Corp,0000313838,OOTC,US,sony|sony group corp
SNES,"SenesTech, Inc.",0001680378,XNAS,US,"senestech|senestech, inc."
SNEX,StoneX Group Inc.,0000913760,XNAS,US,stonex|stonex group inc.
SNFCA,SECURITY NATIONAL FINANCIAL CORP,0000318673,XNAS,US,security|security national|security national financial|security national financial corp
SNGX,"SOLIGENIX, INC.",0000812796,XNAS,US,"soligenix|soligenix, inc."
SNHIY,"Sany Heavy Industries Co., Ltd./ADR",0002098326,OOTC,US,"sany|sany heavy|sany heavy industries|sany heavy industries co., ltd./adr"
SNIRF,SENIOR PLC,0001329213,OOTC,US,senior|senior plc
SNN,SMITH & NEPHEW PLC,0000845982,XNYS,US,smith|smith & nephew plc|smith nephew
SNNF,"Seneca Bancorp, Inc.",0002072421,OOTC,US,"seneca|seneca bancorp|seneca bancorp, inc."
SNNGF,PPX Mining Corp.,0001384831,OOTC,US,ppx|ppx mining|ppx mining corp.
SNNRF,Sunrise Communications AG,0002021938,OOTC,US,sunrise|sunrise communications|sunrise communications ag
SNNUF,SMITH & NEPHEW PLC,0000845982,OOTC,US,smith|smith & nephew plc|smith nephew
SNOA,"Sonoma Pharmaceuticals, Inc.",0001367083,XNAS,US,"sonoma|sonoma pharmaceuticals|sonoma pharmaceuticals, inc."
SNOW,Snowflake Inc.,0001640147,XNYS,US,snowflake|snowflake inc.
SNPMF,CHINA PETROLEUM & CHEMICAL CORP,0001123658,OOTC,US,china|china petroleum|china petroleum & chemical corp|china petroleum chemical
SNPS,SYNOPSYS INC,0000883241,XNAS,US,synopsys|synopsys inc
SNPW,Sun Pacific Holding Corp.,0001343465,OOTC,US,sun|sun pacific|sun pacific holding corp.
SNRG,SusGlobal Energy Corp.,0001652539,OOTC,US,susglobal|susglobal energy|susglobal energy corp.
SNROF,"Sanrio Company, Ltd./ADR",0001584273,OOTC,US,"sanrio|sanrio company, ltd./adr"
SNROY,"Sanrio Company, Ltd./ADR",0001584273,OOTC,US,"sanrio|sanrio company, ltd./adr"
SNSE,"Sensei Biotherapeutics, Inc.",0001829802,XNAS,US,"sensei|sensei biotherapeutics|sensei biotherapeutics, inc."
SNT,Senstar Technologies Corp,0001993727,XNAS,US,senstar|senstar technologies|senstar technologies corp
SNTG,Sentage Holdings Inc.,0001810467,XNAS,US,sentage|sentage holdings inc.
SNTI,"Senti Biosciences, Inc.",0001854270,XNAS,US,"senti|senti biosciences|senti biosciences, inc."
SNTL,Sentinel Holdings Ltd.,0000889353,OOTC,US,sentinel|sentinel holdings ltd.
SNTUF,Santander UK plc,0001087711,OOTC,US,santander|santander uk|santander uk plc
SNTW,Summit Networks Inc.,0001619096,OOTC,US,summit|summit networks|summit networks inc.
SNWV,"SANUWAVE Health, Inc.",0001417663,XNAS,US,"sanuwave|sanuwave health|sanuwave health, inc."
SNX,TD SYNNEX CORP,0001177394,XNYS,US,td|td synnex|td synnex corp
SNY,Sanofi,0001121404,XNAS,US,sanofi
SNYNF,Sanofi,0001121404,OOTC,US,sanofi
SNYR,Synergy CHC Corp.,0001562733,XNAS,US,synergy|synergy chc|synergy chc corp.
SO,SOUTHERN CO,0000092122,XNYS,US,southern|southern co
SOAGY,Sartorius AG/ADR,0001715801,OOTC,US,sartorius|sartorius ag/adr
SOAR,"Volato Group, Inc.",0001853070,XASE,US,"volato|volato group, inc."
SOARW,"Volato Group, Inc.",0001853070,OOTC,US,"volato|volato group, inc."
SOBO,South Bow Corp,0002019061,XNYS,US,south|south bow|south bow corp
SOBR,"SOBR Safe, Inc.",0001425627,XNAS,US,"sobr|sobr safe|sobr safe, inc."
SOC,Sable Offshore Corp.,0001831481,XNYS,US,sable|sable offshore|sable offshore corp.
SOCA,Solarius Capital Acquisition Corp.,0002065948,XNAS,US,solarius|solarius capital|solarius capital acquisition|solarius capital acquisition corp.
SOCAU,Solarius Capital Acquisition Corp.,0002065948,XNAS,US,solarius|solarius capital|solarius capital acquisition|solarius capital acquisition corp.
SOCAW,Solarius Capital Acquisition Corp.,0002065948,XNAS,US,solarius|solarius capital|solarius capital acquisition|solarius capital acquisition corp.
SOCGM,SOUTHERN CALIFORNIA GAS CO,0000092108,OOTC,US,southern|southern california|southern california gas|southern california gas co
SOCGP,SOUTHERN CALIFORNIA GAS CO,0000092108,OOTC,US,southern|southern california|southern california gas|southern california gas co
SODI,SOLITRON DEVICES INC,0000091668,OOTC,US,solitron|solitron devices|solitron devices inc
SOEZ,Franklin Solana Trust,0002057388,ARCX,US,franklin|franklin solana|franklin solana trust
SOFI,"SoFi Technologies, Inc.",0001818874,XNAS,US,"sofi|sofi technologies|sofi technologies, inc."
SOGP,Sound Group Inc.,0001783407,XNAS,US,sound|sound group inc.
SOHGF,ALSOK Co Ltd./ADR,0001536787,OOTC,US,alsok|alsok co ltd./adr
SOHGY,ALSOK Co Ltd./ADR,0001536787,OOTC,US,alsok|alsok co ltd./adr
SOHOB,Sotherly Hotels Inc.,0001301236,OOTC,US,sotherly|sotherly hotels|sotherly hotels inc.
SOHON,Sotherly Hotels Inc.,0001301236,OOTC,US,sotherly|sotherly hotels|sotherly hotels inc.
SOHOO,Sotherly Hotels Inc.,0001301236,OOTC,US,sotherly|sotherly hotels|sotherly hotels inc.
SOHU,Sohu.com Ltd,0001734107,XNAS,US,sohu|sohu com|sohu.com ltd
SOJC,SOUTHERN CO,0000092122,XNYS,US,southern|southern co
SOJD,SOUTHERN CO,0000092122,XNYS,US,southern|southern co
SOJE,SOUTHERN CO,0000092122,XNYS,US,southern|southern co
SOJF,SOUTHERN CO,0000092122,XNYS,US,southern|southern co
SOLC,Canary Marinade Solana ETF,0002041869,XNAS,US,canary|canary marinade|canary marinade solana etf
SOLS,Solstice Advanced Materials Inc.,0002064953,XNAS,US,solstice|solstice advanced|solstice advanced materials|solstice advanced materials inc.
SOLV,Solventum Corp,0001964738,XNYS,US,solventum|solventum corp
SOMN,SOUTHERN CO,0000092122,XNYS,US,southern|southern co
SON,SONOCO PRODUCTS CO,0000091767,XNYS,US,sonoco|sonoco products|sonoco products co
SONG,Music Licensing Inc.,0001671132,OOTC,US,music|music licensing|music licensing inc.
SONM,"DNA X, Inc.",0001178697,XNAS,US,"dna|dna x|dna x, inc."
SONO,Sonos Inc,0001314727,XNAS,US,sonos|sonos inc
SONX,"Sonendo, Inc.",0001407973,OOTC,US,"sonendo|sonendo, inc."
SONY,Sony Group Corp,0000313838,XNYS,US,sony|sony group corp
SOPA,SOCIETY PASS INCORPORATED.,0001817511,XNAS,US,society|society pass|society pass incorporated.
SOPH,SOPHiA GENETICS SA,0001840706,XNAS,US,sophia|sophia genetics|sophia genetics sa
SOR,SOURCE CAPITAL /DE/,0000091847,XNYS,US,source|source capital|source capital /de/|source capital de
SORA,AsiaStrategy,0002033515,XNAS,US,asiastrategy
SORN,Soren Acquisition Corp.,0002086263,XNAS,US,soren|soren acquisition|soren acquisition corp.
SORNU,Soren Acquisition Corp.,0002086263,XNAS,US,soren|soren acquisition|soren acquisition corp.
SORNW,Soren Acquisition Corp.,0002086263,XNAS,US,soren|soren acquisition|soren acquisition corp.
SOS,SOS Ltd,0001346610,XNYS,US,sos|sos ltd
SOTK,SONO TEK CORP,0000806172,XNAS,US,sono|sono tek|sono tek corp
SOUL,Soulpower Acquisition Corp.,0002025608,XNYS,US,soulpower|soulpower acquisition|soulpower acquisition corp.
SOUN,"SOUNDHOUND AI, INC.",0001840856,XNAS,US,"soundhound|soundhound ai|soundhound ai, inc."
SOUNW,"SOUNDHOUND AI, INC.",0001840856,XNAS,US,"soundhound|soundhound ai|soundhound ai, inc."
SOWG,Sow Good Inc.,0001490161,XNAS,US,sow|sow good|sow good inc.
SOYB,Teucrium Commodity Trust,0001471824,ARCX,US,teucrium|teucrium commodity|teucrium commodity trust
SPAI,Safe Pro Group Inc.,0002011208,XNAS,US,safe|safe pro|safe pro group inc.
SPAUF,SPANISH MOUNTAIN GOLD LTD.,0001337090,OOTC,US,spanish|spanish mountain|spanish mountain gold|spanish mountain gold ltd.
SPB,"Spectrum Brands Holdings, Inc.",0000109177,XNYS,US,"spectrum|spectrum brands|spectrum brands holdings, inc."
SPCB,SuperCom Ltd,0001291855,XNAS,US,supercom|supercom ltd
SPCE,"Virgin Galactic Holdings, Inc",0001706946,XNYS,US,"virgin|virgin galactic|virgin galactic holdings, inc"
SPE,"SPECIAL OPPORTUNITIES FUND, INC.",0000897802,XNYS,US,"special|special opportunities|special opportunities fund|special opportunities fund, inc."
SPEG,Silver Pegasus Acquisition Corp.,0002028735,XNAS,US,silver|silver pegasus|silver pegasus acquisition|silver pegasus acquisition corp.
SPEGR,Silver Pegasus Acquisition Corp.,0002028735,XNAS,US,silver|silver pegasus|silver pegasus acquisition|silver pegasus acquisition corp.
SPEGU,Silver Pegasus Acquisition Corp.,0002028735,XNAS,US,silver|silver pegasus|silver pegasus acquisition|silver pegasus acquisition corp.
SPFI,"SOUTH PLAINS FINANCIAL, INC.",0001163668,XNAS,US,"south|south plains|south plains financial|south plains financial, inc."
SPFX,"STANDARD PREMIUM FINANCE HOLDINGS, INC.",0001807893,OOTC,US,"standard|standard premium|standard premium finance|standard premium finance holdings, inc."
SPG,SIMON PROPERTY GROUP INC.,0001063761,XNYS,US,simon|simon property|simon property group inc.
SPGDF,Springer Nature AG & Co. KGaA/ADR,0002042556,OOTC,US,springer|springer nature|springer nature ag & co. kgaa/adr|springer nature kgaa
SPGI,S&P Global Inc.,0000064040,XNYS,US,s p|s p global|s&p global inc.
SPGNY,Springer Nature AG & Co. KGaA/ADR,0002042556,OOTC,US,springer|springer nature|springer nature ag & co. kgaa/adr|springer nature kgaa
SPH,SUBURBAN PROPANE PARTNERS LP,0001005210,XNYS,US,suburban|suburban propane|suburban propane partners|suburban propane partners lp
SPHIF,SUPER HI INTERNATIONAL HOLDING LTD.,0001995306,OOTC,US,super|super hi|super hi international|super hi international holding ltd.
SPHL,SPRINGVIEW HOLDINGS LTD,0002002236,XNAS,US,springview|springview holdings ltd
SPHR,Sphere Entertainment Co.,0001795250,XNYS,US,sphere|sphere entertainment|sphere entertainment co.
SPHXF,SM Prime Holdings Inc./ADR,0002063413,OOTC,US,sm|sm prime|sm prime holdings inc./adr
SPIIY,SPIE SA/ADR,0002083221,OOTC,US,spie|spie sa/adr
SPIR,"Spire Global, Inc.",0001816017,XNYS,US,"spire|spire global|spire global, inc."
SPIWF,SPIE SA/ADR,0002083221,OOTC,US,spie|spie sa/adr
SPKL,Spark I Acquisition Corp,0001884046,XNAS,US,spark|spark i|spark i acquisition|spark i acquisition corp
SPKLU,Spark I Acquisition Corp,0001884046,XNAS,US,spark|spark i|spark i acquisition|spark i acquisition corp
SPKLW,Spark I Acquisition Corp,0001884046,XNAS,US,spark|spark i|spark i acquisition|spark i acquisition corp
SPMA,"Sound Point Meridian Capital, Inc.",0001930147,XNYS,US,"sound|sound point|sound point meridian capital|sound point meridian capital, inc."
SPMC,"Sound Point Meridian Capital, Inc.",0001930147,XNYS,US,"sound|sound point|sound point meridian capital|sound point meridian capital, inc."
SPME,"Sound Point Meridian Capital, Inc.",0001930147,XNYS,US,"sound|sound point|sound point meridian capital|sound point meridian capital, inc."
SPMEF,South Pacific Metals Corp.,0002056030,OOTC,US,south|south pacific|south pacific metals|south pacific metals corp.
SPND,SPINDLETOP OIL & GAS CO,0000867038,OOTC,US,spindletop|spindletop oil|spindletop oil & gas co|spindletop oil gas
SPNT,SiriusPoint Ltd,0001576018,XNYS,US,siriuspoint|siriuspoint ltd
SPOK,"Spok Holdings, Inc",0001289945,XNAS,US,"spok|spok holdings, inc"
SPOT,Spotify Technology S.A.,0001639920,XNYS,US,spotify|spotify technology|spotify technology s.a.
SPOWF,Strata Power Corp,0001227282,OOTC,US,strata|strata power|strata power corp
SPPL,SIMPPLE LTD.,0001948697,XNAS,US,simpple|simpple ltd.
SPPP,SPROTT PHYSICAL PLATINUM & PALLADIUM TRUST,0001539190,ARCX,US,sprott|sprott physical|sprott physical platinum & palladium trust|sprott physical platinum palladium
SPQS,"SportsQuest, Inc.",0000803097,OOTC,US,"sportsquest|sportsquest, inc."
SPRB,"SPRUCE BIOSCIENCES, INC.",0001683553,XNAS,US,"spruce|spruce biosciences|spruce biosciences, inc."
SPRC,SciSparc Ltd.,0001611746,XNAS,US,scisparc|scisparc ltd.
SPRO,"Spero Therapeutics, Inc.",0001701108,XNAS,US,"spero|spero therapeutics|spero therapeutics, inc."
SPRS,SURGE COMPONENTS INC,0000747540,OOTC,US,surge|surge components|surge components inc
SPRU,SPRUCE POWER HOLDING CORP,0001772720,XNYS,US,spruce|spruce power|spruce power holding corp
SPRY,"ARS Pharmaceuticals, Inc.",0001671858,XNAS,US,"ars|ars pharmaceuticals|ars pharmaceuticals, inc."
SPSC,SPS COMMERCE INC,0001092699,XNAS,US,sps|sps commerce|sps commerce inc
SPST,Superstar Platforms Inc.,0001192323,OOTC,US,superstar|superstar platforms|superstar platforms inc.
SPT,"Sprout Social, Inc.",0001517375,XNAS,US,"sprout|sprout social|sprout social, inc."
SPTJF,SINOPEC SHANGHAI PETROCHEMICAL CO LTD,0000908732,OOTC,US,sinopec|sinopec shanghai|sinopec shanghai petrochemical|sinopec shanghai petrochemical co ltd
SPTX,"Seaport Therapeutics, Inc.",0002042347,XNAS,US,"seaport|seaport therapeutics|seaport therapeutics, inc."
SPTY,"SPECIFICITY, INC.",0001840102,OOTC,US,"specificity|specificity, inc."
SPWH,"SPORTSMAN'S WAREHOUSE HOLDINGS, INC.",0001132105,XNAS,US,"sportsman|sportsman s|sportsman s warehouse|sportsman's warehouse holdings, inc."
SPWR,SunPower Inc.,0001838987,XNAS,US,sunpower|sunpower inc.
SPWRW,SunPower Inc.,0001838987,XNAS,US,sunpower|sunpower inc.
SPXC,"SPX Technologies, Inc.",0000088205,XNYS,US,"spx|spx technologies|spx technologies, inc."
SPXSF,Spirax-Sarco Engineering PLC/ADR,0001518542,OOTC,US,spirax|spirax sarco|spirax sarco engineering|spirax-sarco engineering plc/adr
SPXX,Nuveen S&P 500 Dynamic Overwrite Fund,0001338561,XNYS,US,nuveen|nuveen s|nuveen s p 500 dynamic overwrite fund|nuveen s&p 500 dynamic overwrite fund
SPY,SPDR S&P 500 ETF TRUST,0000884394,ARCX,US,spdr|spdr s|spdr s p 500 etf|spdr s&p 500 etf trust
SQFT,"Presidio Property Trust, Inc.",0001080657,XNAS,US,"presidio|presidio property|presidio property trust, inc."
SQFTP,"Presidio Property Trust, Inc.",0001080657,XNAS,US,"presidio|presidio property|presidio property trust, inc."
SQFTW,"Presidio Property Trust, Inc.",0001080657,XNAS,US,"presidio|presidio property|presidio property trust, inc."
SQLLW,ATLANTIC INTERNATIONAL CORP.,0001605888,OOTC,US,atlantic|atlantic international|atlantic international corp.
SQM,CHEMICAL & MINING CO OF CHILE INC,0000909037,XNYS,US,chemical|chemical & mining co of chile inc|chemical mining|chemical mining of chile
SQNS,SEQUANS COMMUNICATIONS,0001383395,XNYS,US,sequans|sequans communications
SR,SPIRE INC,0001126956,XNYS,US,spire|spire inc
SRAD,Sportradar Group AG,0001836470,XNAS,US,sportradar|sportradar group ag
SRBEF,VusionGroup,0002075141,OOTC,US,vusiongroup
SRBK,"SR Bancorp, Inc.",0001951276,XNAS,US,"sr|sr bancorp|sr bancorp, inc."
SRCE,1ST SOURCE CORP,0000034782,XNAS,US,1st|1st source|1st source corp
SRCO,"SPARTA COMMERCIAL SERVICES, INC.",0000318299,OOTC,US,"sparta|sparta commercial|sparta commercial services|sparta commercial services, inc."
SRCRF,Scorpio Gold Corp,0001467093,OOTC,US,scorpio|scorpio gold|scorpio gold corp
SRE,SEMPRA,0001032208,XNYS,US,sempra
SREA,SEMPRA,0001032208,XNYS,US,sempra
SRFM,SURF AIR MOBILITY INC.,0001936224,XNYS,US,surf|surf air|surf air mobility|surf air mobility inc.
SRG,Seritage Growth Properties,0001628063,XNYS,US,seritage|seritage growth|seritage growth properties
SRGXF,Surge Copper Corp,0001644540,OOTC,US,surge|surge copper|surge copper corp
SRGZ,Star Gold Corp.,0001401835,OOTC,US,star|star gold|star gold corp.
SRI,STONERIDGE INC,0001043337,XNYS,US,stoneridge|stoneridge inc
SRJN,SPIRE INC,0001126956,XNYS,US,spire|spire inc
SRKZF,SKY GOLD CORP.,0001723455,OOTC,US,sky|sky gold|sky gold corp.
SRL,Scully Royalty Ltd.,0000016859,XNYS,US,scully|scully royalty|scully royalty ltd.
SRLZF,Salazar Resources Ltd,0000861972,OOTC,US,salazar|salazar resources|salazar resources ltd
SRMX,"SADDLE RANCH MEDIA, INC.",0000841533,OOTC,US,"saddle|saddle ranch|saddle ranch media|saddle ranch media, inc."
SRPT,"Sarepta Therapeutics, Inc.",0000873303,XNAS,US,"sarepta|sarepta therapeutics|sarepta therapeutics, inc."
SRRE,SUNRISE REAL ESTATE GROUP INC,0001083490,OOTC,US,sunrise|sunrise real|sunrise real estate|sunrise real estate group inc
SRRK,Scholar Rock Holding Corp,0001727196,XNAS,US,scholar|scholar rock|scholar rock holding corp
SRTA,"Strata Critical Medical, Inc.",0001779128,XNAS,US,"strata|strata critical|strata critical medical|strata critical medical, inc."
SRTS,"Sensus Healthcare, Inc.",0001494891,XNAS,US,"sensus|sensus healthcare|sensus healthcare, inc."
SRV,NXG Cushing Midstream Energy Fund,0001400897,XNYS,US,nxg|nxg cushing|nxg cushing midstream energy fund
SRXH,"SRx Health Solutions, Inc.",0001471727,XASE,US,"srx|srx health|srx health solutions|srx health solutions, inc."
SRZN,"Surrozen, Inc./DE",0001824893,XNAS,US,"surrozen|surrozen de|surrozen, inc./de"
SRZNW,"Surrozen, Inc./DE",0001824893,XNAS,US,"surrozen|surrozen de|surrozen, inc./de"
SSAC,SPACSphere Acquisition Corp.,0002081300,XNAS,US,spacsphere|spacsphere acquisition|spacsphere acquisition corp.
SSACR,SPACSphere Acquisition Corp.,0002081300,XNAS,US,spacsphere|spacsphere acquisition|spacsphere acquisition corp.
SSACU,SPACSphere Acquisition Corp.,0002081300,XNAS,US,spacsphere|spacsphere acquisition|spacsphere acquisition corp.
SSACW,SPACSphere Acquisition Corp.,0002081300,XNAS,US,spacsphere|spacsphere acquisition|spacsphere acquisition corp.
SSB,SouthState Bank Corp,0000764038,XNYS,US,southstate|southstate bank|southstate bank corp
SSD,"Simpson Manufacturing Co., Inc.",0000920371,XNYS,US,"simpson|simpson manufacturing|simpson manufacturing co., inc."
SSEA,STARRY SEA ACQUISITION CORP,0002059165,XNAS,US,starry|starry sea|starry sea acquisition|starry sea acquisition corp
SSEAR,STARRY SEA ACQUISITION CORP,0002059165,XNAS,US,starry|starry sea|starry sea acquisition|starry sea acquisition corp
SSEAU,STARRY SEA ACQUISITION CORP,0002059165,XNAS,US,starry|starry sea|starry sea acquisition|starry sea acquisition corp
SSEBF,SILVER SPRUCE RESOURCES INC.,0001771039,OOTC,US,silver|silver spruce|silver spruce resources|silver spruce resources inc.
SSGC,SafeSpace Global Corp,0001584693,OOTC,US,safespace|safespace global|safespace global corp
SSHBY,"SBI Shinsei Bank, Limited/ADR",0002107375,OOTC,US,"sbi|sbi shinsei|sbi shinsei bank|sbi shinsei bank, limited/adr"
SSHT,SSHT S&T Group Ltd.,0001975222,OOTC,US,ssht|ssht s|ssht s t|ssht s&t group ltd.
SSII,"SS Innovations International, Inc.",0001676163,XNAS,US,"ss|ss innovations|ss innovations international|ss innovations international, inc."
SSKN,"STRATA Skin Sciences, Inc.",0001051514,OOTC,US,"strata|strata skin|strata skin sciences|strata skin sciences, inc."
SSL,SASOL LTD,0000314590,XNYS,US,sasol|sasol ltd
SSM,Sono Group N.V.,0001840416,XNAS,US,sono|sono group n.v.
SSNC,SS&C Technologies Holdings Inc,0001402436,XNAS,US,ss|ss c|ss c technologies|ss&c technologies holdings inc
SSP,E.W. SCRIPPS Co,0000832428,XNAS,US,e w|e w scripps|e.w. scripps co
SSRGF,SSR MINING INC.,0000921638,OOTC,US,ssr|ssr mining|ssr mining inc.
SSRLY,Sienna Senior Living Inc./ADR,0002073972,OOTC,US,sienna|sienna senior|sienna senior living|sienna senior living inc./adr
SSRM,SSR MINING INC.,0000921638,XNAS,US,ssr|ssr mining|ssr mining inc.
SSSS,SURO CAPITAL CORP.,0001509470,XNAS,US,suro|suro capital|suro capital corp.
SSSSL,SURO CAPITAL CORP.,0001509470,XNAS,US,suro|suro capital|suro capital corp.
SST,"System1, Inc.",0001805833,XNYS,US,"system1|system1, inc."
SSTI,"SOUNDTHINKING, INC.",0001351636,XNAS,US,"soundthinking|soundthinking, inc."
SSTK,"Shutterstock, Inc.",0001549346,XNYS,US,"shutterstock|shutterstock, inc."
SSTPW,"System1, Inc.",0001805833,OOTC,US,"system1|system1, inc."
SSVFF,SOUTHERN SILVER EXPLORATION CORP,0001397616,OOTC,US,southern|southern silver|southern silver exploration|southern silver exploration corp
SSYS,STRATASYS LTD.,0001517396,XNAS,US,stratasys|stratasys ltd.
ST,Sensata Technologies Holding plc,0001477294,XNYS,US,sensata|sensata technologies|sensata technologies holding plc
STAA,STAAR SURGICAL CO,0000718937,XNAS,US,staar|staar surgical|staar surgical co
STAG,"STAG Industrial, Inc.",0001479094,XNYS,US,"stag|stag industrial|stag industrial, inc."
STAI,ScanTech AI Systems Inc.,0001994624,OOTC,US,scantech|scantech ai|scantech ai systems|scantech ai systems inc.
STAK,STAK Inc.,0002002453,XNAS,US,stak|stak inc.
STBA,S&T BANCORP INC,0000719220,XNAS,US,s t|s t bancorp|s&t bancorp inc
STC,STEWART INFORMATION SERVICES CORP,0000094344,XNYS,US,stewart|stewart information|stewart information services|stewart information services corp
STCB,"Starco Brands, Inc.",0001539850,OOTC,US,"starco|starco brands|starco brands, inc."
STCK,Grayscale Stacks Trust (STX),0002024996,OOTC,US,grayscale|grayscale stacks|grayscale stacks stx|grayscale stacks trust (stx)
STE,STERIS plc,0001757898,XNYS,US,steris|steris plc
STEK,Stemtech Corp,0001511820,OOTC,US,stemtech|stemtech corp
STEL,"Stellar Bancorp, Inc.",0001473844,XNYS,US,"stellar|stellar bancorp|stellar bancorp, inc."
STEM,"STEM, INC.",0001758766,XNYS,US,"stem|stem, inc."
STEP,StepStone Group Inc.,0001796022,XNAS,US,stepstone|stepstone group inc.
STEW,"SRH Total Return Fund, Inc.",0000102426,XNYS,US,"srh|srh total|srh total return fund|srh total return fund, inc."
STEX,Streamex Corp.,0001530766,XNAS,US,streamex|streamex corp.
STFS,Star Fashion Culture Holdings Ltd,0002003061,XNAS,US,star|star fashion|star fashion culture|star fashion culture holdings ltd
STG,Sunlands Technology Group,0001723935,XNYS,US,sunlands|sunlands technology|sunlands technology group
STGW,Stagwell Inc,0000876883,XNAS,US,stagwell|stagwell inc
STHO,Star Holdings,0001953366,XNAS,US,star|star holdings
STHRF,Strathcona Resources Ltd.,0002068441,OOTC,US,strathcona|strathcona resources|strathcona resources ltd.
STI,Solidion Technology Inc.,0001881551,XNAS,US,solidion|solidion technology|solidion technology inc.
STIM,"Neuronetics, Inc.",0001227636,XNAS,US,"neuronetics|neuronetics, inc."
STJNY,Stella-Jones Inc./ADR,0002077242,OOTC,US,stella|stella jones|stella-jones inc./adr
STK,"Columbia Seligman Premium Technology Growth Fund, Inc.",0001471420,XNYS,US,"columbia|columbia seligman|columbia seligman premium technology growth fund|columbia seligman premium technology growth fund, inc."
STKE,SOL Strategies Inc.,0001846839,XNAS,US,sol|sol strategies|sol strategies inc.
STKH,Steakholder Foods Ltd.,0001828098,XNAS,US,steakholder|steakholder foods|steakholder foods ltd.
STKS,"ONE Group Hospitality, Inc.",0001399520,XNAS,US,"one|one group hospitality, inc.|one hospitality"
STKTF,Sectra AB/ADR,0002032517,OOTC,US,sectra|sectra ab|sectra ab/adr
STLA,Stellantis N.V.,0001605484,XNYS,US,stellantis|stellantis n.v.
STLD,STEEL DYNAMICS INC,0001022671,XNAS,US,steel|steel dynamics|steel dynamics inc
STLE,STEELE BANCORP INC,0000779227,OOTC,US,steele|steele bancorp|steele bancorp inc
STLJF,Stella-Jones Inc./ADR,0002077242,OOTC,US,stella|stella jones|stella-jones inc./adr
STLNF,Stallion Uranium Corp.,0001729653,OOTC,US,stallion|stallion uranium|stallion uranium corp.
STLRF,STLLR Gold Inc.,0001979408,OOTC,US,stllr|stllr gold|stllr gold inc.
STLY,"HG Holdings, Inc.",0000797465,OOTC,US,"hg|hg holdings, inc."
STM,STMicroelectronics N.V.,0000932787,XNYS,US,stmicroelectronics|stmicroelectronics n.v.
STME,Stimcell Energetics Inc.,0001493712,OOTC,US,stimcell|stimcell energetics|stimcell energetics inc.
STMEF,STMicroelectronics N.V.,0000932787,OOTC,US,stmicroelectronics|stmicroelectronics n.v.
STN,STANTEC INC,0001131383,XNYS,US,stantec|stantec inc
STNDF,Santander UK plc,0001087711,OOTC,US,santander|santander uk|santander uk plc
STNE,StoneCo Ltd.,0001745431,XNAS,US,stoneco|stoneco ltd.
STNG,Scorpio Tankers Inc.,0001483934,XNYS,US,scorpio|scorpio tankers|scorpio tankers inc.
STOHF,EQUINOR ASA,0001140625,OOTC,US,equinor|equinor asa
STOK,"Stoke Therapeutics, Inc.",0001623526,XNAS,US,"stoke|stoke therapeutics|stoke therapeutics, inc."
STQN,STRATEGIC ACQUISITIONS INC /NV/,0000847942,OOTC,US,strategic|strategic acquisitions|strategic acquisitions inc /nv/
STRA,"Strategic Education, Inc.",0001013934,XNAS,US,"strategic|strategic education|strategic education, inc."
STRC,Strategy Inc,0001050446,XNAS,US,strategy|strategy inc
STRD,Strategy Inc,0001050446,XNAS,US,strategy|strategy inc
STRF,Strategy Inc,0001050446,XNAS,US,strategy|strategy inc
STRG,"STARGUIDE GROUP, INC.",0001803096,OOTC,US,"starguide|starguide group, inc."
STRK,Strategy Inc,0001050446,XNAS,US,strategy|strategy inc
STRL,"STERLING INFRASTRUCTURE, INC.",0000874238,XNAS,US,"sterling|sterling infrastructure|sterling infrastructure, inc."
STRO,"SUTRO BIOPHARMA, INC.",0001382101,XNAS,US,"sutro|sutro biopharma|sutro biopharma, inc."
STRR,"Star Equity Holdings, Inc.",0001210708,XNAS,US,"star|star equity|star equity holdings, inc."
STRRP,"Star Equity Holdings, Inc.",0001210708,XNAS,US,"star|star equity|star equity holdings, inc."
STRS,STRATUS PROPERTIES INC,0000885508,XNAS,US,stratus|stratus properties|stratus properties inc
STRT,STRATTEC SECURITY CORP,0000933034,XNAS,US,strattec|strattec security|strattec security corp
STRW,"Strawberry Fields REIT, Inc.",0001782430,XASE,US,"strawberry|strawberry fields|strawberry fields reit|strawberry fields reit, inc."
STRZ,STARZ ENTERTAINMENT CORP /CN/,0000929351,XNAS,US,starz|starz entertainment|starz entertainment cn|starz entertainment corp /cn/
STSBF,South Star Battery Metals Corp.,0001307926,OOTC,US,south|south star|south star battery metals|south star battery metals corp.
STSR,"Strategic Student & Senior Housing Trust, Inc.",0001698538,OOTC,US,"strategic|strategic student|strategic student & senior housing trust, inc.|strategic student senior housing"
STSS,Sharps Technology Inc.,0001737995,XNAS,US,sharps|sharps technology|sharps technology inc.
STSSW,Sharps Technology Inc.,0001737995,XNAS,US,sharps|sharps technology|sharps technology inc.
STT,STATE STREET CORP,0000093751,XNYS,US,state|state street|state street corp
STTK,"Shattuck Labs, Inc.",0001680367,XNAS,US,"shattuck|shattuck labs|shattuck labs, inc."
STUB,"StubHub Holdings, Inc.",0001337634,XNYS,US,"stubhub|stubhub holdings, inc."
STVN,Stevanato Group S.p.A.,0001849853,XNYS,US,stevanato|stevanato group s.p.a.|stevanato s|stevanato s p a
STWD,"STARWOOD PROPERTY TRUST, INC.",0001465128,XNYS,US,"starwood|starwood property|starwood property trust, inc."
STWI,StageWise Strategies Corp.,0001999261,OOTC,US,stagewise|stagewise strategies|stagewise strategies corp.
STX,Seagate Technology Holdings plc,0001137789,XNAS,US,seagate|seagate technology|seagate technology holdings plc
STXS,"Stereotaxis, Inc.",0001289340,XASE,US,"stereotaxis|stereotaxis, inc."
STZ,"CONSTELLATION BRANDS, INC.",0000016918,XNYS,US,"constellation|constellation brands|constellation brands, inc."
SU,SUNCOR ENERGY INC,0000311337,XNYS,US,suncor|suncor energy|suncor energy inc
SUGP,SU Group Holdings Ltd,0001969863,XNAS,US,su|su group holdings ltd
SUGRF,Sucro Ltd,0001996493,OOTC,US,sucro|sucro ltd
SUI,SUN COMMUNITIES INC,0000912593,XNYS,US,sun|sun communities|sun communities inc
SUIC,SUIC Worldwide Holdings Ltd.,0001394108,OOTC,US,suic|suic worldwide|suic worldwide holdings ltd.
SUIG,SUI Group Holdings Ltd.,0001425355,XNAS,US,sui|sui group holdings ltd.
SUIS,Canary Staked SUI ETF,0002060703,XNAS,US,canary|canary staked|canary staked sui etf
SUJA,"SUJA LIFE, INC.",0001934114,XNAS,US,"suja|suja life|suja life, inc."
SUMA,SUMA Acquisition Corp,0002105838,XNAS,US,suma|suma acquisition|suma acquisition corp
SUMAR,SUMA Acquisition Corp,0002105838,XNAS,US,suma|suma acquisition|suma acquisition corp
SUMAU,SUMA Acquisition Corp,0002105838,XNAS,US,suma|suma acquisition|suma acquisition corp
SUN,Sunoco LP,0001552275,XNYS,US,sunoco|sunoco lp
SUNB,"Sunbelt Rentals Holdings, Inc.",0002083785,XNYS,US,"sunbelt|sunbelt rentals|sunbelt rentals holdings, inc."
SUNC,SunocoCorp LLC,0002089661,XNYS,US,sunococorp|sunococorp llc
SUND,"Sundance Strategies, Inc.",0001171838,OOTC,US,"sundance|sundance strategies|sundance strategies, inc."
SUNE,"SUNation Energy, Inc.",0000022701,XNAS,US,"sunation|sunation energy|sunation energy, inc."
SUNFF,SUN LIFE FINANCIAL INC,0001097362,OOTC,US,sun|sun life|sun life financial|sun life financial inc
SUNS,"Sunrise Realty Trust, Inc.",0002012706,XNAS,US,"sunrise|sunrise realty|sunrise realty trust, inc."
SUNXF,Stardust Solar Energy Inc.,0002048958,OOTC,US,stardust|stardust solar|stardust solar energy|stardust solar energy inc.
SUPN,"SUPERNUS PHARMACEUTICALS, INC.",0001356576,XNAS,US,"supernus|supernus pharmaceuticals|supernus pharmaceuticals, inc."
SUPV,Grupo Supervielle S.A.,0001517399,XNYS,US,grupo|grupo supervielle|grupo supervielle s.a.
SUPX,SuperX AI Technology Ltd,0001897087,XNAS,US,superx|superx ai|superx ai technology|superx ai technology ltd
SURDF,"Sumitomo Realty & Development Co., Ltd./ADR",0001450159,OOTC,US,"sumitomo|sumitomo realty|sumitomo realty & development co., ltd./adr|sumitomo realty development"
SURG,"SurgePays, Inc.",0001392694,XNAS,US,"surgepays|surgepays, inc."
SUUN,POWERBANK Corp,0002011053,XNAS,US,powerbank|powerbank corp
SUZ,Suzano S.A.,0000909327,XNYS,US,suzano|suzano s.a.
SVA,SINOVAC BIOTECH LTD,0001084201,XNAS,US,sinovac|sinovac biotech|sinovac biotech ltd
SVAC,Spring Valley Acquisition Corp. III,0002074850,XNAS,US,spring|spring valley|spring valley acquisition corp. iii|spring valley acquisition iii
SVACU,Spring Valley Acquisition Corp. III,0002074850,XNAS,US,spring|spring valley|spring valley acquisition corp. iii|spring valley acquisition iii
SVACW,Spring Valley Acquisition Corp. III,0002074850,XNAS,US,spring|spring valley|spring valley acquisition corp. iii|spring valley acquisition iii
SVAQ,Silicon Valley Acquisition Corp.,0002085659,XNAS,US,silicon|silicon valley|silicon valley acquisition|silicon valley acquisition corp.
SVAQU,Silicon Valley Acquisition Corp.,0002085659,XNAS,US,silicon|silicon valley|silicon valley acquisition|silicon valley acquisition corp.
SVAQW,Silicon Valley Acquisition Corp.,0002085659,XNAS,US,silicon|silicon valley|silicon valley acquisition|silicon valley acquisition corp.
SVAUF,StorageVault Canada Inc./ADR,0002074157,OOTC,US,storagevault|storagevault canada|storagevault canada inc./adr
SVBL,"SILVER BULL RESOURCES, INC.",0001031093,OOTC,US,"silver|silver bull|silver bull resources|silver bull resources, inc."
SVC,Service Properties Trust,0000945394,XNAS,US,service|service properties|service properties trust
SVCC,Stellar V Capital Corp. (Cayman Islands),0002033593,XNAS,US,stellar|stellar v|stellar v capital cayman islands|stellar v capital corp. (cayman islands)
SVCCU,Stellar V Capital Corp. (Cayman Islands),0002033593,XNAS,US,stellar|stellar v|stellar v capital cayman islands|stellar v capital corp. (cayman islands)
SVCCW,Stellar V Capital Corp. (Cayman Islands),0002033593,XNAS,US,stellar|stellar v|stellar v capital cayman islands|stellar v capital corp. (cayman islands)
SVCO,"Silvaco Group, Inc.",0001943289,XNAS,US,"silvaco|silvaco group, inc."
SVIV,Spring Valley Acquisition Corp. IV,0002098242,XNAS,US,spring|spring valley|spring valley acquisition corp. iv|spring valley acquisition iv
SVIVU,Spring Valley Acquisition Corp. IV,0002098242,XNAS,US,spring|spring valley|spring valley acquisition corp. iv|spring valley acquisition iv
SVIVW,Spring Valley Acquisition Corp. IV,0002098242,XNAS,US,spring|spring valley|spring valley acquisition corp. iv|spring valley acquisition iv
SVIX,VS Trust,0001793497,BATS,US,vs|vs trust
SVM,SILVERCORP METALS INC,0001340677,XASE,US,silvercorp|silvercorp metals|silvercorp metals inc
SVMB,"Jingbo Technology, Inc.",0001647822,OOTC,US,"jingbo|jingbo technology|jingbo technology, inc."
SVNHF,SUNEVISION HOLDINGS/ADR,0002089488,OOTC,US,sunevision|sunevision holdings/adr
SVRA,Savara Inc,0001160308,XNAS,US,savara|savara inc
SVRE,SaverOne 2014 Ltd.,0001894693,XNAS,US,saverone|saverone 2014|saverone 2014 ltd.
SVREW,SaverOne 2014 Ltd.,0001894693,XNAS,US,saverone|saverone 2014|saverone 2014 ltd.
SVRN,OceanPal Inc.,0001869467,XNAS,US,oceanpal|oceanpal inc.
SVRSF,Silver Storm Mining Ltd.,0001682056,OOTC,US,silver|silver storm|silver storm mining|silver storm mining ltd.
SVUHF,SRIVARU Holding Ltd,0001973368,OOTC,US,srivaru|srivaru holding ltd
SVUWF,SRIVARU Holding Ltd,0001973368,OOTC,US,srivaru|srivaru holding ltd
SVV,"Savers Value Village, Inc.",0001883313,XNYS,US,"savers|savers value|savers value village|savers value village, inc."
SVVC,"Firsthand Technology Value Fund, Inc.",0001495584,OOTC,US,"firsthand|firsthand technology|firsthand technology value fund|firsthand technology value fund, inc."
SVXY,ProShares Trust II,0001415311,BATS,US,proshares|proshares ii|proshares trust ii
SVYSF,SOLVAY S A /ADR/,0000930826,OOTC,US,solvay|solvay s|solvay s a|solvay s a /adr/
SW,Smurfit Westrock plc,0002005951,XNYS,US,smurfit|smurfit westrock|smurfit westrock plc
SWAG,"Stran & Company, Inc.",0001872525,XNAS,US,"stran|stran & company, inc."
SWAGW,"Stran & Company, Inc.",0001872525,XNAS,US,"stran|stran & company, inc."
SWBGF,Shawbrook Group plc/ADR,0002098324,OOTC,US,shawbrook|shawbrook group plc/adr
SWBI,"SMITH & WESSON BRANDS, INC.",0001092796,XNAS,US,"smith|smith & wesson brands, inc.|smith wesson|smith wesson brands"
SWBKY,Shawbrook Group plc/ADR,0002098324,OOTC,US,shawbrook|shawbrook group plc/adr
SWCPF,SWCC Corp/ADR,0002107960,OOTC,US,swcc|swcc corp/adr
SWDR,"Starwood Real Estate Income Trust, Inc.",0001711929,OOTC,US,"starwood|starwood real|starwood real estate income|starwood real estate income trust, inc."
SWIM,"Latham Group, Inc.",0001833197,XNAS,US,"latham|latham group, inc."
SWISF,Sekur Private Data Ltd.,0001771755,OOTC,US,sekur|sekur private|sekur private data|sekur private data ltd.
SWK,"STANLEY BLACK & DECKER, INC.",0000093556,XNYS,US,"stanley|stanley black|stanley black & decker, inc.|stanley black decker"
SWKHL,SWK Holdings Corp,0001089907,XNAS,US,swk|swk holdings corp
SWKS,"SKYWORKS SOLUTIONS, INC.",0000004127,XNAS,US,"skyworks|skyworks solutions|skyworks solutions, inc."
SWMR,"Swarmer, Inc",0002092574,XNAS,US,"swarmer|swarmer, inc"
SWRD,"Stewards, Inc.",0001795851,OOTC,US,"stewards|stewards, inc."
SWVL,Swvl Holdings Corp,0001875609,XNAS,US,swvl|swvl holdings corp
SWVLW,Swvl Holdings Corp,0001875609,XNAS,US,swvl|swvl holdings corp
SWX,"Southwest Gas Holdings, Inc.",0001692115,XNYS,US,"southwest|southwest gas|southwest gas holdings, inc."
SWZ,Total Return Securities Fund,0000813623,XNYS,US,total|total return|total return securities fund
SWZCF,SWISSCOM AG,0001069336,OOTC,US,swisscom|swisscom ag
SXC,"SunCoke Energy, Inc.",0001514705,XNYS,US,"suncoke|suncoke energy|suncoke energy, inc."
SXGCF,Southern Cross Gold Consolidated Ltd.,0001622629,OOTC,US,southern|southern cross|southern cross gold consolidated|southern cross gold consolidated ltd.
SXI,STANDEX INTERNATIONAL CORP/DE/,0000310354,XNYS,US,standex|standex international|standex international corp/de/|standex international de
SXT,SENSIENT TECHNOLOGIES CORP,0000310142,XNYS,US,sensient|sensient technologies|sensient technologies corp
SXTC,"China SXT Pharmaceuticals, Inc.",0001723980,XNAS,US,"china|china sxt|china sxt pharmaceuticals|china sxt pharmaceuticals, inc."
SXTP,"60 DEGREES PHARMACEUTICALS, INC.",0001946563,XNAS,US,"60|60 degrees|60 degrees pharmaceuticals|60 degrees pharmaceuticals, inc."
SXTPW,"60 DEGREES PHARMACEUTICALS, INC.",0001946563,XNAS,US,"60|60 degrees|60 degrees pharmaceuticals|60 degrees pharmaceuticals, inc."
SY,So-Young International Inc.,0001758530,XNAS,US,so|so young|so young international|so-young international inc.
SYAXF,Elevra Lithium Ltd,0001739016,OOTC,US,elevra|elevra lithium|elevra lithium ltd
SYBT,"Stock Yards Bancorp, Inc.",0000835324,XNAS,US,"stock|stock yards|stock yards bancorp|stock yards bancorp, inc."
SYBX,"SYNLOGIC, INC.",0001527599,OOTC,US,"synlogic|synlogic, inc."
SYF,Synchrony Financial,0001601712,XNYS,US,synchrony|synchrony financial
SYGCF,Sylla Gold Corp.,0001917817,OOTC,US,sylla|sylla gold|sylla gold corp.
SYHBF,SKYHARBOUR RESOURCES LTD,0001541190,OOTC,US,skyharbour|skyharbour resources|skyharbour resources ltd
SYIN,"Synbio International, Inc.",0001292490,OOTC,US,"synbio|synbio international|synbio international, inc."
SYK,STRYKER CORP,0000310764,XNYS,US,stryker|stryker corp
SYM,Symbotic Inc.,0001837240,XNAS,US,symbotic|symbotic inc.
SYNA,SYNAPTICS Inc,0000817720,XNAS,US,synaptics|synaptics inc
SYNSY,Syensqo SA/ADR,0002004340,OOTC,US,syensqo|syensqo sa/adr
SYNX,Silynxcom Ltd.,0001976443,XASE,US,silynxcom|silynxcom ltd.
SYPR,SYPRIS SOLUTIONS INC,0000864240,XNAS,US,sypris|sypris solutions|sypris solutions inc
SYRA,Syra Health Corp,0001922335,OOTC,US,syra|syra health|syra health corp
SYRE,"Spyre Therapeutics, Inc.",0001636282,XNAS,US,"spyre|spyre therapeutics|spyre therapeutics, inc."
SYY,SYSCO CORP,0000096021,XNYS,US,sysco|sysco corp
SZZL,Sizzle Acquisition Corp. II,0002030663,XNAS,US,sizzle|sizzle acquisition|sizzle acquisition corp. ii|sizzle acquisition ii
SZZLR,Sizzle Acquisition Corp. II,0002030663,XNAS,US,sizzle|sizzle acquisition|sizzle acquisition corp. ii|sizzle acquisition ii
SZZLU,Sizzle Acquisition Corp. II,0002030663,XNAS,US,sizzle|sizzle acquisition|sizzle acquisition corp. ii|sizzle acquisition ii
T,AT&T INC.,0000732717,XNYS,US,at|at t|at&t inc.
TAAG,"Awareness Group, Inc.",0001386044,OOTC,US,"awareness|awareness group, inc."
TAC,TRANSALTA CORP,0001144800,XNYS,US,transalta|transalta corp
TACH,Titan Acquisition Corp.,0002009183,XNAS,US,titan|titan acquisition|titan acquisition corp.
TACHU,Titan Acquisition Corp.,0002009183,XNAS,US,titan|titan acquisition|titan acquisition corp.
TACHW,Titan Acquisition Corp.,0002009183,XNAS,US,titan|titan acquisition|titan acquisition corp.
TACO,Berto Acquisition Corp.,0002033122,XNAS,US,berto|berto acquisition|berto acquisition corp.
TACOU,Berto Acquisition Corp.,0002033122,XNAS,US,berto|berto acquisition|berto acquisition corp.
TACOW,Berto Acquisition Corp.,0002033122,XNAS,US,berto|berto acquisition|berto acquisition corp.
TACPF,TRANSALTA CORP,0001144800,OOTC,US,transalta|transalta corp
TACT,TRANSACT TECHNOLOGIES INC,0001017303,XNAS,US,transact|transact technologies|transact technologies inc
TAGS,Teucrium Commodity Trust,0001471824,ARCX,US,teucrium|teucrium commodity|teucrium commodity trust
TAIT,TAITRON COMPONENTS INC,0000942126,OOTC,US,taitron|taitron components|taitron components inc
TAK,TAKEDA PHARMACEUTICAL CO LTD,0001395064,XNYS,US,takeda|takeda pharmaceutical|takeda pharmaceutical co ltd
TAKOF,Volatus Aerospace Inc.,0001547452,OOTC,US,volatus|volatus aerospace|volatus aerospace inc.
TAL,TAL Education Group,0001499620,XNYS,US,tal|tal education|tal education group
TALK,"Talkspace, Inc.",0001803901,XNAS,US,"talkspace|talkspace, inc."
TALKW,"Talkspace, Inc.",0001803901,XNAS,US,"talkspace|talkspace, inc."
TALO,TALOS ENERGY INC.,0001724965,XNYS,US,talos|talos energy|talos energy inc.
TANAF,Tian'an Technology Group Ltd,0001941189,OOTC,US,tian|tian an|tian an technology|tian'an technology group ltd
TANH,TANTECH HOLDINGS LTD,0001588084,XNAS,US,tantech|tantech holdings ltd
TAOP,Taoping Inc.,0001552670,XNAS,US,taoping|taoping inc.
TAOX,TAO Synergies Inc.,0001571934,XNAS,US,tao|tao synergies|tao synergies inc.
TAP,MOLSON COORS BEVERAGE CO,0000024545,XNYS,US,molson|molson coors|molson coors beverage|molson coors beverage co
TAPR,BARCLAYS BANK PLC,0000312070,BATS,US,barclays|barclays bank|barclays bank plc
TARA,"Protara Therapeutics, Inc.",0001359931,XNAS,US,"protara|protara therapeutics|protara therapeutics, inc."
TARS,"Tarsus Pharmaceuticals, Inc.",0001819790,XNAS,US,"tarsus|tarsus pharmaceuticals|tarsus pharmaceuticals, inc."
TARSF,Silver North Resources Ltd.,0001409036,OOTC,US,silver|silver north|silver north resources|silver north resources ltd.
TASK,"TaskUs, Inc.",0001829864,XNAS,US,"taskus|taskus, inc."
TATT,TAT TECHNOLOGIES LTD,0000808439,XNAS,US,tat|tat technologies|tat technologies ltd
TAVI,Tavia Acquisition Corp.,0002020385,XNAS,US,tavia|tavia acquisition|tavia acquisition corp.
TAVIR,Tavia Acquisition Corp.,0002020385,XNAS,US,tavia|tavia acquisition|tavia acquisition corp.
TAVIU,Tavia Acquisition Corp.,0002020385,XNAS,US,tavia|tavia acquisition|tavia acquisition corp.
TAYD,"TAYLOR DEVICES, INC.",0000096536,XNAS,US,"taylor|taylor devices|taylor devices, inc."
TBB,AT&T INC.,0000732717,XNYS,US,at|at t|at&t inc.
TBBB,BBB FOODS INC,0001978954,XNYS,US,bbb|bbb foods|bbb foods inc
TBBK,"Bancorp, Inc.",0001295401,XNAS,US,"bancorp|bancorp, inc."
TBCH,Turtle Beach Corp,0001493761,XNAS,US,turtle|turtle beach|turtle beach corp
TBH,"Brag House Holdings, Inc.",0001903595,XNAS,US,"brag|brag house|brag house holdings, inc."
TBI,"TrueBlue, Inc.",0000768899,XNYS,US,"trueblue|trueblue, inc."
TBLA,Taboola.com Ltd.,0001840502,XNAS,US,taboola|taboola com|taboola.com ltd.
TBLAW,Taboola.com Ltd.,0001840502,XNAS,US,taboola|taboola com|taboola.com ltd.
TBLD,Thornburg Income Builder Opportunities Trust,0001820378,XNAS,US,thornburg|thornburg income|thornburg income builder opportunities|thornburg income builder opportunities trust
TBLLF,Tombill Mines Ltd,0001854257,OOTC,US,tombill|tombill mines|tombill mines ltd
TBN,Tamboran Resources Corp,0001997652,XNYS,US,tamboran|tamboran resources|tamboran resources corp
TBNGY,PT Bukit Asam Tbk/ADR,0001489088,OOTC,US,pt|pt bukit|pt bukit asam tbk|pt bukit asam tbk/adr
TBNRL,Tamboran Resources Corp,0001997652,OOTC,US,tamboran|tamboran resources|tamboran resources corp
TBPH,"Theravance Biopharma, Inc.",0001583107,XNAS,US,"theravance|theravance biopharma|theravance biopharma, inc."
TBRG,"TruBridge, Inc.",0001169445,XNAS,US,"trubridge|trubridge, inc."
TBTC,TABLE TRAC INC,0001090396,OOTC,US,table|table trac|table trac inc
TBXXF,King Copper Discovery Corp.,0001785476,OOTC,US,king|king copper|king copper discovery|king copper discovery corp.
TC,Token Cat Ltd,0001743340,XNAS,US,token|token cat|token cat ltd
TCANF,TC ENERGY CORP,0001232384,OOTC,US,tc|tc energy|tc energy corp
TCBI,TEXAS CAPITAL BANCSHARES INC/TX,0001077428,XNAS,US,texas|texas capital|texas capital bancshares inc/tx|texas capital bancshares tx
TCBIO,TEXAS CAPITAL BANCSHARES INC/TX,0001077428,XNAS,US,texas|texas capital|texas capital bancshares inc/tx|texas capital bancshares tx
TCBK,TRICO BANCSHARES /,0000356171,XNAS,US,trico|trico bancshares|trico bancshares /
TCBS,"Texas Community Bancshares, Inc.",0001849466,XNAS,US,"texas|texas community|texas community bancshares|texas community bancshares, inc."
TCBX,"Third Coast Bancshares, Inc.",0001781730,XNYS,US,"third|third coast|third coast bancshares|third coast bancshares, inc."
TCENF,TC ENERGY CORP,0001232384,OOTC,US,tc|tc energy|tc energy corp
TCEYF,TC ENERGY CORP,0001232384,OOTC,US,tc|tc energy|tc energy corp
TCGL,TechCreate Group Ltd.,0002047190,XASE,US,techcreate|techcreate group ltd.
TCI,TRANSCONTINENTAL REALTY INVESTORS INC,0000733590,XNYS,US,transcontinental|transcontinental realty|transcontinental realty investors|transcontinental realty investors inc
TCKRF,TECK RESOURCES LTD,0000886986,OOTC,US,teck|teck resources|teck resources ltd
TCLHF,TCL Electronics Holdings Limited/ADR,0002073804,OOTC,US,tcl|tcl electronics|tcl electronics holdings limited/adr
TCMD,TACTILE SYSTEMS TECHNOLOGY INC,0001027838,XNAS,US,tactile|tactile systems|tactile systems technology|tactile systems technology inc
TCMEF,Tencent Music Entertainment Group,0001744676,OOTC,US,tencent|tencent music|tencent music entertainment|tencent music entertainment group
TCMFF,TELECOM ARGENTINA SA,0000932470,OOTC,US,telecom|telecom argentina|telecom argentina sa
TCNNF,Trulieve Cannabis Corp.,0001754195,OOTC,US,trulieve|trulieve cannabis|trulieve cannabis corp.
TCOM,Trip.com Group Ltd,0001269238,XNAS,US,trip|trip com|trip.com group ltd
TCPA,TRANSCANADA PIPELINES LTD,0000099070,XNYS,US,transcanada|transcanada pipelines|transcanada pipelines ltd
TCPC,BlackRock TCP Capital Corp.,0001370755,XNAS,US,blackrock|blackrock tcp|blackrock tcp capital|blackrock tcp capital corp.
TCRG,Cannaisseur Group Inc.,0001879270,OOTC,US,cannaisseur|cannaisseur group inc.
TCRI,"TechCom, Inc.",0001481443,OOTC,US,"techcom|techcom, inc."
TCRT,"Alaunos Therapeutics, Inc.",0001107421,XNAS,US,"alaunos|alaunos therapeutics|alaunos therapeutics, inc."
TCRX,"TScan Therapeutics, Inc.",0001783328,XNAS,US,"tscan|tscan therapeutics|tscan therapeutics, inc."
TCX,TUCOWS INC /PA/,0000909494,XNAS,US,tucows|tucows inc /pa/|tucows pa
TD,TORONTO DOMINION BANK,0000947263,XNYS,US,toronto|toronto dominion|toronto dominion bank
TDAC,Translational Development Acquisition Corp.,0001926599,XNAS,US,translational|translational development|translational development acquisition|translational development acquisition corp.
TDACU,Translational Development Acquisition Corp.,0001926599,XNAS,US,translational|translational development|translational development acquisition|translational development acquisition corp.
TDACW,Translational Development Acquisition Corp.,0001926599,XNAS,US,translational|translational development|translational development acquisition|translational development acquisition corp.
TDAY,"USA TODAY Co., Inc.",0001579684,XNYS,US,"usa|usa today|usa today co., inc."
TDBCP,TORONTO DOMINION BANK,0000947263,OOTC,US,toronto|toronto dominion|toronto dominion bank
TDC,TERADATA CORP /DE/,0000816761,XNYS,US,teradata|teradata corp /de/|teradata de
TDDWW,TIDEWATER INC,0000098222,OOTC,US,tidewater|tidewater inc
TDF,TEMPLETON DRAGON FUND INC,0000919893,XNYS,US,templeton|templeton dragon|templeton dragon fund|templeton dragon fund inc
TDG,TransDigm Group INC,0001260221,XNYS,US,transdigm|transdigm group inc
TDGGF,TDG Gold Corp.,0001972589,OOTC,US,tdg|tdg gold|tdg gold corp.
TDGMW,TIDEWATER INC,0000098222,OOTC,US,tidewater|tidewater inc
TDIC,Dreamland Ltd,0002041338,XNAS,US,dreamland|dreamland ltd
TDOC,"Teladoc Health, Inc.",0001477449,XNYS,US,"teladoc|teladoc health|teladoc health, inc."
TDOG,21Shares Dogecoin ETF,0002064314,XNAS,US,21shares|21shares dogecoin|21shares dogecoin etf
TDRRF,Tudor Gold Corp.,0001921050,OOTC,US,tudor|tudor gold|tudor gold corp.
TDS,TELEPHONE & DATA SYSTEMS INC /DE/,0001051512,XNYS,US,telephone|telephone & data systems inc /de/|telephone data|telephone data systems de
TDTH,Trident Digital Tech Holdings Ltd,0001983550,XNAS,US,trident|trident digital|trident digital tech|trident digital tech holdings ltd
TDUP,ThredUp Inc.,0001484778,XNAS,US,thredup|thredup inc.
TDW,TIDEWATER INC,0000098222,XNYS,US,tidewater|tidewater inc
TDWD,Tailwind 2.0 Acquisition Corp.,0002076616,XNAS,US,tailwind|tailwind 2|tailwind 2 0 acquisition|tailwind 2.0 acquisition corp.
TDWDR,Tailwind 2.0 Acquisition Corp.,0002076616,XNAS,US,tailwind|tailwind 2|tailwind 2 0 acquisition|tailwind 2.0 acquisition corp.
TDWDU,Tailwind 2.0 Acquisition Corp.,0002076616,XNAS,US,tailwind|tailwind 2|tailwind 2 0 acquisition|tailwind 2.0 acquisition corp.
TDY,TELEDYNE TECHNOLOGIES INC,0001094285,XNYS,US,teledyne|teledyne technologies|teledyne technologies inc
TE,T1 Energy Inc.,0001992243,XNYS,US,t1|t1 energy|t1 energy inc.
TEAD,Teads Holding Co.,0001454938,XNAS,US,teads|teads holding co.
TEAM,Atlassian Corp,0001650372,XNAS,US,atlassian|atlassian corp
TECH,BIO-TECHNE Corp,0000842023,XNAS,US,bio|bio techne|bio-techne corp
TECK,TECK RESOURCES LTD,0000886986,XNYS,US,teck|teck resources|teck resources ltd
TECX,"Tectonic Therapeutic, Inc.",0001681087,XNAS,US,"tectonic|tectonic therapeutic|tectonic therapeutic, inc."
TEFOF,TELEFONICA S A,0000814052,OOTC,US,telefonica|telefonica s|telefonica s a
TEI,TEMPLETON EMERGING MARKETS INCOME FUND,0000909112,XNYS,US,templeton|templeton emerging|templeton emerging markets income fund
TEICY,TOSEI CORP/ADR,0002089506,OOTC,US,tosei|tosei corp/adr
TEL,TE Connectivity plc,0001385157,XNYS,US,te|te connectivity|te connectivity plc
TELA,"TELA Bio, Inc.",0001561921,XNAS,US,"tela|tela bio|tela bio, inc."
TELFY,TELEFONICA S A,0000814052,OOTC,US,telefonica|telefonica s|telefonica s a
TELNF,TELENOR ASA,0001126113,OOTC,US,telenor|telenor asa
TELNY,TELENOR ASA,0001126113,OOTC,US,telenor|telenor asa
TELO,"Telomir Pharmaceuticals, Inc.",0001971532,XNAS,US,"telomir|telomir pharmaceuticals|telomir pharmaceuticals, inc."
TEM,"Tempus AI, Inc.",0001717115,XNAS,US,"tempus|tempus ai|tempus ai, inc."
TEN,TSAKOS ENERGY NAVIGATION LTD,0001166663,XNYS,US,tsakos|tsakos energy|tsakos energy navigation|tsakos energy navigation ltd
TENB,"Tenable Holdings, Inc.",0001660280,XNAS,US,"tenable|tenable holdings, inc."
TENX,"TENAX THERAPEUTICS, INC.",0000034956,XNAS,US,"tenax|tenax therapeutics|tenax therapeutics, inc."
TEO,TELECOM ARGENTINA SA,0000932470,XNYS,US,telecom|telecom argentina|telecom argentina sa
TER,"TERADYNE, INC",0000097210,XNAS,US,"teradyne|teradyne, inc"
TETEF,Technology & Telecommunication Acquisition Corp,0001900679,OOTC,US,technology|technology & telecommunication acquisition corp|technology telecommunication|technology telecommunication acquisition
TETH,21Shares Ethereum ETF,0001992508,BATS,US,21shares|21shares ethereum|21shares ethereum etf
TETOF,Tectonic Metals Inc.,0001783432,OOTC,US,tectonic|tectonic metals|tectonic metals inc.
TETUF,Technology & Telecommunication Acquisition Corp,0001900679,OOTC,US,technology|technology & telecommunication acquisition corp|technology telecommunication|technology telecommunication acquisition
TETWF,Technology & Telecommunication Acquisition Corp,0001900679,OOTC,US,technology|technology & telecommunication acquisition corp|technology telecommunication|technology telecommunication acquisition
TEVA,TEVA PHARMACEUTICAL INDUSTRIES LTD,0000818686,XNYS,US,teva|teva pharmaceutical|teva pharmaceutical industries|teva pharmaceutical industries ltd
TEVJF,TEVA PHARMACEUTICAL INDUSTRIES LTD,0000818686,OOTC,US,teva|teva pharmaceutical|teva pharmaceutical industries|teva pharmaceutical industries ltd
TEX,TEREX CORP,0000097216,XNYS,US,terex|terex corp
TFC,TRUIST FINANCIAL CORP,0000092230,XNYS,US,truist|truist financial|truist financial corp
TFII,TFI International Inc.,0001588823,XNYS,US,tfi|tfi international|tfi international inc.
TFIN,"Triumph Financial, Inc.",0001539638,XNYS,US,"triumph|triumph financial|triumph financial, inc."
TFPM,Triple Flag Precious Metals Corp.,0001829726,XNYS,US,triple|triple flag|triple flag precious metals|triple flag precious metals corp.
TFSL,TFS Financial CORP,0001381668,XNAS,US,tfs|tfs financial|tfs financial corp
TFX,TELEFLEX INC,0000096943,XNYS,US,teleflex|teleflex inc
TG,TREDEGAR CORP,0000850429,XNYS,US,tredegar|tredegar corp
TGB,TASEKO MINES LTD,0000878518,XASE,US,taseko|taseko mines|taseko mines ltd
TGCB,"Tego Cyber, Inc.",0001815632,OOTC,US,"tego|tego cyber|tego cyber, inc."
TGE,Generation Essentials Group,0002053456,XNYS,US,generation|generation essentials|generation essentials group
TGEN,TECOGEN INC.,0001537435,XASE,US,tecogen|tecogen inc.
TGHL,GrowHub Ltd,0002024114,XNAS,US,growhub|growhub ltd
TGL,TREASURE GLOBAL INC,0001905956,XNAS,US,treasure|treasure global|treasure global inc
TGLO,THEGLOBE COM INC,0001066684,OOTC,US,theglobe|theglobe com|theglobe com inc
TGLS,Tecnoglass Inc.,0001534675,XNYS,US,tecnoglass|tecnoglass inc.
TGMPF,Tantalus Systems Holding Inc.,0002025947,OOTC,US,tantalus|tantalus systems|tantalus systems holding inc.
TGNT,"Totaligent, Inc.",0000846377,OOTC,US,"totaligent|totaligent, inc."
TGOPF,3i GROUP PLC,0001078716,OOTC,US,3i|3i group plc
TGRGF,Tiger Gold Corp.,0002094900,OOTC,US,tiger|tiger gold|tiger gold corp.
TGS,GAS TRANSPORTER OF THE SOUTH INC,0000931427,XNYS,US,gas|gas transporter|gas transporter of south|gas transporter of the south inc
TGT,TARGET CORP,0000027419,XNYS,US,target|target corp
TGTX,"TG THERAPEUTICS, INC.",0001001316,XNAS,US,"tg|tg therapeutics|tg therapeutics, inc."
TH,Target Hospitality Corp.,0001712189,XNAS,US,target|target hospitality|target hospitality corp.
THC,TENET HEALTHCARE CORP,0000070318,XNYS,US,tenet|tenet healthcare|tenet healthcare corp
THCH,TH International Ltd,0001877333,XNAS,US,th|th international|th international ltd
THCLY,"Toho Co., Ltd./ADR",0002064381,OOTC,US,"toho|toho co., ltd./adr"
THFF,FIRST FINANCIAL CORP /IN/,0000714562,XNAS,US,first|first financial|first financial corp /in/|first financial in
THFRF,Thai Union Group Public Co Limited/ADR,0001562296,OOTC,US,thai|thai union|thai union group public co limited/adr|thai union public
THG,"HANOVER INSURANCE GROUP, INC.",0000944695,XNYS,US,"hanover|hanover insurance|hanover insurance group, inc."
THH,TryHard Holdings Ltd,0002044241,XNAS,US,tryhard|tryhard holdings ltd
THM,INTERNATIONAL TOWER HILL MINES LTD,0001134115,XASE,US,international|international tower|international tower hill mines|international tower hill mines ltd
THMG,THUNDER MOUNTAIN GOLD INC,0000711034,OOTC,US,thunder|thunder mountain|thunder mountain gold|thunder mountain gold inc
THO,THOR INDUSTRIES INC,0000730263,XNYS,US,thor|thor industries|thor industries inc
THQ,abrdn Healthcare Opportunities Fund,0001604522,XNYS,US,abrdn|abrdn healthcare|abrdn healthcare opportunities fund
THQQF,Embracer Group AB/ADR,0001969796,OOTC,US,embracer|embracer ab|embracer group ab/adr
THR,"Thermon Group Holdings, Inc.",0001489096,XNYS,US,"thermon|thermon group holdings, inc."
THRC,"Havana Roasters Coffee Companies, Inc.",0001409253,OOTC,US,"havana|havana roasters|havana roasters coffee companies|havana roasters coffee companies, inc."
THRM,Gentherm Inc,0000903129,XNAS,US,gentherm|gentherm inc
THRY,"Thryv Holdings, Inc.",0001556739,XNAS,US,"thryv|thryv holdings, inc."
THSGF,THESIS GOLD INC.,0001832803,OOTC,US,thesis|thesis gold|thesis gold inc.
THTG,Tech Tonic Group Corp.,0002029303,OOTC,US,tech|tech tonic|tech tonic group corp.
THURF,Thunderstruck Resources Ltd.,0001536811,OOTC,US,thunderstruck|thunderstruck resources|thunderstruck resources ltd.
THW,abrdn World Healthcare Fund,0001635977,XNYS,US,abrdn|abrdn world|abrdn world healthcare fund
THYP,21Shares Hyperliquid ETF,0002090011,XNAS,US,21shares|21shares hyperliquid|21shares hyperliquid etf
TIC,"TIC Solutions, Inc.",0002032966,XNYS,US,"tic|tic solutions|tic solutions, inc."
TICAW,"TIC Solutions, Inc.",0002032966,OOTC,US,"tic|tic solutions|tic solutions, inc."
TIGCF,Triumph Gold Corp.,0001387473,OOTC,US,triumph|triumph gold|triumph gold corp.
TIGO,MILLICOM INTERNATIONAL CELLULAR SA,0000912958,XNAS,US,millicom|millicom international|millicom international cellular|millicom international cellular sa
TIGR,UP Fintech Holding Ltd,0001756699,XNAS,US,up|up fintech|up fintech holding ltd
TII,Titan Mining Corp,0001791703,XASE,US,titan|titan mining|titan mining corp
TIL,"Instil Bio, Inc.",0001789769,XNAS,US,"instil|instil bio|instil bio, inc."
TILE,INTERFACE INC,0000715787,XNAS,US,interface|interface inc
TIMB,TIM S.A.,0001826168,XNYS,US,tim|tim s.a.
TINFF,Tincorp Metals Inc.,0001864597,OOTC,US,tincorp|tincorp metals|tincorp metals inc.
TIPT,TIPTREE INC.,0001393726,XNAS,US,tiptree|tiptree inc.
TIRXF,TIAN RUIXIANG HOLDINGS LTD,0001782941,OOTC,US,tian|tian ruixiang|tian ruixiang holdings ltd
TISI,TEAM INC,0000318833,XNYS,US,team|team inc
TITN,Titan Machinery Inc.,0001409171,XNAS,US,titan|titan machinery|titan machinery inc.
TJGC,TJGC GROUP Ltd,0001969928,XNAS,US,tjgc|tjgc group ltd
TJX,TJX COMPANIES INC /DE/,0000109198,XNYS,US,tjx|tjx companies|tjx companies de|tjx companies inc /de/
TK,TEEKAY CORP LTD,0000911971,XNYS,US,teekay|teekay corp ltd
TKC,TURKCELL ILETISIM HIZMETLERI A S,0001071321,XNYS,US,turkcell|turkcell iletisim|turkcell iletisim hizmetleri a s
TKCYY,"Tokyo Ohka Kogyo Co., Ltd./ADR",0002066601,OOTC,US,"tokyo|tokyo ohka|tokyo ohka kogyo|tokyo ohka kogyo co., ltd./adr"
TKLF,"Tokyo Lifestyle Co., Ltd.",0001836242,XNAS,US,"tokyo|tokyo lifestyle|tokyo lifestyle co., ltd."
TKMEF,"Tokyo Metro Co., Ltd./ADR",0002044863,OOTC,US,"tokyo|tokyo metro|tokyo metro co., ltd./adr"
TKMSF,TKMS AG & CO. KGAA/ADR,0002124215,OOTC,US,tkms|tkms ag & co. kgaa/adr|tkms kgaa
TKMTY,"Tokyo Metro Co., Ltd./ADR",0002044863,OOTC,US,"tokyo|tokyo metro|tokyo metro co., ltd./adr"
TKNO,"Alpha Teknova, Inc.",0001850902,XNAS,US,"alpha|alpha teknova|alpha teknova, inc."
TKO,"TKO Group Holdings, Inc.",0001973266,XNYS,US,"tko|tko group holdings, inc."
TKPHF,TAKEDA PHARMACEUTICAL CO LTD,0001395064,OOTC,US,takeda|takeda pharmaceutical|takeda pharmaceutical co ltd
TKR,TIMKEN CO,0000098362,XNYS,US,timken|timken co
TKRFF,TINKA RESOURCES Ltd,0001368845,OOTC,US,tinka|tinka resources|tinka resources ltd
TLF,TANDY LEATHER FACTORY INC,0000909724,XNAS,US,tandy|tandy leather|tandy leather factory|tandy leather factory inc
TLGUF,TLGY ACQUISITION CORP,0001879814,OOTC,US,tlgy|tlgy acquisition|tlgy acquisition corp
TLGWF,TLGY ACQUISITION CORP,0001879814,OOTC,US,tlgy|tlgy acquisition|tlgy acquisition corp
TLGYF,TLGY ACQUISITION CORP,0001879814,OOTC,US,tlgy|tlgy acquisition|tlgy acquisition corp
TLIH,Ten-League International Holdings Ltd,0001982012,XNAS,US,ten|ten league|ten league international|ten-league international holdings ltd
TLK,PERUSAHAAN PERSEROAN PERSERO PT TELEKOMUNIKASI INDONESIA TBK,0001001807,XNYS,US,perusahaan|perusahaan perseroan|perusahaan perseroan persero pt telekomunikasi indonesia tbk
TLN,Talen Energy Corp,0001622536,XNAS,US,talen|talen energy|talen energy corp
TLNC,Talon Capital Corp.,0002073340,XNAS,US,talon|talon capital|talon capital corp.
TLNCU,Talon Capital Corp.,0002073340,XNAS,US,talon|talon capital|talon capital corp.
TLNCW,Talon Capital Corp.,0002073340,XNAS,US,talon|talon capital|talon capital corp.
TLPH,"TALPHERA, INC.",0001427925,XNAS,US,"talphera|talphera, inc."
TLPPF,Telix Pharmaceuticals Ltd,0002007191,OOTC,US,telix|telix pharmaceuticals|telix pharmaceuticals ltd
TLRY,"Tilray Brands, Inc.",0001731348,XNAS,US,"tilray|tilray brands|tilray brands, inc."
TLS,TELOS CORP,0000320121,XNAS,US,telos|telos corp
TLSA,Tiziana Life Sciences Ltd,0001723069,XNAS,US,tiziana|tiziana life|tiziana life sciences|tiziana life sciences ltd
TLSI,"TriSalus Life Sciences, Inc.",0001826667,XNAS,US,"trisalus|trisalus life|trisalus life sciences|trisalus life sciences, inc."
TLSIW,"TriSalus Life Sciences, Inc.",0001826667,XNAS,US,"trisalus|trisalus life|trisalus life sciences|trisalus life sciences, inc."
TLSS,"Transportation & Logistics Systems, Inc.",0001463208,OOTC,US,"transportation|transportation & logistics systems, inc.|transportation logistics|transportation logistics systems"
TLX,Telix Pharmaceuticals Ltd,0002007191,XNAS,US,telix|telix pharmaceuticals|telix pharmaceuticals ltd
TLYS,"TILLY'S, INC.",0001524025,XNYS,US,"tilly|tilly s|tilly's, inc."
TM,TOYOTA MOTOR CORP/,0001094517,XNYS,US,toyota|toyota motor|toyota motor corp/
TMC,TMC the metals Co Inc.,0001798562,XNAS,US,tmc|tmc metals|tmc the metals co inc.
TMCI,"TREACE MEDICAL CONCEPTS, INC.",0001630627,XNAS,US,"treace|treace medical|treace medical concepts|treace medical concepts, inc."
TMCR,Metals Royalty Co Inc.,0002087398,XNAS,US,metals|metals royalty|metals royalty co inc.
TMCWW,TMC the metals Co Inc.,0001798562,XNAS,US,tmc|tmc metals|tmc the metals co inc.
TMDE,TMD Energy Ltd,0002009714,XASE,US,tmd|tmd energy|tmd energy ltd
TMDX,"TransMedics Group, Inc.",0001756262,XNAS,US,"transmedics|transmedics group, inc."
TME,Tencent Music Entertainment Group,0001744676,XNYS,US,tencent|tencent music|tencent music entertainment|tencent music entertainment group
TMGI,"Transglobal Management Group, Inc.",0001434601,OOTC,US,"transglobal|transglobal management|transglobal management group, inc."
TMHC,Taylor Morrison Home Corp,0001562476,XNYS,US,taylor|taylor morrison|taylor morrison home|taylor morrison home corp
TMKVY,Tamarack Valley Energy Ltd./ADR,0002073901,OOTC,US,tamarack|tamarack valley|tamarack valley energy|tamarack valley energy ltd./adr
TMO,THERMO FISHER SCIENTIFIC INC.,0000097745,XNYS,US,thermo|thermo fisher|thermo fisher scientific|thermo fisher scientific inc.
TMP,TOMPKINS FINANCIAL CORP,0001005817,XASE,US,tompkins|tompkins financial|tompkins financial corp
TMQ,Trilogy Metals Inc.,0001543418,XASE,US,trilogy|trilogy metals|trilogy metals inc.
TMRC,Texas Mineral Resources Corp.,0001445942,OOTC,US,texas|texas mineral|texas mineral resources|texas mineral resources corp.
TMSOF,THOMSON REUTERS CORP /CAN/,0001075124,OOTC,US,thomson|thomson reuters|thomson reuters can|thomson reuters corp /can/
TMTNF,Toromont Industries Ltd./ADR,0002072098,OOTC,US,toromont|toromont industries|toromont industries ltd./adr
TMTNY,Toromont Industries Ltd./ADR,0002072098,OOTC,US,toromont|toromont industries|toromont industries ltd./adr
TMTS,Spartacus Acquisition Corp. II,0002097364,XNAS,US,spartacus|spartacus acquisition|spartacus acquisition corp. ii|spartacus acquisition ii
TMTSU,Spartacus Acquisition Corp. II,0002097364,XNAS,US,spartacus|spartacus acquisition|spartacus acquisition corp. ii|spartacus acquisition ii
TMTSW,Spartacus Acquisition Corp. II,0002097364,XNAS,US,spartacus|spartacus acquisition|spartacus acquisition corp. ii|spartacus acquisition ii
TMUS,"T-Mobile US, Inc.",0001283699,XNAS,US,"t mobile|t mobile us|t-mobile us, inc."
TMUSI,"T-Mobile US, Inc.",0001283699,XNAS,US,"t mobile|t mobile us|t-mobile us, inc."
TMUSL,"T-Mobile US, Inc.",0001283699,XNAS,US,"t mobile|t mobile us|t-mobile us, inc."
TMUSZ,"T-Mobile US, Inc.",0001283699,XNAS,US,"t mobile|t mobile us|t-mobile us, inc."
TNBI,Tanke Biosciences Corp,0001452011,OOTC,US,tanke|tanke biosciences|tanke biosciences corp
TNC,TENNANT CO,0000097134,XNYS,US,tennant|tennant co
TNCAF,TC ENERGY CORP,0001232384,OOTC,US,tc|tc energy|tc energy corp
TNDEF,Top End Energy Ltd/ADR,0002075349,OOTC,US,top|top end|top end energy|top end energy ltd/adr
TNDM,TANDEM DIABETES CARE INC,0001438133,XNAS,US,tandem|tandem diabetes|tandem diabetes care|tandem diabetes care inc
TNET,"TRINET GROUP, INC.",0000937098,XNYS,US,"trinet|trinet group, inc."
TNEYF,Tamarack Valley Energy Ltd./ADR,0002073901,OOTC,US,tamarack|tamarack valley|tamarack valley energy|tamarack valley energy ltd./adr
TNGX,"Tango Therapeutics, Inc.",0001819133,XNAS,US,"tango|tango therapeutics|tango therapeutics, inc."
TNK,TEEKAY TANKERS LTD.,0001419945,XNYS,US,teekay|teekay tankers|teekay tankers ltd.
TNL,Travel & Leisure Co.,0001361658,XNYS,US,travel|travel & leisure co.|travel leisure
TNMG,TNL Mediagene,0002013186,XNAS,US,tnl|tnl mediagene
TNMWF,TNL Mediagene,0002013186,OOTC,US,tnl|tnl mediagene
TNON,"Tenon Medical, Inc.",0001560293,XNAS,US,"tenon|tenon medical|tenon medical, inc."
TNONW,"Tenon Medical, Inc.",0001560293,XNAS,US,"tenon|tenon medical|tenon medical, inc."
TNRSF,TENARIS SA,0001190723,OOTC,US,tenaris|tenaris sa
TNXP,Tonix Pharmaceuticals Holding Corp.,0001430306,XNAS,US,tonix|tonix pharmaceuticals|tonix pharmaceuticals holding corp.
TNYA,"Tenaya Therapeutics, Inc.",0001858848,XNAS,US,"tenaya|tenaya therapeutics|tenaya therapeutics, inc."
TNYZF,Tiny Ltd.,0001836775,OOTC,US,tiny|tiny ltd.
TOETF,TOSEI CORP/ADR,0002089506,OOTC,US,tosei|tosei corp/adr
TOFB,TOFUTTI BRANDS INC,0000730349,OOTC,US,tofutti|tofutti brands|tofutti brands inc
TOGI,"TurnOnGreen, Inc.",0001349706,OOTC,US,"turnongreen|turnongreen, inc."
TOGIW,"TurnOnGreen, Inc.",0001349706,OOTC,US,"turnongreen|turnongreen, inc."
TOI,"Oncology Institute, Inc.",0001799191,XNAS,US,"oncology|oncology institute|oncology institute, inc."
TOIIW,"Oncology Institute, Inc.",0001799191,XNAS,US,"oncology|oncology institute|oncology institute, inc."
TOKCF,"Tokyo Ohka Kogyo Co., Ltd./ADR",0002066601,OOTC,US,"tokyo|tokyo ohka|tokyo ohka kogyo|tokyo ohka kogyo co., ltd./adr"
TOL,"Toll Brothers, Inc.",0000794170,XNYS,US,"toll|toll brothers|toll brothers, inc."
TOMYF,Tomy Co Ltd/ADR,0001826779,OOTC,US,tomy|tomy co ltd/adr
TOMZ,"TOMI Environmental Solutions, Inc.",0000314227,XNAS,US,"tomi|tomi environmental|tomi environmental solutions|tomi environmental solutions, inc."
TONX,TON Strategy Co,0001566610,XNAS,US,ton|ton strategy|ton strategy co
TOON,"Kartoon Studios, Inc.",0001355848,XASE,US,"kartoon|kartoon studios|kartoon studios, inc."
TOP,TOP Financial Group Ltd,0001848275,XNAS,US,top|top financial|top financial group ltd
TOPP,Toppoint Holdings Inc.,0001960847,XASE,US,toppoint|toppoint holdings inc.
TOPS,TOP SHIPS INC.,0001296484,XASE,US,top|top ships|top ships inc.
TORO,TORO CORP.,0001941131,XNAS,US,toro|toro corp.
TOST,"Toast, Inc.",0001650164,XNYS,US,"toast|toast, inc."
TOUR,Tuniu Corp,0001597095,XNAS,US,tuniu|tuniu corp
TOVX,"Theriva Biologics, Inc.",0000894158,XASE,US,"theriva|theriva biologics|theriva biologics, inc."
TOXR,21Shares XRP ETF,0002028835,BATS,US,21shares|21shares xrp|21shares xrp etf
TOYO,"TOYO Co., Ltd",0001985273,XNAS,US,"toyo|toyo co., ltd"
TOYOF,TOYOTA MOTOR CORP/,0001094517,OOTC,US,toyota|toyota motor|toyota motor corp/
TOYWF,"TOYO Co., Ltd",0001985273,OOTC,US,"toyo|toyo co., ltd"
TPB,"Turning Point Brands, Inc.",0001290677,XNYS,US,"turning|turning point|turning point brands|turning point brands, inc."
TPC,TUTOR PERINI CORP,0000077543,XNYS,US,tutor|tutor perini|tutor perini corp
TPCS,TECHPRECISION CORP,0001328792,XNAS,US,techprecision|techprecision corp
TPET,Trio Petroleum Corp,0001898766,XASE,US,trio|trio petroleum|trio petroleum corp
TPG,TPG Inc.,0001880661,XNAS,US,tpg|tpg inc.
TPGXL,TPG Inc.,0001880661,XNAS,US,tpg|tpg inc.
TPHS,Trinity Place Holdings Inc.,0000724742,OOTC,US,trinity|trinity place|trinity place holdings inc.
TPICQ,"TPI COMPOSITES, INC",0001455684,OOTC,US,"tpi|tpi composites|tpi composites, inc"
TPL,Texas Pacific Land Corp,0001811074,XNYS,US,texas|texas pacific|texas pacific land|texas pacific land corp
TPR,"TAPESTRY, INC.",0001116132,XNYS,US,"tapestry|tapestry, inc."
TPST,"Tempest Therapeutics, Inc.",0001544227,XNAS,US,"tempest|tempest therapeutics|tempest therapeutics, inc."
TPTA,"Terra Property Trust, Inc.",0001674356,XNYS,US,"terra|terra property|terra property trust, inc."
TPVG,TriplePoint Venture Growth BDC Corp.,0001580345,XNYS,US,triplepoint|triplepoint venture|triplepoint venture growth bdc|triplepoint venture growth bdc corp.
TPZEF,Topaz Energy Corp./ADR,0002073655,OOTC,US,topaz|topaz energy|topaz energy corp./adr
TPZEY,Topaz Energy Corp./ADR,0002073655,OOTC,US,topaz|topaz energy|topaz energy corp./adr
TR,TOOTSIE ROLL INDUSTRIES INC,0000098677,XNYS,US,tootsie|tootsie roll|tootsie roll industries|tootsie roll industries inc
TRAD,APEX Tech Acquisition Inc.,0002085485,XNYS,US,apex|apex tech|apex tech acquisition|apex tech acquisition inc.
TRAK,"ReposiTrak, Inc.",0000050471,XNYS,US,"repositrak|repositrak, inc."
TRAW,"Traws Pharma, Inc.",0001130598,XNAS,US,"traws|traws pharma|traws pharma, inc."
TRAX,"First Tracks Biotherapeutics, Inc.",0002091349,XNAS,US,"first|first tracks|first tracks biotherapeutics|first tracks biotherapeutics, inc."
TRBMF,TORQ RESOURCES INC.,0001406944,OOTC,US,torq|torq resources|torq resources inc.
TRC,TEJON RANCH CO,0000096869,XNYS,US,tejon|tejon ranch|tejon ranch co
TRCK,"Track Group, Inc.",0001045942,OOTC,US,"track|track group, inc."
TRDA,"Entrada Therapeutics, Inc.",0001689375,XNAS,US,"entrada|entrada therapeutics|entrada therapeutics, inc."
TREE,"LendingTree, Inc.",0001434621,XNAS,US,"lendingtree|lendingtree, inc."
TREX,TREX CO INC,0001069878,XNYS,US,trex|trex co inc
TRGEF,Targa Exploration Corp.,0001989815,OOTC,US,targa|targa exploration|targa exploration corp.
TRGP,Targa Resources Corp.,0001389170,XNYS,US,targa|targa resources|targa resources corp.
TRGS,TRG Latin America Acquisitions Corp.,0002098780,XNAS,US,trg|trg latin|trg latin america acquisitions|trg latin america acquisitions corp.
TRGSR,TRG Latin America Acquisitions Corp.,0002098780,XNAS,US,trg|trg latin|trg latin america acquisitions|trg latin america acquisitions corp.
TRGSU,TRG Latin America Acquisitions Corp.,0002098780,XNAS,US,trg|trg latin|trg latin america acquisitions|trg latin america acquisitions corp.
TRGXF,Terra Rossa Gold Ltd.,0001861479,OOTC,US,terra|terra rossa|terra rossa gold|terra rossa gold ltd.
TRI,THOMSON REUTERS CORP /CAN/,0001075124,XNAS,US,thomson|thomson reuters|thomson reuters can|thomson reuters corp /can/
TRIB,TRINITY BIOTECH PLC,0000888721,XNAS,US,trinity|trinity biotech|trinity biotech plc
TRIN,Trinity Capital Inc.,0001786108,XNAS,US,trinity|trinity capital|trinity capital inc.
TRINI,Trinity Capital Inc.,0001786108,XNAS,US,trinity|trinity capital|trinity capital inc.
TRINZ,Trinity Capital Inc.,0001786108,XNAS,US,trinity|trinity capital|trinity capital inc.
TRIP,"TripAdvisor, Inc.",0001526520,XNAS,US,"tripadvisor|tripadvisor, inc."
TRLC,TriLinc Global Impact Fund LLC,0001550453,OOTC,US,trilinc|trilinc global|trilinc global impact fund|trilinc global impact fund llc
TRLED,Trillion Energy International Inc.,0001648636,OOTC,US,trillion|trillion energy|trillion energy international|trillion energy international inc.
TRMB,TRIMBLE INC.,0000864749,XNAS,US,trimble|trimble inc.
TRMD,TORM plc,0001655891,XNAS,US,torm|torm plc
TRMK,TRUSTMARK CORP,0000036146,XNAS,US,trustmark|trustmark corp
TRMLF,Tourmaline Oil Corp/ADR,0002071881,OOTC,US,tourmaline|tourmaline oil|tourmaline oil corp/adr
TRMOY,Tourmaline Oil Corp/ADR,0002071881,OOTC,US,tourmaline|tourmaline oil|tourmaline oil corp/adr
TRN,TRINITY INDUSTRIES INC,0000099780,XNYS,US,trinity|trinity industries|trinity industries inc
TRNO,Terreno Realty Corp,0001476150,XNYS,US,terreno|terreno realty|terreno realty corp
TRNR,"Interactive Strength, Inc.",0001785056,XNAS,US,"interactive|interactive strength|interactive strength, inc."
TRNS,TRANSCAT INC,0000099302,XNAS,US,transcat|transcat inc
TRNTF,TRANSALTA CORP,0001144800,OOTC,US,transalta|transalta corp
TROLB,TOOTSIE ROLL INDUSTRIES INC,0000098677,OOTC,US,tootsie|tootsie roll|tootsie roll industries|tootsie roll industries inc
TRON,Tron Inc.,0001956744,XNAS,US,tron|tron inc.
TROO,"Troops, Inc. /Cayman Islands/",0001412095,XNAS,US,"troops|troops cayman|troops cayman islands|troops, inc. /cayman islands/"
TROW,PRICE T ROWE GROUP INC,0001113169,XNAS,US,price|price t|price t rowe|price t rowe group inc
TROX,Tronox Holdings plc,0001530804,XNYS,US,tronox|tronox holdings plc
TRP,TC ENERGY CORP,0001232384,XNYS,US,tc|tc energy|tc energy corp
TRPCF,Trip.com Group Ltd,0001269238,OOTC,US,trip|trip com|trip.com group ltd
TRPEF,TC ENERGY CORP,0001232384,OOTC,US,tc|tc energy|tc energy corp
TRPPF,TC ENERGY CORP,0001232384,OOTC,US,tc|tc energy|tc energy corp
TRPRF,TC ENERGY CORP,0001232384,OOTC,US,tc|tc energy|tc energy corp
TRRFF,TRIFECTA GOLD LTD,0001713979,OOTC,US,trifecta|trifecta gold|trifecta gold ltd
TRS,TRIMAS CORP,0000842633,XNAS,US,trimas|trimas corp
TRSG,Tungray Technologies Inc,0001943444,XNAS,US,tungray|tungray technologies|tungray technologies inc
TRSO,TRANSUITE.ORG INC.,0001758699,OOTC,US,transuite|transuite org|transuite.org inc.
TRST,TRUSTCO BANK CORP N Y,0000357301,XNAS,US,trustco|trustco bank|trustco bank corp n y|trustco bank n y
TRT,TRIO-TECH INTERNATIONAL,0000732026,XASE,US,trio|trio tech|trio tech international|trio-tech international
TRTX,"TPG RE Finance Trust, Inc.",0001630472,XNYS,US,"tpg|tpg re|tpg re finance|tpg re finance trust, inc."
TRU,TransUnion,0001552033,XNYS,US,transunion
TRUFF,Red Light Holland Corp.,0001836747,OOTC,US,red|red light|red light holland|red light holland corp.
TRUG,"TruGolf Holdings, Inc.",0001857086,XNAS,US,"trugolf|trugolf holdings, inc."
TRUP,"TRUPANION, INC.",0001371285,XNAS,US,"trupanion|trupanion, inc."
TRV,"TRAVELERS COMPANIES, INC.",0000086312,XNYS,US,"travelers|travelers companies|travelers companies, inc."
TRVG,trivago N.V.,0001683825,XNAS,US,trivago|trivago n.v.
TRVI,"Trevi Therapeutics, Inc.",0001563880,XNAS,US,"trevi|trevi therapeutics|trevi therapeutics, inc."
TRWD,Tradewinds Universal,0001916558,OOTC,US,tradewinds|tradewinds universal
TRX,TRX GOLD Corp,0001173643,XASE,US,trx|trx gold|trx gold corp
TRXA,T-REX Acquisition Corp.,0001437750,OOTC,US,t rex|t rex acquisition|t-rex acquisition corp.
TS,TENARIS SA,0001190723,XNYS,US,tenaris|tenaris sa
TSAT,Telesat Corp,0001845840,XNAS,US,telesat|telesat corp
TSBK,TIMBERLAND BANCORP INC,0001046050,XNAS,US,timberland|timberland bancorp|timberland bancorp inc
TSCFY,Tisco Financial Group Public Co Limited/ADR,0001555815,OOTC,US,tisco|tisco financial|tisco financial group public co limited/adr|tisco financial public
TSCO,TRACTOR SUPPLY CO /DE/,0000916365,XNAS,US,tractor|tractor supply|tractor supply co /de/|tractor supply de
TSEM,TOWER SEMICONDUCTOR LTD,0000928876,XNAS,US,tower|tower semiconductor|tower semiconductor ltd
TSEOF,Trinseo PLC,0001519061,OOTC,US,trinseo|trinseo plc
TSHA,"Taysha Gene Therapies, Inc.",0001806310,XNAS,US,"taysha|taysha gene|taysha gene therapies|taysha gene therapies, inc."
TSI,TCW STRATEGIC INCOME FUND INC,0000809559,XNYS,US,tcw|tcw strategic|tcw strategic income fund|tcw strategic income fund inc
TSKFF,Talisker Resources Ltd.,0001803800,OOTC,US,talisker|talisker resources|talisker resources ltd.
TSLA,"Tesla, Inc.",0001318605,XNAS,US,"tesla|tesla, inc."
TSLTF,TRANSALTA CORP,0001144800,OOTC,US,transalta|transalta corp
TSLVF,TIER ONE SILVER INC.,0001852753,OOTC,US,tier|tier one|tier one silver|tier one silver inc.
TSLX,"Sixth Street Specialty Lending, Inc.",0001508655,XNYS,US,"sixth|sixth street|sixth street specialty lending|sixth street specialty lending, inc."
TSM,TAIWAN SEMICONDUCTOR MANUFACTURING CO LTD,0001046179,XNYS,US,taiwan|taiwan semiconductor|taiwan semiconductor manufacturing|taiwan semiconductor manufacturing co ltd
TSMWF,TAIWAN SEMICONDUCTOR MANUFACTURING CO LTD,0001046179,OOTC,US,taiwan|taiwan semiconductor|taiwan semiconductor manufacturing|taiwan semiconductor manufacturing co ltd
TSN,"TYSON FOODS, INC.",0000100493,XNYS,US,"tyson|tyson foods|tyson foods, inc."
TSNDF,TerrAscend Corp.,0001778129,OOTC,US,terrascend|terrascend corp.
TSOL,21Shares Solana ETF,0002028834,BATS,US,21shares|21shares solana|21shares solana etf
TSPH,TuSimple Holdings Inc.,0001823593,OOTC,US,tusimple|tusimple holdings inc.
TSQ,"Townsquare Media, Inc.",0001499832,XNYS,US,"townsquare|townsquare media|townsquare media, inc."
TSSI,"TSS, Inc.",0001320760,XNAS,US,"tss|tss, inc."
TSUI,21Shares Sui ETF,0002061626,XNAS,US,21shares|21shares sui|21shares sui etf
TT,Trane Technologies plc,0001466258,XNYS,US,trane|trane technologies|trane technologies plc
TTAM,Titan America SA,0002035304,XNYS,US,titan|titan america|titan america sa
TTAN,"ServiceTitan, Inc.",0001638826,XNAS,US,"servicetitan|servicetitan, inc."
TTC,TORO CO,0000737758,XNYS,US,toro|toro co
TTD,"Trade Desk, Inc.",0001671933,XNAS,US,"trade|trade desk|trade desk, inc."
TTE,TotalEnergies SE,0000879764,XNYS,US,totalenergies|totalenergies se
TTEC,"TTEC Holdings, Inc.",0001013880,XNAS,US,"ttec|ttec holdings, inc."
TTEK,TETRA TECH INC,0000831641,XNAS,US,tetra|tetra tech|tetra tech inc
TTGT,"TechTarget, Inc.",0002018064,XNAS,US,"techtarget|techtarget, inc."
TTI,TETRA TECHNOLOGIES INC,0000844965,XNYS,US,tetra|tetra technologies|tetra technologies inc
TTIPF,"Thiogenesis Therapeutics, Corp.",0001877778,OOTC,US,"thiogenesis|thiogenesis therapeutics|thiogenesis therapeutics, corp."
TTMI,TTM TECHNOLOGIES INC,0001116942,XNAS,US,ttm|ttm technologies|ttm technologies inc
TTRX,Turn Therapeutics Inc.,0002023016,XNAS,US,turn|turn therapeutics|turn therapeutics inc.
TTSH,"TILE SHOP HOLDINGS, INC.",0001552800,OOTC,US,"tile|tile shop|tile shop holdings, inc."
TTWO,TAKE TWO INTERACTIVE SOFTWARE INC,0000946581,XNAS,US,take|take two|take two interactive software|take two interactive software inc
TU,TELUS CORP,0000868675,XNYS,US,telus|telus corp
TUFBY,Thai Union Group Public Co Limited/ADR,0001562296,OOTC,US,thai|thai union|thai union group public co limited/adr|thai union public
TUFUF,Thai Union Group Public Co Limited/ADR,0001562296,OOTC,US,thai|thai union|thai union group public co limited/adr|thai union public
TULP,"BLOOMIA HOLDINGS, INC.",0000875355,XNAS,US,"bloomia|bloomia holdings, inc."
TUNGF,American Tungsten Corp.,0002049560,OOTC,US,american|american tungsten|american tungsten corp.
TURB,"Turbo Energy, S.A.",0001963439,XNAS,US,"turbo|turbo energy|turbo energy, s.a."
TUSK,"MAMMOTH ENERGY SERVICES, INC.",0001679268,XNAS,US,"mammoth|mammoth energy|mammoth energy services|mammoth energy services, inc."
TUTH,Standard Dental Labs Inc.,0001178660,OOTC,US,standard|standard dental|standard dental labs|standard dental labs inc.
TUYA,Tuya Inc.,0001829118,XNYS,US,tuya|tuya inc.
TV,"GRUPO TELEVISA, S.A.B.",0000912892,XNYS,US,"grupo|grupo televisa|grupo televisa b|grupo televisa, s.a.b."
TVA,Texas Ventures Acquisition III Corp,0002033991,XNAS,US,texas|texas ventures|texas ventures acquisition iii|texas ventures acquisition iii corp
TVACU,Texas Ventures Acquisition III Corp,0002033991,XNAS,US,texas|texas ventures|texas ventures acquisition iii|texas ventures acquisition iii corp
TVACW,Texas Ventures Acquisition III Corp,0002033991,XNAS,US,texas|texas ventures|texas ventures acquisition iii|texas ventures acquisition iii corp
TVAI,Thayer Ventures Acquisition Corp II,0001872228,XNAS,US,thayer|thayer ventures|thayer ventures acquisition corp ii|thayer ventures acquisition ii
TVAIR,Thayer Ventures Acquisition Corp II,0001872228,XNAS,US,thayer|thayer ventures|thayer ventures acquisition corp ii|thayer ventures acquisition ii
TVAIU,Thayer Ventures Acquisition Corp II,0001872228,XNAS,US,thayer|thayer ventures|thayer ventures acquisition corp ii|thayer ventures acquisition ii
TVC,Tennessee Valley Authority,0001376986,XNYS,US,tennessee|tennessee valley|tennessee valley authority
TVE,Tennessee Valley Authority,0001376986,XNYS,US,tennessee|tennessee valley|tennessee valley authority
TVGN,Tevogen Bio Holdings Inc.,0001860871,XNAS,US,tevogen|tevogen bio|tevogen bio holdings inc.
TVGNW,Tevogen Bio Holdings Inc.,0001860871,XNAS,US,tevogen|tevogen bio|tevogen bio holdings inc.
TVRD,"Tvardi Therapeutics, Inc.",0001346830,XNAS,US,"tvardi|tvardi therapeutics|tvardi therapeutics, inc."
TVTX,"Travere Therapeutics, Inc.",0001438533,XNAS,US,"travere|travere therapeutics|travere therapeutics, inc."
TW,Tradeweb Markets Inc.,0001758730,XNAS,US,tradeweb|tradeweb markets|tradeweb markets inc.
TWAV,"TaoWeave, Inc.",0000746210,XNAS,US,"taoweave|taoweave, inc."
TWFG,"TWFG, Inc.",0002007596,XNAS,US,"twfg|twfg, inc."
TWG,Top Wealth Group Holding Ltd,0001978057,XNAS,US,top|top wealth|top wealth group holding ltd
TWI,TITAN INTERNATIONAL INC,0000899751,XNYS,US,titan|titan international|titan international inc
TWIN,TWIN DISC INC,0000100378,XNAS,US,twin|twin disc|twin disc inc
TWLO,TWILIO INC,0001447669,XNYS,US,twilio|twilio inc
TWLV,Twelve Seas Investment Co III/Cayman,0002052243,XNAS,US,twelve|twelve seas|twelve seas investment co iii/cayman|twelve seas investment iii cayman
TWLVR,Twelve Seas Investment Co III/Cayman,0002052243,XNAS,US,twelve|twelve seas|twelve seas investment co iii/cayman|twelve seas investment iii cayman
TWLVU,Twelve Seas Investment Co III/Cayman,0002052243,XNAS,US,twelve|twelve seas|twelve seas investment co iii/cayman|twelve seas investment iii cayman
TWN,TAIWAN FUND INC,0000804123,XNYS,US,taiwan|taiwan fund|taiwan fund inc
TWNPQ,Twin Hospitality Group Inc.,0002011954,OOTC,US,twin|twin hospitality|twin hospitality group inc.
TWO,TWO HARBORS INVESTMENT CORP.,0001465740,XNYS,US,two|two harbors|two harbors investment|two harbors investment corp.
TWOD,TWO HARBORS INVESTMENT CORP.,0001465740,XNYS,US,two|two harbors|two harbors investment|two harbors investment corp.
TWOH,Two Hands Corp,0001494413,OOTC,US,two|two hands|two hands corp
TWOSF,T2 Metals Corp.,0000877028,OOTC,US,t2|t2 metals|t2 metals corp.
TWST,Twist Bioscience Corp,0001581280,XNAS,US,twist|twist bioscience|twist bioscience corp
TX,Ternium S.A.,0001342874,XNYS,US,ternium|ternium s.a.
TXEMF,TEMPLETON EMERGING MARKETS INCOME FUND,0000909112,OOTC,US,templeton|templeton emerging|templeton emerging markets income fund
TXG,"10x Genomics, Inc.",0001770787,XNAS,US,"10x|10x genomics|10x genomics, inc."
TXMD,"TherapeuticsMD, Inc.",0000025743,XNAS,US,"therapeuticsmd|therapeuticsmd, inc."
TXN,TEXAS INSTRUMENTS INC,0000097476,XNAS,US,texas|texas instruments|texas instruments inc
TXNM,TXNM ENERGY INC,0001108426,XNYS,US,txnm|txnm energy|txnm energy inc
TXO,"TXO Partners, L.P.",0001559432,XNYS,US,"txo|txo partners|txo partners, l.p."
TXRH,"Texas Roadhouse, Inc.",0001289460,XNAS,US,"texas|texas roadhouse|texas roadhouse, inc."
TXT,TEXTRON INC,0000217346,XNYS,US,textron|textron inc
TY,TRI-CONTINENTAL Corp,0000099614,XNYS,US,tri|tri continental|tri-continental corp
TYFG,"Tri-County Financial Group, Inc.",0001725262,OOTC,US,"tri|tri county|tri county financial|tri-county financial group, inc."
TYG,TORTOISE ENERGY INFRASTRUCTURE CORP,0001268533,XNYS,US,tortoise|tortoise energy|tortoise energy infrastructure|tortoise energy infrastructure corp
TYGO,"TIGO ENERGY, INC.",0001855447,XNAS,US,"tigo|tigo energy|tigo energy, inc."
TYHOF,Toyota Tsusho Corporation/ADR,0002018139,OOTC,US,toyota|toyota tsusho|toyota tsusho corporation/adr
TYHOY,Toyota Tsusho Corporation/ADR,0002018139,OOTC,US,toyota|toyota tsusho|toyota tsusho corporation/adr
TYL,TYLER TECHNOLOGIES INC,0000860731,XNYS,US,tyler|tyler technologies|tyler technologies inc
TYRA,"Tyra Biosciences, Inc.",0001863127,XNAS,US,"tyra|tyra biosciences|tyra biosciences, inc."
TYTMF,Tokyo Tatemono Co Ltd,0001447101,OOTC,US,tokyo|tokyo tatemono|tokyo tatemono co ltd
TZOO,TRAVELZOO,0001133311,XNAS,US,travelzoo
U,Unity Software Inc.,0001810806,XNYS,US,unity|unity software|unity software inc.
UA,"Under Armour, Inc.",0001336917,XNYS,US,"under|under armour|under armour, inc."
UAA,"Under Armour, Inc.",0001336917,XNYS,US,"under|under armour|under armour, inc."
UAC,United Acquisition Corp. I,0002098669,XASE,US,united|united acquisition|united acquisition corp. i|united acquisition i
UAL,"United Airlines Holdings, Inc.",0000100517,XNAS,US,"united|united airlines|united airlines holdings, inc."
UAMY,UNITED STATES ANTIMONY CORP,0000101538,XNYS,US,united|united states|united states antimony|united states antimony corp
UAN,"CVR PARTNERS, LP",0001425292,XNYS,US,"cvr|cvr partners|cvr partners, lp"
UATCY,"Unisound AI Technology Co., Ltd./ADR",0002084585,OOTC,US,"unisound|unisound ai|unisound ai technology|unisound ai technology co., ltd./adr"
UAVS,AgEagle Aerial Systems Inc.,0000008504,XASE,US,ageagle|ageagle aerial|ageagle aerial systems|ageagle aerial systems inc.
UBCP,UNITED BANCORP INC /OH/,0000731653,XNAS,US,united|united bancorp|united bancorp inc /oh/|united bancorp oh
UBER,"Uber Technologies, Inc",0001543151,XNYS,US,"uber|uber technologies|uber technologies, inc"
UBOH,UNITED BANCSHARES INC/OH,0001087456,OOTC,US,united|united bancshares|united bancshares inc/oh|united bancshares oh
UBS,UBS Group AG,0001610520,XNYS,US,ubs|ubs group ag
UBSI,UNITED BANKSHARES INC/WV,0000729986,XNAS,US,united|united bankshares|united bankshares inc/wv|united bankshares wv
UBXG,U-BX Technology Ltd.,0001888525,XNAS,US,u bx|u bx technology|u-bx technology ltd.
UCAR,U Power Ltd,0001939780,XNAS,US,u power|u power ltd
UCASU,UC Asset LP,0001723517,OOTC,US,uc|uc asset|uc asset lp
UCB,UNITED COMMUNITY BANKS INC,0000857855,XNYS,US,united|united community|united community banks|united community banks inc
UCFI,CN Healthy Food Tech Group Corp.,0001901203,XNAS,US,cn|cn healthy|cn healthy food tech|cn healthy food tech group corp.
UCFIW,CN Healthy Food Tech Group Corp.,0001901203,XNAS,US,cn|cn healthy|cn healthy food tech|cn healthy food tech group corp.
UCIB,UBS AG,0001114446,ARCX,US,ubs|ubs ag
UCL,uCloudlink Group Inc.,0001775898,XNAS,US,ucloudlink|ucloudlink group inc.
UCLE,US NUCLEAR CORP.,0001543623,OOTC,US,us|us nuclear|us nuclear corp.
UCO,ProShares Trust II,0001415311,ARCX,US,proshares|proshares ii|proshares trust ii
UCTT,"Ultra Clean Holdings, Inc.",0001275014,XNAS,US,"ultra|ultra clean|ultra clean holdings, inc."
UDN,INVESCO DB US DOLLAR INDEX BEARISH FUND,0001383149,ARCX,US,invesco|invesco db|invesco db us dollar index bearish fund
UDR,"UDR, Inc.",0000074208,XNYS,US,"udr|udr, inc."
UE,Urban Edge Properties,0001611547,XNYS,US,urban|urban edge|urban edge properties
UEC,URANIUM ENERGY CORP,0001334933,XASE,US,uranium|uranium energy|uranium energy corp
UEEC,"United Health Products, Inc.",0001096938,OOTC,US,"united|united health|united health products|united health products, inc."
UEIC,UNIVERSAL ELECTRONICS INC,0000101984,XNAS,US,universal|universal electronics|universal electronics inc
UELMO,UNION ELECTRIC CO,0000100826,OOTC,US,union|union electric|union electric co
UEPCN,UNION ELECTRIC CO,0000100826,OOTC,US,union|union electric|union electric co
UEPCO,UNION ELECTRIC CO,0000100826,OOTC,US,union|union electric|union electric co
UEPCP,UNION ELECTRIC CO,0000100826,OOTC,US,union|union electric|union electric co
UEPEM,UNION ELECTRIC CO,0000100826,OOTC,US,union|union electric|union electric co
UEPEN,UNION ELECTRIC CO,0000100826,OOTC,US,union|union electric|union electric co
UEPEO,UNION ELECTRIC CO,0000100826,OOTC,US,union|union electric|union electric co
UEPEP,UNION ELECTRIC CO,0000100826,OOTC,US,union|union electric|union electric co
UFCS,UNITED FIRE GROUP INC,0000101199,XNAS,US,united|united fire|united fire group inc
UFG,Uni-Fuels Holdings Ltd,0002021688,XNAS,US,uni|uni fuels|uni-fuels holdings ltd
UFI,UNIFI INC,0000100726,XNYS,US,unifi|unifi inc
UFPI,UFP INDUSTRIES INC,0000912767,XNAS,US,ufp|ufp industries|ufp industries inc
UFPT,UFP TECHNOLOGIES INC,0000914156,XNAS,US,ufp|ufp technologies|ufp technologies inc
UG,UNITED GUARDIAN INC,0000101295,XNAS,US,united|united guardian|united guardian inc
UGA,"United States Gasoline Fund, LP",0001396878,ARCX,US,"united|united states|united states gasoline fund|united states gasoline fund, lp"
UGI,UGI CORP /PA/,0000884614,XNYS,US,ugi|ugi corp /pa/|ugi pa
UGL,ProShares Trust II,0001415311,ARCX,US,proshares|proshares ii|proshares trust ii
UGP,ULTRAPAR HOLDINGS INC,0001094972,XNYS,US,ultrapar|ultrapar holdings inc
UGRO,"urban-gro, Inc.",0001706524,XNAS,US,"urban|urban gro|urban-gro, inc."
UHAL,U-Haul Holding Co /NV/,0000004457,XNYS,US,u haul|u-haul holding co /nv/
UHS,UNIVERSAL HEALTH SERVICES INC,0000352915,XNYS,US,universal|universal health|universal health services|universal health services inc
UHT,UNIVERSAL HEALTH REALTY INCOME TRUST,0000798783,XNYS,US,universal|universal health|universal health realty income|universal health realty income trust
UI,Ubiquiti Inc.,0001511737,XNYS,US,ubiquiti|ubiquiti inc.
UIS,UNISYS CORP,0000746838,XNYS,US,unisys|unisys corp
UK,Ucommune International Ltd,0001821424,XNAS,US,ucommune|ucommune international|ucommune international ltd
UL,UNILEVER PLC,0000217410,XNYS,US,unilever|unilever plc
ULBI,ULTRALIFE CORP,0000875657,XNAS,US,ultralife|ultralife corp
ULCC,"Frontier Group Holdings, Inc.",0001670076,XNAS,US,"frontier|frontier group holdings, inc."
ULE,ProShares Trust II,0001415311,ARCX,US,proshares|proshares ii|proshares trust ii
ULH,"UNIVERSAL LOGISTICS HOLDINGS, INC.",0001308208,XNAS,US,"universal|universal logistics|universal logistics holdings, inc."
ULS,UL Solutions Inc.,0001901440,XNYS,US,ul|ul solutions|ul solutions inc.
ULTA,"Ulta Beauty, Inc.",0001403568,XNAS,US,"ulta|ulta beauty|ulta beauty, inc."
ULTHF,United Lithium Corp.,0001850269,OOTC,US,united|united lithium|united lithium corp.
UMAC,"Unusual Machines, Inc.",0001956955,XASE,US,"unusual|unusual machines|unusual machines, inc."
UMBF,UMB FINANCIAL CORP,0000101382,XNAS,US,umb|umb financial|umb financial corp
UMBFO,UMB FINANCIAL CORP,0000101382,XNAS,US,umb|umb financial|umb financial corp
UMC,UNITED MICROELECTRONICS CORP,0001033767,XNYS,US,united|united microelectronics|united microelectronics corp
UMEW,UMeWorld Inc.,0001114936,OOTC,US,umeworld|umeworld inc.
UMH,"UMH PROPERTIES, INC.",0000752642,XNYS,US,"umh|umh properties|umh properties, inc."
UNB,UNION BANKSHARES INC,0000706863,XNAS,US,union|union bankshares|union bankshares inc
UNBLF,Unibail-Rodamco SE/ADR,0001453932,OOTC,US,unibail|unibail rodamco|unibail-rodamco se/adr
UNCY,"Unicycive Therapeutics, Inc.",0001766140,XNAS,US,"unicycive|unicycive therapeutics|unicycive therapeutics, inc."
UNF,UNIFIRST CORP,0000717954,XNYS,US,unifirst|unifirst corp
UNFI,UNITED NATURAL FOODS INC,0001020859,XNYS,US,united|united natural|united natural foods|united natural foods inc
UNG,"United States Natural Gas Fund, LP",0001376227,ARCX,US,"united|united states|united states natural gas fund|united states natural gas fund, lp"
UNH,UNITEDHEALTH GROUP INC,0000731766,XNYS,US,unitedhealth|unitedhealth group inc
UNIB,UNIVERSITY BANCORP INC /DE/,0000811211,OOTC,US,university|university bancorp|university bancorp de|university bancorp inc /de/
UNIT,Uniti Group Inc.,0002020795,XNAS,US,uniti|uniti group inc.
UNL,"United States 12 Month Natural Gas Fund, LP",0001405513,ARCX,US,"united|united states|united states 12 month natural gas fund|united states 12 month natural gas fund, lp"
UNLYF,UNILEVER PLC,0000217410,OOTC,US,unilever|unilever plc
UNM,Unum Group,0000005513,XNYS,US,unum|unum group
UNMA,Unum Group,0000005513,XNYS,US,unum|unum group
UNP,UNION PACIFIC CORP,0000100885,XNYS,US,union|union pacific|union pacific corp
UNTY,UNITY BANCORP INC /NJ/,0000920427,XNAS,US,unity|unity bancorp|unity bancorp inc /nj/|unity bancorp nj
UOKAF,MDJM LTD,0001741534,OOTC,US,mdjm|mdjm ltd
UONE,"URBAN ONE, INC.",0001041657,XNAS,US,"urban|urban one|urban one, inc."
UONEK,"URBAN ONE, INC.",0001041657,XNAS,US,"urban|urban one|urban one, inc."
UP,Wheels Up Experience Inc.,0001819516,XNYS,US,wheels|wheels up|wheels up experience|wheels up experience inc.
UPB,"Upstream Bio, Inc.",0002022626,XNAS,US,"upstream|upstream bio|upstream bio, inc."
UPBD,"UPBOUND GROUP, INC.",0000933036,XNAS,US,"upbound|upbound group, inc."
UPC,Universe Pharmaceuticals INC,0001809616,XNAS,US,universe|universe pharmaceuticals|universe pharmaceuticals inc
UPLD,"Upland Software, Inc.",0001505155,XNAS,US,"upland|upland software|upland software, inc."
UPS,UNITED PARCEL SERVICE INC,0001090727,XNYS,US,united|united parcel|united parcel service|united parcel service inc
UPST,"Upstart Holdings, Inc.",0001647639,XNAS,US,"upstart|upstart holdings, inc."
UPWK,"UPWORK, INC",0001627475,XNAS,US,"upwork|upwork, inc"
UPXI,"UPEXI, INC.",0001775194,XNAS,US,"upexi|upexi, inc."
UPYY,UPAY,0001677897,OOTC,US,upay
URBN,URBAN OUTFITTERS INC,0000912615,XNAS,US,urban|urban outfitters|urban outfitters inc
URG,UR-ENERGY INC,0001375205,XASE,US,ur|ur energy|ur-energy inc
URGN,UroGen Pharma Ltd.,0001668243,XNAS,US,urogen|urogen pharma|urogen pharma ltd.
URI,"UNITED RENTALS, INC.",0001067701,XNYS,US,"united|united rentals|united rentals, inc."
UROY,Uranium Royalty Corp.,0001711570,XNAS,US,uranium|uranium royalty|uranium royalty corp.
URSB,"URSB Bancorp, Inc.",0002084261,OOTC,US,"ursb|ursb bancorp|ursb bancorp, inc."
URZEF,URZ3 ENERGY CORP.,0001398713,OOTC,US,urz3|urz3 energy|urz3 energy corp.
USA,LIBERTY ALL STAR EQUITY FUND,0000799195,XNYS,US,liberty|liberty all|liberty all star equity fund
USAC,"USA Compression Partners, LP",0001522727,XNYS,US,"usa|usa compression|usa compression partners|usa compression partners, lp"
USAQ,"QHSLab, Inc.",0000856984,OOTC,US,"qhslab|qhslab, inc."
USAR,"USA Rare Earth, Inc.",0001970622,XNAS,US,"usa|usa rare|usa rare earth|usa rare earth, inc."
USAS,Americas Gold & Silver Corp,0001286973,XASE,US,americas|americas gold|americas gold & silver corp|americas gold silver
USAU,U.S. GOLD CORP.,0000027093,XNAS,US,u s|u s gold|u.s. gold corp.
USB,US BANCORP \DE\,0000036104,XNYS,US,us|us bancorp|us bancorp \de\|us bancorp de
USBC,"USBC, Inc.",0001074828,XASE,US,"usbc|usbc, inc."
USCB,"USCB FINANCIAL HOLDINGS, INC.",0001901637,XNAS,US,"uscb|uscb financial|uscb financial holdings, inc."
USCI,United States Commodity Index Funds Trust,0001479247,ARCX,US,united|united states|united states commodity index funds|united states commodity index funds trust
USDP,USD Partners LP,0001610682,OOTC,US,usd|usd partners|usd partners lp
USDW,MADE IN USA INC.,0001977837,OOTC,US,made|made in|made in usa|made in usa inc.
USEA,United Maritime Corp,0001912847,XNAS,US,united|united maritime|united maritime corp
USEG,US ENERGY CORP,0000101594,XNAS,US,us|us energy|us energy corp
USFD,US Foods Holding Corp.,0001665918,XNYS,US,us|us foods|us foods holding corp.
USGDF,AMERICAN PACIFIC MINING CORP,0001726159,OOTC,US,american|american pacific|american pacific mining|american pacific mining corp
USGO,U.S. GoldMining Inc.,0001947244,XNAS,US,u s|u s goldmining|u.s. goldmining inc.
USGOW,U.S. GoldMining Inc.,0001947244,XNAS,US,u s|u s goldmining|u.s. goldmining inc.
USIO,"Usio, Inc.",0001088034,XNAS,US,"usio|usio, inc."
USL,"United States 12 Month Oil Fund, LP",0001405528,ARCX,US,"united|united states|united states 12 month oil fund|united states 12 month oil fund, lp"
USLM,UNITED STATES LIME & MINERALS INC,0000082020,XNAS,US,united|united states|united states lime & minerals inc|united states lime minerals
USML,UBS AG,0001114446,ARCX,US,ubs|ubs ag
USNA,USANA HEALTH SCIENCES INC,0000896264,XNYS,US,usana|usana health|usana health sciences|usana health sciences inc
USO,"United States Oil Fund, LP",0001327068,ARCX,US,"united|united states|united states oil fund|united states oil fund, lp"
USOI,CREDIT SUISSE AG,0001053092,XNAS,US,credit|credit suisse|credit suisse ag
USPCY,China Strategic Technology Group Limited/ADR,0001939479,OOTC,US,china|china strategic|china strategic technology|china strategic technology group limited/adr
USPH,U S PHYSICAL THERAPY INC /NV,0000885978,XNYS,US,u s|u s physical therapy|u s physical therapy inc /nv
USREF,Tactical Resources Corp.,0002037786,OOTC,US,tactical|tactical resources|tactical resources corp.
UTF,COHEN & STEERS INFRASTRUCTURE FUND INC,0001275617,XNYS,US,cohen|cohen & steers infrastructure fund inc|cohen steers|cohen steers infrastructure fund
UTG,REAVES UTILITY INCOME FUND,0001263994,XASE,US,reaves|reaves utility|reaves utility income fund
UTGN,UTG INC,0000832480,OOTC,US,utg|utg inc
UTHR,UNITED THERAPEUTICS Corp,0001082554,XNAS,US,united|united therapeutics|united therapeutics corp
UTI,UNIVERSAL TECHNICAL INSTITUTE INC,0001261654,XNYS,US,universal|universal technical|universal technical institute|universal technical institute inc
UTKN,Universal Token,0001919182,OOTC,US,universal|universal token
UTL,UNITIL CORP,0000755001,XNYS,US,unitil|unitil corp
UTMD,UTAH MEDICAL PRODUCTS INC,0000706698,XNAS,US,utah|utah medical|utah medical products|utah medical products inc
UTSI,UTSTARCOM HOLDINGS CORP.,0001030471,XNAS,US,utstarcom|utstarcom holdings corp.
UTZ,"Utz Brands, Inc.",0001739566,XNYS,US,"utz|utz brands|utz brands, inc."
UUGRY,United Utilities Group plc,0001440130,OOTC,US,united|united utilities|united utilities group plc
UUGWF,United Utilities Group plc,0001440130,OOTC,US,united|united utilities|united utilities group plc
UUP,Invesco DB US Dollar Index Bullish Fund,0001383151,ARCX,US,invesco|invesco db|invesco db us dollar index bullish fund
UURAF,Ucore Rare Metals Inc.,0001495651,OOTC,US,ucore|ucore rare|ucore rare metals|ucore rare metals inc.
UUU,"UNIVERSAL SAFETY PRODUCTS, INC.",0000102109,XASE,US,"universal|universal safety|universal safety products|universal safety products, inc."
UUUFD,Recharge Resources Ltd.,0002056751,OOTC,US,recharge|recharge resources|recharge resources ltd.
UUUU,ENERGY FUELS INC,0001385849,XASE,US,energy|energy fuels|energy fuels inc
UVE,"UNIVERSAL INSURANCE HOLDINGS, INC.",0000891166,XNYS,US,"universal|universal insurance|universal insurance holdings, inc."
UVIX,VS Trust,0001793497,BATS,US,vs|vs trust
UVSP,UNIVEST FINANCIAL Corp,0000102212,XNAS,US,univest|univest financial|univest financial corp
UVV,UNIVERSAL CORP /VA/,0000102037,XNYS,US,universal|universal corp /va/|universal va
UVXY,ProShares Trust II,0001415311,BATS,US,proshares|proshares ii|proshares trust ii
UWHR,UWHARRIE CAPITAL CORP,0000898171,OOTC,US,uwharrie|uwharrie capital|uwharrie capital corp
UWMC,UWM Holdings Corp,0001783398,XNYS,US,uwm|uwm holdings corp
UXIN,Uxin Ltd,0001729173,XNAS,US,uxin|uxin ltd
UYSC,UY Scuti Acquisition Corp.,0002036973,XNAS,US,uy|uy scuti|uy scuti acquisition|uy scuti acquisition corp.
UYSCR,UY Scuti Acquisition Corp.,0002036973,XNAS,US,uy|uy scuti|uy scuti acquisition|uy scuti acquisition corp.
UYSCU,UY Scuti Acquisition Corp.,0002036973,XNAS,US,uy|uy scuti|uy scuti acquisition|uy scuti acquisition corp.
UZD,"ARRAY DIGITAL INFRASTRUCTURE, INC.",0000821130,XNYS,US,"array|array digital|array digital infrastructure|array digital infrastructure, inc."
UZE,"ARRAY DIGITAL INFRASTRUCTURE, INC.",0000821130,XNYS,US,"array|array digital|array digital infrastructure|array digital infrastructure, inc."
UZF,"ARRAY DIGITAL INFRASTRUCTURE, INC.",0000821130,XNYS,US,"array|array digital|array digital infrastructure|array digital infrastructure, inc."
V,VISA INC.,0001403161,XNYS,US,visa|visa inc.
VABK,Virginia National Bankshares Corp,0001572334,XNAS,US,virginia|virginia national|virginia national bankshares|virginia national bankshares corp
VAC,MARRIOTT VACATIONS WORLDWIDE Corp,0001524358,XNYS,US,marriott|marriott vacations|marriott vacations worldwide|marriott vacations worldwide corp
VACH,Voyager Acquisition Corp./Cayman Islands,0002006815,XNAS,US,voyager|voyager acquisition|voyager acquisition cayman islands|voyager acquisition corp./cayman islands
VACHU,Voyager Acquisition Corp./Cayman Islands,0002006815,XNAS,US,voyager|voyager acquisition|voyager acquisition cayman islands|voyager acquisition corp./cayman islands
VACHW,Voyager Acquisition Corp./Cayman Islands,0002006815,XNAS,US,voyager|voyager acquisition|voyager acquisition cayman islands|voyager acquisition corp./cayman islands
VACI,Viking Acquisition Corp I,0002080023,XNYS,US,viking|viking acquisition|viking acquisition corp i|viking acquisition i
VAL,Valaris Ltd,0000314808,XNYS,US,valaris|valaris ltd
VALE,Vale S.A.,0000917851,XNYS,US,vale|vale s.a.
VALN,Valneva SE,0001836564,XNAS,US,valneva|valneva se
VALU,VALUE LINE INC,0000717720,XNAS,US,value|value line|value line inc
VANI,"Vivani Medical, Inc.",0001266806,XNAS,US,"vivani|vivani medical|vivani medical, inc."
VARRY,Var Energi ASA/ADR,0001919275,OOTC,US,var|var energi|var energi asa|var energi asa/adr
VASO,VASO Corp,0000839087,OOTC,US,vaso|vaso corp
VATE,INNOVATE Corp.,0001006837,XNYS,US,innovate|innovate corp.
VAUCF,Viva Gold Corp.,0001723047,OOTC,US,viva|viva gold|viva gold corp.
VAVX,VanEck Avalanche ETF,0002060717,XNAS,US,vaneck|vaneck avalanche|vaneck avalanche etf
VBF,Invesco Bond Fund,0000005094,XNYS,US,invesco|invesco bond|invesco bond fund
VBIO,"Valion Bio, Inc.",0001787740,XNAS,US,"valion|valion bio|valion bio, inc."
VBNK,VersaBank,0001690639,XNAS,US,versabank
VBREY,Vibra Energia S.A./ADR,0001000377,OOTC,US,vibra|vibra energia|vibra energia s.a./adr
VC,VISTEON CORP,0001111335,XNAS,US,visteon|visteon corp
VCEL,Vericel Corp,0000887359,XNAS,US,vericel|vericel corp
VCGMF,Visionary Copper & Gold Mines Inc.,0001650196,OOTC,US,visionary|visionary copper|visionary copper & gold mines inc.|visionary copper gold mines
VCIG,VCI Global Ltd,0001930510,XNAS,US,vci|vci global|vci global ltd
VCNX,"VACCINEX, INC.",0001205922,OOTC,US,"vaccinex|vaccinex, inc."
VCTR,"Victory Capital Holdings, Inc.",0001570827,XNAS,US,"victory|victory capital|victory capital holdings, inc."
VCUFF,Vizsla Copper Corp.,0001884122,OOTC,US,vizsla|vizsla copper|vizsla copper corp.
VCV,Invesco California Value Municipal Income Trust,0000895531,XNYS,US,invesco|invesco california|invesco california value municipal income|invesco california value municipal income trust
VCX,"Fundrise Innovation Fund, LLC",0001867090,XNYS,US,"fundrise|fundrise innovation|fundrise innovation fund|fundrise innovation fund, llc"
VCYT,"VERACYTE, INC.",0001384101,XNAS,US,"veracyte|veracyte, inc."
VDTA,Vertical Data Inc.,0002033264,OOTC,US,vertical|vertical data|vertical data inc.
VECO,VEECO INSTRUMENTS INC,0000103145,XNAS,US,veeco|veeco instruments|veeco instruments inc
VEEA,VEEA INC.,0001840317,XNAS,US,veea|veea inc.
VEEAW,VEEA INC.,0001840317,XNAS,US,veea|veea inc.
VEEE,"Twin Vee PowerCats, Co.",0001855509,XNAS,US,"twin|twin vee|twin vee powercats|twin vee powercats, co."
VEEV,VEEVA SYSTEMS INC,0001393052,XNYS,US,veeva|veeva systems|veeva systems inc
VEL,"Velocity Financial, Inc.",0001692376,XNYS,US,"velocity|velocity financial|velocity financial, inc."
VELO,"Velo3D, Inc.",0001825079,XNAS,US,"velo3d|velo3d, inc."
VENAF,MicroAlgo Inc.,0001800392,OOTC,US,microalgo|microalgo inc.
VENU,Venu Holding Corp,0001770501,XASE,US,venu|venu holding corp
VEON,VEON Ltd.,0001468091,XNAS,US,veon|veon ltd.
VERA,"Vera Therapeutics, Inc.",0001831828,XNAS,US,"vera|vera therapeutics|vera therapeutics, inc."
VERI,"Veritone, Inc.",0001615165,XNAS,US,"veritone|veritone, inc."
VERTF,Vertiqal Studios Corp.,0001178526,OOTC,US,vertiqal|vertiqal studios|vertiqal studios corp.
VERU,VERU INC.,0000863894,XNAS,US,veru|veru inc.
VERX,"Vertex, Inc.",0001806837,XNAS,US,"vertex|vertex, inc."
VET,VERMILION ENERGY INC.,0001293135,XNYS,US,vermilion|vermilion energy|vermilion energy inc.
VFC,V F CORP,0000103379,XNYS,US,v f|v f corp
VFF,"Village Farms International, Inc.",0001584549,XNAS,US,"village|village farms|village farms international|village farms international, inc."
VFL,abrdn National Municipal Income Fund,0000895574,XASE,US,abrdn|abrdn national|abrdn national municipal income fund
VFS,VinFast Auto Ltd.,0001913510,XNAS,US,vinfast|vinfast auto|vinfast auto ltd.
VFSWW,VinFast Auto Ltd.,0001913510,XNAS,US,vinfast|vinfast auto|vinfast auto ltd.
VG,"Venture Global, Inc.",0002007855,XNYS,US,"venture|venture global|venture global, inc."
VGAS,"Verde Clean Fuels, Inc.",0001841425,XNAS,US,"verde|verde clean|verde clean fuels|verde clean fuels, inc."
VGASW,"Verde Clean Fuels, Inc.",0001841425,XNAS,US,"verde|verde clean|verde clean fuels|verde clean fuels, inc."
VGES,Vanguard Green Investment Ltd,0001746119,OOTC,US,vanguard|vanguard green|vanguard green investment|vanguard green investment ltd
VGI,Virtus Global Multi-Sector Income Fund,0001528811,XNYS,US,virtus|virtus global|virtus global multi sector income fund|virtus global multi-sector income fund
VGM,Invesco Trust for Investment Grade Municipals,0000880892,XNYS,US,invesco|invesco for|invesco for investment grade municipals|invesco trust for investment grade municipals
VGNT,Versigent PLC,0002078008,XNYS,US,versigent|versigent plc
VGZ,VISTA GOLD CORP,0000783324,XASE,US,vista|vista gold|vista gold corp
VHABW,Vocodia Holdings Corp,0001880431,OOTC,US,vocodia|vocodia holdings corp
VHAI,Vocodia Holdings Corp,0001880431,OOTC,US,vocodia|vocodia holdings corp
VHAIW,Vocodia Holdings Corp,0001880431,OOTC,US,vocodia|vocodia holdings corp
VHC,VirnetX Holding Corp,0001082324,XNAS,US,virnetx|virnetx holding corp
VHCP,Vine Hill Capital Investment Corp. II,0002086264,XNAS,US,vine|vine hill|vine hill capital investment corp. ii|vine hill capital investment ii
VHCPU,Vine Hill Capital Investment Corp. II,0002086264,XNAS,US,vine|vine hill|vine hill capital investment corp. ii|vine hill capital investment ii
VHCPW,Vine Hill Capital Investment Corp. II,0002086264,XNAS,US,vine|vine hill|vine hill capital investment corp. ii|vine hill capital investment ii
VHI,VALHI INC /DE/,0000059255,XNYS,US,valhi|valhi de|valhi inc /de/
VHUB,"VenHub Global, Inc.",0001972234,XNAS,US,"venhub|venhub global|venhub global, inc."
VIA,"Via Transportation, Inc.",0001603015,XNYS,US,"via|via transportation|via transportation, inc."
VIASP,"Via Renewables, Inc.",0001606268,XNAS,US,"via|via renewables|via renewables, inc."
VIAV,VIAVI SOLUTIONS INC.,0000912093,XNAS,US,viavi|viavi solutions|viavi solutions inc.
VICI,VICI PROPERTIES INC.,0001705696,XNYS,US,vici|vici properties|vici properties inc.
VICP,"Vicapsys Life Sciences, Inc.",0001468639,OOTC,US,"vicapsys|vicapsys life|vicapsys life sciences|vicapsys life sciences, inc."
VICR,VICOR CORP,0000751978,XNAS,US,vicor|vicor corp
VIDA,VIDA Global Inc.,0001973062,XASE,US,vida|vida global|vida global inc.
VIIQ,VisitIQ Corp.,0001470129,OOTC,US,visitiq|visitiq corp.
VIK,Viking Holdings Ltd,0001745201,XNYS,US,viking|viking holdings ltd
VINP,Vinci Compass Investments Ltd.,0001826286,XNAS,US,vinci|vinci compass|vinci compass investments|vinci compass investments ltd.
VIOT,"Viomi Technology Co., Ltd",0001742770,XNAS,US,"viomi|viomi technology|viomi technology co., ltd"
VIPRF,SILVER VIPER MINERALS CORP.,0001684662,OOTC,US,silver|silver viper|silver viper minerals|silver viper minerals corp.
VIPS,Vipshop Holdings Ltd,0001529192,XNYS,US,vipshop|vipshop holdings ltd
VIPZ,"VIP Play, Inc.",0001832161,OOTC,US,"vip|vip play|vip play, inc."
VIR,"Vir Biotechnology, Inc.",0001706431,XNAS,US,"vir|vir biotechnology|vir biotechnology, inc."
VIRC,VIRCO MFG CORPORATION,0000751365,XNAS,US,virco|virco mfg|virco mfg corporation
VIRMF,Viridian Metals Inc.,0002074745,OOTC,US,viridian|viridian metals|viridian metals inc.
VIRT,"Virtu Financial, Inc.",0001592386,XNYS,US,"virtu|virtu financial|virtu financial, inc."
VISL,"Vislink Technologies, Inc.",0001565228,OOTC,US,"vislink|vislink technologies|vislink technologies, inc."
VISM,"VISIUM TECHNOLOGIES, INC.",0001082733,OOTC,US,"visium|visium technologies|visium technologies, inc."
VISN,"Vistance Networks, Inc.",0001517228,XNAS,US,"vistance|vistance networks|vistance networks, inc."
VIST,"Vista Energy, S.A.B. de C.V.",0001762506,XNYS,US,"vista|vista energy|vista energy b de c v|vista energy, s.a.b. de c.v."
VITL,"Vital Farms, Inc.",0001579733,XNAS,US,"vital|vital farms|vital farms, inc."
VIV,TELEFONICA BRASIL S.A.,0001066119,XNYS,US,telefonica|telefonica brasil|telefonica brasil s.a.
VIVC,VIVIC CORP.,0001703073,OOTC,US,vivic|vivic corp.
VIVK,"Vivakor, Inc.",0001450704,XNAS,US,"vivakor|vivakor, inc."
VIVO,VivoPower PLC,0001681348,XNAS,US,vivopower|vivopower plc
VIVS,"VivoSim Labs, INC.",0001497253,XNAS,US,"vivosim|vivosim labs|vivosim labs, inc."
VIXM,ProShares Trust II,0001415311,BATS,US,proshares|proshares ii|proshares trust ii
VIXY,ProShares Trust II,0001415311,BATS,US,proshares|proshares ii|proshares trust ii
VIZNF,VISIONARY METALS CORP.,0001704476,OOTC,US,visionary|visionary metals|visionary metals corp.
VKI,Invesco Advantage Municipal Income Trust II,0000908993,XASE,US,invesco|invesco advantage|invesco advantage municipal income ii|invesco advantage municipal income trust ii
VKQ,Invesco Municipal Trust,0000877463,XNYS,US,invesco|invesco municipal|invesco municipal trust
VKTX,"Viking Therapeutics, Inc.",0001607678,XNAS,US,"viking|viking therapeutics|viking therapeutics, inc."
VLDXW,"Velo3D, Inc.",0001825079,OOTC,US,"velo3d|velo3d, inc."
VLGEA,VILLAGE SUPER MARKET INC,0000103595,XNAS,US,village|village super|village super market|village super market inc
VLN,Valens Semiconductor Ltd.,0001863006,XNYS,US,valens|valens semiconductor|valens semiconductor ltd.
VLO,VALERO ENERGY CORP/TX,0001035002,XNYS,US,valero|valero energy|valero energy corp/tx|valero energy tx
VLRS,"Controladora Vuela Compania de Aviacion, S.A.B. de C.V.",0001520504,XNYS,US,"controladora|controladora vuela|controladora vuela compania de aviacion b de c v|controladora vuela compania de aviacion, s.a.b. de c.v."
VLT,Invesco High Income Trust II,0000846671,XNYS,US,invesco|invesco high|invesco high income ii|invesco high income trust ii
VLTLF,Volt Lithium Corp.,0001872061,OOTC,US,volt|volt lithium|volt lithium corp.
VLTO,Veralto Corp,0001967680,XNYS,US,veralto|veralto corp
VLY,VALLEY NATIONAL BANCORP,0000714310,XNAS,US,valley|valley national|valley national bancorp
VLYPN,VALLEY NATIONAL BANCORP,0000714310,XNAS,US,valley|valley national|valley national bancorp
VLYPO,VALLEY NATIONAL BANCORP,0000714310,XNAS,US,valley|valley national|valley national bancorp
VLYPP,VALLEY NATIONAL BANCORP,0000714310,XNAS,US,valley|valley national|valley national bancorp
VMAR,Vision Marine Technologies Inc.,0001813783,XNAS,US,vision|vision marine|vision marine technologies|vision marine technologies inc.
VMC,Vulcan Materials CO,0001396009,XNYS,US,vulcan|vulcan materials|vulcan materials co
VMCAF,Valuence Merger Corp. I,0001892747,OOTC,US,valuence|valuence merger|valuence merger corp. i|valuence merger i
VMCUF,Valuence Merger Corp. I,0001892747,OOTC,US,valuence|valuence merger|valuence merger corp. i|valuence merger i
VMCWF,Valuence Merger Corp. I,0001892747,OOTC,US,valuence|valuence merger|valuence merger corp. i|valuence merger i
VMD,"VIEMED HEALTHCARE, INC.",0001729149,XNAS,US,"viemed|viemed healthcare|viemed healthcare, inc."
VMET,Versamet Royalties Corp,0002080073,XNAS,US,versamet|versamet royalties|versamet royalties corp
VMI,VALMONT INDUSTRIES INC,0000102729,XNYS,US,valmont|valmont industries|valmont industries inc
VMNT,"Vemanti Group, Inc.",0001605057,OOTC,US,"vemanti|vemanti group, inc."
VMO,Invesco Municipal Opportunity Trust,0000884152,XNYS,US,invesco|invesco municipal|invesco municipal opportunity|invesco municipal opportunity trust
VNCE,VINCE HOLDING CORP.,0001579157,XNAS,US,vince|vince holding corp.
VNDA,Vanda Pharmaceuticals Inc.,0001347178,XNAS,US,vanda|vanda pharmaceuticals|vanda pharmaceuticals inc.
VNET,"VNET Group, Inc.",0001508475,XNAS,US,"vnet|vnet group, inc."
VNJA,VANJIA CORP,0001532383,OOTC,US,vanjia|vanjia corp
VNME,Vendome Acquisition Corp I,0002055879,XNAS,US,vendome|vendome acquisition|vendome acquisition corp i|vendome acquisition i
VNMEU,Vendome Acquisition Corp I,0002055879,XNAS,US,vendome|vendome acquisition|vendome acquisition corp i|vendome acquisition i
VNMEW,Vendome Acquisition Corp I,0002055879,XNAS,US,vendome|vendome acquisition|vendome acquisition corp i|vendome acquisition i
VNO,VORNADO REALTY TRUST,0000899689,XNYS,US,vornado|vornado realty|vornado realty trust
VNOM,"Viper Energy, Inc.",0002074176,XNAS,US,"viper|viper energy|viper energy, inc."
VNORP,VORNADO REALTY TRUST,0000899689,OOTC,US,vornado|vornado realty|vornado realty trust
VNOV,VitaNova Life Sciences Corp,0001699709,OOTC,US,vitanova|vitanova life|vitanova life sciences|vitanova life sciences corp
VNRX,VOLITIONRX LTD,0000093314,XASE,US,volitionrx|volitionrx ltd
VNT,Vontier Corp,0001786842,XNYS,US,vontier|vontier corp
VNTG,Vantage Corp (Singapore),0002027160,XASE,US,vantage|vantage corp (singapore)|vantage singapore
VNTXF,FORTE GROUP HOLDINGS INC.,0001754180,OOTC,US,forte|forte group holdings inc.
VOC,VOC Energy Trust,0001505413,XNYS,US,voc|voc energy|voc energy trust
VOD,VODAFONE GROUP PUBLIC LTD CO,0000839923,XNAS,US,vodafone|vodafone group public ltd co|vodafone public
VODPF,VODAFONE GROUP PUBLIC LTD CO,0000839923,OOTC,US,vodafone|vodafone group public ltd co|vodafone public
VOR,Vor Biopharma Inc.,0001817229,XNAS,US,vor|vor biopharma|vor biopharma inc.
VOXR,VOX ROYALTY CORP.,0001907909,XNAS,US,vox|vox royalty|vox royalty corp.
VOYA,"Voya Financial, Inc.",0001535929,XNYS,US,"voya|voya financial|voya financial, inc."
VOYG,"Voyager Technologies, Inc./DE",0001788060,XNYS,US,"voyager|voyager technologies|voyager technologies de|voyager technologies, inc./de"
VPG,"Vishay Precision Group, Inc.",0001487952,XNYS,US,"vishay|vishay precision|vishay precision group, inc."
VPLM,Voip-pal.com Inc,0001410738,OOTC,US,voip|voip pal|voip pal com|voip-pal.com inc
VPRB,"VPR Brands, LP.",0001376231,OOTC,US,"vpr|vpr brands|vpr brands, lp."
VPV,Invesco Pennsylvania Value Municipal Income Trust,0000895528,XNYS,US,invesco|invesco pennsylvania|invesco pennsylvania value municipal income|invesco pennsylvania value municipal income trust
VQSSF,VIQ Solutions Inc.,0001777765,OOTC,US,viq|viq solutions|viq solutions inc.
VRA,"Vera Bradley, Inc.",0001495320,XNAS,US,"vera|vera bradley|vera bradley, inc."
VRAX,Virax Biolabs Group Ltd,0001885827,XNAS,US,virax|virax biolabs|virax biolabs group ltd
VRBCF,Virbac SA/ADR,0002029969,OOTC,US,virbac|virbac sa/adr
VRCA,Verrica Pharmaceuticals Inc.,0001660334,XNAS,US,verrica|verrica pharmaceuticals|verrica pharmaceuticals inc.
VRDN,"Viridian Therapeutics, Inc.\DE",0001590750,XNAS,US,"viridian|viridian therapeutics|viridian therapeutics de|viridian therapeutics, inc.\de"
VRDR,"VERDE RESOURCES, INC.",0001506929,OOTC,US,"verde|verde resources|verde resources, inc."
VRE,"Veris Residential, Inc.",0000924901,XNYS,US,"veris|veris residential|veris residential, inc."
VREOF,Vireo Growth Inc.,0001771706,OOTC,US,vireo|vireo growth|vireo growth inc.
VREX,Varex Imaging Corp,0001681622,XNAS,US,varex|varex imaging|varex imaging corp
VRHI,"Veri MedTech Holdings, Inc.",0002078149,OOTC,US,"veri|veri medtech|veri medtech holdings, inc."
VRM,"Vroom, Inc.",0001580864,XNAS,US,"vroom|vroom, inc."
VRME,"VerifyMe, Inc.",0001104038,XNAS,US,"verifyme|verifyme, inc."
VRMWW,"Vroom, Inc.",0001580864,OOTC,US,"vroom|vroom, inc."
VRNO,Verano Holdings Corp.,0001848416,OOTC,US,verano|verano holdings corp.
VRNS,VARONIS SYSTEMS INC,0001361113,XNAS,US,varonis|varonis systems|varonis systems inc
VROYF,Vizsla Royalties Corp.,0002031760,OOTC,US,vizsla|vizsla royalties|vizsla royalties corp.
VRRCF,VR Resources Ltd.,0001717695,OOTC,US,vr|vr resources|vr resources ltd.
VRRM,VERRA MOBILITY Corp,0001682745,XNAS,US,verra|verra mobility|verra mobility corp
VRSK,"Verisk Analytics, Inc.",0001442145,XNAS,US,"verisk|verisk analytics|verisk analytics, inc."
VRSN,VERISIGN INC/CA,0001014473,XNAS,US,verisign|verisign ca|verisign inc/ca
VRSSF,Verses AI Inc.,0001879001,OOTC,US,verses|verses ai|verses ai inc.
VRT,Vertiv Holdings Co,0001674101,XNYS,US,vertiv|vertiv holdings co
VRTS,"VIRTUS INVESTMENT PARTNERS, INC.",0000883237,XNYS,US,"virtus|virtus investment|virtus investment partners|virtus investment partners, inc."
VRTX,VERTEX PHARMACEUTICALS INC / MA,0000875320,XNAS,US,vertex|vertex pharmaceuticals|vertex pharmaceuticals inc / ma|vertex pharmaceuticals ma
VS,Versus Systems Inc.,0001701963,XNAS,US,versus|versus systems|versus systems inc.
VSA,VisionSys AI Inc,0001592560,XNAS,US,visionsys|visionsys ai|visionsys ai inc
VSAT,VIASAT INC,0000797721,XNAS,US,viasat|viasat inc
VSBGF,VSBLTY GROUPE TECHNOLOGIES CORP.,0001757207,OOTC,US,vsblty|vsblty groupe|vsblty groupe technologies|vsblty groupe technologies corp.
VSCO,Victoria's Secret & Co.,0001856437,XNYS,US,victoria|victoria s|victoria s secret|victoria's secret & co.
VSEC,VSE CORP,0000102752,XNAS,US,vse|vse corp
VSECU,VSE CORP,0000102752,XNAS,US,vse|vse corp
VSEE,"VSEE HEALTH, INC.",0001864531,XNAS,US,"vsee|vsee health|vsee health, inc."
VSEEW,"VSEE HEALTH, INC.",0001864531,XNAS,US,"vsee|vsee health|vsee health, inc."
VSGRY,VusionGroup,0002075141,OOTC,US,vusiongroup
VSH,VISHAY INTERTECHNOLOGY INC,0000103730,XNYS,US,vishay|vishay intertechnology|vishay intertechnology inc
VSME,VS MEDIA Holdings Ltd,0001951294,XNAS,US,vs|vs media|vs media holdings ltd
VSNT,"Versant Media Group, Inc.",0002067876,XNAS,US,"versant|versant media|versant media group, inc."
VSOGF,"Vista Energy, S.A.B. de C.V.",0001762506,OOTC,US,"vista|vista energy|vista energy b de c v|vista energy, s.a.b. de c.v."
VST,Vistra Corp.,0001692819,XNYS,US,vistra|vistra corp.
VSTD,Vestand Inc.,0001898604,XNAS,US,vestand|vestand inc.
VSTM,"Verastem, Inc.",0001526119,XNAS,US,"verastem|verastem, inc."
VSTS,Vestis Corp,0001967649,XNYS,US,vestis|vestis corp
VTAK,"Catheter Precision, Inc.",0001716621,XASE,US,"catheter|catheter precision|catheter precision, inc."
VTEX,VTEX,0001793663,XNYS,US,vtex
VTGN,"Vistagen Therapeutics, Inc.",0001411685,XNAS,US,"vistagen|vistagen therapeutics|vistagen therapeutics, inc."
VTIX,Virtuix Holdings Inc.,0001606242,XNAS,US,virtuix|virtuix holdings inc.
VTMX,"Vesta Real Estate Corporation, S.A.B. de C.V.",0001969373,XNYS,US,"vesta|vesta real|vesta real estate b de c v|vesta real estate corporation, s.a.b. de c.v."
VTN,Invesco Trust for Investment Grade New York Municipals,0000883265,XNYS,US,invesco|invesco for|invesco for investment grade new york municipals|invesco trust for investment grade new york municipals
VTOL,Bristow Group Inc.,0001525221,XNYS,US,bristow|bristow group inc.
VTR,"Ventas, Inc.",0000740260,XNYS,US,"ventas|ventas, inc."
VTRS,Viatris Inc,0001792044,XNAS,US,viatris|viatris inc
VTS,"Vitesse Energy, Inc.",0001944558,XNYS,US,"vitesse|vitesse energy|vitesse energy, inc."
VTSI,"VirTra, Inc",0001085243,XNAS,US,"virtra|virtra, inc"
VTTGF,VAT Group AG/ADR,0001729514,OOTC,US,vat|vat group ag/adr
VTVT,vTv Therapeutics Inc.,0001641489,XNAS,US,vtv|vtv therapeutics|vtv therapeutics inc.
VUZI,Vuzix Corp,0001463972,XNAS,US,vuzix|vuzix corp
VVOS,"Vivos Therapeutics, Inc.",0001716166,XNAS,US,"vivos|vivos therapeutics|vivos therapeutics, inc."
VVR,Invesco Senior Income Trust,0001059386,XNYS,US,invesco|invesco senior|invesco senior income|invesco senior income trust
VVV,VALVOLINE INC,0001674910,XNYS,US,valvoline|valvoline inc
VVX,"V2X, Inc.",0001601548,XNYS,US,"v2x|v2x, inc."
VWAV,"VisionWave Holdings, Inc.",0002038439,XNAS,US,"visionwave|visionwave holdings, inc."
VWAVW,"VisionWave Holdings, Inc.",0002038439,XNAS,US,"visionwave|visionwave holdings, inc."
VWFB,"VWF Bancorp, Inc.",0001913838,OOTC,US,"vwf|vwf bancorp|vwf bancorp, inc."
VXRT,"Vaxart, Inc.",0000072444,OOTC,US,"vaxart|vaxart, inc."
VXX,BARCLAYS BANK PLC,0000312070,BATS,US,barclays|barclays bank|barclays bank plc
VXZ,BARCLAYS BANK PLC,0000312070,BATS,US,barclays|barclays bank|barclays bank plc
VYCO,VYCOR MEDICAL INC,0001424768,OOTC,US,vycor|vycor medical|vycor medical inc
VYGR,"Voyager Therapeutics, Inc.",0001640266,XNAS,US,"voyager|voyager therapeutics|voyager therapeutics, inc."
VYLD,JPMORGAN CHASE & CO,0000019617,ARCX,US,jpmorgan|jpmorgan chase|jpmorgan chase & co
VYND,"Vynleads, Inc.",0001745078,OOTC,US,"vynleads|vynleads, inc."
VYNE,VYNE Therapeutics Inc.,0001566044,XNAS,US,vyne|vyne therapeutics|vyne therapeutics inc.
VYRE,CABO VERDE CAPITAL INC.,0001127007,OOTC,US,cabo|cabo verde|cabo verde capital|cabo verde capital inc.
VYST,Vystar Corp,0001308027,OOTC,US,vystar|vystar corp
VYX,NCR Voyix Corp,0000070866,XNYS,US,ncr|ncr voyix|ncr voyix corp
VZ,VERIZON COMMUNICATIONS INC,0000732712,XNYS,US,verizon|verizon communications|verizon communications inc
VZLA,Vizsla Silver Corp.,0001796073,XASE,US,vizsla|vizsla silver|vizsla silver corp.
W,Wayfair Inc.,0001616707,XNYS,US,wayfair|wayfair inc.
WAB,WESTINGHOUSE AIR BRAKE TECHNOLOGIES CORP,0000943452,XNYS,US,westinghouse|westinghouse air|westinghouse air brake technologies|westinghouse air brake technologies corp
WABC,WESTAMERICA BANCORPORATION,0000311094,XNAS,US,westamerica|westamerica bancorporation
WAFD,WAFD INC,0000936528,XNAS,US,wafd|wafd inc
WAFDP,WAFD INC,0000936528,XNAS,US,wafd|wafd inc
WAFU,Wah Fu Education Group Ltd,0001716770,XNAS,US,wah|wah fu|wah fu education|wah fu education group ltd
WAI,Top KingWin Ltd,0001938865,XNAS,US,top|top kingwin|top kingwin ltd
WAL,WESTERN ALLIANCE BANCORPORATION,0001212545,XNYS,US,western|western alliance|western alliance bancorporation
WALD,Waldencast plc,0001840199,XNAS,US,waldencast|waldencast plc
WALDW,Waldencast plc,0001840199,XNAS,US,waldencast|waldencast plc
WAMFF,Alaska Silver Corp.,0001893899,OOTC,US,alaska|alaska silver|alaska silver corp.
WASH,WASHINGTON TRUST BANCORP INC,0000737468,XNAS,US,washington|washington bancorp|washington trust bancorp inc
WAST,WASTE ENERGY CORP.,0001515139,OOTC,US,waste|waste energy|waste energy corp.
WAT,WATERS CORP /DE/,0001000697,XNYS,US,waters|waters corp /de/|waters de
WATT,Energous Corp,0001575793,XNAS,US,energous|energous corp
WAVE,Eco Wave Power Global AB (publ),0001846715,XNAS,US,eco|eco wave|eco wave power global ab (publ)|eco wave power global ab publ
WAY,Waystar Holding Corp.,0001990354,XNAS,US,waystar|waystar holding corp.
WB,WEIBO Corp,0001595761,XNAS,US,weibo|weibo corp
WBD,"Warner Bros. Discovery, Inc.",0001437107,XNAS,US,"warner|warner bros|warner bros discovery|warner bros. discovery, inc."
WBHC,WILSON BANK HOLDING CO,0000885275,OOTC,US,wilson|wilson bank|wilson bank holding co
WBI,WaterBridge Infrastructure LLC,0002064947,XNYS,US,waterbridge|waterbridge infrastructure|waterbridge infrastructure llc
WBKCY,WESTPAC BANKING CORP,0000719245,OOTC,US,westpac|westpac banking|westpac banking corp
WBQNL,Woodbridge Liquidation Trust,0001785494,OOTC,US,woodbridge|woodbridge liquidation|woodbridge liquidation trust
WBS,WEBSTER FINANCIAL CORP,0000801337,XNYS,US,webster|webster financial|webster financial corp
WBSR,Webstar Technology Group Inc.,0001645155,OOTC,US,webstar|webstar technology|webstar technology group inc.
WBTN,WEBTOON Entertainment Inc.,0001997859,XNAS,US,webtoon|webtoon entertainment|webtoon entertainment inc.
WBUY,WEBUY GLOBAL LTD,0001946703,XNAS,US,webuy|webuy global|webuy global ltd
WBX,Wallbox N.V.,0001866501,XNYS,US,wallbox|wallbox n.v.
WBXWF,Wallbox N.V.,0001866501,OOTC,US,wallbox|wallbox n.v.
WCC,WESCO INTERNATIONAL INC,0000929008,XNYS,US,wesco|wesco international|wesco international inc
WCN,"Waste Connections, Inc.",0001318220,XNYS,US,"waste|waste connections|waste connections, inc."
WCPRF,WHITECAP RESOURCES INC.,0001472879,OOTC,US,whitecap|whitecap resources|whitecap resources inc.
WCT,Wellchange Holdings Co Ltd,0001990251,XNAS,US,wellchange|wellchange holdings co ltd
WCUFF,World Copper Ltd.,0001902276,OOTC,US,world|world copper|world copper ltd.
WD,"Walker & Dunlop, Inc.",0001497770,XNYS,US,"walker|walker & dunlop, inc.|walker dunlop"
WDAY,"Workday, Inc.",0001327811,XNAS,US,"workday|workday, inc."
WDC,WESTERN DIGITAL CORP,0000106040,XNAS,US,western|western digital|western digital corp
WDFC,WD 40 CO,0000105132,XNAS,US,wd|wd 40|wd 40 co
WDH,Waterdrop Inc.,0001823986,XNYS,US,waterdrop|waterdrop inc.
WDI,Western Asset Diversified Income Fund (WDI),0001819559,XNYS,US,western|western asset|western asset diversified income fund (wdi)|western asset diversified income fund wdi
WDLF,"Decentral Life, Inc.",0001281984,OOTC,US,"decentral|decentral life|decentral life, inc."
WDS,WOODSIDE ENERGY GROUP LTD,0000844551,XNYS,US,woodside|woodside energy|woodside energy group ltd
WEA,WESTERN ASSET PREMIER BOND FUND,0001163792,XNYS,US,western|western asset|western asset premier bond fund
WEAT,Teucrium Commodity Trust,0001471824,ARCX,US,teucrium|teucrium commodity|teucrium commodity trust
WEAV,"Weave Communications, Inc.",0001609151,XNYS,US,"weave|weave communications|weave communications, inc."
WEBJF,Webjet Limited/ADR,0001778788,OOTC,US,webjet|webjet limited/adr
WEBNF,WESTPAC BANKING CORP,0000719245,OOTC,US,westpac|westpac banking|westpac banking corp
WEC,"WEC ENERGY GROUP, INC.",0000783325,XNYS,US,"wec|wec energy|wec energy group, inc."
WEIBF,WEIBO Corp,0001595761,OOTC,US,weibo|weibo corp
WELL,WELLTOWER INC.,0000766704,XNYS,US,welltower|welltower inc.
WELNF,Integrated Wellness Acquisition Corp,0001877557,OOTC,US,integrated|integrated wellness|integrated wellness acquisition|integrated wellness acquisition corp
WELPM,WISCONSIN ELECTRIC POWER CO,0000107815,OOTC,US,wisconsin|wisconsin electric|wisconsin electric power|wisconsin electric power co
WELPP,WISCONSIN ELECTRIC POWER CO,0000107815,OOTC,US,wisconsin|wisconsin electric|wisconsin electric power|wisconsin electric power co
WEN,Wendy's Co,0000030697,XNAS,US,wendy|wendy s|wendy's co
WENC,West Enclave Merger Corp.,0002104260,XNYS,US,west|west enclave|west enclave merger|west enclave merger corp.
WENN,WEN Acquisition Corp,0002057043,XNAS,US,wen|wen acquisition|wen acquisition corp
WENNU,WEN Acquisition Corp,0002057043,XNAS,US,wen|wen acquisition|wen acquisition corp
WENNW,WEN Acquisition Corp,0002057043,XNAS,US,wen|wen acquisition|wen acquisition corp
WERN,WERNER ENTERPRISES INC,0000793074,XNAS,US,werner|werner enterprises|werner enterprises inc
WES,"Western Midstream Partners, LP",0001423902,XNYS,US,"western|western midstream|western midstream partners|western midstream partners, lp"
WEST,Westrock Coffee Co,0001806347,XNAS,US,westrock|westrock coffee|westrock coffee co
WETH,Wetouch Technology Inc.,0001826660,XNAS,US,wetouch|wetouch technology|wetouch technology inc.
WETO,Wetour Robotics Ltd,0001941158,XNAS,US,wetour|wetour robotics|wetour robotics ltd
WEWA,"WEWARDS, INC.",0001616156,OOTC,US,"wewards|wewards, inc."
WEX,WEX Inc.,0001309108,XNYS,US,wex|wex inc.
WEXPF,WESTERN EXPLORATION INC.,0000842622,OOTC,US,western|western exploration|western exploration inc.
WEYS,WEYCO GROUP INC,0000106532,XNAS,US,weyco|weyco group inc
WF,WOORI FINANCIAL GROUP INC.,0001264136,XNYS,US,woori|woori financial|woori financial group inc.
WFC,WELLS FARGO & COMPANY/MN,0000072971,XNYS,US,wells|wells fargo|wells fargo & company/mn|wells fargo mn
WFCF,"Where Food Comes From, Inc.",0001360565,XNAS,US,"where|where food|where food comes from|where food comes from, inc."
WFCNP,WELLS FARGO & COMPANY/MN,0000072971,OOTC,US,wells|wells fargo|wells fargo & company/mn|wells fargo mn
WFF,WF Holding Ltd,0001980210,XNAS,US,wf|wf holding ltd
WFG,"WEST FRASER TIMBER CO., LTD",0001402388,XNYS,US,"west|west fraser|west fraser timber|west fraser timber co., ltd"
WFRD,Weatherford International plc,0001603923,XNAS,US,weatherford|weatherford international|weatherford international plc
WGO,WINNEBAGO INDUSTRIES INC,0000107687,XNYS,US,winnebago|winnebago industries|winnebago industries inc
WGRX,"Wellgistics Health, Inc.",0002030763,XNAS,US,"wellgistics|wellgistics health|wellgistics health, inc."
WGS,GeneDx Holdings Corp.,0001818331,XNAS,US,genedx|genedx holdings corp.
WGSWW,GeneDx Holdings Corp.,0001818331,XNAS,US,genedx|genedx holdings corp.
WH,"WYNDHAM HOTELS & RESORTS, INC.",0001722684,XNYS,US,"wyndham|wyndham hotels|wyndham hotels & resorts, inc.|wyndham hotels resorts"
WHD,"Cactus, Inc.",0001699136,XNYS,US,"cactus|cactus, inc."
WHEN,"WORLD HEALTH ENERGY HOLDINGS, INC.",0000943535,OOTC,US,"world|world health|world health energy|world health energy holdings, inc."
WHF,"WhiteHorse Finance, Inc.",0001552198,XNAS,US,"whitehorse|whitehorse finance|whitehorse finance, inc."
WHFCL,"WhiteHorse Finance, Inc.",0001552198,XNAS,US,"whitehorse|whitehorse finance|whitehorse finance, inc."
WHG,WESTWOOD HOLDINGS GROUP INC,0001165002,XNYS,US,westwood|westwood holdings group inc
WHGOF,White Gold Corp.,0001423867,OOTC,US,white|white gold|white gold corp.
WHLM,"Wilhelmina International, Inc.",0001013706,OOTC,US,"wilhelmina|wilhelmina international|wilhelmina international, inc."
WHLR,"Wheeler Real Estate Investment Trust, Inc.",0001527541,XNAS,US,"wheeler|wheeler real|wheeler real estate investment|wheeler real estate investment trust, inc."
WHLRD,"Wheeler Real Estate Investment Trust, Inc.",0001527541,XNAS,US,"wheeler|wheeler real|wheeler real estate investment|wheeler real estate investment trust, inc."
WHLRL,"Wheeler Real Estate Investment Trust, Inc.",0001527541,XNAS,US,"wheeler|wheeler real|wheeler real estate investment|wheeler real estate investment trust, inc."
WHLRP,"Wheeler Real Estate Investment Trust, Inc.",0001527541,XNAS,US,"wheeler|wheeler real|wheeler real estate investment|wheeler real estate investment trust, inc."
WHLT,CHASE PACKAGING CORP,0001025771,OOTC,US,chase|chase packaging|chase packaging corp
WHR,WHIRLPOOL CORP /DE/,0000106640,XNYS,US,whirlpool|whirlpool corp /de/|whirlpool de
WHWK,"Whitehawk Therapeutics, Inc.",0001422142,XNAS,US,"whitehawk|whitehawk therapeutics|whitehawk therapeutics, inc."
WIA,WESTERN ASSET INFLATION-LINKED INCOME FUND,0001254370,XNYS,US,western|western asset|western asset inflation linked income fund|western asset inflation-linked income fund
WILC,G WILLI FOOD INTERNATIONAL LTD,0001030997,XNAS,US,g willi|g willi food international|g willi food international ltd
WIMI,WiMi Hologram Cloud Inc.,0001770088,XNAS,US,wimi|wimi hologram|wimi hologram cloud|wimi hologram cloud inc.
WINA,WINMARK CORP,0000908315,XNAS,US,winmark|winmark corp
WING,Wingstop Inc.,0001636222,XNAS,US,wingstop|wingstop inc.
WINT,WINDTREE THERAPEUTICS INC /DE/,0000946486,OOTC,US,windtree|windtree therapeutics|windtree therapeutics de|windtree therapeutics inc /de/
WINV,WinVest Acquisition Corp.,0001854463,OOTC,US,winvest|winvest acquisition|winvest acquisition corp.
WINVR,WinVest Acquisition Corp.,0001854463,OOTC,US,winvest|winvest acquisition|winvest acquisition corp.
WINVU,WinVest Acquisition Corp.,0001854463,OOTC,US,winvest|winvest acquisition|winvest acquisition corp.
WINVW,WinVest Acquisition Corp.,0001854463,OOTC,US,winvest|winvest acquisition|winvest acquisition corp.
WIPKF,Winpak Ltd./ADR,0002074059,OOTC,US,winpak|winpak ltd./adr
WIT,WIPRO LTD,0001123799,XNYS,US,wipro|wipro ltd
WIW,WESTERN ASSET INFLATION-LINKED OPPORTUNITIES & INCOME FUND,0001267902,XNYS,US,western|western asset|western asset inflation linked opportunities income fund|western asset inflation-linked opportunities & income fund
WIX,Wix.com Ltd.,0001576789,XNAS,US,wix|wix com|wix.com ltd.
WK,WORKIVA INC,0001445305,XNYS,US,workiva|workiva inc
WKC,WORLD KINECT CORP,0000789460,XNYS,US,world|world kinect|world kinect corp
WKEY,Wisekey International Holding S.A.,0001738699,XNAS,US,wisekey|wisekey international|wisekey international holding s.a.
WKHS,Workhorse Group Inc.,0001425287,XNAS,US,workhorse|workhorse group inc.
WKSP,Worksport Ltd,0001096275,XNAS,US,worksport|worksport ltd
WLDN,"Willdan Group, Inc.",0001370450,XNAS,US,"willdan|willdan group, inc."
WLDS,Wearable Devices Ltd.,0001887673,XNAS,US,wearable|wearable devices|wearable devices ltd.
WLDSW,Wearable Devices Ltd.,0001887673,XNAS,US,wearable|wearable devices|wearable devices ltd.
WLFC,WILLIS LEASE FINANCE CORP,0001018164,XNAS,US,willis|willis lease|willis lease finance|willis lease finance corp
WLFFF,Wolfden Resources Corp,0001544883,OOTC,US,wolfden|wolfden resources|wolfden resources corp
WLGSF,"WANG & LEE GROUP, Inc.",0001899658,OOTC,US,"wang|wang & lee group, inc.|wang lee"
WLII,Willow Lane Acquisition Corp. II,0002083946,XNAS,US,willow|willow lane|willow lane acquisition corp. ii|willow lane acquisition ii
WLIIU,Willow Lane Acquisition Corp. II,0002083946,XNAS,US,willow|willow lane|willow lane acquisition corp. ii|willow lane acquisition ii
WLIIW,Willow Lane Acquisition Corp. II,0002083946,XNAS,US,willow|willow lane|willow lane acquisition corp. ii|willow lane acquisition ii
WLK,WESTLAKE CORP,0001262823,XNYS,US,westlake|westlake corp
WLKP,Westlake Chemical Partners LP,0001604665,XNYS,US,westlake|westlake chemical|westlake chemical partners|westlake chemical partners lp
WLSS,Welsis Corp.,0001887912,OOTC,US,welsis|welsis corp.
WLTH,WEALTHFRONT CORP,0001524566,XNAS,US,wealthfront|wealthfront corp
WLY,"JOHN WILEY & SONS, INC.",0000107140,XNYS,US,"john|john wiley|john wiley & sons, inc.|john wiley sons"
WLYB,"JOHN WILEY & SONS, INC.",0000107140,XNYS,US,"john|john wiley|john wiley & sons, inc.|john wiley sons"
WM,WASTE MANAGEMENT INC,0000823768,XNYS,US,waste|waste management|waste management inc
WMB,"WILLIAMS COMPANIES, INC.",0000107263,XNYS,US,"williams|williams companies|williams companies, inc."
WMG,Warner Music Group Corp.,0001319161,XNAS,US,warner|warner music|warner music group corp.
WMK,WEIS MARKETS INC,0000105418,XNYS,US,weis|weis markets|weis markets inc
WMS,"ADVANCED DRAINAGE SYSTEMS, INC.",0001604028,XNYS,US,"advanced|advanced drainage|advanced drainage systems|advanced drainage systems, inc."
WMT,Walmart Inc.,0000104169,XNAS,US,walmart|walmart inc.
WNC,WABASH NATIONAL Corp,0000879526,XNYS,US,wabash|wabash national|wabash national corp
WNDW,"SolarWindow Technologies, Inc.",0001071840,OOTC,US,"solarwindow|solarwindow technologies|solarwindow technologies, inc."
WNEB,"Western New England Bancorp, Inc.",0001157647,XNAS,US,"western|western new|western new england bancorp|western new england bancorp, inc."
WNLV,Winvest Group Ltd,0001558740,OOTC,US,winvest|winvest group ltd
WNW,Meiwu Technology Co Ltd,0001787803,XNAS,US,meiwu|meiwu technology|meiwu technology co ltd
WOK,WORK Medical Technology Group LTD,0001929783,XNAS,US,work|work medical|work medical technology|work medical technology group ltd
WOLF,"WOLFSPEED, INC.",0000895419,XNYS,US,"wolfspeed|wolfspeed, inc."
WOLTF,WOLTERS KLUWER N V /FI,0000861967,OOTC,US,wolters|wolters kluwer|wolters kluwer n v /fi|wolters kluwer n v fi
WONDF,WonderFi Technologies Inc.,0001882839,OOTC,US,wonderfi|wonderfi technologies|wonderfi technologies inc.
WOOF,"Petco Health & Wellness Company, Inc.",0001826470,XNAS,US,"petco|petco health|petco health & wellness company, inc.|petco health wellness"
WOPEF,WOODSIDE ENERGY GROUP LTD,0000844551,OOTC,US,woodside|woodside energy|woodside energy group ltd
WOR,"WORTHINGTON ENTERPRISES, INC.",0000108516,XNYS,US,"worthington|worthington enterprises|worthington enterprises, inc."
WORX,SCWorx Corp.,0001674227,OOTC,US,scworx|scworx corp.
WPAC,White Pearl Acquisition Corp.,0002081536,XNYS,US,white|white pearl|white pearl acquisition|white pearl acquisition corp.
WPC,W. P. Carey Inc.,0001025378,XNYS,US,w p|w p carey|w. p. carey inc.
WPGCF,West Point Gold Corp.,0001404353,OOTC,US,west|west point|west point gold|west point gold corp.
WPM,Wheaton Precious Metals Corp.,0001323404,XNYS,US,wheaton|wheaton precious|wheaton precious metals|wheaton precious metals corp.
WPP,WPP plc,0000806968,XNYS,US,wpp|wpp plc
WPPGF,WPP plc,0000806968,OOTC,US,wpp|wpp plc
WPRT,WESTPORT FUEL SYSTEMS INC.,0001370416,XNAS,US,westport|westport fuel|westport fuel systems|westport fuel systems inc.
WRAP,"WRAP TECHNOLOGIES, INC.",0001702924,XNAS,US,"wrap|wrap technologies|wrap technologies, inc."
WRB,BERKLEY W R CORP,0000011544,XNYS,US,berkley|berkley w|berkley w r|berkley w r corp
WRBY,Warby Parker Inc.,0001504776,XNYS,US,warby|warby parker|warby parker inc.
WRD,WeRide Inc.,0001867729,XNAS,US,weride|weride inc.
WRDIF,WeRide Inc.,0001867729,OOTC,US,weride|weride inc.
WRIV,WHITE RIVER BANCSHARES CO,0001328409,OOTC,US,white|white river|white river bancshares|white river bancshares co
WRLD,WORLD ACCEPTANCE CORP,0000108385,XNAS,US,world|world acceptance|world acceptance corp
WRLGF,West Red Lake Gold Mines Ltd.,0001733968,OOTC,US,west|west red|west red lake gold mines|west red lake gold mines ltd.
WRLRF,West Red Lake Gold Mines Ltd.,0001733968,OOTC,US,west|west red|west red lake gold mines|west red lake gold mines ltd.
WRLWF,West Red Lake Gold Mines Ltd.,0001733968,OOTC,US,west|west red|west red lake gold mines|west red lake gold mines ltd.
WRN,Western Copper & Gold Corp,0001364125,XASE,US,western|western copper|western copper & gold corp|western copper gold
WS,"Worthington Steel, Inc.",0001968487,XNYS,US,"worthington|worthington steel|worthington steel, inc."
WSBC,WESBANCO INC,0000203596,XNAS,US,wesbanco|wesbanco inc
WSBCO,WESBANCO INC,0000203596,XNAS,US,wesbanco|wesbanco inc
WSBF,"Waterstone Financial, Inc.",0001569994,XNAS,US,"waterstone|waterstone financial|waterstone financial, inc."
WSBK,"Winchester Bancorp, Inc./MD/",0002047235,XNAS,US,"winchester|winchester bancorp|winchester bancorp md|winchester bancorp, inc./md/"
WSC,WillScot Holdings Corp,0001647088,XNAS,US,willscot|willscot holdings corp
WSE,Wise Group plc,0002099039,XNAS,US,wise|wise group plc
WSFS,WSFS FINANCIAL CORP,0000828944,XNAS,US,wsfs|wsfs financial|wsfs financial corp
WSHP,WeShop Holdings Ltd,0002048271,XNAS,US,weshop|weshop holdings ltd
WSKEF,Wisekey International Holding S.A.,0001738699,OOTC,US,wisekey|wisekey international|wisekey international holding s.a.
WSM,WILLIAMS SONOMA INC,0000719955,XNYS,US,williams|williams sonoma|williams sonoma inc
WSO,WATSCO INC,0000105016,XNYS,US,watsco|watsco inc
WSR,Whitestone REIT,0001175535,XNYS,US,whitestone|whitestone reit
WST,WEST PHARMACEUTICAL SERVICES INC,0000105770,XNYS,US,west|west pharmaceutical|west pharmaceutical services|west pharmaceutical services inc
WSTN,Westin Acquisition Corp,0002076192,XNAS,US,westin|westin acquisition|westin acquisition corp
WSTNR,Westin Acquisition Corp,0002076192,XNAS,US,westin|westin acquisition|westin acquisition corp
WSTNU,Westin Acquisition Corp,0002076192,XNAS,US,westin|westin acquisition|westin acquisition corp
WSTRF,Western Uranium & Vanadium Corp.,0001621906,OOTC,US,western|western uranium|western uranium & vanadium corp.|western uranium vanadium
WSUPW,Wheels Up Experience Inc.,0001819516,OOTC,US,wheels|wheels up|wheels up experience|wheels up experience inc.
WT,"WisdomTree, Inc.",0000880631,XNYS,US,"wisdomtree|wisdomtree, inc."
WTBA,WEST BANCORPORATION INC,0001166928,XNAS,US,west|west bancorporation|west bancorporation inc
WTER,ALKALINE WATER Co INC,0001532390,OOTC,US,alkaline|alkaline water|alkaline water co inc
WTF,Waton Financial Ltd,0001987363,XNAS,US,waton|waton financial|waton financial ltd
WTFC,WINTRUST FINANCIAL CORP,0001015328,XNAS,US,wintrust|wintrust financial|wintrust financial corp
WTFCN,WINTRUST FINANCIAL CORP,0001015328,XNAS,US,wintrust|wintrust financial|wintrust financial corp
WTG,Wintergreen Acquisition Corp.,0002053927,XNAS,US,wintergreen|wintergreen acquisition|wintergreen acquisition corp.
WTGUR,Wintergreen Acquisition Corp.,0002053927,XNAS,US,wintergreen|wintergreen acquisition|wintergreen acquisition corp.
WTGUU,Wintergreen Acquisition Corp.,0002053927,XNAS,US,wintergreen|wintergreen acquisition|wintergreen acquisition corp.
WTHVF,Westhaven Gold Corp.,0001562530,OOTC,US,westhaven|westhaven gold|westhaven gold corp.
WTI,W&T OFFSHORE INC,0001288403,XNYS,US,w t|w t offshore|w&t offshore inc
WTID,BANK OF MONTREAL /CAN/,0000927971,ARCX,US,bank|bank of|bank of montreal /can/|bank of montreal can
WTIU,BANK OF MONTREAL /CAN/,0000927971,ARCX,US,bank|bank of|bank of montreal /can/|bank of montreal can
WTKWY,WOLTERS KLUWER N V /FI,0000861967,OOTC,US,wolters|wolters kluwer|wolters kluwer n v /fi|wolters kluwer n v fi
WTM,WHITE MOUNTAINS INSURANCE GROUP LTD,0000776867,XNYS,US,white|white mountains|white mountains insurance|white mountains insurance group ltd
WTO,UTime Ltd,0001789299,XNAS,US,utime|utime ltd
WTRG,"Essential Utilities, Inc.",0000078128,XNYS,US,"essential|essential utilities|essential utilities, inc."
WTS,WATTS WATER TECHNOLOGIES INC,0000795403,XNYS,US,watts|watts water|watts water technologies|watts water technologies inc
WTTR,"Select Water Solutions, Inc.",0001693256,XNYS,US,"select|select water|select water solutions|select water solutions, inc."
WTW,WILLIS TOWERS WATSON PLC,0001140536,XNAS,US,willis|willis towers|willis towers watson|willis towers watson plc
WU,Western Union CO,0001365135,XNYS,US,western|western union|western union co
WULF,TERAWULF INC.,0001083301,XNAS,US,terawulf|terawulf inc.
WVE,Wave Life Sciences Ltd.,0001631574,XNAS,US,wave|wave life|wave life sciences|wave life sciences ltd.
WVVI,WILLAMETTE VALLEY VINEYARDS INC,0000838875,XNAS,US,willamette|willamette valley|willamette valley vineyards|willamette valley vineyards inc
WVVIP,WILLAMETTE VALLEY VINEYARDS INC,0000838875,XNAS,US,willamette|willamette valley|willamette valley vineyards|willamette valley vineyards inc
WW,"WW INTERNATIONAL, INC.",0000105319,XNAS,US,"ww|ww international|ww international, inc."
WWD,"Woodward, Inc.",0000108312,XNAS,US,"woodward|woodward, inc."
WWR,"WESTWATER RESOURCES, INC.",0000839470,XASE,US,"westwater|westwater resources|westwater resources, inc."
WWW,WOLVERINE WORLD WIDE INC /DE/,0000110471,XNYS,US,wolverine|wolverine world|wolverine world wide de|wolverine world wide inc /de/
WXILY,"Wuxi Lead Intelligent Equipment Co., Ltd./ADR",0002123372,OOTC,US,"wuxi|wuxi lead|wuxi lead intelligent equipment|wuxi lead intelligent equipment co., ltd./adr"
WXM,WF International Ltd.,0001979610,XNAS,US,wf|wf international|wf international ltd.
WY,WEYERHAEUSER CO,0000106535,XNYS,US,weyerhaeuser|weyerhaeuser co
WYFI,"WhiteFiber, Inc.",0002042022,XNAS,US,"whitefiber|whitefiber, inc."
WYGC,Wenyuan Group Corp.,0000723533,OOTC,US,wenyuan|wenyuan group corp.
WYHG,Wing Yip Food Holdings Group Ltd,0001999860,XNAS,US,wing|wing yip|wing yip food|wing yip food holdings group ltd
WYNN,WYNN RESORTS LTD,0001174922,XNAS,US,wynn|wynn resorts|wynn resorts ltd
WYTC,WYTEC INTERNATIONAL INC,0001560143,OOTC,US,wytec|wytec international|wytec international inc
WYY,WIDEPOINT CORP,0001034760,XASE,US,widepoint|widepoint corp
XAEIU,AEI INCOME & GROWTH FUND XXII LTD PARTNERSHIP,0001023458,OOTC,US,aei|aei income|aei income & growth fund xxii ltd partnership|aei income growth fund xxii partnership
XAGE,"Longevity Health Holdings, Inc.",0001842939,OOTC,US,"longevity|longevity health|longevity health holdings, inc."
XAGEW,"Longevity Health Holdings, Inc.",0001842939,OOTC,US,"longevity|longevity health|longevity health holdings, inc."
XAIR,"Beyond Air, Inc.",0001641631,XNAS,US,"beyond|beyond air|beyond air, inc."
XAKJ,"SIPP International Industries, Inc.",0001128252,OOTC,US,"sipp|sipp international|sipp international industries|sipp international industries, inc."
XBIO,"Xenetic Biosciences, Inc.",0001534525,XNAS,US,"xenetic|xenetic biosciences|xenetic biosciences, inc."
XBIT,XBiotech Inc.,0001626878,XNAS,US,xbiotech|xbiotech inc.
XBP,"XBP Global Holdings, Inc.",0001839530,XNAS,US,"xbp|xbp global|xbp global holdings, inc."
XBPEW,"XBP Global Holdings, Inc.",0001839530,XNAS,US,"xbp|xbp global|xbp global holdings, inc."
XCBE,X3 Acquisition Corp. Ltd.,0002083493,XNAS,US,x3|x3 acquisition|x3 acquisition corp. ltd.
XCBEU,X3 Acquisition Corp. Ltd.,0002083493,XNAS,US,x3|x3 acquisition|x3 acquisition corp. ltd.
XCBEW,X3 Acquisition Corp. Ltd.,0002083493,XNAS,US,x3|x3 acquisition|x3 acquisition corp. ltd.
XCH,XCHG Ltd,0001979887,XNAS,US,xchg|xchg ltd
XCRT,"Xcelerate, Inc.",0001138586,OOTC,US,"xcelerate|xcelerate, inc."
XCUR,"EXICURE, INC.",0001698530,XNAS,US,"exicure|exicure, inc."
XE,"X-Energy, Inc.",0002088896,XNAS,US,"x energy|x-energy, inc."
XEL,XCEL ENERGY INC,0000072903,XNAS,US,xcel|xcel energy|xcel energy inc
XELB,"XCel Brands, Inc.",0001083220,XNAS,US,"xcel|xcel brands|xcel brands, inc."
XELLL,XCEL ENERGY INC,0000072903,XNAS,US,xcel|xcel energy|xcel energy inc
XENE,Xenon Pharmaceuticals Inc.,0001582313,XNAS,US,xenon|xenon pharmaceuticals|xenon pharmaceuticals inc.
XERI,"XERIANT, INC.",0001481504,OOTC,US,"xeriant|xeriant, inc."
XERS,"Xeris Biopharma Holdings, Inc.",0001867096,XNAS,US,"xeris|xeris biopharma|xeris biopharma holdings, inc."
XFLH,XFLH Capital Corp,0002088103,XNYS,US,xflh|xflh capital|xflh capital corp
XFLT,XAI Octagon Floating Rate & Alternative Income Trust,0001703079,XNYS,US,xai|xai octagon|xai octagon floating rate & alternative income trust|xai octagon floating rate alternative income
XFOR,"X4 Pharmaceuticals, Inc",0001501697,XNAS,US,"x4|x4 pharmaceuticals|x4 pharmaceuticals, inc"
XGN,EXAGEN INC.,0001274737,XNAS,US,exagen|exagen inc.
XHG,XChange TEC.INC,0001769256,XNAS,US,xchange|xchange tec|xchange tec.inc
XHLD,"TEN Holdings, Inc.",0002030954,XNAS,US,"ten|ten holdings, inc."
XHR,"Xenia Hotels & Resorts, Inc.",0001616000,XNYS,US,"xenia|xenia hotels|xenia hotels & resorts, inc.|xenia hotels resorts"
XIFR,"XPLR Infrastructure, LP",0001603145,XNYS,US,"xplr|xplr infrastructure|xplr infrastructure, lp"
XINRY,"Xinyuan Real Estate Co., Ltd.",0001398453,OOTC,US,"xinyuan|xinyuan real|xinyuan real estate|xinyuan real estate co., ltd."
XITO,"Xenous Holdings, Inc.",0001651932,OOTC,US,"xenous|xenous holdings, inc."
XLO,"Xilio Therapeutics, Inc.",0001840233,XNAS,US,"xilio|xilio therapeutics|xilio therapeutics, inc."
XMTR,"Xometry, Inc.",0001657573,XNAS,US,"xometry|xometry, inc."
XNCR,Xencor Inc,0001326732,XNAS,US,xencor|xencor inc
XNDU,Xanadu Quantum Technologies Ltd,0002097163,XNAS,US,xanadu|xanadu quantum|xanadu quantum technologies|xanadu quantum technologies ltd
XNET,Xunlei Ltd,0001510593,XNAS,US,xunlei|xunlei ltd
XOM,EXXON MOBIL CORP,0000034088,XNYS,US,exxon|exxon mobil|exxon mobil corp
XOMA,XOMA Royalty Corp,0000791908,XNAS,US,xoma|xoma royalty|xoma royalty corp
XOMAO,XOMA Royalty Corp,0000791908,XNAS,US,xoma|xoma royalty|xoma royalty corp
XOMAP,XOMA Royalty Corp,0000791908,XNAS,US,xoma|xoma royalty|xoma royalty corp
XONI,"Xtreme One Entertainment, Inc.",0002040753,OOTC,US,"xtreme|xtreme one|xtreme one entertainment|xtreme one entertainment, inc."
XOS,"Xos, Inc.",0001819493,XNAS,US,"xos|xos, inc."
XOSWW,"Xos, Inc.",0001819493,XNAS,US,"xos|xos, inc."
XP,XP Inc.,0001787425,XNAS,US,xp|xp inc.
XPEL,"XPEL, Inc.",0001767258,XNAS,US,"xpel|xpel, inc."
XPER,Xperi Inc.,0001788999,XNYS,US,xperi|xperi inc.
XPEV,XPENG INC.,0001810997,XNYS,US,xpeng|xpeng inc.
XPL,SOLITARIO RESOURCES CORP.,0000917225,XASE,US,solitario|solitario resources|solitario resources corp.
XPNGF,XPENG INC.,0001810997,OOTC,US,xpeng|xpeng inc.
XPO,"XPO, Inc.",0001166003,XNYS,US,"xpo|xpo, inc."
XPOF,"Xponential Fitness, Inc.",0001802156,XNYS,US,"xponential|xponential fitness|xponential fitness, inc."
XPON,Expion360 Inc.,0001894954,XNAS,US,expion360|expion360 inc.
XPRO,EXPRO GROUP HOLDINGS N.V.,0001575828,XNYS,US,expro|expro group holdings n.v.
XRAY,DENTSPLY SIRONA Inc.,0000818479,XNAS,US,dentsply|dentsply sirona|dentsply sirona inc.
XRN,Chiron Real Estate Inc.,0001533615,XNYS,US,chiron|chiron real|chiron real estate|chiron real estate inc.
XRP,Bitwise XRP ETF,0002039525,ARCX,US,bitwise|bitwise xrp|bitwise xrp etf
XRPN,Armada Acquisition Corp. II,0002044009,XNAS,US,armada|armada acquisition|armada acquisition corp. ii|armada acquisition ii
XRPNU,Armada Acquisition Corp. II,0002044009,XNAS,US,armada|armada acquisition|armada acquisition corp. ii|armada acquisition ii
XRPNW,Armada Acquisition Corp. II,0002044009,XNAS,US,armada|armada acquisition|armada acquisition corp. ii|armada acquisition ii
XRPZ,Franklin XRP Trust,0002059438,ARCX,US,franklin|franklin xrp|franklin xrp trust
XRTX,XORTX Therapeutics Inc.,0001729214,XNAS,US,xortx|xortx therapeutics|xortx therapeutics inc.
XRX,Xerox Holdings Corp,0001770450,XNAS,US,xerox|xerox holdings corp
XRXDW,Xerox Holdings Corp,0001770450,XNAS,US,xerox|xerox holdings corp
XSLL,Xsolla SPAC 1,0002088807,XNAS,US,xsolla|xsolla spac|xsolla spac 1
XSLLU,Xsolla SPAC 1,0002088807,XNAS,US,xsolla|xsolla spac|xsolla spac 1
XSLLW,Xsolla SPAC 1,0002088807,XNAS,US,xsolla|xsolla spac|xsolla spac 1
XTGRF,XTRA-GOLD RESOURCES CORP,0001288770,OOTC,US,xtra|xtra gold|xtra gold resources|xtra-gold resources corp
XTIA,"XTI Aerospace, Inc.",0001529113,XNAS,US,"xti|xti aerospace|xti aerospace, inc."
XTLB,XTL BIOPHARMACEUTICALS LTD,0001023549,XNAS,US,xtl|xtl biopharmaceuticals|xtl biopharmaceuticals ltd
XTNT,"Xtant Medical Holdings, Inc.",0001453593,XASE,US,"xtant|xtant medical|xtant medical holdings, inc."
XTRAF,Xtract One Technologies Inc.,0001684505,OOTC,US,xtract|xtract one|xtract one technologies|xtract one technologies inc.
XTXXF,Adastra Holdings Ltd.,0001891512,OOTC,US,adastra|adastra holdings ltd.
XWEL,"XWELL, Inc.",0001410428,XNAS,US,"xwell|xwell, inc."
XXI,"Twenty One Capital, Inc.",0002070457,XNYS,US,"twenty|twenty one|twenty one capital|twenty one capital, inc."
XXII,"22nd Century Group, Inc.",0001347858,XNAS,US,"22nd|22nd century|22nd century group, inc."
XYF,X Financial,0001725033,XNYS,US,x financial
XYL,Xylem Inc.,0001524472,XNYS,US,xylem|xylem inc.
XYZ,"Block, Inc.",0001512673,XNYS,US,"block|block, inc."
XZJCF,Mitsui Kinzoku Co Ltd./ADR,0001562805,OOTC,US,mitsui|mitsui kinzoku|mitsui kinzoku co ltd./adr
XZO,"Exzeo Group, Inc.",0001873951,XNYS,US,"exzeo|exzeo group, inc."
YAAS,Youxin Technology Ltd,0001964946,XNAS,US,youxin|youxin technology|youxin technology ltd
YALA,Yalla Group Ltd,0001794350,XNYS,US,yalla|yalla group ltd
YAMHF,"Yamaha Motor Co., Ltd.",0001447100,OOTC,US,"yamaha|yamaha motor|yamaha motor co., ltd."
YARIY,YARA INTERNATIONAL ASA,0001279956,OOTC,US,yara|yara international|yara international asa
YB,Yuanbao Inc.,0001995520,XNAS,US,yuanbao|yuanbao inc.
YBGJ,Yubo International Biotech Ltd,0000895464,OOTC,US,yubo|yubo international|yubo international biotech|yubo international biotech ltd
YBZN,Yi Po International Holdings Ltd,0001885514,OOTC,US,yi|yi po|yi po international|yi po international holdings ltd
YCBD,"cbdMD, Inc.",0001644903,XASE,US,"cbdmd|cbdmd, inc."
YCL,ProShares Trust II,0001415311,ARCX,US,proshares|proshares ii|proshares trust ii
YCS,ProShares Trust II,0001415311,ARCX,US,proshares|proshares ii|proshares trust ii
YCY,AA Mission Acquisition Corp. II,0002075336,XNYS,US,aa|aa mission|aa mission acquisition corp. ii|aa mission acquisition ii
YDDL,One & one Green Technologies. INC,0002034723,XNAS,US,one|one & one green technologies. inc|one one|one one green technologies
YDES,YD Bio Ltd,0002011674,XNAS,US,yd|yd bio|yd bio ltd
YDESW,YD Bio Ltd,0002011674,XNAS,US,yd|yd bio|yd bio ltd
YDKG,Yueda Digital Holding,0001413745,XNAS,US,yueda|yueda digital|yueda digital holding
YELP,YELP INC,0001345016,XNYS,US,yelp|yelp inc
YETI,"YETI Holdings, Inc.",0001670592,XNYS,US,"yeti|yeti holdings, inc."
YEXT,"Yext, Inc.",0001614178,XNYS,US,"yext|yext, inc."
YGMZF,MingZhu Logistics Holdings Ltd,0001782037,OOTC,US,mingzhu|mingzhu logistics|mingzhu logistics holdings ltd
YHC,LQR House Inc.,0001843165,XNAS,US,lqr|lqr house|lqr house inc.
YHGJ,YUNHONG GREEN CTI LTD.,0001042187,XNAS,US,yunhong|yunhong green|yunhong green cti|yunhong green cti ltd.
YHNA,YHN Acquisition I Ltd,0002020987,XNAS,US,yhn|yhn acquisition|yhn acquisition i|yhn acquisition i ltd
YHNAR,YHN Acquisition I Ltd,0002020987,XNAS,US,yhn|yhn acquisition|yhn acquisition i|yhn acquisition i ltd
YHNAU,YHN Acquisition I Ltd,0002020987,XNAS,US,yhn|yhn acquisition|yhn acquisition i|yhn acquisition i ltd
YI,"111, Inc.",0001738906,XNAS,US,"111|111, inc."
YIBO,Planet Image International Ltd,0001868395,XNAS,US,planet|planet image|planet image international|planet image international ltd
YJ,Yunji Inc.,0001759614,XNAS,US,yunji|yunji inc.
YKCLY,Yamato Kogyo Co. Ltd/ADR,0002107946,OOTC,US,yamato|yamato kogyo|yamato kogyo co. ltd/adr
YMAT,"J-Star Holding Co., Ltd.",0001875016,XNAS,US,"j star|j-star holding co., ltd."
YMATF,Azbil Corporation/ADR,0002108185,OOTC,US,azbil|azbil corporation/adr
YMHAY,"Yamaha Motor Co., Ltd.",0001447100,OOTC,US,"yamaha|yamaha motor|yamaha motor co., ltd."
YMM,Full Truck Alliance Co. Ltd.,0001838413,XNYS,US,full|full truck|full truck alliance|full truck alliance co. ltd.
YMT,Yimutian Inc.,0001991605,XNAS,US,yimutian|yimutian inc.
YMTKF,Yamato Kogyo Co. Ltd/ADR,0002107946,OOTC,US,yamato|yamato kogyo|yamato kogyo co. ltd/adr
YOOV,Concorde International Group Ltd.,0002001794,XNAS,US,concorde|concorde international|concorde international group ltd.
YORW,YORK WATER CO,0000108985,XNAS,US,york|york water|york water co
YOU,"Clear Secure, Inc.",0001856314,XNYS,US,"clear|clear secure|clear secure, inc."
YOUL,Youlife Group Inc.,0002028177,XNAS,US,youlife|youlife group inc.
YPF,YPF SOCIEDAD ANONIMA,0000904851,XNYS,US,ypf|ypf sociedad|ypf sociedad anonima
YQ,17 Education & Technology Group Inc.,0001821468,XNAS,US,17|17 education|17 education & technology group inc.|17 education technology
YQAI,"YOUNEEQAI TECHNICAL SERVICES, INC.",0001976923,OOTC,US,"youneeqai|youneeqai technical|youneeqai technical services|youneeqai technical services, inc."
YRAIF,YARA INTERNATIONAL ASA,0001279956,OOTC,US,yara|yara international|yara international asa
YRD,Yiren Digital Ltd.,0001631761,XNYS,US,yiren|yiren digital|yiren digital ltd.
YSG,Yatsen Holding Ltd,0001819580,XNYS,US,yatsen|yatsen holding ltd
YSHLF,Yangzijiang Shipbuilding Holdings Ltd/ADR,0002053843,OOTC,US,yangzijiang|yangzijiang shipbuilding|yangzijiang shipbuilding holdings ltd/adr
YSS,York Space Systems Inc.,0002086587,XNYS,US,york|york space|york space systems|york space systems inc.
YSWY,"Yesway, Inc.",0001859836,XNAS,US,"yesway|yesway, inc."
YSXT,"YSX Tech Co., Ltd",0001993463,XNAS,US,"ysx|ysx tech|ysx tech co., ltd"
YTFD,"Yale Transaction Finders, Inc.",0001311673,OOTC,US,"yale|yale transaction|yale transaction finders|yale transaction finders, inc."
YTRA,"Yatra Online, Inc.",0001516899,XNAS,US,"yatra|yatra online|yatra online, inc."
YUM,YUM BRANDS INC,0001041061,XNYS,US,yum|yum brands|yum brands inc
YUMC,"Yum China Holdings, Inc.",0001673358,XNYS,US,"yum|yum china|yum china holdings, inc."
YXT,YXT.COM GROUP HOLDING Ltd,0001872090,XNAS,US,yxt|yxt com|yxt.com group holding ltd
YYAI,AIRWA INC.,0001674440,XNAS,US,airwa|airwa inc.
YYGH,YY Group Holding Ltd.,0001985337,XNAS,US,yy|yy group holding ltd.
Z,"ZILLOW GROUP, INC.",0001617640,XNAS,US,"zillow|zillow group, inc."
ZARE,Ares Real Estate Income Trust Inc.,0001327978,OOTC,US,ares|ares real|ares real estate income|ares real estate income trust inc.
ZBAO,Zhibao Technology Inc.,0001966750,XNAS,US,zhibao|zhibao technology|zhibao technology inc.
ZBH,"ZIMMER BIOMET HOLDINGS, INC.",0001136869,XNYS,US,"zimmer|zimmer biomet|zimmer biomet holdings, inc."
ZBIO,"Zenas BioPharma, Inc.",0001953926,XNAS,US,"zenas|zenas biopharma|zenas biopharma, inc."
ZBRA,ZEBRA TECHNOLOGIES CORP,0000877212,XNAS,US,zebra|zebra technologies|zebra technologies corp
ZCAR,"Zoomcar Holdings, Inc.",0001854275,OOTC,US,"zoomcar|zoomcar holdings, inc."
ZCARW,"Zoomcar Holdings, Inc.",0001854275,OOTC,US,"zoomcar|zoomcar holdings, inc."
ZCMD,Zhongchao Inc.,0001785566,XNAS,US,zhongchao|zhongchao inc.
ZCRMF,ZINCORE METALS INC,0001425061,OOTC,US,zincore|zincore metals|zincore metals inc
ZCSH,Grayscale Zcash Trust (ZEC),0001720265,OOTC,US,grayscale|grayscale zcash|grayscale zcash trust (zec)|grayscale zcash zec
ZD,"ZIFF DAVIS, INC.",0001084048,XNAS,US,"ziff|ziff davis|ziff davis, inc."
ZDAI,"DirectBooking Technology Co., Ltd.",0001966678,XNAS,US,"directbooking|directbooking technology|directbooking technology co., ltd."
ZDCAF,"ZEDCOR, INC.",0002025583,OOTC,US,"zedcor|zedcor, inc."
ZDGE,"Zedge, Inc.",0001667313,XASE,US,"zedge|zedge, inc."
ZDPY,"Zoned Properties, Inc.",0001279620,OOTC,US,"zoned|zoned properties|zoned properties, inc."
ZENA,"ZenaTech, Inc.",0001997403,XNAS,US,"zenatech|zenatech, inc."
ZENVF,Zenvia Inc.,0001836934,OOTC,US,zenvia|zenvia inc.
ZEO,Zeo Energy Corp.,0001865506,XNAS,US,zeo|zeo energy|zeo energy corp.
ZEOWW,Zeo Energy Corp.,0001865506,XNAS,US,zeo|zeo energy|zeo energy corp.
ZEOX,"Zeo ScientifiX, Inc.",0001557376,OOTC,US,"zeo|zeo scientifix|zeo scientifix, inc."
ZEPP,Zepp Health Corp,0001720446,XNYS,US,zepp|zepp health|zepp health corp
ZETA,Zeta Global Holdings Corp.,0001851003,XNYS,US,zeta|zeta global|zeta global holdings corp.
ZG,"ZILLOW GROUP, INC.",0001617640,XNAS,US,"zillow|zillow group, inc."
ZGJLY,"Zhejiang Leapmotor Technology Co., Ltd./ADR",0002087840,OOTC,US,"zhejiang|zhejiang leapmotor|zhejiang leapmotor technology|zhejiang leapmotor technology co., ltd./adr"
ZGN,Ermenegildo Zegna N.V.,0001877787,XNYS,US,ermenegildo|ermenegildo zegna|ermenegildo zegna n.v.
ZH,Zhihu Inc.,0001835724,XNYS,US,zhihu|zhihu inc.
ZHDM,Ainnova Tech,0001950209,OOTC,US,ainnova|ainnova tech
ZHIHF,Zhihu Inc.,0001835724,OOTC,US,zhihu|zhihu inc.
ZHJD,Intelligent Hotel Group Ltd.,0001794276,OOTC,US,intelligent|intelligent hotel|intelligent hotel group ltd.
ZICX,Zicix Corp,0001465311,OOTC,US,zicix|zicix corp
ZIM,ZIM Integrated Shipping Services Ltd.,0001654126,XNYS,US,zim|zim integrated|zim integrated shipping services|zim integrated shipping services ltd.
ZION,"ZIONS BANCORPORATION, NATIONAL ASSOCIATION /UT/",0000109380,XNAS,US,"zions|zions bancorporation|zions bancorporation national association ut|zions bancorporation, national association /ut/"
ZIONP,"ZIONS BANCORPORATION, NATIONAL ASSOCIATION /UT/",0000109380,XNAS,US,"zions|zions bancorporation|zions bancorporation national association ut|zions bancorporation, national association /ut/"
ZIP,"ZIPRECRUITER, INC.",0001617553,XNYS,US,"ziprecruiter|ziprecruiter, inc."
ZIVO,"Zivo Bioscience, Inc.",0001101026,OOTC,US,"zivo|zivo bioscience|zivo bioscience, inc."
ZIVOW,"Zivo Bioscience, Inc.",0001101026,OOTC,US,"zivo|zivo bioscience|zivo bioscience, inc."
ZJK,"ZJK Industrial Co., Ltd.",0001941506,XNAS,US,"zjk|zjk industrial|zjk industrial co., ltd."
ZJLMF,"Zhejiang Leapmotor Technology Co., Ltd./ADR",0002087840,OOTC,US,"zhejiang|zhejiang leapmotor|zhejiang leapmotor technology|zhejiang leapmotor technology co., ltd./adr"
ZJNGF,Zijin Gold International Co Limited/ADR,0002093654,OOTC,US,zijin|zijin gold|zijin gold international|zijin gold international co limited/adr
ZJYL,Jin Medical International Ltd.,0001837821,XNAS,US,jin|jin medical|jin medical international|jin medical international ltd.
ZKH,ZKH Group Ltd,0001862044,XNYS,US,zkh|zkh group ltd
ZKIN,"ZK International Group Co., Ltd.",0001687451,XNAS,US,"zk|zk international|zk international group co., ltd."
ZKP,Lafayette Digital Acquisition Corp. I,0002087447,XNAS,US,lafayette|lafayette digital|lafayette digital acquisition corp. i|lafayette digital acquisition i
ZKPU,Lafayette Digital Acquisition Corp. I,0002087447,XNAS,US,lafayette|lafayette digital|lafayette digital acquisition corp. i|lafayette digital acquisition i
ZKPW,Lafayette Digital Acquisition Corp. I,0002087447,XNAS,US,lafayette|lafayette digital|lafayette digital acquisition corp. i|lafayette digital acquisition i
ZLAB,Zai Lab Ltd,0001704292,XNAS,US,zai|zai lab|zai lab ltd
ZLDPF,Zealand Pharma A/S/ADR,0002068427,OOTC,US,zealand|zealand pharma|zealand pharma a s|zealand pharma a/s/adr
ZLME,Zhanling International Ltd,0001489300,OOTC,US,zhanling|zhanling international|zhanling international ltd
ZM,"Zoom Communications, Inc.",0001585521,XNAS,US,"zoom|zoom communications|zoom communications, inc."
ZNB,Zeta Network Group,0001747661,XNAS,US,zeta|zeta network|zeta network group
ZNKUF,"ZENKOKU HOSHO Co., Ltd./ADR",0001705455,OOTC,US,"zenkoku|zenkoku hosho|zenkoku hosho co., ltd./adr"
ZNOG,ZION OIL & GAS INC,0001131312,OOTC,US,zion|zion oil|zion oil & gas inc|zion oil gas
ZNOGW,ZION OIL & GAS INC,0001131312,OOTC,US,zion|zion oil|zion oil & gas inc|zion oil gas
ZNTL,"Zentalis Pharmaceuticals, Inc.",0001725160,XNAS,US,"zentalis|zentalis pharmaceuticals|zentalis pharmaceuticals, inc."
ZOMDF,Zomedica Corp.,0001684144,OOTC,US,zomedica|zomedica corp.
ZONE,"CleanCore Solutions, Inc.",0001956741,XASE,US,"cleancore|cleancore solutions|cleancore solutions, inc."
ZOOZ,ZOOZ Strategy Ltd.,0001992818,XNAS,US,zooz|zooz strategy|zooz strategy ltd.
ZOOZW,ZOOZ Strategy Ltd.,0001992818,XNAS,US,zooz|zooz strategy|zooz strategy ltd.
ZPHYF,ZEPHYR MINERALS LTD.,0001613979,OOTC,US,zephyr|zephyr minerals|zephyr minerals ltd.
ZPTA,"Zapata Quantum, Inc.",0001843714,OOTC,US,"zapata|zapata quantum|zapata quantum, inc."
ZPTAW,"Zapata Quantum, Inc.",0001843714,OOTC,US,"zapata|zapata quantum|zapata quantum, inc."
ZS,"Zscaler, Inc.",0001713683,XNAS,US,"zscaler|zscaler, inc."
ZSHLY,"Zensho Holdings Co., Ltd./ADR",0002088776,OOTC,US,"zensho|zensho holdings co., ltd./adr"
ZSHOF,"Zensho Holdings Co., Ltd./ADR",0002088776,OOTC,US,"zensho|zensho holdings co., ltd./adr"
ZSICY,"Zhejiang Sanhua Intelligent Controls Co., Ltd./ADR",0002076398,OOTC,US,"zhejiang|zhejiang sanhua|zhejiang sanhua intelligent controls|zhejiang sanhua intelligent controls co., ltd./adr"
ZSL,ProShares Trust II,0001415311,ARCX,US,proshares|proshares ii|proshares trust ii
ZSPC,"zSpace, Inc.",0001637147,OOTC,US,"zspace|zspace, inc."
ZSQR,Z Squared Inc.,0001759186,XNAS,US,z squared|z squared inc.
ZSTK,ZeroStack Corp.,0001790169,XNAS,US,zerostack|zerostack corp.
ZTEK,Zentek Ltd.,0001904501,XNAS,US,zentek|zentek ltd.
ZTG,Zenta Group Co Ltd,0002011458,XNAS,US,zenta|zenta group co ltd
ZTO,ZTO Express (Cayman) Inc.,0001677250,XNYS,US,zto|zto express|zto express (cayman) inc.|zto express cayman
ZTOEF,ZTO Express (Cayman) Inc.,0001677250,OOTC,US,zto|zto express|zto express (cayman) inc.|zto express cayman
ZTR,Virtus Total Return Fund Inc.,0000836412,XNYS,US,virtus|virtus total|virtus total return fund|virtus total return fund inc.
ZTS,Zoetis Inc.,0001555280,XNYS,US,zoetis|zoetis inc.
ZTSTF,ZTEST ELECTRONICS INC /FI,0001047227,OOTC,US,ztest|ztest electronics|ztest electronics fi|ztest electronics inc /fi
ZUMZ,Zumiez Inc,0001318008,XNAS,US,zumiez|zumiez inc
ZURA,Zura Bio Ltd,0001855644,XNAS,US,zura|zura bio|zura bio ltd
ZVIA,Zevia PBC,0001854139,XNYS,US,zevia|zevia pbc
ZVRA,"ZEVRA THERAPEUTICS, INC.",0001434647,XNAS,US,"zevra|zevra therapeutics|zevra therapeutics, inc."
ZVSA,"ZyVersa Therapeutics, Inc.",0001859007,OOTC,US,"zyversa|zyversa therapeutics|zyversa therapeutics, inc."
ZWS,Zurn Elkay Water Solutions Corp,0001439288,XNYS,US,zurn|zurn elkay|zurn elkay water solutions|zurn elkay water solutions corp
ZYBT,Zhengye Biotechnology Holding Ltd,0001975641,XNAS,US,zhengye|zhengye biotechnology|zhengye biotechnology holding ltd
ZYME,Zymeworks Inc.,0001937653,XNAS,US,zymeworks|zymeworks inc.
